<?xml version="1.0" encoding="UTF-8" ?>
<gpx version="1.1" xmlns:xsi="http://www.w3.org/2001/XMLSchema-instance"
    xmlns="http://www.topografix.com/GPX/1/1"
    xsi:schemaLocation="http://www.topografix.com/GPX/1/1 http://www.topografix.com/GPX/1/1/gpx.xsd"
    creator="Club'O'Clock — jeu de démonstration">
	<trk>
		<name>Boucle Est 55 km</name>
		<trkseg>
			<trkpt lat="47.363210" lon="-1.181640"><ele>23</ele><time>2026-03-01T08:00:00Z</time></trkpt>
			<trkpt lat="47.364349" lon="-1.181482"><ele>23</ele><time>2026-03-01T08:00:12Z</time></trkpt>
			<trkpt lat="47.365488" lon="-1.181325"><ele>23</ele><time>2026-03-01T08:00:24Z</time></trkpt>
			<trkpt lat="47.366626" lon="-1.181167"><ele>23</ele><time>2026-03-01T08:00:36Z</time></trkpt>
			<trkpt lat="47.367765" lon="-1.181010"><ele>23</ele><time>2026-03-01T08:00:48Z</time></trkpt>
			<trkpt lat="47.368904" lon="-1.180852"><ele>23</ele><time>2026-03-01T08:01:00Z</time></trkpt>
			<trkpt lat="47.370043" lon="-1.180695"><ele>23</ele><time>2026-03-01T08:01:12Z</time></trkpt>
			<trkpt lat="47.371182" lon="-1.180537"><ele>23</ele><time>2026-03-01T08:01:24Z</time></trkpt>
			<trkpt lat="47.372321" lon="-1.180380"><ele>23</ele><time>2026-03-01T08:01:36Z</time></trkpt>
			<trkpt lat="47.373459" lon="-1.180222"><ele>23</ele><time>2026-03-01T08:01:48Z</time></trkpt>
			<trkpt lat="47.374598" lon="-1.180065"><ele>23</ele><time>2026-03-01T08:02:00Z</time></trkpt>
			<trkpt lat="47.375737" lon="-1.179907"><ele>23</ele><time>2026-03-01T08:02:12Z</time></trkpt>
			<trkpt lat="47.376876" lon="-1.179749"><ele>23</ele><time>2026-03-01T08:02:24Z</time></trkpt>
			<trkpt lat="47.378015" lon="-1.179592"><ele>23</ele><time>2026-03-01T08:02:36Z</time></trkpt>
			<trkpt lat="47.379154" lon="-1.179434"><ele>23</ele><time>2026-03-01T08:02:48Z</time></trkpt>
			<trkpt lat="47.379510" lon="-1.179500"><ele>24</ele><time>2026-03-01T08:03:00Z</time></trkpt>
			<trkpt lat="47.379660" lon="-1.179520"><ele>24</ele><time>2026-03-01T08:03:12Z</time></trkpt>
			<trkpt lat="47.380180" lon="-1.179540"><ele>24</ele><time>2026-03-01T08:03:24Z</time></trkpt>
			<trkpt lat="47.380540" lon="-1.179470"><ele>23</ele><time>2026-03-01T08:03:36Z</time></trkpt>
			<trkpt lat="47.380830" lon="-1.179380"><ele>23</ele><time>2026-03-01T08:03:48Z</time></trkpt>
			<trkpt lat="47.381320" lon="-1.179210"><ele>21</ele><time>2026-03-01T08:04:00Z</time></trkpt>
			<trkpt lat="47.381600" lon="-1.179150"><ele>20</ele><time>2026-03-01T08:04:12Z</time></trkpt>
			<trkpt lat="47.381780" lon="-1.179150"><ele>20</ele><time>2026-03-01T08:04:24Z</time></trkpt>
			<trkpt lat="47.382090" lon="-1.179170"><ele>21</ele><time>2026-03-01T08:04:36Z</time></trkpt>
			<trkpt lat="47.382620" lon="-1.179240"><ele>21</ele><time>2026-03-01T08:04:48Z</time></trkpt>
			<trkpt lat="47.382790" lon="-1.179250"><ele>21</ele><time>2026-03-01T08:05:00Z</time></trkpt>
			<trkpt lat="47.382930" lon="-1.179270"><ele>20</ele><time>2026-03-01T08:05:12Z</time></trkpt>
			<trkpt lat="47.383180" lon="-1.179300"><ele>20</ele><time>2026-03-01T08:05:24Z</time></trkpt>
			<trkpt lat="47.383820" lon="-1.179370"><ele>20</ele><time>2026-03-01T08:05:36Z</time></trkpt>
			<trkpt lat="47.384280" lon="-1.179430"><ele>21</ele><time>2026-03-01T08:05:48Z</time></trkpt>
			<trkpt lat="47.384510" lon="-1.179460"><ele>20</ele><time>2026-03-01T08:06:00Z</time></trkpt>
			<trkpt lat="47.384620" lon="-1.179470"><ele>20</ele><time>2026-03-01T08:06:12Z</time></trkpt>
			<trkpt lat="47.384890" lon="-1.179500"><ele>20</ele><time>2026-03-01T08:06:24Z</time></trkpt>
			<trkpt lat="47.385280" lon="-1.179550"><ele>20</ele><time>2026-03-01T08:06:36Z</time></trkpt>
			<trkpt lat="47.385560" lon="-1.179620"><ele>20</ele><time>2026-03-01T08:06:48Z</time></trkpt>
			<trkpt lat="47.385780" lon="-1.179670"><ele>20</ele><time>2026-03-01T08:07:00Z</time></trkpt>
			<trkpt lat="47.385920" lon="-1.179710"><ele>20</ele><time>2026-03-01T08:07:12Z</time></trkpt>
			<trkpt lat="47.386350" lon="-1.179820"><ele>21</ele><time>2026-03-01T08:07:24Z</time></trkpt>
			<trkpt lat="47.386500" lon="-1.179840"><ele>21</ele><time>2026-03-01T08:07:36Z</time></trkpt>
			<trkpt lat="47.386660" lon="-1.179860"><ele>21</ele><time>2026-03-01T08:07:48Z</time></trkpt>
			<trkpt lat="47.386810" lon="-1.179880"><ele>21</ele><time>2026-03-01T08:08:00Z</time></trkpt>
			<trkpt lat="47.386940" lon="-1.179900"><ele>21</ele><time>2026-03-01T08:08:12Z</time></trkpt>
			<trkpt lat="47.387240" lon="-1.179910"><ele>21</ele><time>2026-03-01T08:08:24Z</time></trkpt>
			<trkpt lat="47.387620" lon="-1.179920"><ele>21</ele><time>2026-03-01T08:08:36Z</time></trkpt>
			<trkpt lat="47.387760" lon="-1.179920"><ele>21</ele><time>2026-03-01T08:08:48Z</time></trkpt>
			<trkpt lat="47.388510" lon="-1.179910"><ele>21</ele><time>2026-03-01T08:09:00Z</time></trkpt>
			<trkpt lat="47.388580" lon="-1.179910"><ele>21</ele><time>2026-03-01T08:09:12Z</time></trkpt>
			<trkpt lat="47.388980" lon="-1.179930"><ele>20</ele><time>2026-03-01T08:09:24Z</time></trkpt>
			<trkpt lat="47.389270" lon="-1.179990"><ele>20</ele><time>2026-03-01T08:09:36Z</time></trkpt>
			<trkpt lat="47.390040" lon="-1.180180"><ele>18</ele><time>2026-03-01T08:09:48Z</time></trkpt>
			<trkpt lat="47.390270" lon="-1.180220"><ele>18</ele><time>2026-03-01T08:10:00Z</time></trkpt>
			<trkpt lat="47.390660" lon="-1.180230"><ele>17</ele><time>2026-03-01T08:10:12Z</time></trkpt>
			<trkpt lat="47.390900" lon="-1.180220"><ele>16</ele><time>2026-03-01T08:10:24Z</time></trkpt>
			<trkpt lat="47.391060" lon="-1.180140"><ele>15</ele><time>2026-03-01T08:10:36Z</time></trkpt>
			<trkpt lat="47.391110" lon="-1.180010"><ele>15</ele><time>2026-03-01T08:10:48Z</time></trkpt>
			<trkpt lat="47.391180" lon="-1.179870"><ele>14</ele><time>2026-03-01T08:11:00Z</time></trkpt>
			<trkpt lat="47.391220" lon="-1.179770"><ele>14</ele><time>2026-03-01T08:11:12Z</time></trkpt>
			<trkpt lat="47.391260" lon="-1.179760"><ele>14</ele><time>2026-03-01T08:11:24Z</time></trkpt>
			<trkpt lat="47.391330" lon="-1.179760"><ele>14</ele><time>2026-03-01T08:11:36Z</time></trkpt>
			<trkpt lat="47.391350" lon="-1.179870"><ele>14</ele><time>2026-03-01T08:11:48Z</time></trkpt>
			<trkpt lat="47.391380" lon="-1.179940"><ele>13</ele><time>2026-03-01T08:12:00Z</time></trkpt>
			<trkpt lat="47.391420" lon="-1.180010"><ele>13</ele><time>2026-03-01T08:12:12Z</time></trkpt>
			<trkpt lat="47.391440" lon="-1.180050"><ele>13</ele><time>2026-03-01T08:12:24Z</time></trkpt>
			<trkpt lat="47.391550" lon="-1.180120"><ele>12</ele><time>2026-03-01T08:12:36Z</time></trkpt>
			<trkpt lat="47.391660" lon="-1.180120"><ele>12</ele><time>2026-03-01T08:12:48Z</time></trkpt>
			<trkpt lat="47.391900" lon="-1.180030"><ele>11</ele><time>2026-03-01T08:13:00Z</time></trkpt>
			<trkpt lat="47.392430" lon="-1.179790"><ele>9</ele><time>2026-03-01T08:13:12Z</time></trkpt>
			<trkpt lat="47.392590" lon="-1.179700"><ele>9</ele><time>2026-03-01T08:13:24Z</time></trkpt>
			<trkpt lat="47.392870" lon="-1.179630"><ele>9</ele><time>2026-03-01T08:13:36Z</time></trkpt>
			<trkpt lat="47.393270" lon="-1.179740"><ele>9</ele><time>2026-03-01T08:13:48Z</time></trkpt>
			<trkpt lat="47.393640" lon="-1.179880"><ele>10</ele><time>2026-03-01T08:14:00Z</time></trkpt>
			<trkpt lat="47.393840" lon="-1.179970"><ele>11</ele><time>2026-03-01T08:14:12Z</time></trkpt>
			<trkpt lat="47.394040" lon="-1.180090"><ele>12</ele><time>2026-03-01T08:14:24Z</time></trkpt>
			<trkpt lat="47.394480" lon="-1.180440"><ele>13</ele><time>2026-03-01T08:14:36Z</time></trkpt>
			<trkpt lat="47.394530" lon="-1.180490"><ele>13</ele><time>2026-03-01T08:14:48Z</time></trkpt>
			<trkpt lat="47.394830" lon="-1.180090"><ele>14</ele><time>2026-03-01T08:15:00Z</time></trkpt>
			<trkpt lat="47.394960" lon="-1.179940"><ele>14</ele><time>2026-03-01T08:15:12Z</time></trkpt>
			<trkpt lat="47.395350" lon="-1.179580"><ele>16</ele><time>2026-03-01T08:15:24Z</time></trkpt>
			<trkpt lat="47.396060" lon="-1.178940"><ele>20</ele><time>2026-03-01T08:15:36Z</time></trkpt>
			<trkpt lat="47.396330" lon="-1.178710"><ele>21</ele><time>2026-03-01T08:15:48Z</time></trkpt>
			<trkpt lat="47.396490" lon="-1.178550"><ele>22</ele><time>2026-03-01T08:16:00Z</time></trkpt>
			<trkpt lat="47.396780" lon="-1.178220"><ele>23</ele><time>2026-03-01T08:16:12Z</time></trkpt>
			<trkpt lat="47.396900" lon="-1.178060"><ele>24</ele><time>2026-03-01T08:16:24Z</time></trkpt>
			<trkpt lat="47.397020" lon="-1.177890"><ele>24</ele><time>2026-03-01T08:16:36Z</time></trkpt>
			<trkpt lat="47.397400" lon="-1.177440"><ele>26</ele><time>2026-03-01T08:16:48Z</time></trkpt>
			<trkpt lat="47.397460" lon="-1.177370"><ele>26</ele><time>2026-03-01T08:17:00Z</time></trkpt>
			<trkpt lat="47.397680" lon="-1.177210"><ele>26</ele><time>2026-03-01T08:17:12Z</time></trkpt>
			<trkpt lat="47.398080" lon="-1.176950"><ele>26</ele><time>2026-03-01T08:17:24Z</time></trkpt>
			<trkpt lat="47.398330" lon="-1.176760"><ele>27</ele><time>2026-03-01T08:17:36Z</time></trkpt>
			<trkpt lat="47.398480" lon="-1.176640"><ele>27</ele><time>2026-03-01T08:17:48Z</time></trkpt>
			<trkpt lat="47.398970" lon="-1.176320"><ele>27</ele><time>2026-03-01T08:18:00Z</time></trkpt>
			<trkpt lat="47.399040" lon="-1.176260"><ele>27</ele><time>2026-03-01T08:18:12Z</time></trkpt>
			<trkpt lat="47.399580" lon="-1.175700"><ele>26</ele><time>2026-03-01T08:18:24Z</time></trkpt>
			<trkpt lat="47.400300" lon="-1.174930"><ele>23</ele><time>2026-03-01T08:18:36Z</time></trkpt>
			<trkpt lat="47.400400" lon="-1.174830"><ele>22</ele><time>2026-03-01T08:18:48Z</time></trkpt>
			<trkpt lat="47.400390" lon="-1.174780"><ele>22</ele><time>2026-03-01T08:19:00Z</time></trkpt>
			<trkpt lat="47.400380" lon="-1.174640"><ele>22</ele><time>2026-03-01T08:19:12Z</time></trkpt>
			<trkpt lat="47.400560" lon="-1.173040"><ele>20</ele><time>2026-03-01T08:19:24Z</time></trkpt>
			<trkpt lat="47.400560" lon="-1.172720"><ele>20</ele><time>2026-03-01T08:19:36Z</time></trkpt>
			<trkpt lat="47.400550" lon="-1.172400"><ele>20</ele><time>2026-03-01T08:19:48Z</time></trkpt>
			<trkpt lat="47.400460" lon="-1.171260"><ele>16</ele><time>2026-03-01T08:20:00Z</time></trkpt>
			<trkpt lat="47.400430" lon="-1.171020"><ele>15</ele><time>2026-03-01T08:20:12Z</time></trkpt>
			<trkpt lat="47.400370" lon="-1.170850"><ele>15</ele><time>2026-03-01T08:20:24Z</time></trkpt>
			<trkpt lat="47.400310" lon="-1.170730"><ele>15</ele><time>2026-03-01T08:20:36Z</time></trkpt>
			<trkpt lat="47.400230" lon="-1.170620"><ele>14</ele><time>2026-03-01T08:20:48Z</time></trkpt>
			<trkpt lat="47.399910" lon="-1.170340"><ele>12</ele><time>2026-03-01T08:21:00Z</time></trkpt>
			<trkpt lat="47.399310" lon="-1.169850"><ele>10</ele><time>2026-03-01T08:21:12Z</time></trkpt>
			<trkpt lat="47.399030" lon="-1.169560"><ele>9</ele><time>2026-03-01T08:21:24Z</time></trkpt>
			<trkpt lat="47.398920" lon="-1.169380"><ele>9</ele><time>2026-03-01T08:21:36Z</time></trkpt>
			<trkpt lat="47.398700" lon="-1.168800"><ele>9</ele><time>2026-03-01T08:21:48Z</time></trkpt>
			<trkpt lat="47.398390" lon="-1.167940"><ele>8</ele><time>2026-03-01T08:22:00Z</time></trkpt>
			<trkpt lat="47.398170" lon="-1.167330"><ele>7</ele><time>2026-03-01T08:22:12Z</time></trkpt>
			<trkpt lat="47.398050" lon="-1.166980"><ele>7</ele><time>2026-03-01T08:22:24Z</time></trkpt>
			<trkpt lat="47.398000" lon="-1.166750"><ele>7</ele><time>2026-03-01T08:22:36Z</time></trkpt>
			<trkpt lat="47.397980" lon="-1.166610"><ele>7</ele><time>2026-03-01T08:22:48Z</time></trkpt>
			<trkpt lat="47.397980" lon="-1.166460"><ele>7</ele><time>2026-03-01T08:23:00Z</time></trkpt>
			<trkpt lat="47.397990" lon="-1.166310"><ele>7</ele><time>2026-03-01T08:23:12Z</time></trkpt>
			<trkpt lat="47.398020" lon="-1.166160"><ele>7</ele><time>2026-03-01T08:23:24Z</time></trkpt>
			<trkpt lat="47.398090" lon="-1.165930"><ele>8</ele><time>2026-03-01T08:23:36Z</time></trkpt>
			<trkpt lat="47.398330" lon="-1.165380"><ele>8</ele><time>2026-03-01T08:23:48Z</time></trkpt>
			<trkpt lat="47.398780" lon="-1.164420"><ele>9</ele><time>2026-03-01T08:24:00Z</time></trkpt>
			<trkpt lat="47.399240" lon="-1.163370"><ele>11</ele><time>2026-03-01T08:24:12Z</time></trkpt>
			<trkpt lat="47.399330" lon="-1.163110"><ele>11</ele><time>2026-03-01T08:24:24Z</time></trkpt>
			<trkpt lat="47.399360" lon="-1.163000"><ele>11</ele><time>2026-03-01T08:24:36Z</time></trkpt>
			<trkpt lat="47.399370" lon="-1.162890"><ele>11</ele><time>2026-03-01T08:24:48Z</time></trkpt>
			<trkpt lat="47.399350" lon="-1.162740"><ele>11</ele><time>2026-03-01T08:25:00Z</time></trkpt>
			<trkpt lat="47.399310" lon="-1.162570"><ele>11</ele><time>2026-03-01T08:25:12Z</time></trkpt>
			<trkpt lat="47.399140" lon="-1.162250"><ele>11</ele><time>2026-03-01T08:25:24Z</time></trkpt>
			<trkpt lat="47.398840" lon="-1.161700"><ele>12</ele><time>2026-03-01T08:25:36Z</time></trkpt>
			<trkpt lat="47.398760" lon="-1.161490"><ele>12</ele><time>2026-03-01T08:25:48Z</time></trkpt>
			<trkpt lat="47.398730" lon="-1.161290"><ele>12</ele><time>2026-03-01T08:26:00Z</time></trkpt>
			<trkpt lat="47.398710" lon="-1.161040"><ele>12</ele><time>2026-03-01T08:26:12Z</time></trkpt>
			<trkpt lat="47.398720" lon="-1.160540"><ele>11</ele><time>2026-03-01T08:26:24Z</time></trkpt>
			<trkpt lat="47.398730" lon="-1.160080"><ele>11</ele><time>2026-03-01T08:26:36Z</time></trkpt>
			<trkpt lat="47.398760" lon="-1.159810"><ele>11</ele><time>2026-03-01T08:26:48Z</time></trkpt>
			<trkpt lat="47.398840" lon="-1.159500"><ele>12</ele><time>2026-03-01T08:27:00Z</time></trkpt>
			<trkpt lat="47.398980" lon="-1.159110"><ele>13</ele><time>2026-03-01T08:27:12Z</time></trkpt>
			<trkpt lat="47.399140" lon="-1.158750"><ele>13</ele><time>2026-03-01T08:27:24Z</time></trkpt>
			<trkpt lat="47.399610" lon="-1.157760"><ele>13</ele><time>2026-03-01T08:27:36Z</time></trkpt>
			<trkpt lat="47.400140" lon="-1.156710"><ele>11</ele><time>2026-03-01T08:27:48Z</time></trkpt>
			<trkpt lat="47.400270" lon="-1.156400"><ele>11</ele><time>2026-03-01T08:28:00Z</time></trkpt>
			<trkpt lat="47.400540" lon="-1.155670"><ele>12</ele><time>2026-03-01T08:28:12Z</time></trkpt>
			<trkpt lat="47.400900" lon="-1.155120"><ele>13</ele><time>2026-03-01T08:28:24Z</time></trkpt>
			<trkpt lat="47.401200" lon="-1.154690"><ele>14</ele><time>2026-03-01T08:28:36Z</time></trkpt>
			<trkpt lat="47.401290" lon="-1.154480"><ele>15</ele><time>2026-03-01T08:28:48Z</time></trkpt>
			<trkpt lat="47.401310" lon="-1.154300"><ele>15</ele><time>2026-03-01T08:29:00Z</time></trkpt>
			<trkpt lat="47.401630" lon="-1.154160"><ele>16</ele><time>2026-03-01T08:29:12Z</time></trkpt>
			<trkpt lat="47.402030" lon="-1.154000"><ele>16</ele><time>2026-03-01T08:29:24Z</time></trkpt>
			<trkpt lat="47.402230" lon="-1.153880"><ele>16</ele><time>2026-03-01T08:29:36Z</time></trkpt>
			<trkpt lat="47.402330" lon="-1.153750"><ele>16</ele><time>2026-03-01T08:29:48Z</time></trkpt>
			<trkpt lat="47.402480" lon="-1.153520"><ele>15</ele><time>2026-03-01T08:30:00Z</time></trkpt>
			<trkpt lat="47.402500" lon="-1.153460"><ele>15</ele><time>2026-03-01T08:30:12Z</time></trkpt>
			<trkpt lat="47.402620" lon="-1.153190"><ele>15</ele><time>2026-03-01T08:30:24Z</time></trkpt>
			<trkpt lat="47.402730" lon="-1.153000"><ele>15</ele><time>2026-03-01T08:30:36Z</time></trkpt>
			<trkpt lat="47.402850" lon="-1.152630"><ele>15</ele><time>2026-03-01T08:30:48Z</time></trkpt>
			<trkpt lat="47.403110" lon="-1.151950"><ele>16</ele><time>2026-03-01T08:31:00Z</time></trkpt>
			<trkpt lat="47.403240" lon="-1.151700"><ele>17</ele><time>2026-03-01T08:31:12Z</time></trkpt>
			<trkpt lat="47.403330" lon="-1.151590"><ele>17</ele><time>2026-03-01T08:31:24Z</time></trkpt>
			<trkpt lat="47.403530" lon="-1.151360"><ele>18</ele><time>2026-03-01T08:31:36Z</time></trkpt>
			<trkpt lat="47.403590" lon="-1.151280"><ele>19</ele><time>2026-03-01T08:31:48Z</time></trkpt>
			<trkpt lat="47.403800" lon="-1.151030"><ele>19</ele><time>2026-03-01T08:32:00Z</time></trkpt>
			<trkpt lat="47.403980" lon="-1.150850"><ele>20</ele><time>2026-03-01T08:32:12Z</time></trkpt>
			<trkpt lat="47.404150" lon="-1.150750"><ele>20</ele><time>2026-03-01T08:32:24Z</time></trkpt>
			<trkpt lat="47.404330" lon="-1.150690"><ele>20</ele><time>2026-03-01T08:32:36Z</time></trkpt>
			<trkpt lat="47.404880" lon="-1.150630"><ele>21</ele><time>2026-03-01T08:32:48Z</time></trkpt>
			<trkpt lat="47.404920" lon="-1.150620"><ele>21</ele><time>2026-03-01T08:33:00Z</time></trkpt>
			<trkpt lat="47.404930" lon="-1.150490"><ele>21</ele><time>2026-03-01T08:33:12Z</time></trkpt>
			<trkpt lat="47.405120" lon="-1.148570"><ele>23</ele><time>2026-03-01T08:33:24Z</time></trkpt>
			<trkpt lat="47.405120" lon="-1.148080"><ele>23</ele><time>2026-03-01T08:33:36Z</time></trkpt>
			<trkpt lat="47.405160" lon="-1.146680"><ele>24</ele><time>2026-03-01T08:33:48Z</time></trkpt>
			<trkpt lat="47.405200" lon="-1.146220"><ele>25</ele><time>2026-03-01T08:34:00Z</time></trkpt>
			<trkpt lat="47.405230" lon="-1.145880"><ele>26</ele><time>2026-03-01T08:34:12Z</time></trkpt>
			<trkpt lat="47.405270" lon="-1.145630"><ele>26</ele><time>2026-03-01T08:34:24Z</time></trkpt>
			<trkpt lat="47.405350" lon="-1.145410"><ele>25</ele><time>2026-03-01T08:34:36Z</time></trkpt>
			<trkpt lat="47.405660" lon="-1.144970"><ele>25</ele><time>2026-03-01T08:34:48Z</time></trkpt>
			<trkpt lat="47.405740" lon="-1.144840"><ele>25</ele><time>2026-03-01T08:35:00Z</time></trkpt>
			<trkpt lat="47.405830" lon="-1.144570"><ele>26</ele><time>2026-03-01T08:35:12Z</time></trkpt>
			<trkpt lat="47.405870" lon="-1.144130"><ele>27</ele><time>2026-03-01T08:35:24Z</time></trkpt>
			<trkpt lat="47.405910" lon="-1.143980"><ele>27</ele><time>2026-03-01T08:35:36Z</time></trkpt>
			<trkpt lat="47.405970" lon="-1.143870"><ele>27</ele><time>2026-03-01T08:35:48Z</time></trkpt>
			<trkpt lat="47.406090" lon="-1.143780"><ele>27</ele><time>2026-03-01T08:36:00Z</time></trkpt>
			<trkpt lat="47.406380" lon="-1.143660"><ele>27</ele><time>2026-03-01T08:36:12Z</time></trkpt>
			<trkpt lat="47.406660" lon="-1.143480"><ele>27</ele><time>2026-03-01T08:36:24Z</time></trkpt>
			<trkpt lat="47.406860" lon="-1.143200"><ele>27</ele><time>2026-03-01T08:36:36Z</time></trkpt>
			<trkpt lat="47.407030" lon="-1.142880"><ele>27</ele><time>2026-03-01T08:36:48Z</time></trkpt>
			<trkpt lat="47.407220" lon="-1.142580"><ele>27</ele><time>2026-03-01T08:37:00Z</time></trkpt>
			<trkpt lat="47.407470" lon="-1.142300"><ele>27</ele><time>2026-03-01T08:37:12Z</time></trkpt>
			<trkpt lat="47.407700" lon="-1.142080"><ele>28</ele><time>2026-03-01T08:37:24Z</time></trkpt>
			<trkpt lat="47.407980" lon="-1.141890"><ele>28</ele><time>2026-03-01T08:37:36Z</time></trkpt>
			<trkpt lat="47.408820" lon="-1.141430"><ele>30</ele><time>2026-03-01T08:37:48Z</time></trkpt>
			<trkpt lat="47.409250" lon="-1.141230"><ele>31</ele><time>2026-03-01T08:38:00Z</time></trkpt>
			<trkpt lat="47.409180" lon="-1.140950"><ele>31</ele><time>2026-03-01T08:38:12Z</time></trkpt>
			<trkpt lat="47.409040" lon="-1.140600"><ele>31</ele><time>2026-03-01T08:38:24Z</time></trkpt>
			<trkpt lat="47.408800" lon="-1.140150"><ele>31</ele><time>2026-03-01T08:38:36Z</time></trkpt>
			<trkpt lat="47.408630" lon="-1.139800"><ele>31</ele><time>2026-03-01T08:38:48Z</time></trkpt>
			<trkpt lat="47.408480" lon="-1.139380"><ele>31</ele><time>2026-03-01T08:39:00Z</time></trkpt>
			<trkpt lat="47.408230" lon="-1.138190"><ele>29</ele><time>2026-03-01T08:39:12Z</time></trkpt>
			<trkpt lat="47.408100" lon="-1.137490"><ele>31</ele><time>2026-03-01T08:39:24Z</time></trkpt>
			<trkpt lat="47.407970" lon="-1.137010"><ele>31</ele><time>2026-03-01T08:39:36Z</time></trkpt>
			<trkpt lat="47.407860" lon="-1.136640"><ele>31</ele><time>2026-03-01T08:39:48Z</time></trkpt>
			<trkpt lat="47.407810" lon="-1.136500"><ele>31</ele><time>2026-03-01T08:40:00Z</time></trkpt>
			<trkpt lat="47.407750" lon="-1.136300"><ele>31</ele><time>2026-03-01T08:40:12Z</time></trkpt>
			<trkpt lat="47.407650" lon="-1.135710"><ele>31</ele><time>2026-03-01T08:40:24Z</time></trkpt>
			<trkpt lat="47.407540" lon="-1.135050"><ele>31</ele><time>2026-03-01T08:40:36Z</time></trkpt>
			<trkpt lat="47.407490" lon="-1.134730"><ele>31</ele><time>2026-03-01T08:40:48Z</time></trkpt>
			<trkpt lat="47.407440" lon="-1.134470"><ele>31</ele><time>2026-03-01T08:41:00Z</time></trkpt>
			<trkpt lat="47.407430" lon="-1.134440"><ele>31</ele><time>2026-03-01T08:41:12Z</time></trkpt>
			<trkpt lat="47.409790" lon="-1.132890"><ele>30</ele><time>2026-03-01T08:41:24Z</time></trkpt>
			<trkpt lat="47.410330" lon="-1.132520"><ele>31</ele><time>2026-03-01T08:41:36Z</time></trkpt>
			<trkpt lat="47.410530" lon="-1.132410"><ele>31</ele><time>2026-03-01T08:41:48Z</time></trkpt>
			<trkpt lat="47.410770" lon="-1.132280"><ele>31</ele><time>2026-03-01T08:42:00Z</time></trkpt>
			<trkpt lat="47.413410" lon="-1.131180"><ele>22</ele><time>2026-03-01T08:42:12Z</time></trkpt>
			<trkpt lat="47.413560" lon="-1.131120"><ele>22</ele><time>2026-03-01T08:42:24Z</time></trkpt>
			<trkpt lat="47.414320" lon="-1.130800"><ele>21</ele><time>2026-03-01T08:42:36Z</time></trkpt>
			<trkpt lat="47.414770" lon="-1.130600"><ele>22</ele><time>2026-03-01T08:42:48Z</time></trkpt>
			<trkpt lat="47.414940" lon="-1.130500"><ele>23</ele><time>2026-03-01T08:43:00Z</time></trkpt>
			<trkpt lat="47.415240" lon="-1.130280"><ele>23</ele><time>2026-03-01T08:43:12Z</time></trkpt>
			<trkpt lat="47.415370" lon="-1.130150"><ele>23</ele><time>2026-03-01T08:43:24Z</time></trkpt>
			<trkpt lat="47.415530" lon="-1.129960"><ele>23</ele><time>2026-03-01T08:43:36Z</time></trkpt>
			<trkpt lat="47.415620" lon="-1.129850"><ele>23</ele><time>2026-03-01T08:43:48Z</time></trkpt>
			<trkpt lat="47.415700" lon="-1.129740"><ele>23</ele><time>2026-03-01T08:44:00Z</time></trkpt>
			<trkpt lat="47.415890" lon="-1.129400"><ele>24</ele><time>2026-03-01T08:44:12Z</time></trkpt>
			<trkpt lat="47.416010" lon="-1.129170"><ele>25</ele><time>2026-03-01T08:44:24Z</time></trkpt>
			<trkpt lat="47.416150" lon="-1.128830"><ele>25</ele><time>2026-03-01T08:44:36Z</time></trkpt>
			<trkpt lat="47.416220" lon="-1.128650"><ele>25</ele><time>2026-03-01T08:44:48Z</time></trkpt>
			<trkpt lat="47.416270" lon="-1.128460"><ele>25</ele><time>2026-03-01T08:45:00Z</time></trkpt>
			<trkpt lat="47.416370" lon="-1.128050"><ele>25</ele><time>2026-03-01T08:45:12Z</time></trkpt>
			<trkpt lat="47.417280" lon="-1.123620"><ele>29</ele><time>2026-03-01T08:45:24Z</time></trkpt>
			<trkpt lat="47.417340" lon="-1.123190"><ele>29</ele><time>2026-03-01T08:45:36Z</time></trkpt>
			<trkpt lat="47.417350" lon="-1.122970"><ele>30</ele><time>2026-03-01T08:45:48Z</time></trkpt>
			<trkpt lat="47.417350" lon="-1.122770"><ele>30</ele><time>2026-03-01T08:46:00Z</time></trkpt>
			<trkpt lat="47.417340" lon="-1.122600"><ele>31</ele><time>2026-03-01T08:46:12Z</time></trkpt>
			<trkpt lat="47.417300" lon="-1.122170"><ele>32</ele><time>2026-03-01T08:46:24Z</time></trkpt>
			<trkpt lat="47.417300" lon="-1.121950"><ele>33</ele><time>2026-03-01T08:46:36Z</time></trkpt>
			<trkpt lat="47.417310" lon="-1.121670"><ele>34</ele><time>2026-03-01T08:46:48Z</time></trkpt>
			<trkpt lat="47.417340" lon="-1.121490"><ele>34</ele><time>2026-03-01T08:47:00Z</time></trkpt>
			<trkpt lat="47.417390" lon="-1.121320"><ele>34</ele><time>2026-03-01T08:47:12Z</time></trkpt>
			<trkpt lat="47.417570" lon="-1.120800"><ele>34</ele><time>2026-03-01T08:47:24Z</time></trkpt>
			<trkpt lat="47.417830" lon="-1.121090"><ele>33</ele><time>2026-03-01T08:47:36Z</time></trkpt>
			<trkpt lat="47.418260" lon="-1.121530"><ele>32</ele><time>2026-03-01T08:47:48Z</time></trkpt>
			<trkpt lat="47.419000" lon="-1.122280"><ele>30</ele><time>2026-03-01T08:48:00Z</time></trkpt>
			<trkpt lat="47.419340" lon="-1.122650"><ele>29</ele><time>2026-03-01T08:48:12Z</time></trkpt>
			<trkpt lat="47.419680" lon="-1.123080"><ele>28</ele><time>2026-03-01T08:48:24Z</time></trkpt>
			<trkpt lat="47.419800" lon="-1.123180"><ele>28</ele><time>2026-03-01T08:48:36Z</time></trkpt>
			<trkpt lat="47.419910" lon="-1.123250"><ele>27</ele><time>2026-03-01T08:48:48Z</time></trkpt>
			<trkpt lat="47.420100" lon="-1.123340"><ele>27</ele><time>2026-03-01T08:49:00Z</time></trkpt>
			<trkpt lat="47.420230" lon="-1.123360"><ele>27</ele><time>2026-03-01T08:49:12Z</time></trkpt>
			<trkpt lat="47.420380" lon="-1.123360"><ele>27</ele><time>2026-03-01T08:49:24Z</time></trkpt>
			<trkpt lat="47.420750" lon="-1.123320"><ele>27</ele><time>2026-03-01T08:49:36Z</time></trkpt>
			<trkpt lat="47.421100" lon="-1.123270"><ele>27</ele><time>2026-03-01T08:49:48Z</time></trkpt>
			<trkpt lat="47.422300" lon="-1.123070"><ele>27</ele><time>2026-03-01T08:50:00Z</time></trkpt>
			<trkpt lat="47.422670" lon="-1.123020"><ele>28</ele><time>2026-03-01T08:50:12Z</time></trkpt>
			<trkpt lat="47.422950" lon="-1.123010"><ele>28</ele><time>2026-03-01T08:50:24Z</time></trkpt>
			<trkpt lat="47.423400" lon="-1.123070"><ele>30</ele><time>2026-03-01T08:50:36Z</time></trkpt>
			<trkpt lat="47.424450" lon="-1.123470"><ele>35</ele><time>2026-03-01T08:50:48Z</time></trkpt>
			<trkpt lat="47.425190" lon="-1.123740"><ele>36</ele><time>2026-03-01T08:51:00Z</time></trkpt>
			<trkpt lat="47.425520" lon="-1.123800"><ele>37</ele><time>2026-03-01T08:51:12Z</time></trkpt>
			<trkpt lat="47.426130" lon="-1.123860"><ele>38</ele><time>2026-03-01T08:51:24Z</time></trkpt>
			<trkpt lat="47.426240" lon="-1.123870"><ele>38</ele><time>2026-03-01T08:51:36Z</time></trkpt>
			<trkpt lat="47.426550" lon="-1.123930"><ele>39</ele><time>2026-03-01T08:51:48Z</time></trkpt>
			<trkpt lat="47.427430" lon="-1.122040"><ele>41</ele><time>2026-03-01T08:52:00Z</time></trkpt>
			<trkpt lat="47.427690" lon="-1.121460"><ele>42</ele><time>2026-03-01T08:52:12Z</time></trkpt>
			<trkpt lat="47.427860" lon="-1.120990"><ele>42</ele><time>2026-03-01T08:52:24Z</time></trkpt>
			<trkpt lat="47.427990" lon="-1.120570"><ele>41</ele><time>2026-03-01T08:52:36Z</time></trkpt>
			<trkpt lat="47.428330" lon="-1.119190"><ele>43</ele><time>2026-03-01T08:52:48Z</time></trkpt>
			<trkpt lat="47.428380" lon="-1.119030"><ele>43</ele><time>2026-03-01T08:53:00Z</time></trkpt>
			<trkpt lat="47.428530" lon="-1.118640"><ele>43</ele><time>2026-03-01T08:53:12Z</time></trkpt>
			<trkpt lat="47.428670" lon="-1.118410"><ele>44</ele><time>2026-03-01T08:53:24Z</time></trkpt>
			<trkpt lat="47.428960" lon="-1.117970"><ele>45</ele><time>2026-03-01T08:53:36Z</time></trkpt>
			<trkpt lat="47.429120" lon="-1.117650"><ele>45</ele><time>2026-03-01T08:53:48Z</time></trkpt>
			<trkpt lat="47.429150" lon="-1.117460"><ele>45</ele><time>2026-03-01T08:54:00Z</time></trkpt>
			<trkpt lat="47.429160" lon="-1.117250"><ele>45</ele><time>2026-03-01T08:54:12Z</time></trkpt>
			<trkpt lat="47.429130" lon="-1.116970"><ele>44</ele><time>2026-03-01T08:54:24Z</time></trkpt>
			<trkpt lat="47.429070" lon="-1.116650"><ele>44</ele><time>2026-03-01T08:54:36Z</time></trkpt>
			<trkpt lat="47.429000" lon="-1.116340"><ele>44</ele><time>2026-03-01T08:54:48Z</time></trkpt>
			<trkpt lat="47.428980" lon="-1.116150"><ele>44</ele><time>2026-03-01T08:55:00Z</time></trkpt>
			<trkpt lat="47.428990" lon="-1.115970"><ele>44</ele><time>2026-03-01T08:55:12Z</time></trkpt>
			<trkpt lat="47.429130" lon="-1.115130"><ele>44</ele><time>2026-03-01T08:55:24Z</time></trkpt>
			<trkpt lat="47.429160" lon="-1.114800"><ele>44</ele><time>2026-03-01T08:55:36Z</time></trkpt>
			<trkpt lat="47.429120" lon="-1.114380"><ele>45</ele><time>2026-03-01T08:55:48Z</time></trkpt>
			<trkpt lat="47.429070" lon="-1.114150"><ele>45</ele><time>2026-03-01T08:56:00Z</time></trkpt>
			<trkpt lat="47.428930" lon="-1.113900"><ele>45</ele><time>2026-03-01T08:56:12Z</time></trkpt>
			<trkpt lat="47.428410" lon="-1.113270"><ele>46</ele><time>2026-03-01T08:56:24Z</time></trkpt>
			<trkpt lat="47.428300" lon="-1.113080"><ele>47</ele><time>2026-03-01T08:56:36Z</time></trkpt>
			<trkpt lat="47.428230" lon="-1.112880"><ele>47</ele><time>2026-03-01T08:56:48Z</time></trkpt>
			<trkpt lat="47.428210" lon="-1.112700"><ele>47</ele><time>2026-03-01T08:57:00Z</time></trkpt>
			<trkpt lat="47.428220" lon="-1.112540"><ele>48</ele><time>2026-03-01T08:57:12Z</time></trkpt>
			<trkpt lat="47.428240" lon="-1.112370"><ele>48</ele><time>2026-03-01T08:57:24Z</time></trkpt>
			<trkpt lat="47.428330" lon="-1.112080"><ele>48</ele><time>2026-03-01T08:57:36Z</time></trkpt>
			<trkpt lat="47.428450" lon="-1.111920"><ele>48</ele><time>2026-03-01T08:57:48Z</time></trkpt>
			<trkpt lat="47.428510" lon="-1.111790"><ele>49</ele><time>2026-03-01T08:58:00Z</time></trkpt>
			<trkpt lat="47.428540" lon="-1.111680"><ele>49</ele><time>2026-03-01T08:58:12Z</time></trkpt>
			<trkpt lat="47.428580" lon="-1.111430"><ele>49</ele><time>2026-03-01T08:58:24Z</time></trkpt>
			<trkpt lat="47.428600" lon="-1.111040"><ele>49</ele><time>2026-03-01T08:58:36Z</time></trkpt>
			<trkpt lat="47.428580" lon="-1.109400"><ele>51</ele><time>2026-03-01T08:58:48Z</time></trkpt>
			<trkpt lat="47.428570" lon="-1.108750"><ele>52</ele><time>2026-03-01T08:59:00Z</time></trkpt>
			<trkpt lat="47.428520" lon="-1.108260"><ele>52</ele><time>2026-03-01T08:59:12Z</time></trkpt>
			<trkpt lat="47.428400" lon="-1.107360"><ele>51</ele><time>2026-03-01T08:59:24Z</time></trkpt>
			<trkpt lat="47.428280" lon="-1.106460"><ele>51</ele><time>2026-03-01T08:59:36Z</time></trkpt>
			<trkpt lat="47.428200" lon="-1.105930"><ele>52</ele><time>2026-03-01T08:59:48Z</time></trkpt>
			<trkpt lat="47.428150" lon="-1.105620"><ele>52</ele><time>2026-03-01T09:00:00Z</time></trkpt>
			<trkpt lat="47.428100" lon="-1.105340"><ele>52</ele><time>2026-03-01T09:00:12Z</time></trkpt>
			<trkpt lat="47.428030" lon="-1.105100"><ele>52</ele><time>2026-03-01T09:00:24Z</time></trkpt>
			<trkpt lat="47.427960" lon="-1.104950"><ele>52</ele><time>2026-03-01T09:00:36Z</time></trkpt>
			<trkpt lat="47.427610" lon="-1.104220"><ele>51</ele><time>2026-03-01T09:00:48Z</time></trkpt>
			<trkpt lat="47.427560" lon="-1.104030"><ele>51</ele><time>2026-03-01T09:01:00Z</time></trkpt>
			<trkpt lat="47.427560" lon="-1.103910"><ele>51</ele><time>2026-03-01T09:01:12Z</time></trkpt>
			<trkpt lat="47.427580" lon="-1.103730"><ele>51</ele><time>2026-03-01T09:01:24Z</time></trkpt>
			<trkpt lat="47.427670" lon="-1.103350"><ele>52</ele><time>2026-03-01T09:01:36Z</time></trkpt>
			<trkpt lat="47.427740" lon="-1.103040"><ele>52</ele><time>2026-03-01T09:01:48Z</time></trkpt>
			<trkpt lat="47.427740" lon="-1.102830"><ele>52</ele><time>2026-03-01T09:02:00Z</time></trkpt>
			<trkpt lat="47.427680" lon="-1.102620"><ele>52</ele><time>2026-03-01T09:02:12Z</time></trkpt>
			<trkpt lat="47.427720" lon="-1.102470"><ele>52</ele><time>2026-03-01T09:02:24Z</time></trkpt>
			<trkpt lat="47.427830" lon="-1.101990"><ele>52</ele><time>2026-03-01T09:02:36Z</time></trkpt>
			<trkpt lat="47.428190" lon="-1.100120"><ele>55</ele><time>2026-03-01T09:02:48Z</time></trkpt>
			<trkpt lat="47.428250" lon="-1.099920"><ele>56</ele><time>2026-03-01T09:03:00Z</time></trkpt>
			<trkpt lat="47.428420" lon="-1.099610"><ele>57</ele><time>2026-03-01T09:03:12Z</time></trkpt>
			<trkpt lat="47.428740" lon="-1.099180"><ele>57</ele><time>2026-03-01T09:03:24Z</time></trkpt>
			<trkpt lat="47.430310" lon="-1.097190"><ele>62</ele><time>2026-03-01T09:03:36Z</time></trkpt>
			<trkpt lat="47.430480" lon="-1.096910"><ele>63</ele><time>2026-03-01T09:03:48Z</time></trkpt>
			<trkpt lat="47.430550" lon="-1.096740"><ele>63</ele><time>2026-03-01T09:04:00Z</time></trkpt>
			<trkpt lat="47.430560" lon="-1.096570"><ele>63</ele><time>2026-03-01T09:04:12Z</time></trkpt>
			<trkpt lat="47.430550" lon="-1.096360"><ele>63</ele><time>2026-03-01T09:04:24Z</time></trkpt>
			<trkpt lat="47.430090" lon="-1.092960"><ele>67</ele><time>2026-03-01T09:04:36Z</time></trkpt>
			<trkpt lat="47.430030" lon="-1.092840"><ele>67</ele><time>2026-03-01T09:04:48Z</time></trkpt>
			<trkpt lat="47.429950" lon="-1.092730"><ele>67</ele><time>2026-03-01T09:05:00Z</time></trkpt>
			<trkpt lat="47.429810" lon="-1.092650"><ele>67</ele><time>2026-03-01T09:05:12Z</time></trkpt>
			<trkpt lat="47.429110" lon="-1.092380"><ele>68</ele><time>2026-03-01T09:05:24Z</time></trkpt>
			<trkpt lat="47.428930" lon="-1.092270"><ele>68</ele><time>2026-03-01T09:05:36Z</time></trkpt>
			<trkpt lat="47.428780" lon="-1.092120"><ele>68</ele><time>2026-03-01T09:05:48Z</time></trkpt>
			<trkpt lat="47.428710" lon="-1.091950"><ele>67</ele><time>2026-03-01T09:06:00Z</time></trkpt>
			<trkpt lat="47.428660" lon="-1.091810"><ele>67</ele><time>2026-03-01T09:06:12Z</time></trkpt>
			<trkpt lat="47.428620" lon="-1.091610"><ele>67</ele><time>2026-03-01T09:06:24Z</time></trkpt>
			<trkpt lat="47.428410" lon="-1.090820"><ele>65</ele><time>2026-03-01T09:06:36Z</time></trkpt>
			<trkpt lat="47.428340" lon="-1.090660"><ele>65</ele><time>2026-03-01T09:06:48Z</time></trkpt>
			<trkpt lat="47.428420" lon="-1.090510"><ele>65</ele><time>2026-03-01T09:07:00Z</time></trkpt>
			<trkpt lat="47.428520" lon="-1.090240"><ele>65</ele><time>2026-03-01T09:07:12Z</time></trkpt>
			<trkpt lat="47.428640" lon="-1.089960"><ele>66</ele><time>2026-03-01T09:07:24Z</time></trkpt>
			<trkpt lat="47.428730" lon="-1.089840"><ele>66</ele><time>2026-03-01T09:07:36Z</time></trkpt>
			<trkpt lat="47.428680" lon="-1.089510"><ele>66</ele><time>2026-03-01T09:07:48Z</time></trkpt>
			<trkpt lat="47.428650" lon="-1.089010"><ele>66</ele><time>2026-03-01T09:08:00Z</time></trkpt>
			<trkpt lat="47.428560" lon="-1.088020"><ele>66</ele><time>2026-03-01T09:08:12Z</time></trkpt>
			<trkpt lat="47.428510" lon="-1.087600"><ele>66</ele><time>2026-03-01T09:08:24Z</time></trkpt>
			<trkpt lat="47.428430" lon="-1.087080"><ele>67</ele><time>2026-03-01T09:08:36Z</time></trkpt>
			<trkpt lat="47.428290" lon="-1.086290"><ele>67</ele><time>2026-03-01T09:08:48Z</time></trkpt>
			<trkpt lat="47.428090" lon="-1.085380"><ele>67</ele><time>2026-03-01T09:09:00Z</time></trkpt>
			<trkpt lat="47.427880" lon="-1.084470"><ele>68</ele><time>2026-03-01T09:09:12Z</time></trkpt>
			<trkpt lat="47.427640" lon="-1.083220"><ele>68</ele><time>2026-03-01T09:09:24Z</time></trkpt>
			<trkpt lat="47.427590" lon="-1.082900"><ele>68</ele><time>2026-03-01T09:09:36Z</time></trkpt>
			<trkpt lat="47.427580" lon="-1.082580"><ele>68</ele><time>2026-03-01T09:09:48Z</time></trkpt>
			<trkpt lat="47.427650" lon="-1.081660"><ele>66</ele><time>2026-03-01T09:10:00Z</time></trkpt>
			<trkpt lat="47.427720" lon="-1.081080"><ele>65</ele><time>2026-03-01T09:10:12Z</time></trkpt>
			<trkpt lat="47.427800" lon="-1.080630"><ele>64</ele><time>2026-03-01T09:10:24Z</time></trkpt>
			<trkpt lat="47.428040" lon="-1.079420"><ele>63</ele><time>2026-03-01T09:10:36Z</time></trkpt>
			<trkpt lat="47.428130" lon="-1.078820"><ele>62</ele><time>2026-03-01T09:10:48Z</time></trkpt>
			<trkpt lat="47.428210" lon="-1.077980"><ele>63</ele><time>2026-03-01T09:11:00Z</time></trkpt>
			<trkpt lat="47.428240" lon="-1.077470"><ele>64</ele><time>2026-03-01T09:11:12Z</time></trkpt>
			<trkpt lat="47.428290" lon="-1.076600"><ele>63</ele><time>2026-03-01T09:11:24Z</time></trkpt>
			<trkpt lat="47.428390" lon="-1.074760"><ele>61</ele><time>2026-03-01T09:11:36Z</time></trkpt>
			<trkpt lat="47.428400" lon="-1.074680"><ele>61</ele><time>2026-03-01T09:11:48Z</time></trkpt>
			<trkpt lat="47.428510" lon="-1.073790"><ele>61</ele><time>2026-03-01T09:12:00Z</time></trkpt>
			<trkpt lat="47.428500" lon="-1.073680"><ele>60</ele><time>2026-03-01T09:12:12Z</time></trkpt>
			<trkpt lat="47.428470" lon="-1.073550"><ele>60</ele><time>2026-03-01T09:12:24Z</time></trkpt>
			<trkpt lat="47.428350" lon="-1.073380"><ele>60</ele><time>2026-03-01T09:12:36Z</time></trkpt>
			<trkpt lat="47.428160" lon="-1.073160"><ele>60</ele><time>2026-03-01T09:12:48Z</time></trkpt>
			<trkpt lat="47.429880" lon="-1.071020"><ele>61</ele><time>2026-03-01T09:13:00Z</time></trkpt>
			<trkpt lat="47.430010" lon="-1.070870"><ele>61</ele><time>2026-03-01T09:13:12Z</time></trkpt>
			<trkpt lat="47.430290" lon="-1.070510"><ele>61</ele><time>2026-03-01T09:13:24Z</time></trkpt>
			<trkpt lat="47.430470" lon="-1.070320"><ele>60</ele><time>2026-03-01T09:13:36Z</time></trkpt>
			<trkpt lat="47.430680" lon="-1.070150"><ele>60</ele><time>2026-03-01T09:13:48Z</time></trkpt>
			<trkpt lat="47.430810" lon="-1.070050"><ele>60</ele><time>2026-03-01T09:14:00Z</time></trkpt>
			<trkpt lat="47.430720" lon="-1.069350"><ele>61</ele><time>2026-03-01T09:14:12Z</time></trkpt>
			<trkpt lat="47.430640" lon="-1.068740"><ele>62</ele><time>2026-03-01T09:14:24Z</time></trkpt>
			<trkpt lat="47.430590" lon="-1.068460"><ele>63</ele><time>2026-03-01T09:14:36Z</time></trkpt>
			<trkpt lat="47.430550" lon="-1.068250"><ele>63</ele><time>2026-03-01T09:14:48Z</time></trkpt>
			<trkpt lat="47.430220" lon="-1.067190"><ele>62</ele><time>2026-03-01T09:15:00Z</time></trkpt>
			<trkpt lat="47.430090" lon="-1.066710"><ele>61</ele><time>2026-03-01T09:15:12Z</time></trkpt>
			<trkpt lat="47.429990" lon="-1.066280"><ele>61</ele><time>2026-03-01T09:15:24Z</time></trkpt>
			<trkpt lat="47.429900" lon="-1.065960"><ele>60</ele><time>2026-03-01T09:15:36Z</time></trkpt>
			<trkpt lat="47.429760" lon="-1.065570"><ele>61</ele><time>2026-03-01T09:15:48Z</time></trkpt>
			<trkpt lat="47.429680" lon="-1.065400"><ele>61</ele><time>2026-03-01T09:16:00Z</time></trkpt>
			<trkpt lat="47.429150" lon="-1.064360"><ele>63</ele><time>2026-03-01T09:16:12Z</time></trkpt>
			<trkpt lat="47.429080" lon="-1.064200"><ele>63</ele><time>2026-03-01T09:16:24Z</time></trkpt>
			<trkpt lat="47.429050" lon="-1.064110"><ele>63</ele><time>2026-03-01T09:16:36Z</time></trkpt>
			<trkpt lat="47.429010" lon="-1.063920"><ele>63</ele><time>2026-03-01T09:16:48Z</time></trkpt>
			<trkpt lat="47.428990" lon="-1.063680"><ele>63</ele><time>2026-03-01T09:17:00Z</time></trkpt>
			<trkpt lat="47.429020" lon="-1.062830"><ele>64</ele><time>2026-03-01T09:17:12Z</time></trkpt>
			<trkpt lat="47.429030" lon="-1.062500"><ele>64</ele><time>2026-03-01T09:17:24Z</time></trkpt>
			<trkpt lat="47.429050" lon="-1.062310"><ele>64</ele><time>2026-03-01T09:17:36Z</time></trkpt>
			<trkpt lat="47.429110" lon="-1.062090"><ele>64</ele><time>2026-03-01T09:17:48Z</time></trkpt>
			<trkpt lat="47.429250" lon="-1.061660"><ele>64</ele><time>2026-03-01T09:18:00Z</time></trkpt>
			<trkpt lat="47.429390" lon="-1.061330"><ele>64</ele><time>2026-03-01T09:18:12Z</time></trkpt>
			<trkpt lat="47.429460" lon="-1.060860"><ele>65</ele><time>2026-03-01T09:18:24Z</time></trkpt>
			<trkpt lat="47.429520" lon="-1.059900"><ele>64</ele><time>2026-03-01T09:18:36Z</time></trkpt>
			<trkpt lat="47.429550" lon="-1.059680"><ele>64</ele><time>2026-03-01T09:18:48Z</time></trkpt>
			<trkpt lat="47.429620" lon="-1.059420"><ele>63</ele><time>2026-03-01T09:19:00Z</time></trkpt>
			<trkpt lat="47.430170" lon="-1.058020"><ele>61</ele><time>2026-03-01T09:19:12Z</time></trkpt>
			<trkpt lat="47.430260" lon="-1.057590"><ele>61</ele><time>2026-03-01T09:19:24Z</time></trkpt>
			<trkpt lat="47.430330" lon="-1.056920"><ele>61</ele><time>2026-03-01T09:19:36Z</time></trkpt>
			<trkpt lat="47.430390" lon="-1.056720"><ele>60</ele><time>2026-03-01T09:19:48Z</time></trkpt>
			<trkpt lat="47.430440" lon="-1.056590"><ele>60</ele><time>2026-03-01T09:20:00Z</time></trkpt>
			<trkpt lat="47.430570" lon="-1.056400"><ele>60</ele><time>2026-03-01T09:20:12Z</time></trkpt>
			<trkpt lat="47.430550" lon="-1.056210"><ele>60</ele><time>2026-03-01T09:20:24Z</time></trkpt>
			<trkpt lat="47.430550" lon="-1.055990"><ele>61</ele><time>2026-03-01T09:20:36Z</time></trkpt>
			<trkpt lat="47.430590" lon="-1.055400"><ele>60</ele><time>2026-03-01T09:20:48Z</time></trkpt>
			<trkpt lat="47.430610" lon="-1.054940"><ele>60</ele><time>2026-03-01T09:21:00Z</time></trkpt>
			<trkpt lat="47.430620" lon="-1.054860"><ele>60</ele><time>2026-03-01T09:21:12Z</time></trkpt>
			<trkpt lat="47.430610" lon="-1.054780"><ele>60</ele><time>2026-03-01T09:21:24Z</time></trkpt>
			<trkpt lat="47.430600" lon="-1.054670"><ele>60</ele><time>2026-03-01T09:21:36Z</time></trkpt>
			<trkpt lat="47.430580" lon="-1.054510"><ele>60</ele><time>2026-03-01T09:21:48Z</time></trkpt>
			<trkpt lat="47.430540" lon="-1.054360"><ele>60</ele><time>2026-03-01T09:22:00Z</time></trkpt>
			<trkpt lat="47.430500" lon="-1.054220"><ele>60</ele><time>2026-03-01T09:22:12Z</time></trkpt>
			<trkpt lat="47.430140" lon="-1.053340"><ele>60</ele><time>2026-03-01T09:22:24Z</time></trkpt>
			<trkpt lat="47.430050" lon="-1.053130"><ele>61</ele><time>2026-03-01T09:22:36Z</time></trkpt>
			<trkpt lat="47.429740" lon="-1.052370"><ele>61</ele><time>2026-03-01T09:22:48Z</time></trkpt>
			<trkpt lat="47.429650" lon="-1.052100"><ele>61</ele><time>2026-03-01T09:23:00Z</time></trkpt>
			<trkpt lat="47.429570" lon="-1.051810"><ele>61</ele><time>2026-03-01T09:23:12Z</time></trkpt>
			<trkpt lat="47.428930" lon="-1.049180"><ele>61</ele><time>2026-03-01T09:23:24Z</time></trkpt>
			<trkpt lat="47.428780" lon="-1.048610"><ele>61</ele><time>2026-03-01T09:23:36Z</time></trkpt>
			<trkpt lat="47.428700" lon="-1.048250"><ele>60</ele><time>2026-03-01T09:23:48Z</time></trkpt>
			<trkpt lat="47.428630" lon="-1.048030"><ele>60</ele><time>2026-03-01T09:24:00Z</time></trkpt>
			<trkpt lat="47.428580" lon="-1.047910"><ele>60</ele><time>2026-03-01T09:24:12Z</time></trkpt>
			<trkpt lat="47.428610" lon="-1.047830"><ele>60</ele><time>2026-03-01T09:24:24Z</time></trkpt>
			<trkpt lat="47.428630" lon="-1.047740"><ele>60</ele><time>2026-03-01T09:24:36Z</time></trkpt>
			<trkpt lat="47.428640" lon="-1.047670"><ele>60</ele><time>2026-03-01T09:24:48Z</time></trkpt>
			<trkpt lat="47.428670" lon="-1.046950"><ele>61</ele><time>2026-03-01T09:25:00Z</time></trkpt>
			<trkpt lat="47.428690" lon="-1.046590"><ele>61</ele><time>2026-03-01T09:25:12Z</time></trkpt>
			<trkpt lat="47.428730" lon="-1.045770"><ele>61</ele><time>2026-03-01T09:25:24Z</time></trkpt>
			<trkpt lat="47.428730" lon="-1.045320"><ele>61</ele><time>2026-03-01T09:25:36Z</time></trkpt>
			<trkpt lat="47.428720" lon="-1.045020"><ele>61</ele><time>2026-03-01T09:25:48Z</time></trkpt>
			<trkpt lat="47.428700" lon="-1.044650"><ele>61</ele><time>2026-03-01T09:26:00Z</time></trkpt>
			<trkpt lat="47.428650" lon="-1.044260"><ele>62</ele><time>2026-03-01T09:26:12Z</time></trkpt>
			<trkpt lat="47.428550" lon="-1.043690"><ele>62</ele><time>2026-03-01T09:26:24Z</time></trkpt>
			<trkpt lat="47.428330" lon="-1.042630"><ele>62</ele><time>2026-03-01T09:26:36Z</time></trkpt>
			<trkpt lat="47.428250" lon="-1.042150"><ele>62</ele><time>2026-03-01T09:26:48Z</time></trkpt>
			<trkpt lat="47.428210" lon="-1.041660"><ele>62</ele><time>2026-03-01T09:27:00Z</time></trkpt>
			<trkpt lat="47.428200" lon="-1.041060"><ele>63</ele><time>2026-03-01T09:27:12Z</time></trkpt>
			<trkpt lat="47.428180" lon="-1.040770"><ele>63</ele><time>2026-03-01T09:27:24Z</time></trkpt>
			<trkpt lat="47.428140" lon="-1.040440"><ele>63</ele><time>2026-03-01T09:27:36Z</time></trkpt>
			<trkpt lat="47.427940" lon="-1.039310"><ele>63</ele><time>2026-03-01T09:27:48Z</time></trkpt>
			<trkpt lat="47.427830" lon="-1.038650"><ele>63</ele><time>2026-03-01T09:28:00Z</time></trkpt>
			<trkpt lat="47.427660" lon="-1.037560"><ele>63</ele><time>2026-03-01T09:28:12Z</time></trkpt>
			<trkpt lat="47.427620" lon="-1.037150"><ele>63</ele><time>2026-03-01T09:28:24Z</time></trkpt>
			<trkpt lat="47.427540" lon="-1.035630"><ele>64</ele><time>2026-03-01T09:28:36Z</time></trkpt>
			<trkpt lat="47.427460" lon="-1.035080"><ele>64</ele><time>2026-03-01T09:28:48Z</time></trkpt>
			<trkpt lat="47.427040" lon="-1.032440"><ele>64</ele><time>2026-03-01T09:29:00Z</time></trkpt>
			<trkpt lat="47.427040" lon="-1.032370"><ele>63</ele><time>2026-03-01T09:29:12Z</time></trkpt>
			<trkpt lat="47.427020" lon="-1.032300"><ele>63</ele><time>2026-03-01T09:29:24Z</time></trkpt>
			<trkpt lat="47.427020" lon="-1.032180"><ele>63</ele><time>2026-03-01T09:29:36Z</time></trkpt>
			<trkpt lat="47.426980" lon="-1.031550"><ele>63</ele><time>2026-03-01T09:29:48Z</time></trkpt>
			<trkpt lat="47.426910" lon="-1.030110"><ele>63</ele><time>2026-03-01T09:30:00Z</time></trkpt>
			<trkpt lat="47.426880" lon="-1.029270"><ele>63</ele><time>2026-03-01T09:30:12Z</time></trkpt>
			<trkpt lat="47.426890" lon="-1.028640"><ele>64</ele><time>2026-03-01T09:30:24Z</time></trkpt>
			<trkpt lat="47.426930" lon="-1.027980"><ele>66</ele><time>2026-03-01T09:30:36Z</time></trkpt>
			<trkpt lat="47.426960" lon="-1.027810"><ele>66</ele><time>2026-03-01T09:30:48Z</time></trkpt>
			<trkpt lat="47.427080" lon="-1.027280"><ele>66</ele><time>2026-03-01T09:31:00Z</time></trkpt>
			<trkpt lat="47.427140" lon="-1.027030"><ele>66</ele><time>2026-03-01T09:31:12Z</time></trkpt>
			<trkpt lat="47.427180" lon="-1.026680"><ele>65</ele><time>2026-03-01T09:31:24Z</time></trkpt>
			<trkpt lat="47.427160" lon="-1.026360"><ele>65</ele><time>2026-03-01T09:31:36Z</time></trkpt>
			<trkpt lat="47.426990" lon="-1.025250"><ele>65</ele><time>2026-03-01T09:31:48Z</time></trkpt>
			<trkpt lat="47.426950" lon="-1.025040"><ele>65</ele><time>2026-03-01T09:32:00Z</time></trkpt>
			<trkpt lat="47.426890" lon="-1.024830"><ele>65</ele><time>2026-03-01T09:32:12Z</time></trkpt>
			<trkpt lat="47.426880" lon="-1.024770"><ele>65</ele><time>2026-03-01T09:32:24Z</time></trkpt>
			<trkpt lat="47.426840" lon="-1.024650"><ele>65</ele><time>2026-03-01T09:32:36Z</time></trkpt>
			<trkpt lat="47.426760" lon="-1.024460"><ele>66</ele><time>2026-03-01T09:32:48Z</time></trkpt>
			<trkpt lat="47.426310" lon="-1.023410"><ele>68</ele><time>2026-03-01T09:33:00Z</time></trkpt>
			<trkpt lat="47.426240" lon="-1.023190"><ele>69</ele><time>2026-03-01T09:33:12Z</time></trkpt>
			<trkpt lat="47.426190" lon="-1.022930"><ele>69</ele><time>2026-03-01T09:33:24Z</time></trkpt>
			<trkpt lat="47.426170" lon="-1.022630"><ele>70</ele><time>2026-03-01T09:33:36Z</time></trkpt>
			<trkpt lat="47.426190" lon="-1.022070"><ele>70</ele><time>2026-03-01T09:33:48Z</time></trkpt>
			<trkpt lat="47.426220" lon="-1.021590"><ele>70</ele><time>2026-03-01T09:34:00Z</time></trkpt>
			<trkpt lat="47.426300" lon="-1.019480"><ele>68</ele><time>2026-03-01T09:34:12Z</time></trkpt>
			<trkpt lat="47.426280" lon="-1.019320"><ele>68</ele><time>2026-03-01T09:34:24Z</time></trkpt>
			<trkpt lat="47.426220" lon="-1.019200"><ele>68</ele><time>2026-03-01T09:34:36Z</time></trkpt>
			<trkpt lat="47.425420" lon="-1.018390"><ele>67</ele><time>2026-03-01T09:34:48Z</time></trkpt>
			<trkpt lat="47.425610" lon="-1.018020"><ele>67</ele><time>2026-03-01T09:35:00Z</time></trkpt>
			<trkpt lat="47.425600" lon="-1.017930"><ele>67</ele><time>2026-03-01T09:35:12Z</time></trkpt>
			<trkpt lat="47.425540" lon="-1.017080"><ele>66</ele><time>2026-03-01T09:35:24Z</time></trkpt>
			<trkpt lat="47.425540" lon="-1.016980"><ele>66</ele><time>2026-03-01T09:35:36Z</time></trkpt>
			<trkpt lat="47.425520" lon="-1.016760"><ele>66</ele><time>2026-03-01T09:35:48Z</time></trkpt>
			<trkpt lat="47.425510" lon="-1.016530"><ele>66</ele><time>2026-03-01T09:36:00Z</time></trkpt>
			<trkpt lat="47.425460" lon="-1.015800"><ele>66</ele><time>2026-03-01T09:36:12Z</time></trkpt>
			<trkpt lat="47.425350" lon="-1.014140"><ele>65</ele><time>2026-03-01T09:36:24Z</time></trkpt>
			<trkpt lat="47.425190" lon="-1.011960"><ele>64</ele><time>2026-03-01T09:36:36Z</time></trkpt>
			<trkpt lat="47.425160" lon="-1.011570"><ele>63</ele><time>2026-03-01T09:36:48Z</time></trkpt>
			<trkpt lat="47.425120" lon="-1.011230"><ele>63</ele><time>2026-03-01T09:37:00Z</time></trkpt>
			<trkpt lat="47.425080" lon="-1.010920"><ele>62</ele><time>2026-03-01T09:37:12Z</time></trkpt>
			<trkpt lat="47.424870" lon="-1.009800"><ele>63</ele><time>2026-03-01T09:37:24Z</time></trkpt>
			<trkpt lat="47.424830" lon="-1.009350"><ele>62</ele><time>2026-03-01T09:37:36Z</time></trkpt>
			<trkpt lat="47.424800" lon="-1.008930"><ele>62</ele><time>2026-03-01T09:37:48Z</time></trkpt>
			<trkpt lat="47.424860" lon="-1.007100"><ele>62</ele><time>2026-03-01T09:38:00Z</time></trkpt>
			<trkpt lat="47.424860" lon="-1.006810"><ele>62</ele><time>2026-03-01T09:38:12Z</time></trkpt>
			<trkpt lat="47.424850" lon="-1.006590"><ele>62</ele><time>2026-03-01T09:38:24Z</time></trkpt>
			<trkpt lat="47.424830" lon="-1.006470"><ele>62</ele><time>2026-03-01T09:38:36Z</time></trkpt>
			<trkpt lat="47.424790" lon="-1.006380"><ele>62</ele><time>2026-03-01T09:38:48Z</time></trkpt>
			<trkpt lat="47.424690" lon="-1.006220"><ele>62</ele><time>2026-03-01T09:39:00Z</time></trkpt>
			<trkpt lat="47.424250" lon="-1.005650"><ele>62</ele><time>2026-03-01T09:39:12Z</time></trkpt>
			<trkpt lat="47.424100" lon="-1.005370"><ele>63</ele><time>2026-03-01T09:39:24Z</time></trkpt>
			<trkpt lat="47.423990" lon="-1.005150"><ele>63</ele><time>2026-03-01T09:39:36Z</time></trkpt>
			<trkpt lat="47.423880" lon="-1.004800"><ele>63</ele><time>2026-03-01T09:39:48Z</time></trkpt>
			<trkpt lat="47.423440" lon="-1.003230"><ele>63</ele><time>2026-03-01T09:40:00Z</time></trkpt>
			<trkpt lat="47.423250" lon="-1.002560"><ele>60</ele><time>2026-03-01T09:40:12Z</time></trkpt>
			<trkpt lat="47.423010" lon="-1.001860"><ele>57</ele><time>2026-03-01T09:40:24Z</time></trkpt>
			<trkpt lat="47.422330" lon="-0.999980"><ele>54</ele><time>2026-03-01T09:40:36Z</time></trkpt>
			<trkpt lat="47.421930" lon="-0.998860"><ele>57</ele><time>2026-03-01T09:40:48Z</time></trkpt>
			<trkpt lat="47.420770" lon="-0.995590"><ele>56</ele><time>2026-03-01T09:41:00Z</time></trkpt>
			<trkpt lat="47.420720" lon="-0.995490"><ele>56</ele><time>2026-03-01T09:41:12Z</time></trkpt>
			<trkpt lat="47.420670" lon="-0.995410"><ele>56</ele><time>2026-03-01T09:41:24Z</time></trkpt>
			<trkpt lat="47.420620" lon="-0.995380"><ele>56</ele><time>2026-03-01T09:41:36Z</time></trkpt>
			<trkpt lat="47.419740" lon="-0.995390"><ele>56</ele><time>2026-03-01T09:41:48Z</time></trkpt>
			<trkpt lat="47.419690" lon="-0.995370"><ele>56</ele><time>2026-03-01T09:42:00Z</time></trkpt>
			<trkpt lat="47.419700" lon="-0.994450"><ele>55</ele><time>2026-03-01T09:42:12Z</time></trkpt>
			<trkpt lat="47.419700" lon="-0.994000"><ele>55</ele><time>2026-03-01T09:42:24Z</time></trkpt>
			<trkpt lat="47.419680" lon="-0.993660"><ele>55</ele><time>2026-03-01T09:42:36Z</time></trkpt>
			<trkpt lat="47.419630" lon="-0.993330"><ele>54</ele><time>2026-03-01T09:42:48Z</time></trkpt>
			<trkpt lat="47.419540" lon="-0.992910"><ele>54</ele><time>2026-03-01T09:43:00Z</time></trkpt>
			<trkpt lat="47.419510" lon="-0.992690"><ele>54</ele><time>2026-03-01T09:43:12Z</time></trkpt>
			<trkpt lat="47.419510" lon="-0.992480"><ele>54</ele><time>2026-03-01T09:43:24Z</time></trkpt>
			<trkpt lat="47.419530" lon="-0.992230"><ele>54</ele><time>2026-03-01T09:43:36Z</time></trkpt>
			<trkpt lat="47.419610" lon="-0.991920"><ele>54</ele><time>2026-03-01T09:43:48Z</time></trkpt>
			<trkpt lat="47.420130" lon="-0.989820"><ele>52</ele><time>2026-03-01T09:44:00Z</time></trkpt>
			<trkpt lat="47.420170" lon="-0.989560"><ele>52</ele><time>2026-03-01T09:44:12Z</time></trkpt>
			<trkpt lat="47.420170" lon="-0.989190"><ele>52</ele><time>2026-03-01T09:44:24Z</time></trkpt>
			<trkpt lat="47.420130" lon="-0.988870"><ele>53</ele><time>2026-03-01T09:44:36Z</time></trkpt>
			<trkpt lat="47.419890" lon="-0.987470"><ele>49</ele><time>2026-03-01T09:44:48Z</time></trkpt>
			<trkpt lat="47.419880" lon="-0.987220"><ele>48</ele><time>2026-03-01T09:45:00Z</time></trkpt>
			<trkpt lat="47.419900" lon="-0.986720"><ele>48</ele><time>2026-03-01T09:45:12Z</time></trkpt>
			<trkpt lat="47.419910" lon="-0.986120"><ele>47</ele><time>2026-03-01T09:45:24Z</time></trkpt>
			<trkpt lat="47.419910" lon="-0.985990"><ele>47</ele><time>2026-03-01T09:45:36Z</time></trkpt>
			<trkpt lat="47.419920" lon="-0.985670"><ele>47</ele><time>2026-03-01T09:45:48Z</time></trkpt>
			<trkpt lat="47.419960" lon="-0.985530"><ele>47</ele><time>2026-03-01T09:46:00Z</time></trkpt>
			<trkpt lat="47.420260" lon="-0.984890"><ele>46</ele><time>2026-03-01T09:46:12Z</time></trkpt>
			<trkpt lat="47.420380" lon="-0.984650"><ele>45</ele><time>2026-03-01T09:46:24Z</time></trkpt>
			<trkpt lat="47.420560" lon="-0.984210"><ele>44</ele><time>2026-03-01T09:46:36Z</time></trkpt>
			<trkpt lat="47.420720" lon="-0.983780"><ele>42</ele><time>2026-03-01T09:46:48Z</time></trkpt>
			<trkpt lat="47.420780" lon="-0.983640"><ele>41</ele><time>2026-03-01T09:47:00Z</time></trkpt>
			<trkpt lat="47.420800" lon="-0.983510"><ele>40</ele><time>2026-03-01T09:47:12Z</time></trkpt>
			<trkpt lat="47.420810" lon="-0.983450"><ele>40</ele><time>2026-03-01T09:47:24Z</time></trkpt>
			<trkpt lat="47.420840" lon="-0.982890"><ele>37</ele><time>2026-03-01T09:47:36Z</time></trkpt>
			<trkpt lat="47.420880" lon="-0.982560"><ele>36</ele><time>2026-03-01T09:47:48Z</time></trkpt>
			<trkpt lat="47.421020" lon="-0.982020"><ele>36</ele><time>2026-03-01T09:48:00Z</time></trkpt>
			<trkpt lat="47.421090" lon="-0.982110"><ele>36</ele><time>2026-03-01T09:48:12Z</time></trkpt>
			<trkpt lat="47.421140" lon="-0.982150"><ele>35</ele><time>2026-03-01T09:48:24Z</time></trkpt>
			<trkpt lat="47.421110" lon="-0.982240"><ele>36</ele><time>2026-03-01T09:48:36Z</time></trkpt>
			<trkpt lat="47.421070" lon="-0.982460"><ele>36</ele><time>2026-03-01T09:48:48Z</time></trkpt>
			<trkpt lat="47.421050" lon="-0.982630"><ele>36</ele><time>2026-03-01T09:49:00Z</time></trkpt>
			<trkpt lat="47.421070" lon="-0.982460"><ele>36</ele><time>2026-03-01T09:49:12Z</time></trkpt>
			<trkpt lat="47.421110" lon="-0.982240"><ele>36</ele><time>2026-03-01T09:49:24Z</time></trkpt>
			<trkpt lat="47.421140" lon="-0.982150"><ele>35</ele><time>2026-03-01T09:49:36Z</time></trkpt>
			<trkpt lat="47.421090" lon="-0.982110"><ele>36</ele><time>2026-03-01T09:49:48Z</time></trkpt>
			<trkpt lat="47.421020" lon="-0.982020"><ele>36</ele><time>2026-03-01T09:50:00Z</time></trkpt>
			<trkpt lat="47.421220" lon="-0.981250"><ele>36</ele><time>2026-03-01T09:50:12Z</time></trkpt>
			<trkpt lat="47.421710" lon="-0.978760"><ele>42</ele><time>2026-03-01T09:50:24Z</time></trkpt>
			<trkpt lat="47.421730" lon="-0.978510"><ele>43</ele><time>2026-03-01T09:50:36Z</time></trkpt>
			<trkpt lat="47.421700" lon="-0.977480"><ele>45</ele><time>2026-03-01T09:50:48Z</time></trkpt>
			<trkpt lat="47.421640" lon="-0.977090"><ele>46</ele><time>2026-03-01T09:51:00Z</time></trkpt>
			<trkpt lat="47.421420" lon="-0.976460"><ele>48</ele><time>2026-03-01T09:51:12Z</time></trkpt>
			<trkpt lat="47.421230" lon="-0.975890"><ele>48</ele><time>2026-03-01T09:51:24Z</time></trkpt>
			<trkpt lat="47.421120" lon="-0.975500"><ele>48</ele><time>2026-03-01T09:51:36Z</time></trkpt>
			<trkpt lat="47.421070" lon="-0.975320"><ele>48</ele><time>2026-03-01T09:51:48Z</time></trkpt>
			<trkpt lat="47.420970" lon="-0.974840"><ele>49</ele><time>2026-03-01T09:52:00Z</time></trkpt>
			<trkpt lat="47.420900" lon="-0.974490"><ele>51</ele><time>2026-03-01T09:52:12Z</time></trkpt>
			<trkpt lat="47.420830" lon="-0.974100"><ele>52</ele><time>2026-03-01T09:52:24Z</time></trkpt>
			<trkpt lat="47.420750" lon="-0.973780"><ele>53</ele><time>2026-03-01T09:52:36Z</time></trkpt>
			<trkpt lat="47.420680" lon="-0.973560"><ele>53</ele><time>2026-03-01T09:52:48Z</time></trkpt>
			<trkpt lat="47.420500" lon="-0.973200"><ele>54</ele><time>2026-03-01T09:53:00Z</time></trkpt>
			<trkpt lat="47.420450" lon="-0.973090"><ele>54</ele><time>2026-03-01T09:53:12Z</time></trkpt>
			<trkpt lat="47.420440" lon="-0.972990"><ele>54</ele><time>2026-03-01T09:53:24Z</time></trkpt>
			<trkpt lat="47.420430" lon="-0.972890"><ele>53</ele><time>2026-03-01T09:53:36Z</time></trkpt>
			<trkpt lat="47.420480" lon="-0.972090"><ele>54</ele><time>2026-03-01T09:53:48Z</time></trkpt>
			<trkpt lat="47.420490" lon="-0.971830"><ele>54</ele><time>2026-03-01T09:54:00Z</time></trkpt>
			<trkpt lat="47.420510" lon="-0.970900"><ele>55</ele><time>2026-03-01T09:54:12Z</time></trkpt>
			<trkpt lat="47.420520" lon="-0.970550"><ele>55</ele><time>2026-03-01T09:54:24Z</time></trkpt>
			<trkpt lat="47.420540" lon="-0.970370"><ele>55</ele><time>2026-03-01T09:54:36Z</time></trkpt>
			<trkpt lat="47.420560" lon="-0.970240"><ele>55</ele><time>2026-03-01T09:54:48Z</time></trkpt>
			<trkpt lat="47.420620" lon="-0.969960"><ele>55</ele><time>2026-03-01T09:55:00Z</time></trkpt>
			<trkpt lat="47.420720" lon="-0.969590"><ele>55</ele><time>2026-03-01T09:55:12Z</time></trkpt>
			<trkpt lat="47.420900" lon="-0.968790"><ele>54</ele><time>2026-03-01T09:55:24Z</time></trkpt>
			<trkpt lat="47.421670" lon="-0.964990"><ele>55</ele><time>2026-03-01T09:55:36Z</time></trkpt>
			<trkpt lat="47.421030" lon="-0.964400"><ele>57</ele><time>2026-03-01T09:55:48Z</time></trkpt>
			<trkpt lat="47.420500" lon="-0.964030"><ele>57</ele><time>2026-03-01T09:56:00Z</time></trkpt>
			<trkpt lat="47.420180" lon="-0.963850"><ele>58</ele><time>2026-03-01T09:56:12Z</time></trkpt>
			<trkpt lat="47.419900" lon="-0.963730"><ele>58</ele><time>2026-03-01T09:56:24Z</time></trkpt>
			<trkpt lat="47.419580" lon="-0.963620"><ele>59</ele><time>2026-03-01T09:56:36Z</time></trkpt>
			<trkpt lat="47.419090" lon="-0.963450"><ele>60</ele><time>2026-03-01T09:56:48Z</time></trkpt>
			<trkpt lat="47.418720" lon="-0.963330"><ele>61</ele><time>2026-03-01T09:57:00Z</time></trkpt>
			<trkpt lat="47.418430" lon="-0.963210"><ele>62</ele><time>2026-03-01T09:57:12Z</time></trkpt>
			<trkpt lat="47.418220" lon="-0.963070"><ele>62</ele><time>2026-03-01T09:57:24Z</time></trkpt>
			<trkpt lat="47.418000" lon="-0.962900"><ele>61</ele><time>2026-03-01T09:57:36Z</time></trkpt>
			<trkpt lat="47.417900" lon="-0.962790"><ele>61</ele><time>2026-03-01T09:57:48Z</time></trkpt>
			<trkpt lat="47.417740" lon="-0.962610"><ele>61</ele><time>2026-03-01T09:58:00Z</time></trkpt>
			<trkpt lat="47.417610" lon="-0.962430"><ele>61</ele><time>2026-03-01T09:58:12Z</time></trkpt>
			<trkpt lat="47.417450" lon="-0.962150"><ele>61</ele><time>2026-03-01T09:58:24Z</time></trkpt>
			<trkpt lat="47.417340" lon="-0.961940"><ele>61</ele><time>2026-03-01T09:58:36Z</time></trkpt>
			<trkpt lat="47.417260" lon="-0.961720"><ele>61</ele><time>2026-03-01T09:58:48Z</time></trkpt>
			<trkpt lat="47.417150" lon="-0.961400"><ele>61</ele><time>2026-03-01T09:59:00Z</time></trkpt>
			<trkpt lat="47.416710" lon="-0.959500"><ele>60</ele><time>2026-03-01T09:59:12Z</time></trkpt>
			<trkpt lat="47.416360" lon="-0.957980"><ele>60</ele><time>2026-03-01T09:59:24Z</time></trkpt>
			<trkpt lat="47.416130" lon="-0.956990"><ele>59</ele><time>2026-03-01T09:59:36Z</time></trkpt>
			<trkpt lat="47.415860" lon="-0.956220"><ele>59</ele><time>2026-03-01T09:59:48Z</time></trkpt>
			<trkpt lat="47.415770" lon="-0.955990"><ele>59</ele><time>2026-03-01T10:00:00Z</time></trkpt>
			<trkpt lat="47.415600" lon="-0.955600"><ele>59</ele><time>2026-03-01T10:00:12Z</time></trkpt>
			<trkpt lat="47.415440" lon="-0.955320"><ele>59</ele><time>2026-03-01T10:00:24Z</time></trkpt>
			<trkpt lat="47.415270" lon="-0.955060"><ele>58</ele><time>2026-03-01T10:00:36Z</time></trkpt>
			<trkpt lat="47.414920" lon="-0.954580"><ele>59</ele><time>2026-03-01T10:00:48Z</time></trkpt>
			<trkpt lat="47.414640" lon="-0.954180"><ele>59</ele><time>2026-03-01T10:01:00Z</time></trkpt>
			<trkpt lat="47.414220" lon="-0.953470"><ele>57</ele><time>2026-03-01T10:01:12Z</time></trkpt>
			<trkpt lat="47.414020" lon="-0.953110"><ele>56</ele><time>2026-03-01T10:01:24Z</time></trkpt>
			<trkpt lat="47.413050" lon="-0.950820"><ele>53</ele><time>2026-03-01T10:01:36Z</time></trkpt>
			<trkpt lat="47.412900" lon="-0.950400"><ele>52</ele><time>2026-03-01T10:01:48Z</time></trkpt>
			<trkpt lat="47.412780" lon="-0.950030"><ele>52</ele><time>2026-03-01T10:02:00Z</time></trkpt>
			<trkpt lat="47.412630" lon="-0.949450"><ele>52</ele><time>2026-03-01T10:02:12Z</time></trkpt>
			<trkpt lat="47.412190" lon="-0.947890"><ele>50</ele><time>2026-03-01T10:02:24Z</time></trkpt>
			<trkpt lat="47.412110" lon="-0.947630"><ele>50</ele><time>2026-03-01T10:02:36Z</time></trkpt>
			<trkpt lat="47.412020" lon="-0.947370"><ele>51</ele><time>2026-03-01T10:02:48Z</time></trkpt>
			<trkpt lat="47.411920" lon="-0.947150"><ele>51</ele><time>2026-03-01T10:03:00Z</time></trkpt>
			<trkpt lat="47.411800" lon="-0.946920"><ele>51</ele><time>2026-03-01T10:03:12Z</time></trkpt>
			<trkpt lat="47.411510" lon="-0.946520"><ele>51</ele><time>2026-03-01T10:03:24Z</time></trkpt>
			<trkpt lat="47.411440" lon="-0.946440"><ele>51</ele><time>2026-03-01T10:03:36Z</time></trkpt>
			<trkpt lat="47.411270" lon="-0.946290"><ele>51</ele><time>2026-03-01T10:03:48Z</time></trkpt>
			<trkpt lat="47.411020" lon="-0.946100"><ele>51</ele><time>2026-03-01T10:04:00Z</time></trkpt>
			<trkpt lat="47.410710" lon="-0.945880"><ele>51</ele><time>2026-03-01T10:04:12Z</time></trkpt>
			<trkpt lat="47.410360" lon="-0.945670"><ele>51</ele><time>2026-03-01T10:04:24Z</time></trkpt>
			<trkpt lat="47.410240" lon="-0.945590"><ele>50</ele><time>2026-03-01T10:04:36Z</time></trkpt>
			<trkpt lat="47.410130" lon="-0.945520"><ele>50</ele><time>2026-03-01T10:04:48Z</time></trkpt>
			<trkpt lat="47.409640" lon="-0.945220"><ele>48</ele><time>2026-03-01T10:05:00Z</time></trkpt>
			<trkpt lat="47.409390" lon="-0.945060"><ele>48</ele><time>2026-03-01T10:05:12Z</time></trkpt>
			<trkpt lat="47.409180" lon="-0.944930"><ele>48</ele><time>2026-03-01T10:05:24Z</time></trkpt>
			<trkpt lat="47.409130" lon="-0.944900"><ele>48</ele><time>2026-03-01T10:05:36Z</time></trkpt>
			<trkpt lat="47.408380" lon="-0.944400"><ele>44</ele><time>2026-03-01T10:05:48Z</time></trkpt>
			<trkpt lat="47.408340" lon="-0.944360"><ele>44</ele><time>2026-03-01T10:06:00Z</time></trkpt>
			<trkpt lat="47.408740" lon="-0.943180"><ele>44</ele><time>2026-03-01T10:06:12Z</time></trkpt>
			<trkpt lat="47.408920" lon="-0.942610"><ele>44</ele><time>2026-03-01T10:06:24Z</time></trkpt>
			<trkpt lat="47.407780" lon="-0.942060"><ele>41</ele><time>2026-03-01T10:06:36Z</time></trkpt>
			<trkpt lat="47.407080" lon="-0.941710"><ele>40</ele><time>2026-03-01T10:06:48Z</time></trkpt>
			<trkpt lat="47.405500" lon="-0.940950"><ele>36</ele><time>2026-03-01T10:07:00Z</time></trkpt>
			<trkpt lat="47.405410" lon="-0.940900"><ele>35</ele><time>2026-03-01T10:07:12Z</time></trkpt>
			<trkpt lat="47.405300" lon="-0.940790"><ele>35</ele><time>2026-03-01T10:07:24Z</time></trkpt>
			<trkpt lat="47.405160" lon="-0.940610"><ele>35</ele><time>2026-03-01T10:07:36Z</time></trkpt>
			<trkpt lat="47.405030" lon="-0.940380"><ele>35</ele><time>2026-03-01T10:07:48Z</time></trkpt>
			<trkpt lat="47.404890" lon="-0.940100"><ele>35</ele><time>2026-03-01T10:08:00Z</time></trkpt>
			<trkpt lat="47.404700" lon="-0.939620"><ele>33</ele><time>2026-03-01T10:08:12Z</time></trkpt>
			<trkpt lat="47.404160" lon="-0.938250"><ele>31</ele><time>2026-03-01T10:08:24Z</time></trkpt>
			<trkpt lat="47.404010" lon="-0.937870"><ele>30</ele><time>2026-03-01T10:08:36Z</time></trkpt>
			<trkpt lat="47.403940" lon="-0.937700"><ele>29</ele><time>2026-03-01T10:08:48Z</time></trkpt>
			<trkpt lat="47.403880" lon="-0.937530"><ele>29</ele><time>2026-03-01T10:09:00Z</time></trkpt>
			<trkpt lat="47.403510" lon="-0.936540"><ele>28</ele><time>2026-03-01T10:09:12Z</time></trkpt>
			<trkpt lat="47.403470" lon="-0.936400"><ele>28</ele><time>2026-03-01T10:09:24Z</time></trkpt>
			<trkpt lat="47.403430" lon="-0.936410"><ele>28</ele><time>2026-03-01T10:09:36Z</time></trkpt>
			<trkpt lat="47.403400" lon="-0.936380"><ele>28</ele><time>2026-03-01T10:09:48Z</time></trkpt>
			<trkpt lat="47.403380" lon="-0.936330"><ele>28</ele><time>2026-03-01T10:10:00Z</time></trkpt>
			<trkpt lat="47.403380" lon="-0.936300"><ele>28</ele><time>2026-03-01T10:10:12Z</time></trkpt>
			<trkpt lat="47.403410" lon="-0.936250"><ele>28</ele><time>2026-03-01T10:10:24Z</time></trkpt>
			<trkpt lat="47.403300" lon="-0.936000"><ele>28</ele><time>2026-03-01T10:10:36Z</time></trkpt>
			<trkpt lat="47.403050" lon="-0.935380"><ele>27</ele><time>2026-03-01T10:10:48Z</time></trkpt>
			<trkpt lat="47.402560" lon="-0.934090"><ele>27</ele><time>2026-03-01T10:11:00Z</time></trkpt>
			<trkpt lat="47.402510" lon="-0.933960"><ele>27</ele><time>2026-03-01T10:11:12Z</time></trkpt>
			<trkpt lat="47.402260" lon="-0.933320"><ele>26</ele><time>2026-03-01T10:11:24Z</time></trkpt>
			<trkpt lat="47.402140" lon="-0.933030"><ele>26</ele><time>2026-03-01T10:11:36Z</time></trkpt>
			<trkpt lat="47.402060" lon="-0.932810"><ele>27</ele><time>2026-03-01T10:11:48Z</time></trkpt>
			<trkpt lat="47.402000" lon="-0.932650"><ele>27</ele><time>2026-03-01T10:12:00Z</time></trkpt>
			<trkpt lat="47.401850" lon="-0.932240"><ele>27</ele><time>2026-03-01T10:12:12Z</time></trkpt>
			<trkpt lat="47.401820" lon="-0.932150"><ele>27</ele><time>2026-03-01T10:12:24Z</time></trkpt>
			<trkpt lat="47.401790" lon="-0.932150"><ele>27</ele><time>2026-03-01T10:12:36Z</time></trkpt>
			<trkpt lat="47.401770" lon="-0.932120"><ele>27</ele><time>2026-03-01T10:12:48Z</time></trkpt>
			<trkpt lat="47.401760" lon="-0.932070"><ele>27</ele><time>2026-03-01T10:13:00Z</time></trkpt>
			<trkpt lat="47.401780" lon="-0.932030"><ele>27</ele><time>2026-03-01T10:13:12Z</time></trkpt>
			<trkpt lat="47.401710" lon="-0.931920"><ele>26</ele><time>2026-03-01T10:13:24Z</time></trkpt>
			<trkpt lat="47.401600" lon="-0.931730"><ele>26</ele><time>2026-03-01T10:13:36Z</time></trkpt>
			<trkpt lat="47.401490" lon="-0.931580"><ele>26</ele><time>2026-03-01T10:13:48Z</time></trkpt>
			<trkpt lat="47.401330" lon="-0.931380"><ele>25</ele><time>2026-03-01T10:14:00Z</time></trkpt>
			<trkpt lat="47.401170" lon="-0.931240"><ele>25</ele><time>2026-03-01T10:14:12Z</time></trkpt>
			<trkpt lat="47.401150" lon="-0.931220"><ele>25</ele><time>2026-03-01T10:14:24Z</time></trkpt>
			<trkpt lat="47.401070" lon="-0.931160"><ele>25</ele><time>2026-03-01T10:14:36Z</time></trkpt>
			<trkpt lat="47.400730" lon="-0.930910"><ele>23</ele><time>2026-03-01T10:14:48Z</time></trkpt>
			<trkpt lat="47.400720" lon="-0.930930"><ele>23</ele><time>2026-03-01T10:15:00Z</time></trkpt>
			<trkpt lat="47.400700" lon="-0.930950"><ele>23</ele><time>2026-03-01T10:15:12Z</time></trkpt>
			<trkpt lat="47.400680" lon="-0.930960"><ele>23</ele><time>2026-03-01T10:15:24Z</time></trkpt>
			<trkpt lat="47.400650" lon="-0.930940"><ele>22</ele><time>2026-03-01T10:15:36Z</time></trkpt>
			<trkpt lat="47.400630" lon="-0.930900"><ele>22</ele><time>2026-03-01T10:15:48Z</time></trkpt>
			<trkpt lat="47.400640" lon="-0.930850"><ele>22</ele><time>2026-03-01T10:16:00Z</time></trkpt>
			<trkpt lat="47.400520" lon="-0.930780"><ele>21</ele><time>2026-03-01T10:16:12Z</time></trkpt>
			<trkpt lat="47.400360" lon="-0.930660"><ele>21</ele><time>2026-03-01T10:16:24Z</time></trkpt>
			<trkpt lat="47.399680" lon="-0.930190"><ele>17</ele><time>2026-03-01T10:16:36Z</time></trkpt>
			<trkpt lat="47.399570" lon="-0.930080"><ele>16</ele><time>2026-03-01T10:16:48Z</time></trkpt>
			<trkpt lat="47.399560" lon="-0.930030"><ele>16</ele><time>2026-03-01T10:17:00Z</time></trkpt>
			<trkpt lat="47.399560" lon="-0.929930"><ele>16</ele><time>2026-03-01T10:17:12Z</time></trkpt>
			<trkpt lat="47.399570" lon="-0.929770"><ele>16</ele><time>2026-03-01T10:17:24Z</time></trkpt>
			<trkpt lat="47.399640" lon="-0.929420"><ele>15</ele><time>2026-03-01T10:17:36Z</time></trkpt>
			<trkpt lat="47.399690" lon="-0.929210"><ele>15</ele><time>2026-03-01T10:17:48Z</time></trkpt>
			<trkpt lat="47.399720" lon="-0.929090"><ele>15</ele><time>2026-03-01T10:18:00Z</time></trkpt>
			<trkpt lat="47.399780" lon="-0.928730"><ele>15</ele><time>2026-03-01T10:18:12Z</time></trkpt>
			<trkpt lat="47.399820" lon="-0.928430"><ele>15</ele><time>2026-03-01T10:18:24Z</time></trkpt>
			<trkpt lat="47.399860" lon="-0.928220"><ele>15</ele><time>2026-03-01T10:18:36Z</time></trkpt>
			<trkpt lat="47.399860" lon="-0.928200"><ele>15</ele><time>2026-03-01T10:18:48Z</time></trkpt>
			<trkpt lat="47.399910" lon="-0.927930"><ele>16</ele><time>2026-03-01T10:19:00Z</time></trkpt>
			<trkpt lat="47.399970" lon="-0.927680"><ele>17</ele><time>2026-03-01T10:19:12Z</time></trkpt>
			<trkpt lat="47.399980" lon="-0.927670"><ele>17</ele><time>2026-03-01T10:19:24Z</time></trkpt>
			<trkpt lat="47.400040" lon="-0.927420"><ele>17</ele><time>2026-03-01T10:19:36Z</time></trkpt>
			<trkpt lat="47.400040" lon="-0.927400"><ele>17</ele><time>2026-03-01T10:19:48Z</time></trkpt>
			<trkpt lat="47.400140" lon="-0.926990"><ele>18</ele><time>2026-03-01T10:20:00Z</time></trkpt>
			<trkpt lat="47.400170" lon="-0.926890"><ele>18</ele><time>2026-03-01T10:20:12Z</time></trkpt>
			<trkpt lat="47.400260" lon="-0.926610"><ele>19</ele><time>2026-03-01T10:20:24Z</time></trkpt>
			<trkpt lat="47.400280" lon="-0.926520"><ele>18</ele><time>2026-03-01T10:20:36Z</time></trkpt>
			<trkpt lat="47.400410" lon="-0.926120"><ele>17</ele><time>2026-03-01T10:20:48Z</time></trkpt>
			<trkpt lat="47.400590" lon="-0.925780"><ele>17</ele><time>2026-03-01T10:21:00Z</time></trkpt>
			<trkpt lat="47.400650" lon="-0.925660"><ele>17</ele><time>2026-03-01T10:21:12Z</time></trkpt>
			<trkpt lat="47.400690" lon="-0.925590"><ele>18</ele><time>2026-03-01T10:21:24Z</time></trkpt>
			<trkpt lat="47.400720" lon="-0.925490"><ele>17</ele><time>2026-03-01T10:21:36Z</time></trkpt>
			<trkpt lat="47.400770" lon="-0.925340"><ele>17</ele><time>2026-03-01T10:21:48Z</time></trkpt>
			<trkpt lat="47.400850" lon="-0.925090"><ele>17</ele><time>2026-03-01T10:22:00Z</time></trkpt>
			<trkpt lat="47.400940" lon="-0.924810"><ele>16</ele><time>2026-03-01T10:22:12Z</time></trkpt>
			<trkpt lat="47.401040" lon="-0.924600"><ele>16</ele><time>2026-03-01T10:22:24Z</time></trkpt>
			<trkpt lat="47.401050" lon="-0.924580"><ele>16</ele><time>2026-03-01T10:22:36Z</time></trkpt>
			<trkpt lat="47.401130" lon="-0.924420"><ele>16</ele><time>2026-03-01T10:22:48Z</time></trkpt>
			<trkpt lat="47.401360" lon="-0.923860"><ele>16</ele><time>2026-03-01T10:23:00Z</time></trkpt>
			<trkpt lat="47.401370" lon="-0.923830"><ele>16</ele><time>2026-03-01T10:23:12Z</time></trkpt>
			<trkpt lat="47.401510" lon="-0.923510"><ele>16</ele><time>2026-03-01T10:23:24Z</time></trkpt>
			<trkpt lat="47.401670" lon="-0.923150"><ele>17</ele><time>2026-03-01T10:23:36Z</time></trkpt>
			<trkpt lat="47.401820" lon="-0.922910"><ele>18</ele><time>2026-03-01T10:23:48Z</time></trkpt>
			<trkpt lat="47.401890" lon="-0.922820"><ele>18</ele><time>2026-03-01T10:24:00Z</time></trkpt>
			<trkpt lat="47.402010" lon="-0.922660"><ele>18</ele><time>2026-03-01T10:24:12Z</time></trkpt>
			<trkpt lat="47.402140" lon="-0.922280"><ele>18</ele><time>2026-03-01T10:24:24Z</time></trkpt>
			<trkpt lat="47.402240" lon="-0.922010"><ele>17</ele><time>2026-03-01T10:24:36Z</time></trkpt>
			<trkpt lat="47.402370" lon="-0.921760"><ele>17</ele><time>2026-03-01T10:24:48Z</time></trkpt>
			<trkpt lat="47.402460" lon="-0.921620"><ele>18</ele><time>2026-03-01T10:25:00Z</time></trkpt>
			<trkpt lat="47.402690" lon="-0.921220"><ele>18</ele><time>2026-03-01T10:25:12Z</time></trkpt>
			<trkpt lat="47.402810" lon="-0.921050"><ele>18</ele><time>2026-03-01T10:25:24Z</time></trkpt>
			<trkpt lat="47.403020" lon="-0.920730"><ele>17</ele><time>2026-03-01T10:25:36Z</time></trkpt>
			<trkpt lat="47.402870" lon="-0.920600"><ele>16</ele><time>2026-03-01T10:25:48Z</time></trkpt>
			<trkpt lat="47.399570" lon="-0.917720"><ele>8</ele><time>2026-03-01T10:26:00Z</time></trkpt>
			<trkpt lat="47.398880" lon="-0.917110"><ele>11</ele><time>2026-03-01T10:26:12Z</time></trkpt>
			<trkpt lat="47.398540" lon="-0.916810"><ele>13</ele><time>2026-03-01T10:26:24Z</time></trkpt>
			<trkpt lat="47.398310" lon="-0.917370"><ele>13</ele><time>2026-03-01T10:26:36Z</time></trkpt>
			<trkpt lat="47.398160" lon="-0.917750"><ele>12</ele><time>2026-03-01T10:26:48Z</time></trkpt>
			<trkpt lat="47.397560" lon="-0.919260"><ele>14</ele><time>2026-03-01T10:27:00Z</time></trkpt>
			<trkpt lat="47.396960" lon="-0.920780"><ele>12</ele><time>2026-03-01T10:27:12Z</time></trkpt>
			<trkpt lat="47.396870" lon="-0.920990"><ele>12</ele><time>2026-03-01T10:27:24Z</time></trkpt>
			<trkpt lat="47.396520" lon="-0.921820"><ele>13</ele><time>2026-03-01T10:27:36Z</time></trkpt>
			<trkpt lat="47.396320" lon="-0.922240"><ele>12</ele><time>2026-03-01T10:27:48Z</time></trkpt>
			<trkpt lat="47.396100" lon="-0.922670"><ele>12</ele><time>2026-03-01T10:28:00Z</time></trkpt>
			<trkpt lat="47.395900" lon="-0.923010"><ele>13</ele><time>2026-03-01T10:28:12Z</time></trkpt>
			<trkpt lat="47.395670" lon="-0.923360"><ele>13</ele><time>2026-03-01T10:28:24Z</time></trkpt>
			<trkpt lat="47.395170" lon="-0.924000"><ele>13</ele><time>2026-03-01T10:28:36Z</time></trkpt>
			<trkpt lat="47.394390" lon="-0.924940"><ele>13</ele><time>2026-03-01T10:28:48Z</time></trkpt>
			<trkpt lat="47.391510" lon="-0.928420"><ele>12</ele><time>2026-03-01T10:29:00Z</time></trkpt>
			<trkpt lat="47.391380" lon="-0.928580"><ele>12</ele><time>2026-03-01T10:29:12Z</time></trkpt>
			<trkpt lat="47.391010" lon="-0.929020"><ele>13</ele><time>2026-03-01T10:29:24Z</time></trkpt>
			<trkpt lat="47.390690" lon="-0.929410"><ele>14</ele><time>2026-03-01T10:29:36Z</time></trkpt>
			<trkpt lat="47.390530" lon="-0.929610"><ele>13</ele><time>2026-03-01T10:29:48Z</time></trkpt>
			<trkpt lat="47.389580" lon="-0.930750"><ele>12</ele><time>2026-03-01T10:30:00Z</time></trkpt>
			<trkpt lat="47.388660" lon="-0.931870"><ele>11</ele><time>2026-03-01T10:30:12Z</time></trkpt>
			<trkpt lat="47.388010" lon="-0.932530"><ele>10</ele><time>2026-03-01T10:30:24Z</time></trkpt>
			<trkpt lat="47.387410" lon="-0.933000"><ele>11</ele><time>2026-03-01T10:30:36Z</time></trkpt>
			<trkpt lat="47.386910" lon="-0.933350"><ele>11</ele><time>2026-03-01T10:30:48Z</time></trkpt>
			<trkpt lat="47.385710" lon="-0.934100"><ele>12</ele><time>2026-03-01T10:31:00Z</time></trkpt>
			<trkpt lat="47.385290" lon="-0.934430"><ele>12</ele><time>2026-03-01T10:31:12Z</time></trkpt>
			<trkpt lat="47.384970" lon="-0.934750"><ele>11</ele><time>2026-03-01T10:31:24Z</time></trkpt>
			<trkpt lat="47.384700" lon="-0.935070"><ele>10</ele><time>2026-03-01T10:31:36Z</time></trkpt>
			<trkpt lat="47.384500" lon="-0.935350"><ele>10</ele><time>2026-03-01T10:31:48Z</time></trkpt>
			<trkpt lat="47.384320" lon="-0.935640"><ele>10</ele><time>2026-03-01T10:32:00Z</time></trkpt>
			<trkpt lat="47.384110" lon="-0.936010"><ele>10</ele><time>2026-03-01T10:32:12Z</time></trkpt>
			<trkpt lat="47.382230" lon="-0.939910"><ele>10</ele><time>2026-03-01T10:32:24Z</time></trkpt>
			<trkpt lat="47.381780" lon="-0.940860"><ele>11</ele><time>2026-03-01T10:32:36Z</time></trkpt>
			<trkpt lat="47.381040" lon="-0.942390"><ele>9</ele><time>2026-03-01T10:32:48Z</time></trkpt>
			<trkpt lat="47.380880" lon="-0.942730"><ele>10</ele><time>2026-03-01T10:33:00Z</time></trkpt>
			<trkpt lat="47.378560" lon="-0.947520"><ele>10</ele><time>2026-03-01T10:33:12Z</time></trkpt>
			<trkpt lat="47.377180" lon="-0.950380"><ele>13</ele><time>2026-03-01T10:33:24Z</time></trkpt>
			<trkpt lat="47.376450" lon="-0.951900"><ele>12</ele><time>2026-03-01T10:33:36Z</time></trkpt>
			<trkpt lat="47.376330" lon="-0.952120"><ele>11</ele><time>2026-03-01T10:33:48Z</time></trkpt>
			<trkpt lat="47.375990" lon="-0.952820"><ele>12</ele><time>2026-03-01T10:34:00Z</time></trkpt>
			<trkpt lat="47.375700" lon="-0.953510"><ele>13</ele><time>2026-03-01T10:34:12Z</time></trkpt>
			<trkpt lat="47.375310" lon="-0.954570"><ele>13</ele><time>2026-03-01T10:34:24Z</time></trkpt>
			<trkpt lat="47.375100" lon="-0.955170"><ele>12</ele><time>2026-03-01T10:34:36Z</time></trkpt>
			<trkpt lat="47.374820" lon="-0.955920"><ele>11</ele><time>2026-03-01T10:34:48Z</time></trkpt>
			<trkpt lat="47.373750" lon="-0.958830"><ele>11</ele><time>2026-03-01T10:35:00Z</time></trkpt>
			<trkpt lat="47.373210" lon="-0.960290"><ele>12</ele><time>2026-03-01T10:35:12Z</time></trkpt>
			<trkpt lat="47.372930" lon="-0.961130"><ele>12</ele><time>2026-03-01T10:35:24Z</time></trkpt>
			<trkpt lat="47.372780" lon="-0.961700"><ele>11</ele><time>2026-03-01T10:35:36Z</time></trkpt>
			<trkpt lat="47.372670" lon="-0.962220"><ele>11</ele><time>2026-03-01T10:35:48Z</time></trkpt>
			<trkpt lat="47.372580" lon="-0.962740"><ele>10</ele><time>2026-03-01T10:36:00Z</time></trkpt>
			<trkpt lat="47.372390" lon="-0.964010"><ele>10</ele><time>2026-03-01T10:36:12Z</time></trkpt>
			<trkpt lat="47.372200" lon="-0.965270"><ele>10</ele><time>2026-03-01T10:36:24Z</time></trkpt>
			<trkpt lat="47.371650" lon="-0.968940"><ele>11</ele><time>2026-03-01T10:36:36Z</time></trkpt>
			<trkpt lat="47.371170" lon="-0.971980"><ele>10</ele><time>2026-03-01T10:36:48Z</time></trkpt>
			<trkpt lat="47.370860" lon="-0.974130"><ele>11</ele><time>2026-03-01T10:37:00Z</time></trkpt>
			<trkpt lat="47.370710" lon="-0.975060"><ele>11</ele><time>2026-03-01T10:37:12Z</time></trkpt>
			<trkpt lat="47.370620" lon="-0.975710"><ele>11</ele><time>2026-03-01T10:37:24Z</time></trkpt>
			<trkpt lat="47.370520" lon="-0.976320"><ele>11</ele><time>2026-03-01T10:37:36Z</time></trkpt>
			<trkpt lat="47.370180" lon="-0.978510"><ele>11</ele><time>2026-03-01T10:37:48Z</time></trkpt>
			<trkpt lat="47.369830" lon="-0.980820"><ele>12</ele><time>2026-03-01T10:38:00Z</time></trkpt>
			<trkpt lat="47.369490" lon="-0.983100"><ele>9</ele><time>2026-03-01T10:38:12Z</time></trkpt>
			<trkpt lat="47.369300" lon="-0.984210"><ele>9</ele><time>2026-03-01T10:38:24Z</time></trkpt>
			<trkpt lat="47.369200" lon="-0.984700"><ele>10</ele><time>2026-03-01T10:38:36Z</time></trkpt>
			<trkpt lat="47.369080" lon="-0.985230"><ele>10</ele><time>2026-03-01T10:38:48Z</time></trkpt>
			<trkpt lat="47.368870" lon="-0.986040"><ele>9</ele><time>2026-03-01T10:39:00Z</time></trkpt>
			<trkpt lat="47.368730" lon="-0.986570"><ele>9</ele><time>2026-03-01T10:39:12Z</time></trkpt>
			<trkpt lat="47.368450" lon="-0.987510"><ele>9</ele><time>2026-03-01T10:39:24Z</time></trkpt>
			<trkpt lat="47.368300" lon="-0.988070"><ele>10</ele><time>2026-03-01T10:39:36Z</time></trkpt>
			<trkpt lat="47.366380" lon="-0.994720"><ele>10</ele><time>2026-03-01T10:39:48Z</time></trkpt>
			<trkpt lat="47.366220" lon="-0.995200"><ele>10</ele><time>2026-03-01T10:40:00Z</time></trkpt>
			<trkpt lat="47.366190" lon="-0.995370"><ele>10</ele><time>2026-03-01T10:40:12Z</time></trkpt>
			<trkpt lat="47.366050" lon="-0.995880"><ele>10</ele><time>2026-03-01T10:40:24Z</time></trkpt>
			<trkpt lat="47.365420" lon="-0.998040"><ele>8</ele><time>2026-03-01T10:40:36Z</time></trkpt>
			<trkpt lat="47.365240" lon="-0.998610"><ele>9</ele><time>2026-03-01T10:40:48Z</time></trkpt>
			<trkpt lat="47.365100" lon="-0.999010"><ele>9</ele><time>2026-03-01T10:41:00Z</time></trkpt>
			<trkpt lat="47.364940" lon="-0.999450"><ele>10</ele><time>2026-03-01T10:41:12Z</time></trkpt>
			<trkpt lat="47.364500" lon="-1.000540"><ele>10</ele><time>2026-03-01T10:41:24Z</time></trkpt>
			<trkpt lat="47.364010" lon="-1.001680"><ele>9</ele><time>2026-03-01T10:41:36Z</time></trkpt>
			<trkpt lat="47.363550" lon="-1.002750"><ele>11</ele><time>2026-03-01T10:41:48Z</time></trkpt>
			<trkpt lat="47.363120" lon="-1.003800"><ele>13</ele><time>2026-03-01T10:42:00Z</time></trkpt>
			<trkpt lat="47.363050" lon="-1.003950"><ele>14</ele><time>2026-03-01T10:42:12Z</time></trkpt>
			<trkpt lat="47.362950" lon="-1.004230"><ele>15</ele><time>2026-03-01T10:42:24Z</time></trkpt>
			<trkpt lat="47.362910" lon="-1.004360"><ele>15</ele><time>2026-03-01T10:42:36Z</time></trkpt>
			<trkpt lat="47.362880" lon="-1.004510"><ele>15</ele><time>2026-03-01T10:42:48Z</time></trkpt>
			<trkpt lat="47.362840" lon="-1.004670"><ele>15</ele><time>2026-03-01T10:43:00Z</time></trkpt>
			<trkpt lat="47.363010" lon="-1.005320"><ele>15</ele><time>2026-03-01T10:43:12Z</time></trkpt>
			<trkpt lat="47.363020" lon="-1.005800"><ele>16</ele><time>2026-03-01T10:43:24Z</time></trkpt>
			<trkpt lat="47.363080" lon="-1.006340"><ele>17</ele><time>2026-03-01T10:43:36Z</time></trkpt>
			<trkpt lat="47.363120" lon="-1.006620"><ele>17</ele><time>2026-03-01T10:43:48Z</time></trkpt>
			<trkpt lat="47.363290" lon="-1.007410"><ele>14</ele><time>2026-03-01T10:44:00Z</time></trkpt>
			<trkpt lat="47.363300" lon="-1.007670"><ele>15</ele><time>2026-03-01T10:44:12Z</time></trkpt>
			<trkpt lat="47.363390" lon="-1.007790"><ele>14</ele><time>2026-03-01T10:44:24Z</time></trkpt>
			<trkpt lat="47.363520" lon="-1.008390"><ele>15</ele><time>2026-03-01T10:44:36Z</time></trkpt>
			<trkpt lat="47.363650" lon="-1.009790"><ele>15</ele><time>2026-03-01T10:44:48Z</time></trkpt>
			<trkpt lat="47.363670" lon="-1.010320"><ele>15</ele><time>2026-03-01T10:45:00Z</time></trkpt>
			<trkpt lat="47.363790" lon="-1.011350"><ele>17</ele><time>2026-03-01T10:45:12Z</time></trkpt>
			<trkpt lat="47.363860" lon="-1.011680"><ele>18</ele><time>2026-03-01T10:45:24Z</time></trkpt>
			<trkpt lat="47.364010" lon="-1.012300"><ele>16</ele><time>2026-03-01T10:45:36Z</time></trkpt>
			<trkpt lat="47.364020" lon="-1.012490"><ele>15</ele><time>2026-03-01T10:45:48Z</time></trkpt>
			<trkpt lat="47.364020" lon="-1.013000"><ele>15</ele><time>2026-03-01T10:46:00Z</time></trkpt>
			<trkpt lat="47.363950" lon="-1.013170"><ele>15</ele><time>2026-03-01T10:46:12Z</time></trkpt>
			<trkpt lat="47.364000" lon="-1.013600"><ele>14</ele><time>2026-03-01T10:46:24Z</time></trkpt>
			<trkpt lat="47.364000" lon="-1.013730"><ele>14</ele><time>2026-03-01T10:46:36Z</time></trkpt>
			<trkpt lat="47.363980" lon="-1.013940"><ele>13</ele><time>2026-03-01T10:46:48Z</time></trkpt>
			<trkpt lat="47.363940" lon="-1.014080"><ele>14</ele><time>2026-03-01T10:47:00Z</time></trkpt>
			<trkpt lat="47.363920" lon="-1.014130"><ele>14</ele><time>2026-03-01T10:47:12Z</time></trkpt>
			<trkpt lat="47.363900" lon="-1.014170"><ele>14</ele><time>2026-03-01T10:47:24Z</time></trkpt>
			<trkpt lat="47.363880" lon="-1.014240"><ele>14</ele><time>2026-03-01T10:47:36Z</time></trkpt>
			<trkpt lat="47.363860" lon="-1.014350"><ele>14</ele><time>2026-03-01T10:47:48Z</time></trkpt>
			<trkpt lat="47.363880" lon="-1.014500"><ele>14</ele><time>2026-03-01T10:48:00Z</time></trkpt>
			<trkpt lat="47.363900" lon="-1.014560"><ele>13</ele><time>2026-03-01T10:48:12Z</time></trkpt>
			<trkpt lat="47.363680" lon="-1.014720"><ele>15</ele><time>2026-03-01T10:48:24Z</time></trkpt>
			<trkpt lat="47.363720" lon="-1.015130"><ele>15</ele><time>2026-03-01T10:48:36Z</time></trkpt>
			<trkpt lat="47.363750" lon="-1.015580"><ele>17</ele><time>2026-03-01T10:48:48Z</time></trkpt>
			<trkpt lat="47.363760" lon="-1.015810"><ele>19</ele><time>2026-03-01T10:49:00Z</time></trkpt>
			<trkpt lat="47.363770" lon="-1.015870"><ele>19</ele><time>2026-03-01T10:49:12Z</time></trkpt>
			<trkpt lat="47.363790" lon="-1.016240"><ele>21</ele><time>2026-03-01T10:49:24Z</time></trkpt>
			<trkpt lat="47.363780" lon="-1.016300"><ele>22</ele><time>2026-03-01T10:49:36Z</time></trkpt>
			<trkpt lat="47.363730" lon="-1.016620"><ele>24</ele><time>2026-03-01T10:49:48Z</time></trkpt>
			<trkpt lat="47.363720" lon="-1.016650"><ele>25</ele><time>2026-03-01T10:50:00Z</time></trkpt>
			<trkpt lat="47.363640" lon="-1.017290"><ele>30</ele><time>2026-03-01T10:50:12Z</time></trkpt>
			<trkpt lat="47.363570" lon="-1.017740"><ele>34</ele><time>2026-03-01T10:50:24Z</time></trkpt>
			<trkpt lat="47.363590" lon="-1.017860"><ele>34</ele><time>2026-03-01T10:50:36Z</time></trkpt>
			<trkpt lat="47.363640" lon="-1.018790"><ele>41</ele><time>2026-03-01T10:50:48Z</time></trkpt>
			<trkpt lat="47.363590" lon="-1.019080"><ele>43</ele><time>2026-03-01T10:51:00Z</time></trkpt>
			<trkpt lat="47.363560" lon="-1.019260"><ele>44</ele><time>2026-03-01T10:51:12Z</time></trkpt>
			<trkpt lat="47.363490" lon="-1.019880"><ele>45</ele><time>2026-03-01T10:51:24Z</time></trkpt>
			<trkpt lat="47.363320" lon="-1.019850"><ele>46</ele><time>2026-03-01T10:51:36Z</time></trkpt>
			<trkpt lat="47.363240" lon="-1.019720"><ele>45</ele><time>2026-03-01T10:51:48Z</time></trkpt>
			<trkpt lat="47.363130" lon="-1.019590"><ele>44</ele><time>2026-03-01T10:52:00Z</time></trkpt>
			<trkpt lat="47.362980" lon="-1.019680"><ele>44</ele><time>2026-03-01T10:52:12Z</time></trkpt>
			<trkpt lat="47.362550" lon="-1.019700"><ele>42</ele><time>2026-03-01T10:52:24Z</time></trkpt>
			<trkpt lat="47.362520" lon="-1.020240"><ele>44</ele><time>2026-03-01T10:52:36Z</time></trkpt>
			<trkpt lat="47.362510" lon="-1.020570"><ele>45</ele><time>2026-03-01T10:52:48Z</time></trkpt>
			<trkpt lat="47.362500" lon="-1.020860"><ele>45</ele><time>2026-03-01T10:53:00Z</time></trkpt>
			<trkpt lat="47.362480" lon="-1.020960"><ele>45</ele><time>2026-03-01T10:53:12Z</time></trkpt>
			<trkpt lat="47.362460" lon="-1.021040"><ele>45</ele><time>2026-03-01T10:53:24Z</time></trkpt>
			<trkpt lat="47.362410" lon="-1.021180"><ele>44</ele><time>2026-03-01T10:53:36Z</time></trkpt>
			<trkpt lat="47.362390" lon="-1.021280"><ele>44</ele><time>2026-03-01T10:53:48Z</time></trkpt>
			<trkpt lat="47.362370" lon="-1.021390"><ele>44</ele><time>2026-03-01T10:54:00Z</time></trkpt>
			<trkpt lat="47.362350" lon="-1.021960"><ele>44</ele><time>2026-03-01T10:54:12Z</time></trkpt>
			<trkpt lat="47.362350" lon="-1.022320"><ele>43</ele><time>2026-03-01T10:54:24Z</time></trkpt>
			<trkpt lat="47.362330" lon="-1.022610"><ele>43</ele><time>2026-03-01T10:54:36Z</time></trkpt>
			<trkpt lat="47.362230" lon="-1.023160"><ele>42</ele><time>2026-03-01T10:54:48Z</time></trkpt>
			<trkpt lat="47.362210" lon="-1.023260"><ele>42</ele><time>2026-03-01T10:55:00Z</time></trkpt>
			<trkpt lat="47.362170" lon="-1.023330"><ele>42</ele><time>2026-03-01T10:55:12Z</time></trkpt>
			<trkpt lat="47.362190" lon="-1.023590"><ele>42</ele><time>2026-03-01T10:55:24Z</time></trkpt>
			<trkpt lat="47.362220" lon="-1.024690"><ele>38</ele><time>2026-03-01T10:55:36Z</time></trkpt>
			<trkpt lat="47.362250" lon="-1.025310"><ele>36</ele><time>2026-03-01T10:55:48Z</time></trkpt>
			<trkpt lat="47.362330" lon="-1.026210"><ele>33</ele><time>2026-03-01T10:56:00Z</time></trkpt>
			<trkpt lat="47.362430" lon="-1.027350"><ele>28</ele><time>2026-03-01T10:56:12Z</time></trkpt>
			<trkpt lat="47.362480" lon="-1.027800"><ele>27</ele><time>2026-03-01T10:56:24Z</time></trkpt>
			<trkpt lat="47.362640" lon="-1.029010"><ele>24</ele><time>2026-03-01T10:56:36Z</time></trkpt>
			<trkpt lat="47.362730" lon="-1.029670"><ele>22</ele><time>2026-03-01T10:56:48Z</time></trkpt>
			<trkpt lat="47.362780" lon="-1.030070"><ele>20</ele><time>2026-03-01T10:57:00Z</time></trkpt>
			<trkpt lat="47.362780" lon="-1.030280"><ele>19</ele><time>2026-03-01T10:57:12Z</time></trkpt>
			<trkpt lat="47.362740" lon="-1.030480"><ele>18</ele><time>2026-03-01T10:57:24Z</time></trkpt>
			<trkpt lat="47.362530" lon="-1.031270"><ele>15</ele><time>2026-03-01T10:57:36Z</time></trkpt>
			<trkpt lat="47.362220" lon="-1.032260"><ele>14</ele><time>2026-03-01T10:57:48Z</time></trkpt>
			<trkpt lat="47.362170" lon="-1.032450"><ele>14</ele><time>2026-03-01T10:58:00Z</time></trkpt>
			<trkpt lat="47.362100" lon="-1.032840"><ele>13</ele><time>2026-03-01T10:58:12Z</time></trkpt>
			<trkpt lat="47.361930" lon="-1.033940"><ele>13</ele><time>2026-03-01T10:58:24Z</time></trkpt>
			<trkpt lat="47.361890" lon="-1.034080"><ele>13</ele><time>2026-03-01T10:58:36Z</time></trkpt>
			<trkpt lat="47.361830" lon="-1.034130"><ele>13</ele><time>2026-03-01T10:58:48Z</time></trkpt>
			<trkpt lat="47.361760" lon="-1.034300"><ele>13</ele><time>2026-03-01T10:59:00Z</time></trkpt>
			<trkpt lat="47.361630" lon="-1.034920"><ele>13</ele><time>2026-03-01T10:59:12Z</time></trkpt>
			<trkpt lat="47.361610" lon="-1.034950"><ele>13</ele><time>2026-03-01T10:59:24Z</time></trkpt>
			<trkpt lat="47.361490" lon="-1.035110"><ele>13</ele><time>2026-03-01T10:59:36Z</time></trkpt>
			<trkpt lat="47.361290" lon="-1.035260"><ele>12</ele><time>2026-03-01T10:59:48Z</time></trkpt>
			<trkpt lat="47.361210" lon="-1.035280"><ele>12</ele><time>2026-03-01T11:00:00Z</time></trkpt>
			<trkpt lat="47.361140" lon="-1.035270"><ele>12</ele><time>2026-03-01T11:00:12Z</time></trkpt>
			<trkpt lat="47.361070" lon="-1.035390"><ele>12</ele><time>2026-03-01T11:00:24Z</time></trkpt>
			<trkpt lat="47.360980" lon="-1.035720"><ele>13</ele><time>2026-03-01T11:00:36Z</time></trkpt>
			<trkpt lat="47.360740" lon="-1.036660"><ele>10</ele><time>2026-03-01T11:00:48Z</time></trkpt>
			<trkpt lat="47.360580" lon="-1.037310"><ele>10</ele><time>2026-03-01T11:01:00Z</time></trkpt>
			<trkpt lat="47.360610" lon="-1.037350"><ele>10</ele><time>2026-03-01T11:01:12Z</time></trkpt>
			<trkpt lat="47.360610" lon="-1.037390"><ele>10</ele><time>2026-03-01T11:01:24Z</time></trkpt>
			<trkpt lat="47.360330" lon="-1.038570"><ele>12</ele><time>2026-03-01T11:01:36Z</time></trkpt>
			<trkpt lat="47.360260" lon="-1.038940"><ele>12</ele><time>2026-03-01T11:01:48Z</time></trkpt>
			<trkpt lat="47.360270" lon="-1.038970"><ele>12</ele><time>2026-03-01T11:02:00Z</time></trkpt>
			<trkpt lat="47.360290" lon="-1.039020"><ele>12</ele><time>2026-03-01T11:02:12Z</time></trkpt>
			<trkpt lat="47.360470" lon="-1.039230"><ele>11</ele><time>2026-03-01T11:02:24Z</time></trkpt>
			<trkpt lat="47.359950" lon="-1.040150"><ele>10</ele><time>2026-03-01T11:02:36Z</time></trkpt>
			<trkpt lat="47.359890" lon="-1.040240"><ele>10</ele><time>2026-03-01T11:02:48Z</time></trkpt>
			<trkpt lat="47.359850" lon="-1.040260"><ele>10</ele><time>2026-03-01T11:03:00Z</time></trkpt>
			<trkpt lat="47.359820" lon="-1.040250"><ele>10</ele><time>2026-03-01T11:03:12Z</time></trkpt>
			<trkpt lat="47.359670" lon="-1.040710"><ele>10</ele><time>2026-03-01T11:03:24Z</time></trkpt>
			<trkpt lat="47.359490" lon="-1.041210"><ele>11</ele><time>2026-03-01T11:03:36Z</time></trkpt>
			<trkpt lat="47.359330" lon="-1.041600"><ele>11</ele><time>2026-03-01T11:03:48Z</time></trkpt>
			<trkpt lat="47.359130" lon="-1.041990"><ele>12</ele><time>2026-03-01T11:04:00Z</time></trkpt>
			<trkpt lat="47.358700" lon="-1.042840"><ele>15</ele><time>2026-03-01T11:04:12Z</time></trkpt>
			<trkpt lat="47.358260" lon="-1.043660"><ele>17</ele><time>2026-03-01T11:04:24Z</time></trkpt>
			<trkpt lat="47.358090" lon="-1.043940"><ele>18</ele><time>2026-03-01T11:04:36Z</time></trkpt>
			<trkpt lat="47.357990" lon="-1.044100"><ele>18</ele><time>2026-03-01T11:04:48Z</time></trkpt>
			<trkpt lat="47.357840" lon="-1.044280"><ele>18</ele><time>2026-03-01T11:05:00Z</time></trkpt>
			<trkpt lat="47.357670" lon="-1.044470"><ele>19</ele><time>2026-03-01T11:05:12Z</time></trkpt>
			<trkpt lat="47.356180" lon="-1.045780"><ele>22</ele><time>2026-03-01T11:05:24Z</time></trkpt>
			<trkpt lat="47.356030" lon="-1.045960"><ele>22</ele><time>2026-03-01T11:05:36Z</time></trkpt>
			<trkpt lat="47.355940" lon="-1.046080"><ele>23</ele><time>2026-03-01T11:05:48Z</time></trkpt>
			<trkpt lat="47.355870" lon="-1.046220"><ele>23</ele><time>2026-03-01T11:06:00Z</time></trkpt>
			<trkpt lat="47.355790" lon="-1.046370"><ele>23</ele><time>2026-03-01T11:06:12Z</time></trkpt>
			<trkpt lat="47.355740" lon="-1.046530"><ele>24</ele><time>2026-03-01T11:06:24Z</time></trkpt>
			<trkpt lat="47.354900" lon="-1.049140"><ele>24</ele><time>2026-03-01T11:06:36Z</time></trkpt>
			<trkpt lat="47.354830" lon="-1.049440"><ele>24</ele><time>2026-03-01T11:06:48Z</time></trkpt>
			<trkpt lat="47.354770" lon="-1.049730"><ele>24</ele><time>2026-03-01T11:07:00Z</time></trkpt>
			<trkpt lat="47.354770" lon="-1.049900"><ele>24</ele><time>2026-03-01T11:07:12Z</time></trkpt>
			<trkpt lat="47.354780" lon="-1.050140"><ele>24</ele><time>2026-03-01T11:07:24Z</time></trkpt>
			<trkpt lat="47.354800" lon="-1.050250"><ele>25</ele><time>2026-03-01T11:07:36Z</time></trkpt>
			<trkpt lat="47.354840" lon="-1.050470"><ele>25</ele><time>2026-03-01T11:07:48Z</time></trkpt>
			<trkpt lat="47.355000" lon="-1.051160"><ele>26</ele><time>2026-03-01T11:08:00Z</time></trkpt>
			<trkpt lat="47.355070" lon="-1.051470"><ele>26</ele><time>2026-03-01T11:08:12Z</time></trkpt>
			<trkpt lat="47.355120" lon="-1.051650"><ele>26</ele><time>2026-03-01T11:08:24Z</time></trkpt>
			<trkpt lat="47.355140" lon="-1.051750"><ele>26</ele><time>2026-03-01T11:08:36Z</time></trkpt>
			<trkpt lat="47.355330" lon="-1.052570"><ele>24</ele><time>2026-03-01T11:08:48Z</time></trkpt>
			<trkpt lat="47.355360" lon="-1.052690"><ele>24</ele><time>2026-03-01T11:09:00Z</time></trkpt>
			<trkpt lat="47.355480" lon="-1.053200"><ele>24</ele><time>2026-03-01T11:09:12Z</time></trkpt>
			<trkpt lat="47.355570" lon="-1.053590"><ele>24</ele><time>2026-03-01T11:09:24Z</time></trkpt>
			<trkpt lat="47.355710" lon="-1.054180"><ele>24</ele><time>2026-03-01T11:09:36Z</time></trkpt>
			<trkpt lat="47.355790" lon="-1.054490"><ele>24</ele><time>2026-03-01T11:09:48Z</time></trkpt>
			<trkpt lat="47.355850" lon="-1.054760"><ele>24</ele><time>2026-03-01T11:10:00Z</time></trkpt>
			<trkpt lat="47.356000" lon="-1.055400"><ele>24</ele><time>2026-03-01T11:10:12Z</time></trkpt>
			<trkpt lat="47.356230" lon="-1.056350"><ele>23</ele><time>2026-03-01T11:10:24Z</time></trkpt>
			<trkpt lat="47.356350" lon="-1.056850"><ele>23</ele><time>2026-03-01T11:10:36Z</time></trkpt>
			<trkpt lat="47.356410" lon="-1.057110"><ele>23</ele><time>2026-03-01T11:10:48Z</time></trkpt>
			<trkpt lat="47.356670" lon="-1.058200"><ele>22</ele><time>2026-03-01T11:11:00Z</time></trkpt>
			<trkpt lat="47.356940" lon="-1.059320"><ele>22</ele><time>2026-03-01T11:11:12Z</time></trkpt>
			<trkpt lat="47.358220" lon="-1.064700"><ele>24</ele><time>2026-03-01T11:11:24Z</time></trkpt>
			<trkpt lat="47.358330" lon="-1.065200"><ele>25</ele><time>2026-03-01T11:11:36Z</time></trkpt>
			<trkpt lat="47.358380" lon="-1.065490"><ele>25</ele><time>2026-03-01T11:11:48Z</time></trkpt>
			<trkpt lat="47.358410" lon="-1.065670"><ele>25</ele><time>2026-03-01T11:12:00Z</time></trkpt>
			<trkpt lat="47.358470" lon="-1.066260"><ele>25</ele><time>2026-03-01T11:12:12Z</time></trkpt>
			<trkpt lat="47.358520" lon="-1.067030"><ele>25</ele><time>2026-03-01T11:12:24Z</time></trkpt>
			<trkpt lat="47.358560" lon="-1.067880"><ele>26</ele><time>2026-03-01T11:12:36Z</time></trkpt>
			<trkpt lat="47.358570" lon="-1.068120"><ele>26</ele><time>2026-03-01T11:12:48Z</time></trkpt>
			<trkpt lat="47.358600" lon="-1.068290"><ele>26</ele><time>2026-03-01T11:13:00Z</time></trkpt>
			<trkpt lat="47.358600" lon="-1.068450"><ele>26</ele><time>2026-03-01T11:13:12Z</time></trkpt>
			<trkpt lat="47.358600" lon="-1.068670"><ele>26</ele><time>2026-03-01T11:13:24Z</time></trkpt>
			<trkpt lat="47.358630" lon="-1.068880"><ele>26</ele><time>2026-03-01T11:13:36Z</time></trkpt>
			<trkpt lat="47.358640" lon="-1.069050"><ele>26</ele><time>2026-03-01T11:13:48Z</time></trkpt>
			<trkpt lat="47.358630" lon="-1.069280"><ele>26</ele><time>2026-03-01T11:14:00Z</time></trkpt>
			<trkpt lat="47.358660" lon="-1.069720"><ele>26</ele><time>2026-03-01T11:14:12Z</time></trkpt>
			<trkpt lat="47.358660" lon="-1.069900"><ele>26</ele><time>2026-03-01T11:14:24Z</time></trkpt>
			<trkpt lat="47.358660" lon="-1.069990"><ele>25</ele><time>2026-03-01T11:14:36Z</time></trkpt>
			<trkpt lat="47.358640" lon="-1.070290"><ele>25</ele><time>2026-03-01T11:14:48Z</time></trkpt>
			<trkpt lat="47.358610" lon="-1.070450"><ele>25</ele><time>2026-03-01T11:15:00Z</time></trkpt>
			<trkpt lat="47.358400" lon="-1.071380"><ele>25</ele><time>2026-03-01T11:15:12Z</time></trkpt>
			<trkpt lat="47.358260" lon="-1.071910"><ele>26</ele><time>2026-03-01T11:15:24Z</time></trkpt>
			<trkpt lat="47.358170" lon="-1.072270"><ele>26</ele><time>2026-03-01T11:15:36Z</time></trkpt>
			<trkpt lat="47.358130" lon="-1.072440"><ele>26</ele><time>2026-03-01T11:15:48Z</time></trkpt>
			<trkpt lat="47.357970" lon="-1.073070"><ele>25</ele><time>2026-03-01T11:16:00Z</time></trkpt>
			<trkpt lat="47.357900" lon="-1.073350"><ele>25</ele><time>2026-03-01T11:16:12Z</time></trkpt>
			<trkpt lat="47.357830" lon="-1.073620"><ele>24</ele><time>2026-03-01T11:16:24Z</time></trkpt>
			<trkpt lat="47.357970" lon="-1.073690"><ele>24</ele><time>2026-03-01T11:16:36Z</time></trkpt>
			<trkpt lat="47.358120" lon="-1.073770"><ele>24</ele><time>2026-03-01T11:16:48Z</time></trkpt>
			<trkpt lat="47.358240" lon="-1.073850"><ele>24</ele><time>2026-03-01T11:17:00Z</time></trkpt>
			<trkpt lat="47.358300" lon="-1.073910"><ele>24</ele><time>2026-03-01T11:17:12Z</time></trkpt>
			<trkpt lat="47.358370" lon="-1.073980"><ele>24</ele><time>2026-03-01T11:17:24Z</time></trkpt>
			<trkpt lat="47.358430" lon="-1.074110"><ele>24</ele><time>2026-03-01T11:17:36Z</time></trkpt>
			<trkpt lat="47.358520" lon="-1.074230"><ele>23</ele><time>2026-03-01T11:17:48Z</time></trkpt>
			<trkpt lat="47.358620" lon="-1.074310"><ele>23</ele><time>2026-03-01T11:18:00Z</time></trkpt>
			<trkpt lat="47.358690" lon="-1.074350"><ele>23</ele><time>2026-03-01T11:18:12Z</time></trkpt>
			<trkpt lat="47.358710" lon="-1.074450"><ele>23</ele><time>2026-03-01T11:18:24Z</time></trkpt>
			<trkpt lat="47.358720" lon="-1.074560"><ele>23</ele><time>2026-03-01T11:18:36Z</time></trkpt>
			<trkpt lat="47.358640" lon="-1.075650"><ele>23</ele><time>2026-03-01T11:18:48Z</time></trkpt>
			<trkpt lat="47.358580" lon="-1.076300"><ele>23</ele><time>2026-03-01T11:19:00Z</time></trkpt>
			<trkpt lat="47.358570" lon="-1.076470"><ele>23</ele><time>2026-03-01T11:19:12Z</time></trkpt>
			<trkpt lat="47.358670" lon="-1.077170"><ele>22</ele><time>2026-03-01T11:19:24Z</time></trkpt>
			<trkpt lat="47.358700" lon="-1.077440"><ele>21</ele><time>2026-03-01T11:19:36Z</time></trkpt>
			<trkpt lat="47.358730" lon="-1.077680"><ele>20</ele><time>2026-03-01T11:19:48Z</time></trkpt>
			<trkpt lat="47.358800" lon="-1.078130"><ele>19</ele><time>2026-03-01T11:20:00Z</time></trkpt>
			<trkpt lat="47.358860" lon="-1.078330"><ele>18</ele><time>2026-03-01T11:20:12Z</time></trkpt>
			<trkpt lat="47.358930" lon="-1.078480"><ele>18</ele><time>2026-03-01T11:20:24Z</time></trkpt>
			<trkpt lat="47.358970" lon="-1.078530"><ele>17</ele><time>2026-03-01T11:20:36Z</time></trkpt>
			<trkpt lat="47.359130" lon="-1.078750"><ele>16</ele><time>2026-03-01T11:20:48Z</time></trkpt>
			<trkpt lat="47.359160" lon="-1.078880"><ele>15</ele><time>2026-03-01T11:21:00Z</time></trkpt>
			<trkpt lat="47.359180" lon="-1.079010"><ele>14</ele><time>2026-03-01T11:21:12Z</time></trkpt>
			<trkpt lat="47.359180" lon="-1.079230"><ele>14</ele><time>2026-03-01T11:21:24Z</time></trkpt>
			<trkpt lat="47.359210" lon="-1.079510"><ele>13</ele><time>2026-03-01T11:21:36Z</time></trkpt>
			<trkpt lat="47.359200" lon="-1.079730"><ele>12</ele><time>2026-03-01T11:21:48Z</time></trkpt>
			<trkpt lat="47.359120" lon="-1.080240"><ele>12</ele><time>2026-03-01T11:22:00Z</time></trkpt>
			<trkpt lat="47.359040" lon="-1.080740"><ele>13</ele><time>2026-03-01T11:22:12Z</time></trkpt>
			<trkpt lat="47.358950" lon="-1.081150"><ele>13</ele><time>2026-03-01T11:22:24Z</time></trkpt>
			<trkpt lat="47.358900" lon="-1.081530"><ele>12</ele><time>2026-03-01T11:22:36Z</time></trkpt>
			<trkpt lat="47.358800" lon="-1.082170"><ele>11</ele><time>2026-03-01T11:22:48Z</time></trkpt>
			<trkpt lat="47.358800" lon="-1.082340"><ele>11</ele><time>2026-03-01T11:23:00Z</time></trkpt>
			<trkpt lat="47.358800" lon="-1.082520"><ele>11</ele><time>2026-03-01T11:23:12Z</time></trkpt>
			<trkpt lat="47.358870" lon="-1.083270"><ele>9</ele><time>2026-03-01T11:23:24Z</time></trkpt>
			<trkpt lat="47.358880" lon="-1.083430"><ele>9</ele><time>2026-03-01T11:23:36Z</time></trkpt>
			<trkpt lat="47.358860" lon="-1.083600"><ele>9</ele><time>2026-03-01T11:23:48Z</time></trkpt>
			<trkpt lat="47.358750" lon="-1.084280"><ele>8</ele><time>2026-03-01T11:24:00Z</time></trkpt>
			<trkpt lat="47.358580" lon="-1.085270"><ele>8</ele><time>2026-03-01T11:24:12Z</time></trkpt>
			<trkpt lat="47.358490" lon="-1.085730"><ele>8</ele><time>2026-03-01T11:24:24Z</time></trkpt>
			<trkpt lat="47.358250" lon="-1.086550"><ele>10</ele><time>2026-03-01T11:24:36Z</time></trkpt>
			<trkpt lat="47.358000" lon="-1.087470"><ele>10</ele><time>2026-03-01T11:24:48Z</time></trkpt>
			<trkpt lat="47.357650" lon="-1.088870"><ele>9</ele><time>2026-03-01T11:25:00Z</time></trkpt>
			<trkpt lat="47.357160" lon="-1.091040"><ele>9</ele><time>2026-03-01T11:25:12Z</time></trkpt>
			<trkpt lat="47.357000" lon="-1.091900"><ele>10</ele><time>2026-03-01T11:25:24Z</time></trkpt>
			<trkpt lat="47.356920" lon="-1.092480"><ele>10</ele><time>2026-03-01T11:25:36Z</time></trkpt>
			<trkpt lat="47.356880" lon="-1.092810"><ele>10</ele><time>2026-03-01T11:25:48Z</time></trkpt>
			<trkpt lat="47.356880" lon="-1.093080"><ele>9</ele><time>2026-03-01T11:26:00Z</time></trkpt>
			<trkpt lat="47.356870" lon="-1.094730"><ele>8</ele><time>2026-03-01T11:26:12Z</time></trkpt>
			<trkpt lat="47.356870" lon="-1.095050"><ele>8</ele><time>2026-03-01T11:26:24Z</time></trkpt>
			<trkpt lat="47.356840" lon="-1.095270"><ele>8</ele><time>2026-03-01T11:26:36Z</time></trkpt>
			<trkpt lat="47.356930" lon="-1.095370"><ele>8</ele><time>2026-03-01T11:26:48Z</time></trkpt>
			<trkpt lat="47.357060" lon="-1.095580"><ele>8</ele><time>2026-03-01T11:27:00Z</time></trkpt>
			<trkpt lat="47.357260" lon="-1.096130"><ele>9</ele><time>2026-03-01T11:27:12Z</time></trkpt>
			<trkpt lat="47.357490" lon="-1.096780"><ele>9</ele><time>2026-03-01T11:27:24Z</time></trkpt>
			<trkpt lat="47.357620" lon="-1.097130"><ele>9</ele><time>2026-03-01T11:27:36Z</time></trkpt>
			<trkpt lat="47.357700" lon="-1.097370"><ele>9</ele><time>2026-03-01T11:27:48Z</time></trkpt>
			<trkpt lat="47.357850" lon="-1.097940"><ele>9</ele><time>2026-03-01T11:28:00Z</time></trkpt>
			<trkpt lat="47.357970" lon="-1.098350"><ele>9</ele><time>2026-03-01T11:28:12Z</time></trkpt>
			<trkpt lat="47.358130" lon="-1.098750"><ele>9</ele><time>2026-03-01T11:28:24Z</time></trkpt>
			<trkpt lat="47.358200" lon="-1.098940"><ele>9</ele><time>2026-03-01T11:28:36Z</time></trkpt>
			<trkpt lat="47.358500" lon="-1.099590"><ele>9</ele><time>2026-03-01T11:28:48Z</time></trkpt>
			<trkpt lat="47.358710" lon="-1.099990"><ele>10</ele><time>2026-03-01T11:29:00Z</time></trkpt>
			<trkpt lat="47.358850" lon="-1.100230"><ele>9</ele><time>2026-03-01T11:29:12Z</time></trkpt>
			<trkpt lat="47.359290" lon="-1.100980"><ele>8</ele><time>2026-03-01T11:29:24Z</time></trkpt>
			<trkpt lat="47.359450" lon="-1.101290"><ele>8</ele><time>2026-03-01T11:29:36Z</time></trkpt>
			<trkpt lat="47.359750" lon="-1.101990"><ele>8</ele><time>2026-03-01T11:29:48Z</time></trkpt>
			<trkpt lat="47.359960" lon="-1.102580"><ele>9</ele><time>2026-03-01T11:30:00Z</time></trkpt>
			<trkpt lat="47.360020" lon="-1.102650"><ele>9</ele><time>2026-03-01T11:30:12Z</time></trkpt>
			<trkpt lat="47.360110" lon="-1.102710"><ele>9</ele><time>2026-03-01T11:30:24Z</time></trkpt>
			<trkpt lat="47.360200" lon="-1.102700"><ele>9</ele><time>2026-03-01T11:30:36Z</time></trkpt>
			<trkpt lat="47.360780" lon="-1.102510"><ele>9</ele><time>2026-03-01T11:30:48Z</time></trkpt>
			<trkpt lat="47.360860" lon="-1.102500"><ele>9</ele><time>2026-03-01T11:31:00Z</time></trkpt>
			<trkpt lat="47.361880" lon="-1.102340"><ele>9</ele><time>2026-03-01T11:31:12Z</time></trkpt>
			<trkpt lat="47.362350" lon="-1.102300"><ele>8</ele><time>2026-03-01T11:31:24Z</time></trkpt>
			<trkpt lat="47.362520" lon="-1.102270"><ele>8</ele><time>2026-03-01T11:31:36Z</time></trkpt>
			<trkpt lat="47.362850" lon="-1.102150"><ele>8</ele><time>2026-03-01T11:31:48Z</time></trkpt>
			<trkpt lat="47.363040" lon="-1.102110"><ele>8</ele><time>2026-03-01T11:32:00Z</time></trkpt>
			<trkpt lat="47.363220" lon="-1.102110"><ele>8</ele><time>2026-03-01T11:32:12Z</time></trkpt>
			<trkpt lat="47.363360" lon="-1.102130"><ele>8</ele><time>2026-03-01T11:32:24Z</time></trkpt>
			<trkpt lat="47.363750" lon="-1.102270"><ele>8</ele><time>2026-03-01T11:32:36Z</time></trkpt>
			<trkpt lat="47.363890" lon="-1.102280"><ele>8</ele><time>2026-03-01T11:32:48Z</time></trkpt>
			<trkpt lat="47.364010" lon="-1.102250"><ele>9</ele><time>2026-03-01T11:33:00Z</time></trkpt>
			<trkpt lat="47.364200" lon="-1.102200"><ele>9</ele><time>2026-03-01T11:33:12Z</time></trkpt>
			<trkpt lat="47.364720" lon="-1.102160"><ele>9</ele><time>2026-03-01T11:33:24Z</time></trkpt>
			<trkpt lat="47.364930" lon="-1.102170"><ele>10</ele><time>2026-03-01T11:33:36Z</time></trkpt>
			<trkpt lat="47.365010" lon="-1.102210"><ele>10</ele><time>2026-03-01T11:33:48Z</time></trkpt>
			<trkpt lat="47.365070" lon="-1.102280"><ele>10</ele><time>2026-03-01T11:34:00Z</time></trkpt>
			<trkpt lat="47.365090" lon="-1.102330"><ele>10</ele><time>2026-03-01T11:34:12Z</time></trkpt>
			<trkpt lat="47.365110" lon="-1.102400"><ele>10</ele><time>2026-03-01T11:34:24Z</time></trkpt>
			<trkpt lat="47.365130" lon="-1.102500"><ele>10</ele><time>2026-03-01T11:34:36Z</time></trkpt>
			<trkpt lat="47.365150" lon="-1.102640"><ele>10</ele><time>2026-03-01T11:34:48Z</time></trkpt>
			<trkpt lat="47.365160" lon="-1.102840"><ele>9</ele><time>2026-03-01T11:35:00Z</time></trkpt>
			<trkpt lat="47.365240" lon="-1.104290"><ele>9</ele><time>2026-03-01T11:35:12Z</time></trkpt>
			<trkpt lat="47.365230" lon="-1.105560"><ele>10</ele><time>2026-03-01T11:35:24Z</time></trkpt>
			<trkpt lat="47.365330" lon="-1.106780"><ele>10</ele><time>2026-03-01T11:35:36Z</time></trkpt>
			<trkpt lat="47.365380" lon="-1.108390"><ele>11</ele><time>2026-03-01T11:35:48Z</time></trkpt>
			<trkpt lat="47.365410" lon="-1.108820"><ele>11</ele><time>2026-03-01T11:36:00Z</time></trkpt>
			<trkpt lat="47.365440" lon="-1.109130"><ele>10</ele><time>2026-03-01T11:36:12Z</time></trkpt>
			<trkpt lat="47.365560" lon="-1.110150"><ele>10</ele><time>2026-03-01T11:36:24Z</time></trkpt>
			<trkpt lat="47.365590" lon="-1.110470"><ele>11</ele><time>2026-03-01T11:36:36Z</time></trkpt>
			<trkpt lat="47.365610" lon="-1.110920"><ele>12</ele><time>2026-03-01T11:36:48Z</time></trkpt>
			<trkpt lat="47.365610" lon="-1.111580"><ele>11</ele><time>2026-03-01T11:37:00Z</time></trkpt>
			<trkpt lat="47.365640" lon="-1.112040"><ele>11</ele><time>2026-03-01T11:37:12Z</time></trkpt>
			<trkpt lat="47.365700" lon="-1.112720"><ele>11</ele><time>2026-03-01T11:37:24Z</time></trkpt>
			<trkpt lat="47.365720" lon="-1.113220"><ele>10</ele><time>2026-03-01T11:37:36Z</time></trkpt>
			<trkpt lat="47.365720" lon="-1.113440"><ele>10</ele><time>2026-03-01T11:37:48Z</time></trkpt>
			<trkpt lat="47.365690" lon="-1.114170"><ele>11</ele><time>2026-03-01T11:38:00Z</time></trkpt>
			<trkpt lat="47.365700" lon="-1.114860"><ele>10</ele><time>2026-03-01T11:38:12Z</time></trkpt>
			<trkpt lat="47.365750" lon="-1.115530"><ele>10</ele><time>2026-03-01T11:38:24Z</time></trkpt>
			<trkpt lat="47.365820" lon="-1.116180"><ele>11</ele><time>2026-03-01T11:38:36Z</time></trkpt>
			<trkpt lat="47.365890" lon="-1.117390"><ele>11</ele><time>2026-03-01T11:38:48Z</time></trkpt>
			<trkpt lat="47.365950" lon="-1.118260"><ele>11</ele><time>2026-03-01T11:39:00Z</time></trkpt>
			<trkpt lat="47.365990" lon="-1.118560"><ele>10</ele><time>2026-03-01T11:39:12Z</time></trkpt>
			<trkpt lat="47.365990" lon="-1.118660"><ele>10</ele><time>2026-03-01T11:39:24Z</time></trkpt>
			<trkpt lat="47.365990" lon="-1.118760"><ele>10</ele><time>2026-03-01T11:39:36Z</time></trkpt>
			<trkpt lat="47.365980" lon="-1.119090"><ele>10</ele><time>2026-03-01T11:39:48Z</time></trkpt>
			<trkpt lat="47.365940" lon="-1.119180"><ele>10</ele><time>2026-03-01T11:40:00Z</time></trkpt>
			<trkpt lat="47.365990" lon="-1.119330"><ele>9</ele><time>2026-03-01T11:40:12Z</time></trkpt>
			<trkpt lat="47.366000" lon="-1.119570"><ele>9</ele><time>2026-03-01T11:40:24Z</time></trkpt>
			<trkpt lat="47.366010" lon="-1.120990"><ele>9</ele><time>2026-03-01T11:40:36Z</time></trkpt>
			<trkpt lat="47.366000" lon="-1.121400"><ele>9</ele><time>2026-03-01T11:40:48Z</time></trkpt>
			<trkpt lat="47.366000" lon="-1.121910"><ele>9</ele><time>2026-03-01T11:41:00Z</time></trkpt>
			<trkpt lat="47.366050" lon="-1.122540"><ele>9</ele><time>2026-03-01T11:41:12Z</time></trkpt>
			<trkpt lat="47.366060" lon="-1.122750"><ele>9</ele><time>2026-03-01T11:41:24Z</time></trkpt>
			<trkpt lat="47.366060" lon="-1.122980"><ele>9</ele><time>2026-03-01T11:41:36Z</time></trkpt>
			<trkpt lat="47.365910" lon="-1.124800"><ele>10</ele><time>2026-03-01T11:41:48Z</time></trkpt>
			<trkpt lat="47.365910" lon="-1.125080"><ele>10</ele><time>2026-03-01T11:42:00Z</time></trkpt>
			<trkpt lat="47.365900" lon="-1.125310"><ele>9</ele><time>2026-03-01T11:42:12Z</time></trkpt>
			<trkpt lat="47.365910" lon="-1.125580"><ele>9</ele><time>2026-03-01T11:42:24Z</time></trkpt>
			<trkpt lat="47.365860" lon="-1.126410"><ele>8</ele><time>2026-03-01T11:42:36Z</time></trkpt>
			<trkpt lat="47.365820" lon="-1.127110"><ele>8</ele><time>2026-03-01T11:42:48Z</time></trkpt>
			<trkpt lat="47.365800" lon="-1.128600"><ele>8</ele><time>2026-03-01T11:43:00Z</time></trkpt>
			<trkpt lat="47.365840" lon="-1.129830"><ele>10</ele><time>2026-03-01T11:43:12Z</time></trkpt>
			<trkpt lat="47.365890" lon="-1.130380"><ele>11</ele><time>2026-03-01T11:43:24Z</time></trkpt>
			<trkpt lat="47.366030" lon="-1.131390"><ele>9</ele><time>2026-03-01T11:43:36Z</time></trkpt>
			<trkpt lat="47.366060" lon="-1.131720"><ele>9</ele><time>2026-03-01T11:43:48Z</time></trkpt>
			<trkpt lat="47.366060" lon="-1.132070"><ele>9</ele><time>2026-03-01T11:44:00Z</time></trkpt>
			<trkpt lat="47.366050" lon="-1.132560"><ele>9</ele><time>2026-03-01T11:44:12Z</time></trkpt>
			<trkpt lat="47.366020" lon="-1.133080"><ele>9</ele><time>2026-03-01T11:44:24Z</time></trkpt>
			<trkpt lat="47.365940" lon="-1.134150"><ele>10</ele><time>2026-03-01T11:44:36Z</time></trkpt>
			<trkpt lat="47.365930" lon="-1.134330"><ele>10</ele><time>2026-03-01T11:44:48Z</time></trkpt>
			<trkpt lat="47.365920" lon="-1.134760"><ele>10</ele><time>2026-03-01T11:45:00Z</time></trkpt>
			<trkpt lat="47.366070" lon="-1.136350"><ele>9</ele><time>2026-03-01T11:45:12Z</time></trkpt>
			<trkpt lat="47.366170" lon="-1.137750"><ele>9</ele><time>2026-03-01T11:45:24Z</time></trkpt>
			<trkpt lat="47.366260" lon="-1.139300"><ele>10</ele><time>2026-03-01T11:45:36Z</time></trkpt>
			<trkpt lat="47.366250" lon="-1.139960"><ele>10</ele><time>2026-03-01T11:45:48Z</time></trkpt>
			<trkpt lat="47.366230" lon="-1.140180"><ele>10</ele><time>2026-03-01T11:46:00Z</time></trkpt>
			<trkpt lat="47.366200" lon="-1.140350"><ele>10</ele><time>2026-03-01T11:46:12Z</time></trkpt>
			<trkpt lat="47.366140" lon="-1.140530"><ele>9</ele><time>2026-03-01T11:46:24Z</time></trkpt>
			<trkpt lat="47.365890" lon="-1.141040"><ele>9</ele><time>2026-03-01T11:46:36Z</time></trkpt>
			<trkpt lat="47.365830" lon="-1.141220"><ele>9</ele><time>2026-03-01T11:46:48Z</time></trkpt>
			<trkpt lat="47.365810" lon="-1.141320"><ele>9</ele><time>2026-03-01T11:47:00Z</time></trkpt>
			<trkpt lat="47.365800" lon="-1.141530"><ele>9</ele><time>2026-03-01T11:47:12Z</time></trkpt>
			<trkpt lat="47.365800" lon="-1.142530"><ele>9</ele><time>2026-03-01T11:47:24Z</time></trkpt>
			<trkpt lat="47.365820" lon="-1.142750"><ele>9</ele><time>2026-03-01T11:47:36Z</time></trkpt>
			<trkpt lat="47.365920" lon="-1.143250"><ele>8</ele><time>2026-03-01T11:47:48Z</time></trkpt>
			<trkpt lat="47.365930" lon="-1.143390"><ele>8</ele><time>2026-03-01T11:48:00Z</time></trkpt>
			<trkpt lat="47.365940" lon="-1.143550"><ele>8</ele><time>2026-03-01T11:48:12Z</time></trkpt>
			<trkpt lat="47.365860" lon="-1.144410"><ele>7</ele><time>2026-03-01T11:48:24Z</time></trkpt>
			<trkpt lat="47.365850" lon="-1.145000"><ele>8</ele><time>2026-03-01T11:48:36Z</time></trkpt>
			<trkpt lat="47.365830" lon="-1.145480"><ele>7</ele><time>2026-03-01T11:48:48Z</time></trkpt>
			<trkpt lat="47.365830" lon="-1.145920"><ele>7</ele><time>2026-03-01T11:49:00Z</time></trkpt>
			<trkpt lat="47.365850" lon="-1.146140"><ele>7</ele><time>2026-03-01T11:49:12Z</time></trkpt>
			<trkpt lat="47.365870" lon="-1.146350"><ele>8</ele><time>2026-03-01T11:49:24Z</time></trkpt>
			<trkpt lat="47.365980" lon="-1.146920"><ele>8</ele><time>2026-03-01T11:49:36Z</time></trkpt>
			<trkpt lat="47.366070" lon="-1.147430"><ele>9</ele><time>2026-03-01T11:49:48Z</time></trkpt>
			<trkpt lat="47.366170" lon="-1.147940"><ele>9</ele><time>2026-03-01T11:50:00Z</time></trkpt>
			<trkpt lat="47.366170" lon="-1.148120"><ele>9</ele><time>2026-03-01T11:50:12Z</time></trkpt>
			<trkpt lat="47.366170" lon="-1.148250"><ele>9</ele><time>2026-03-01T11:50:24Z</time></trkpt>
			<trkpt lat="47.366130" lon="-1.148650"><ele>9</ele><time>2026-03-01T11:50:36Z</time></trkpt>
			<trkpt lat="47.366080" lon="-1.149090"><ele>9</ele><time>2026-03-01T11:50:48Z</time></trkpt>
			<trkpt lat="47.366040" lon="-1.149970"><ele>9</ele><time>2026-03-01T11:51:00Z</time></trkpt>
			<trkpt lat="47.366010" lon="-1.150530"><ele>10</ele><time>2026-03-01T11:51:12Z</time></trkpt>
			<trkpt lat="47.365960" lon="-1.151000"><ele>11</ele><time>2026-03-01T11:51:24Z</time></trkpt>
			<trkpt lat="47.365950" lon="-1.151090"><ele>10</ele><time>2026-03-01T11:51:36Z</time></trkpt>
			<trkpt lat="47.365940" lon="-1.151230"><ele>10</ele><time>2026-03-01T11:51:48Z</time></trkpt>
			<trkpt lat="47.365920" lon="-1.151380"><ele>10</ele><time>2026-03-01T11:52:00Z</time></trkpt>
			<trkpt lat="47.365870" lon="-1.151720"><ele>10</ele><time>2026-03-01T11:52:12Z</time></trkpt>
			<trkpt lat="47.365610" lon="-1.153360"><ele>7</ele><time>2026-03-01T11:52:24Z</time></trkpt>
			<trkpt lat="47.365550" lon="-1.153930"><ele>8</ele><time>2026-03-01T11:52:36Z</time></trkpt>
			<trkpt lat="47.365420" lon="-1.155120"><ele>9</ele><time>2026-03-01T11:52:48Z</time></trkpt>
			<trkpt lat="47.365340" lon="-1.155830"><ele>8</ele><time>2026-03-01T11:53:00Z</time></trkpt>
			<trkpt lat="47.365290" lon="-1.156220"><ele>8</ele><time>2026-03-01T11:53:12Z</time></trkpt>
			<trkpt lat="47.365110" lon="-1.157270"><ele>9</ele><time>2026-03-01T11:53:24Z</time></trkpt>
			<trkpt lat="47.365010" lon="-1.157970"><ele>9</ele><time>2026-03-01T11:53:36Z</time></trkpt>
			<trkpt lat="47.364920" lon="-1.158580"><ele>10</ele><time>2026-03-01T11:53:48Z</time></trkpt>
			<trkpt lat="47.364780" lon="-1.159380"><ele>12</ele><time>2026-03-01T11:54:00Z</time></trkpt>
			<trkpt lat="47.364560" lon="-1.160670"><ele>11</ele><time>2026-03-01T11:54:12Z</time></trkpt>
			<trkpt lat="47.364480" lon="-1.161230"><ele>10</ele><time>2026-03-01T11:54:24Z</time></trkpt>
			<trkpt lat="47.364280" lon="-1.162430"><ele>10</ele><time>2026-03-01T11:54:36Z</time></trkpt>
			<trkpt lat="47.364210" lon="-1.162840"><ele>10</ele><time>2026-03-01T11:54:48Z</time></trkpt>
			<trkpt lat="47.364150" lon="-1.163120"><ele>10</ele><time>2026-03-01T11:55:00Z</time></trkpt>
			<trkpt lat="47.364080" lon="-1.163280"><ele>10</ele><time>2026-03-01T11:55:12Z</time></trkpt>
			<trkpt lat="47.364030" lon="-1.163390"><ele>10</ele><time>2026-03-01T11:55:24Z</time></trkpt>
			<trkpt lat="47.363930" lon="-1.163560"><ele>9</ele><time>2026-03-01T11:55:36Z</time></trkpt>
			<trkpt lat="47.363470" lon="-1.164230"><ele>8</ele><time>2026-03-01T11:55:48Z</time></trkpt>
			<trkpt lat="47.363400" lon="-1.164350"><ele>8</ele><time>2026-03-01T11:56:00Z</time></trkpt>
			<trkpt lat="47.363280" lon="-1.164590"><ele>8</ele><time>2026-03-01T11:56:12Z</time></trkpt>
			<trkpt lat="47.363130" lon="-1.165040"><ele>9</ele><time>2026-03-01T11:56:24Z</time></trkpt>
			<trkpt lat="47.363060" lon="-1.165220"><ele>9</ele><time>2026-03-01T11:56:36Z</time></trkpt>
			<trkpt lat="47.362960" lon="-1.165340"><ele>9</ele><time>2026-03-01T11:56:48Z</time></trkpt>
			<trkpt lat="47.362450" lon="-1.165800"><ele>10</ele><time>2026-03-01T11:57:00Z</time></trkpt>
			<trkpt lat="47.360610" lon="-1.167930"><ele>10</ele><time>2026-03-01T11:57:12Z</time></trkpt>
			<trkpt lat="47.360320" lon="-1.168310"><ele>9</ele><time>2026-03-01T11:57:24Z</time></trkpt>
			<trkpt lat="47.360100" lon="-1.168690"><ele>9</ele><time>2026-03-01T11:57:36Z</time></trkpt>
			<trkpt lat="47.359950" lon="-1.169020"><ele>10</ele><time>2026-03-01T11:57:48Z</time></trkpt>
			<trkpt lat="47.359860" lon="-1.169340"><ele>10</ele><time>2026-03-01T11:58:00Z</time></trkpt>
			<trkpt lat="47.359660" lon="-1.170230"><ele>9</ele><time>2026-03-01T11:58:12Z</time></trkpt>
			<trkpt lat="47.359500" lon="-1.170920"><ele>10</ele><time>2026-03-01T11:58:24Z</time></trkpt>
			<trkpt lat="47.359430" lon="-1.171120"><ele>10</ele><time>2026-03-01T11:58:36Z</time></trkpt>
			<trkpt lat="47.359370" lon="-1.171240"><ele>10</ele><time>2026-03-01T11:58:48Z</time></trkpt>
			<trkpt lat="47.359290" lon="-1.171350"><ele>10</ele><time>2026-03-01T11:59:00Z</time></trkpt>
			<trkpt lat="47.359190" lon="-1.171450"><ele>10</ele><time>2026-03-01T11:59:12Z</time></trkpt>
			<trkpt lat="47.359000" lon="-1.171620"><ele>10</ele><time>2026-03-01T11:59:24Z</time></trkpt>
			<trkpt lat="47.358500" lon="-1.172100"><ele>9</ele><time>2026-03-01T11:59:36Z</time></trkpt>
			<trkpt lat="47.358360" lon="-1.172300"><ele>10</ele><time>2026-03-01T11:59:48Z</time></trkpt>
			<trkpt lat="47.358320" lon="-1.172340"><ele>10</ele><time>2026-03-01T12:00:00Z</time></trkpt>
			<trkpt lat="47.358210" lon="-1.172540"><ele>10</ele><time>2026-03-01T12:00:12Z</time></trkpt>
			<trkpt lat="47.358040" lon="-1.172910"><ele>11</ele><time>2026-03-01T12:00:24Z</time></trkpt>
			<trkpt lat="47.357980" lon="-1.173050"><ele>11</ele><time>2026-03-01T12:00:36Z</time></trkpt>
			<trkpt lat="47.357930" lon="-1.173160"><ele>11</ele><time>2026-03-01T12:00:48Z</time></trkpt>
			<trkpt lat="47.357830" lon="-1.173370"><ele>11</ele><time>2026-03-01T12:01:00Z</time></trkpt>
			<trkpt lat="47.357720" lon="-1.173590"><ele>11</ele><time>2026-03-01T12:01:12Z</time></trkpt>
			<trkpt lat="47.357660" lon="-1.173700"><ele>12</ele><time>2026-03-01T12:01:24Z</time></trkpt>
			<trkpt lat="47.357620" lon="-1.173800"><ele>12</ele><time>2026-03-01T12:01:36Z</time></trkpt>
			<trkpt lat="47.357560" lon="-1.173940"><ele>12</ele><time>2026-03-01T12:01:48Z</time></trkpt>
			<trkpt lat="47.357510" lon="-1.174140"><ele>12</ele><time>2026-03-01T12:02:00Z</time></trkpt>
			<trkpt lat="47.358740" lon="-1.174790"><ele>10</ele><time>2026-03-01T12:02:12Z</time></trkpt>
			<trkpt lat="47.359110" lon="-1.174980"><ele>10</ele><time>2026-03-01T12:02:24Z</time></trkpt>
			<trkpt lat="47.359640" lon="-1.175260"><ele>10</ele><time>2026-03-01T12:02:36Z</time></trkpt>
			<trkpt lat="47.359860" lon="-1.175380"><ele>10</ele><time>2026-03-01T12:02:48Z</time></trkpt>
			<trkpt lat="47.363510" lon="-1.177280"><ele>10</ele><time>2026-03-01T12:03:00Z</time></trkpt>
			<trkpt lat="47.363610" lon="-1.177330"><ele>11</ele><time>2026-03-01T12:03:12Z</time></trkpt>
			<trkpt lat="47.363620" lon="-1.177290"><ele>11</ele><time>2026-03-01T12:03:24Z</time></trkpt>
			<trkpt lat="47.363650" lon="-1.177260"><ele>11</ele><time>2026-03-01T12:03:36Z</time></trkpt>
			<trkpt lat="47.363680" lon="-1.177250"><ele>11</ele><time>2026-03-01T12:03:48Z</time></trkpt>
			<trkpt lat="47.363710" lon="-1.177260"><ele>12</ele><time>2026-03-01T12:04:00Z</time></trkpt>
			<trkpt lat="47.363740" lon="-1.177320"><ele>12</ele><time>2026-03-01T12:04:12Z</time></trkpt>
			<trkpt lat="47.363740" lon="-1.177390"><ele>12</ele><time>2026-03-01T12:04:24Z</time></trkpt>
			<trkpt lat="47.363720" lon="-1.177430"><ele>12</ele><time>2026-03-01T12:04:36Z</time></trkpt>
			<trkpt lat="47.363700" lon="-1.177460"><ele>12</ele><time>2026-03-01T12:04:48Z</time></trkpt>
			<trkpt lat="47.363660" lon="-1.177460"><ele>12</ele><time>2026-03-01T12:05:00Z</time></trkpt>
			<trkpt lat="47.363630" lon="-1.177440"><ele>11</ele><time>2026-03-01T12:05:12Z</time></trkpt>
			<trkpt lat="47.363590" lon="-1.177480"><ele>11</ele><time>2026-03-01T12:05:24Z</time></trkpt>
			<trkpt lat="47.363530" lon="-1.177600"><ele>11</ele><time>2026-03-01T12:05:36Z</time></trkpt>
			<trkpt lat="47.363470" lon="-1.177850"><ele>11</ele><time>2026-03-01T12:05:48Z</time></trkpt>
			<trkpt lat="47.363450" lon="-1.177940"><ele>11</ele><time>2026-03-01T12:06:00Z</time></trkpt>
			<trkpt lat="47.363430" lon="-1.177990"><ele>11</ele><time>2026-03-01T12:06:12Z</time></trkpt>
			<trkpt lat="47.363370" lon="-1.178230"><ele>11</ele><time>2026-03-01T12:06:24Z</time></trkpt>
			<trkpt lat="47.363320" lon="-1.178440"><ele>11</ele><time>2026-03-01T12:06:36Z</time></trkpt>
			<trkpt lat="47.363240" lon="-1.178730"><ele>11</ele><time>2026-03-01T12:06:48Z</time></trkpt>
			<trkpt lat="47.363230" lon="-1.178900"><ele>11</ele><time>2026-03-01T12:07:00Z</time></trkpt>
			<trkpt lat="47.363230" lon="-1.179170"><ele>12</ele><time>2026-03-01T12:07:12Z</time></trkpt>
			<trkpt lat="47.363340" lon="-1.180250"><ele>12</ele><time>2026-03-01T12:07:24Z</time></trkpt>
			<trkpt lat="47.363380" lon="-1.180690"><ele>13</ele><time>2026-03-01T12:07:36Z</time></trkpt>
			<trkpt lat="47.363410" lon="-1.181040"><ele>13</ele><time>2026-03-01T12:07:48Z</time></trkpt>
			<trkpt lat="47.363500" lon="-1.182120"><ele>14</ele><time>2026-03-01T12:08:00Z</time></trkpt>
			<trkpt lat="47.363530" lon="-1.182510"><ele>13</ele><time>2026-03-01T12:08:12Z</time></trkpt>
			<trkpt lat="47.363530" lon="-1.182780"><ele>13</ele><time>2026-03-01T12:08:24Z</time></trkpt>
			<trkpt lat="47.363570" lon="-1.182790"><ele>13</ele><time>2026-03-01T12:08:36Z</time></trkpt>
			<trkpt lat="47.363600" lon="-1.182810"><ele>13</ele><time>2026-03-01T12:08:48Z</time></trkpt>
			<trkpt lat="47.363630" lon="-1.182850"><ele>13</ele><time>2026-03-01T12:09:00Z</time></trkpt>
			<trkpt lat="47.363640" lon="-1.182900"><ele>13</ele><time>2026-03-01T12:09:12Z</time></trkpt>
			<trkpt lat="47.363650" lon="-1.182950"><ele>13</ele><time>2026-03-01T12:09:24Z</time></trkpt>
			<trkpt lat="47.363640" lon="-1.183010"><ele>13</ele><time>2026-03-01T12:09:36Z</time></trkpt>
			<trkpt lat="47.363630" lon="-1.183050"><ele>13</ele><time>2026-03-01T12:09:48Z</time></trkpt>
			<trkpt lat="47.363600" lon="-1.183090"><ele>13</ele><time>2026-03-01T12:10:00Z</time></trkpt>
			<trkpt lat="47.363570" lon="-1.183120"><ele>13</ele><time>2026-03-01T12:10:12Z</time></trkpt>
			<trkpt lat="47.363540" lon="-1.183120"><ele>13</ele><time>2026-03-01T12:10:24Z</time></trkpt>
			<trkpt lat="47.363530" lon="-1.183980"><ele>12</ele><time>2026-03-01T12:10:36Z</time></trkpt>
			<trkpt lat="47.363520" lon="-1.184670"><ele>12</ele><time>2026-03-01T12:10:48Z</time></trkpt>
			<trkpt lat="47.363520" lon="-1.186050"><ele>13</ele><time>2026-03-01T12:11:00Z</time></trkpt>
			<trkpt lat="47.363520" lon="-1.186600"><ele>13</ele><time>2026-03-01T12:11:12Z</time></trkpt>
			<trkpt lat="47.363540" lon="-1.186780"><ele>13</ele><time>2026-03-01T12:11:24Z</time></trkpt>
			<trkpt lat="47.363590" lon="-1.186980"><ele>12</ele><time>2026-03-01T12:11:36Z</time></trkpt>
			<trkpt lat="47.363610" lon="-1.187070"><ele>12</ele><time>2026-03-01T12:11:48Z</time></trkpt>
			<trkpt lat="47.363690" lon="-1.187260"><ele>12</ele><time>2026-03-01T12:12:00Z</time></trkpt>
			<trkpt lat="47.363830" lon="-1.187390"><ele>12</ele><time>2026-03-01T12:12:12Z</time></trkpt>
			<trkpt lat="47.363980" lon="-1.187330"><ele>13</ele><time>2026-03-01T12:12:24Z</time></trkpt>
			<trkpt lat="47.364070" lon="-1.187290"><ele>13</ele><time>2026-03-01T12:12:36Z</time></trkpt>
			<trkpt lat="47.364110" lon="-1.187210"><ele>13</ele><time>2026-03-01T12:12:48Z</time></trkpt>
			<trkpt lat="47.364140" lon="-1.187160"><ele>13</ele><time>2026-03-01T12:13:00Z</time></trkpt>
			<trkpt lat="47.364200" lon="-1.187140"><ele>13</ele><time>2026-03-01T12:13:12Z</time></trkpt>
			<trkpt lat="47.364260" lon="-1.187150"><ele>13</ele><time>2026-03-01T12:13:24Z</time></trkpt>
			<trkpt lat="47.364300" lon="-1.187180"><ele>13</ele><time>2026-03-01T12:13:36Z</time></trkpt>
			<trkpt lat="47.364430" lon="-1.187180"><ele>13</ele><time>2026-03-01T12:13:48Z</time></trkpt>
			<trkpt lat="47.364480" lon="-1.187140"><ele>13</ele><time>2026-03-01T12:14:00Z</time></trkpt>
			<trkpt lat="47.364520" lon="-1.187080"><ele>13</ele><time>2026-03-01T12:14:12Z</time></trkpt>
			<trkpt lat="47.364850" lon="-1.186800"><ele>12</ele><time>2026-03-01T12:14:24Z</time></trkpt>
			<trkpt lat="47.365090" lon="-1.186600"><ele>12</ele><time>2026-03-01T12:14:36Z</time></trkpt>
			<trkpt lat="47.366070" lon="-1.185770"><ele>10</ele><time>2026-03-01T12:14:48Z</time></trkpt>
			<trkpt lat="47.366170" lon="-1.185690"><ele>10</ele><time>2026-03-01T12:15:00Z</time></trkpt>
			<trkpt lat="47.366290" lon="-1.185610"><ele>10</ele><time>2026-03-01T12:15:12Z</time></trkpt>
			<trkpt lat="47.366360" lon="-1.185560"><ele>10</ele><time>2026-03-01T12:15:24Z</time></trkpt>
			<trkpt lat="47.366390" lon="-1.185600"><ele>10</ele><time>2026-03-01T12:15:36Z</time></trkpt>
			<trkpt lat="47.366440" lon="-1.185600"><ele>10</ele><time>2026-03-01T12:15:48Z</time></trkpt>
			<trkpt lat="47.366470" lon="-1.185550"><ele>9</ele><time>2026-03-01T12:16:00Z</time></trkpt>
			<trkpt lat="47.366470" lon="-1.185530"><ele>9</ele><time>2026-03-01T12:16:12Z</time></trkpt>
			<trkpt lat="47.366470" lon="-1.185460"><ele>10</ele><time>2026-03-01T12:16:24Z</time></trkpt>
			<trkpt lat="47.366770" lon="-1.185060"><ele>9</ele><time>2026-03-01T12:16:36Z</time></trkpt>
			<trkpt lat="47.366900" lon="-1.184820"><ele>9</ele><time>2026-03-01T12:16:48Z</time></trkpt>
			<trkpt lat="47.366930" lon="-1.184740"><ele>9</ele><time>2026-03-01T12:17:00Z</time></trkpt>
			<trkpt lat="47.367080" lon="-1.184370"><ele>10</ele><time>2026-03-01T12:17:12Z</time></trkpt>
			<trkpt lat="47.367110" lon="-1.184230"><ele>10</ele><time>2026-03-01T12:17:24Z</time></trkpt>
			<trkpt lat="47.367130" lon="-1.184240"><ele>10</ele><time>2026-03-01T12:17:36Z</time></trkpt>
			<trkpt lat="47.367170" lon="-1.184220"><ele>10</ele><time>2026-03-01T12:17:48Z</time></trkpt>
			<trkpt lat="47.367190" lon="-1.184170"><ele>10</ele><time>2026-03-01T12:18:00Z</time></trkpt>
			<trkpt lat="47.367190" lon="-1.184110"><ele>10</ele><time>2026-03-01T12:18:12Z</time></trkpt>
			<trkpt lat="47.367160" lon="-1.184060"><ele>11</ele><time>2026-03-01T12:18:24Z</time></trkpt>
			<trkpt lat="47.367200" lon="-1.183970"><ele>11</ele><time>2026-03-01T12:18:36Z</time></trkpt>
			<trkpt lat="47.367300" lon="-1.183780"><ele>11</ele><time>2026-03-01T12:18:48Z</time></trkpt>
			<trkpt lat="47.367400" lon="-1.183470"><ele>11</ele><time>2026-03-01T12:19:00Z</time></trkpt>
			<trkpt lat="47.367550" lon="-1.183000"><ele>11</ele><time>2026-03-01T12:19:12Z</time></trkpt>
			<trkpt lat="47.367570" lon="-1.182900"><ele>10</ele><time>2026-03-01T12:19:24Z</time></trkpt>
			<trkpt lat="47.367610" lon="-1.182900"><ele>10</ele><time>2026-03-01T12:19:36Z</time></trkpt>
			<trkpt lat="47.367640" lon="-1.182870"><ele>10</ele><time>2026-03-01T12:19:48Z</time></trkpt>
			<trkpt lat="47.367640" lon="-1.182850"><ele>10</ele><time>2026-03-01T12:20:00Z</time></trkpt>
			<trkpt lat="47.367640" lon="-1.182800"><ele>10</ele><time>2026-03-01T12:20:12Z</time></trkpt>
			<trkpt lat="47.367620" lon="-1.182760"><ele>10</ele><time>2026-03-01T12:20:24Z</time></trkpt>
			<trkpt lat="47.367840" lon="-1.182060"><ele>10</ele><time>2026-03-01T12:20:36Z</time></trkpt>
			<trkpt lat="47.368000" lon="-1.181590"><ele>10</ele><time>2026-03-01T12:20:48Z</time></trkpt>
			<trkpt lat="47.368060" lon="-1.181380"><ele>10</ele><time>2026-03-01T12:21:00Z</time></trkpt>
			<trkpt lat="47.368090" lon="-1.181210"><ele>10</ele><time>2026-03-01T12:21:12Z</time></trkpt>
			<trkpt lat="47.368110" lon="-1.181110"><ele>10</ele><time>2026-03-01T12:21:24Z</time></trkpt>
			<trkpt lat="47.368140" lon="-1.181120"><ele>10</ele><time>2026-03-01T12:21:36Z</time></trkpt>
			<trkpt lat="47.368170" lon="-1.181090"><ele>10</ele><time>2026-03-01T12:21:48Z</time></trkpt>
			<trkpt lat="47.368180" lon="-1.181070"><ele>10</ele><time>2026-03-01T12:22:00Z</time></trkpt>
			<trkpt lat="47.368240" lon="-1.181100"><ele>10</ele><time>2026-03-01T12:22:12Z</time></trkpt>
			<trkpt lat="47.368460" lon="-1.181260"><ele>10</ele><time>2026-03-01T12:22:24Z</time></trkpt>
			<trkpt lat="47.368670" lon="-1.181420"><ele>11</ele><time>2026-03-01T12:22:36Z</time></trkpt>
			<trkpt lat="47.368700" lon="-1.181480"><ele>11</ele><time>2026-03-01T12:22:48Z</time></trkpt>
			<trkpt lat="47.368730" lon="-1.181560"><ele>11</ele><time>2026-03-01T12:23:00Z</time></trkpt>
			<trkpt lat="47.368824" lon="-1.181654"><ele>11</ele><time>2026-03-01T12:23:12Z</time></trkpt>
			<trkpt lat="47.367701" lon="-1.181651"><ele>11</ele><time>2026-03-01T12:23:24Z</time></trkpt>
			<trkpt lat="47.366578" lon="-1.181648"><ele>11</ele><time>2026-03-01T12:23:36Z</time></trkpt>
			<trkpt lat="47.365456" lon="-1.181646"><ele>11</ele><time>2026-03-01T12:23:48Z</time></trkpt>
			<trkpt lat="47.364333" lon="-1.181643"><ele>11</ele><time>2026-03-01T12:24:00Z</time></trkpt>
			<trkpt lat="47.363210" lon="-1.181640"><ele>11</ele><time>2026-03-01T12:24:12Z</time></trkpt>
		</trkseg>
	</trk>
</gpx>
