<?xml version="1.0" encoding="UTF-8" ?>
<gpx version="1.1" xmlns:xsi="http://www.w3.org/2001/XMLSchema-instance"
    xmlns="http://www.topografix.com/GPX/1/1"
    xsi:schemaLocation="http://www.topografix.com/GPX/1/1 http://www.topografix.com/GPX/1/1/gpx.xsd"
    creator="Club'O'Clock — jeu de démonstration">
	<trk>
		<name>Grande boucle Est 85 km</name>
		<trkseg>
			<trkpt lat="47.363210" lon="-1.181640"><ele>23</ele><time>2026-03-01T08:00:00Z</time></trkpt>
			<trkpt lat="47.364349" lon="-1.181482"><ele>23</ele><time>2026-03-01T08:00:12Z</time></trkpt>
			<trkpt lat="47.365488" lon="-1.181325"><ele>23</ele><time>2026-03-01T08:00:24Z</time></trkpt>
			<trkpt lat="47.366626" lon="-1.181167"><ele>23</ele><time>2026-03-01T08:00:36Z</time></trkpt>
			<trkpt lat="47.367765" lon="-1.181010"><ele>23</ele><time>2026-03-01T08:00:48Z</time></trkpt>
			<trkpt lat="47.368904" lon="-1.180852"><ele>23</ele><time>2026-03-01T08:01:00Z</time></trkpt>
			<trkpt lat="47.370043" lon="-1.180695"><ele>23</ele><time>2026-03-01T08:01:12Z</time></trkpt>
			<trkpt lat="47.371182" lon="-1.180537"><ele>23</ele><time>2026-03-01T08:01:24Z</time></trkpt>
			<trkpt lat="47.372321" lon="-1.180380"><ele>23</ele><time>2026-03-01T08:01:36Z</time></trkpt>
			<trkpt lat="47.373459" lon="-1.180222"><ele>23</ele><time>2026-03-01T08:01:48Z</time></trkpt>
			<trkpt lat="47.374598" lon="-1.180065"><ele>23</ele><time>2026-03-01T08:02:00Z</time></trkpt>
			<trkpt lat="47.375737" lon="-1.179907"><ele>23</ele><time>2026-03-01T08:02:12Z</time></trkpt>
			<trkpt lat="47.376876" lon="-1.179749"><ele>23</ele><time>2026-03-01T08:02:24Z</time></trkpt>
			<trkpt lat="47.378015" lon="-1.179592"><ele>23</ele><time>2026-03-01T08:02:36Z</time></trkpt>
			<trkpt lat="47.379154" lon="-1.179434"><ele>23</ele><time>2026-03-01T08:02:48Z</time></trkpt>
			<trkpt lat="47.379510" lon="-1.179500"><ele>24</ele><time>2026-03-01T08:03:00Z</time></trkpt>
			<trkpt lat="47.379660" lon="-1.179520"><ele>24</ele><time>2026-03-01T08:03:12Z</time></trkpt>
			<trkpt lat="47.380180" lon="-1.179540"><ele>24</ele><time>2026-03-01T08:03:24Z</time></trkpt>
			<trkpt lat="47.380540" lon="-1.179470"><ele>23</ele><time>2026-03-01T08:03:36Z</time></trkpt>
			<trkpt lat="47.380830" lon="-1.179380"><ele>23</ele><time>2026-03-01T08:03:48Z</time></trkpt>
			<trkpt lat="47.381320" lon="-1.179210"><ele>21</ele><time>2026-03-01T08:04:00Z</time></trkpt>
			<trkpt lat="47.381600" lon="-1.179150"><ele>20</ele><time>2026-03-01T08:04:12Z</time></trkpt>
			<trkpt lat="47.381780" lon="-1.179150"><ele>20</ele><time>2026-03-01T08:04:24Z</time></trkpt>
			<trkpt lat="47.382090" lon="-1.179170"><ele>21</ele><time>2026-03-01T08:04:36Z</time></trkpt>
			<trkpt lat="47.382620" lon="-1.179240"><ele>21</ele><time>2026-03-01T08:04:48Z</time></trkpt>
			<trkpt lat="47.382790" lon="-1.179250"><ele>21</ele><time>2026-03-01T08:05:00Z</time></trkpt>
			<trkpt lat="47.382930" lon="-1.179270"><ele>20</ele><time>2026-03-01T08:05:12Z</time></trkpt>
			<trkpt lat="47.383180" lon="-1.179300"><ele>20</ele><time>2026-03-01T08:05:24Z</time></trkpt>
			<trkpt lat="47.383820" lon="-1.179370"><ele>20</ele><time>2026-03-01T08:05:36Z</time></trkpt>
			<trkpt lat="47.384280" lon="-1.179430"><ele>21</ele><time>2026-03-01T08:05:48Z</time></trkpt>
			<trkpt lat="47.384510" lon="-1.179460"><ele>20</ele><time>2026-03-01T08:06:00Z</time></trkpt>
			<trkpt lat="47.384620" lon="-1.179470"><ele>20</ele><time>2026-03-01T08:06:12Z</time></trkpt>
			<trkpt lat="47.384890" lon="-1.179500"><ele>20</ele><time>2026-03-01T08:06:24Z</time></trkpt>
			<trkpt lat="47.385280" lon="-1.179550"><ele>20</ele><time>2026-03-01T08:06:36Z</time></trkpt>
			<trkpt lat="47.385560" lon="-1.179620"><ele>20</ele><time>2026-03-01T08:06:48Z</time></trkpt>
			<trkpt lat="47.385780" lon="-1.179670"><ele>20</ele><time>2026-03-01T08:07:00Z</time></trkpt>
			<trkpt lat="47.385920" lon="-1.179710"><ele>20</ele><time>2026-03-01T08:07:12Z</time></trkpt>
			<trkpt lat="47.386350" lon="-1.179820"><ele>21</ele><time>2026-03-01T08:07:24Z</time></trkpt>
			<trkpt lat="47.386500" lon="-1.179840"><ele>21</ele><time>2026-03-01T08:07:36Z</time></trkpt>
			<trkpt lat="47.386660" lon="-1.179860"><ele>21</ele><time>2026-03-01T08:07:48Z</time></trkpt>
			<trkpt lat="47.386810" lon="-1.179880"><ele>21</ele><time>2026-03-01T08:08:00Z</time></trkpt>
			<trkpt lat="47.386940" lon="-1.179900"><ele>21</ele><time>2026-03-01T08:08:12Z</time></trkpt>
			<trkpt lat="47.387240" lon="-1.179910"><ele>21</ele><time>2026-03-01T08:08:24Z</time></trkpt>
			<trkpt lat="47.387620" lon="-1.179920"><ele>21</ele><time>2026-03-01T08:08:36Z</time></trkpt>
			<trkpt lat="47.387760" lon="-1.179920"><ele>21</ele><time>2026-03-01T08:08:48Z</time></trkpt>
			<trkpt lat="47.388510" lon="-1.179910"><ele>21</ele><time>2026-03-01T08:09:00Z</time></trkpt>
			<trkpt lat="47.388580" lon="-1.179910"><ele>21</ele><time>2026-03-01T08:09:12Z</time></trkpt>
			<trkpt lat="47.388980" lon="-1.179930"><ele>20</ele><time>2026-03-01T08:09:24Z</time></trkpt>
			<trkpt lat="47.389270" lon="-1.179990"><ele>20</ele><time>2026-03-01T08:09:36Z</time></trkpt>
			<trkpt lat="47.390040" lon="-1.180180"><ele>18</ele><time>2026-03-01T08:09:48Z</time></trkpt>
			<trkpt lat="47.390270" lon="-1.180220"><ele>18</ele><time>2026-03-01T08:10:00Z</time></trkpt>
			<trkpt lat="47.390660" lon="-1.180230"><ele>17</ele><time>2026-03-01T08:10:12Z</time></trkpt>
			<trkpt lat="47.390900" lon="-1.180220"><ele>16</ele><time>2026-03-01T08:10:24Z</time></trkpt>
			<trkpt lat="47.391060" lon="-1.180140"><ele>15</ele><time>2026-03-01T08:10:36Z</time></trkpt>
			<trkpt lat="47.391110" lon="-1.180010"><ele>15</ele><time>2026-03-01T08:10:48Z</time></trkpt>
			<trkpt lat="47.391180" lon="-1.179870"><ele>14</ele><time>2026-03-01T08:11:00Z</time></trkpt>
			<trkpt lat="47.391220" lon="-1.179770"><ele>14</ele><time>2026-03-01T08:11:12Z</time></trkpt>
			<trkpt lat="47.391260" lon="-1.179760"><ele>14</ele><time>2026-03-01T08:11:24Z</time></trkpt>
			<trkpt lat="47.391330" lon="-1.179760"><ele>14</ele><time>2026-03-01T08:11:36Z</time></trkpt>
			<trkpt lat="47.391350" lon="-1.179870"><ele>14</ele><time>2026-03-01T08:11:48Z</time></trkpt>
			<trkpt lat="47.391380" lon="-1.179940"><ele>13</ele><time>2026-03-01T08:12:00Z</time></trkpt>
			<trkpt lat="47.391420" lon="-1.180010"><ele>13</ele><time>2026-03-01T08:12:12Z</time></trkpt>
			<trkpt lat="47.391440" lon="-1.180050"><ele>13</ele><time>2026-03-01T08:12:24Z</time></trkpt>
			<trkpt lat="47.391550" lon="-1.180120"><ele>12</ele><time>2026-03-01T08:12:36Z</time></trkpt>
			<trkpt lat="47.391660" lon="-1.180120"><ele>12</ele><time>2026-03-01T08:12:48Z</time></trkpt>
			<trkpt lat="47.391900" lon="-1.180030"><ele>11</ele><time>2026-03-01T08:13:00Z</time></trkpt>
			<trkpt lat="47.392430" lon="-1.179790"><ele>9</ele><time>2026-03-01T08:13:12Z</time></trkpt>
			<trkpt lat="47.392590" lon="-1.179700"><ele>9</ele><time>2026-03-01T08:13:24Z</time></trkpt>
			<trkpt lat="47.392870" lon="-1.179630"><ele>9</ele><time>2026-03-01T08:13:36Z</time></trkpt>
			<trkpt lat="47.393270" lon="-1.179740"><ele>9</ele><time>2026-03-01T08:13:48Z</time></trkpt>
			<trkpt lat="47.393640" lon="-1.179880"><ele>10</ele><time>2026-03-01T08:14:00Z</time></trkpt>
			<trkpt lat="47.393840" lon="-1.179970"><ele>11</ele><time>2026-03-01T08:14:12Z</time></trkpt>
			<trkpt lat="47.394040" lon="-1.180090"><ele>12</ele><time>2026-03-01T08:14:24Z</time></trkpt>
			<trkpt lat="47.394480" lon="-1.180440"><ele>13</ele><time>2026-03-01T08:14:36Z</time></trkpt>
			<trkpt lat="47.394530" lon="-1.180490"><ele>13</ele><time>2026-03-01T08:14:48Z</time></trkpt>
			<trkpt lat="47.394830" lon="-1.180090"><ele>14</ele><time>2026-03-01T08:15:00Z</time></trkpt>
			<trkpt lat="47.394960" lon="-1.179940"><ele>14</ele><time>2026-03-01T08:15:12Z</time></trkpt>
			<trkpt lat="47.395350" lon="-1.179580"><ele>16</ele><time>2026-03-01T08:15:24Z</time></trkpt>
			<trkpt lat="47.396060" lon="-1.178940"><ele>20</ele><time>2026-03-01T08:15:36Z</time></trkpt>
			<trkpt lat="47.396330" lon="-1.178710"><ele>21</ele><time>2026-03-01T08:15:48Z</time></trkpt>
			<trkpt lat="47.396490" lon="-1.178550"><ele>22</ele><time>2026-03-01T08:16:00Z</time></trkpt>
			<trkpt lat="47.396780" lon="-1.178220"><ele>23</ele><time>2026-03-01T08:16:12Z</time></trkpt>
			<trkpt lat="47.396900" lon="-1.178060"><ele>24</ele><time>2026-03-01T08:16:24Z</time></trkpt>
			<trkpt lat="47.397020" lon="-1.177890"><ele>24</ele><time>2026-03-01T08:16:36Z</time></trkpt>
			<trkpt lat="47.397400" lon="-1.177440"><ele>26</ele><time>2026-03-01T08:16:48Z</time></trkpt>
			<trkpt lat="47.397460" lon="-1.177370"><ele>26</ele><time>2026-03-01T08:17:00Z</time></trkpt>
			<trkpt lat="47.397680" lon="-1.177210"><ele>26</ele><time>2026-03-01T08:17:12Z</time></trkpt>
			<trkpt lat="47.398080" lon="-1.176950"><ele>26</ele><time>2026-03-01T08:17:24Z</time></trkpt>
			<trkpt lat="47.398330" lon="-1.176760"><ele>27</ele><time>2026-03-01T08:17:36Z</time></trkpt>
			<trkpt lat="47.398480" lon="-1.176640"><ele>27</ele><time>2026-03-01T08:17:48Z</time></trkpt>
			<trkpt lat="47.398970" lon="-1.176320"><ele>27</ele><time>2026-03-01T08:18:00Z</time></trkpt>
			<trkpt lat="47.399040" lon="-1.176260"><ele>27</ele><time>2026-03-01T08:18:12Z</time></trkpt>
			<trkpt lat="47.399580" lon="-1.175700"><ele>26</ele><time>2026-03-01T08:18:24Z</time></trkpt>
			<trkpt lat="47.400300" lon="-1.174930"><ele>23</ele><time>2026-03-01T08:18:36Z</time></trkpt>
			<trkpt lat="47.400400" lon="-1.174830"><ele>22</ele><time>2026-03-01T08:18:48Z</time></trkpt>
			<trkpt lat="47.400390" lon="-1.174780"><ele>22</ele><time>2026-03-01T08:19:00Z</time></trkpt>
			<trkpt lat="47.400380" lon="-1.174640"><ele>22</ele><time>2026-03-01T08:19:12Z</time></trkpt>
			<trkpt lat="47.400560" lon="-1.173040"><ele>20</ele><time>2026-03-01T08:19:24Z</time></trkpt>
			<trkpt lat="47.400560" lon="-1.172720"><ele>20</ele><time>2026-03-01T08:19:36Z</time></trkpt>
			<trkpt lat="47.400550" lon="-1.172400"><ele>20</ele><time>2026-03-01T08:19:48Z</time></trkpt>
			<trkpt lat="47.400460" lon="-1.171260"><ele>16</ele><time>2026-03-01T08:20:00Z</time></trkpt>
			<trkpt lat="47.400430" lon="-1.171020"><ele>15</ele><time>2026-03-01T08:20:12Z</time></trkpt>
			<trkpt lat="47.400370" lon="-1.170850"><ele>15</ele><time>2026-03-01T08:20:24Z</time></trkpt>
			<trkpt lat="47.400310" lon="-1.170730"><ele>15</ele><time>2026-03-01T08:20:36Z</time></trkpt>
			<trkpt lat="47.400230" lon="-1.170620"><ele>14</ele><time>2026-03-01T08:20:48Z</time></trkpt>
			<trkpt lat="47.399910" lon="-1.170340"><ele>12</ele><time>2026-03-01T08:21:00Z</time></trkpt>
			<trkpt lat="47.399310" lon="-1.169850"><ele>10</ele><time>2026-03-01T08:21:12Z</time></trkpt>
			<trkpt lat="47.399030" lon="-1.169560"><ele>9</ele><time>2026-03-01T08:21:24Z</time></trkpt>
			<trkpt lat="47.398920" lon="-1.169380"><ele>9</ele><time>2026-03-01T08:21:36Z</time></trkpt>
			<trkpt lat="47.398700" lon="-1.168800"><ele>9</ele><time>2026-03-01T08:21:48Z</time></trkpt>
			<trkpt lat="47.398390" lon="-1.167940"><ele>8</ele><time>2026-03-01T08:22:00Z</time></trkpt>
			<trkpt lat="47.398170" lon="-1.167330"><ele>7</ele><time>2026-03-01T08:22:12Z</time></trkpt>
			<trkpt lat="47.398050" lon="-1.166980"><ele>7</ele><time>2026-03-01T08:22:24Z</time></trkpt>
			<trkpt lat="47.398000" lon="-1.166750"><ele>7</ele><time>2026-03-01T08:22:36Z</time></trkpt>
			<trkpt lat="47.397980" lon="-1.166610"><ele>7</ele><time>2026-03-01T08:22:48Z</time></trkpt>
			<trkpt lat="47.397980" lon="-1.166460"><ele>7</ele><time>2026-03-01T08:23:00Z</time></trkpt>
			<trkpt lat="47.397990" lon="-1.166310"><ele>7</ele><time>2026-03-01T08:23:12Z</time></trkpt>
			<trkpt lat="47.398020" lon="-1.166160"><ele>7</ele><time>2026-03-01T08:23:24Z</time></trkpt>
			<trkpt lat="47.398090" lon="-1.165930"><ele>8</ele><time>2026-03-01T08:23:36Z</time></trkpt>
			<trkpt lat="47.398330" lon="-1.165380"><ele>8</ele><time>2026-03-01T08:23:48Z</time></trkpt>
			<trkpt lat="47.398780" lon="-1.164420"><ele>9</ele><time>2026-03-01T08:24:00Z</time></trkpt>
			<trkpt lat="47.399240" lon="-1.163370"><ele>11</ele><time>2026-03-01T08:24:12Z</time></trkpt>
			<trkpt lat="47.399330" lon="-1.163110"><ele>11</ele><time>2026-03-01T08:24:24Z</time></trkpt>
			<trkpt lat="47.399360" lon="-1.163000"><ele>11</ele><time>2026-03-01T08:24:36Z</time></trkpt>
			<trkpt lat="47.399370" lon="-1.162890"><ele>11</ele><time>2026-03-01T08:24:48Z</time></trkpt>
			<trkpt lat="47.399350" lon="-1.162740"><ele>11</ele><time>2026-03-01T08:25:00Z</time></trkpt>
			<trkpt lat="47.399310" lon="-1.162570"><ele>11</ele><time>2026-03-01T08:25:12Z</time></trkpt>
			<trkpt lat="47.399140" lon="-1.162250"><ele>11</ele><time>2026-03-01T08:25:24Z</time></trkpt>
			<trkpt lat="47.398840" lon="-1.161700"><ele>12</ele><time>2026-03-01T08:25:36Z</time></trkpt>
			<trkpt lat="47.398760" lon="-1.161490"><ele>12</ele><time>2026-03-01T08:25:48Z</time></trkpt>
			<trkpt lat="47.398730" lon="-1.161290"><ele>12</ele><time>2026-03-01T08:26:00Z</time></trkpt>
			<trkpt lat="47.398710" lon="-1.161040"><ele>12</ele><time>2026-03-01T08:26:12Z</time></trkpt>
			<trkpt lat="47.398720" lon="-1.160540"><ele>11</ele><time>2026-03-01T08:26:24Z</time></trkpt>
			<trkpt lat="47.398730" lon="-1.160080"><ele>11</ele><time>2026-03-01T08:26:36Z</time></trkpt>
			<trkpt lat="47.398760" lon="-1.159810"><ele>11</ele><time>2026-03-01T08:26:48Z</time></trkpt>
			<trkpt lat="47.398840" lon="-1.159500"><ele>12</ele><time>2026-03-01T08:27:00Z</time></trkpt>
			<trkpt lat="47.398980" lon="-1.159110"><ele>13</ele><time>2026-03-01T08:27:12Z</time></trkpt>
			<trkpt lat="47.399140" lon="-1.158750"><ele>13</ele><time>2026-03-01T08:27:24Z</time></trkpt>
			<trkpt lat="47.399610" lon="-1.157760"><ele>13</ele><time>2026-03-01T08:27:36Z</time></trkpt>
			<trkpt lat="47.400140" lon="-1.156710"><ele>11</ele><time>2026-03-01T08:27:48Z</time></trkpt>
			<trkpt lat="47.400270" lon="-1.156400"><ele>11</ele><time>2026-03-01T08:28:00Z</time></trkpt>
			<trkpt lat="47.400540" lon="-1.155670"><ele>12</ele><time>2026-03-01T08:28:12Z</time></trkpt>
			<trkpt lat="47.400900" lon="-1.155120"><ele>13</ele><time>2026-03-01T08:28:24Z</time></trkpt>
			<trkpt lat="47.401200" lon="-1.154690"><ele>14</ele><time>2026-03-01T08:28:36Z</time></trkpt>
			<trkpt lat="47.401290" lon="-1.154480"><ele>15</ele><time>2026-03-01T08:28:48Z</time></trkpt>
			<trkpt lat="47.401310" lon="-1.154300"><ele>15</ele><time>2026-03-01T08:29:00Z</time></trkpt>
			<trkpt lat="47.401630" lon="-1.154160"><ele>16</ele><time>2026-03-01T08:29:12Z</time></trkpt>
			<trkpt lat="47.402030" lon="-1.154000"><ele>16</ele><time>2026-03-01T08:29:24Z</time></trkpt>
			<trkpt lat="47.402230" lon="-1.153880"><ele>16</ele><time>2026-03-01T08:29:36Z</time></trkpt>
			<trkpt lat="47.402330" lon="-1.153750"><ele>16</ele><time>2026-03-01T08:29:48Z</time></trkpt>
			<trkpt lat="47.402480" lon="-1.153520"><ele>15</ele><time>2026-03-01T08:30:00Z</time></trkpt>
			<trkpt lat="47.402500" lon="-1.153460"><ele>15</ele><time>2026-03-01T08:30:12Z</time></trkpt>
			<trkpt lat="47.402620" lon="-1.153190"><ele>15</ele><time>2026-03-01T08:30:24Z</time></trkpt>
			<trkpt lat="47.402730" lon="-1.153000"><ele>15</ele><time>2026-03-01T08:30:36Z</time></trkpt>
			<trkpt lat="47.402850" lon="-1.152630"><ele>15</ele><time>2026-03-01T08:30:48Z</time></trkpt>
			<trkpt lat="47.403110" lon="-1.151950"><ele>16</ele><time>2026-03-01T08:31:00Z</time></trkpt>
			<trkpt lat="47.403240" lon="-1.151700"><ele>17</ele><time>2026-03-01T08:31:12Z</time></trkpt>
			<trkpt lat="47.403330" lon="-1.151590"><ele>17</ele><time>2026-03-01T08:31:24Z</time></trkpt>
			<trkpt lat="47.403530" lon="-1.151360"><ele>18</ele><time>2026-03-01T08:31:36Z</time></trkpt>
			<trkpt lat="47.403590" lon="-1.151280"><ele>19</ele><time>2026-03-01T08:31:48Z</time></trkpt>
			<trkpt lat="47.403800" lon="-1.151030"><ele>19</ele><time>2026-03-01T08:32:00Z</time></trkpt>
			<trkpt lat="47.403980" lon="-1.150850"><ele>20</ele><time>2026-03-01T08:32:12Z</time></trkpt>
			<trkpt lat="47.404150" lon="-1.150750"><ele>20</ele><time>2026-03-01T08:32:24Z</time></trkpt>
			<trkpt lat="47.404330" lon="-1.150690"><ele>20</ele><time>2026-03-01T08:32:36Z</time></trkpt>
			<trkpt lat="47.404880" lon="-1.150630"><ele>21</ele><time>2026-03-01T08:32:48Z</time></trkpt>
			<trkpt lat="47.404920" lon="-1.150620"><ele>21</ele><time>2026-03-01T08:33:00Z</time></trkpt>
			<trkpt lat="47.404930" lon="-1.150490"><ele>21</ele><time>2026-03-01T08:33:12Z</time></trkpt>
			<trkpt lat="47.405120" lon="-1.148570"><ele>23</ele><time>2026-03-01T08:33:24Z</time></trkpt>
			<trkpt lat="47.405120" lon="-1.148080"><ele>23</ele><time>2026-03-01T08:33:36Z</time></trkpt>
			<trkpt lat="47.405160" lon="-1.146680"><ele>24</ele><time>2026-03-01T08:33:48Z</time></trkpt>
			<trkpt lat="47.405200" lon="-1.146220"><ele>25</ele><time>2026-03-01T08:34:00Z</time></trkpt>
			<trkpt lat="47.405230" lon="-1.145880"><ele>26</ele><time>2026-03-01T08:34:12Z</time></trkpt>
			<trkpt lat="47.405270" lon="-1.145630"><ele>26</ele><time>2026-03-01T08:34:24Z</time></trkpt>
			<trkpt lat="47.405350" lon="-1.145410"><ele>25</ele><time>2026-03-01T08:34:36Z</time></trkpt>
			<trkpt lat="47.405660" lon="-1.144970"><ele>25</ele><time>2026-03-01T08:34:48Z</time></trkpt>
			<trkpt lat="47.405740" lon="-1.144840"><ele>25</ele><time>2026-03-01T08:35:00Z</time></trkpt>
			<trkpt lat="47.405830" lon="-1.144570"><ele>26</ele><time>2026-03-01T08:35:12Z</time></trkpt>
			<trkpt lat="47.405870" lon="-1.144130"><ele>27</ele><time>2026-03-01T08:35:24Z</time></trkpt>
			<trkpt lat="47.405910" lon="-1.143980"><ele>27</ele><time>2026-03-01T08:35:36Z</time></trkpt>
			<trkpt lat="47.405970" lon="-1.143870"><ele>27</ele><time>2026-03-01T08:35:48Z</time></trkpt>
			<trkpt lat="47.406090" lon="-1.143780"><ele>27</ele><time>2026-03-01T08:36:00Z</time></trkpt>
			<trkpt lat="47.406380" lon="-1.143660"><ele>27</ele><time>2026-03-01T08:36:12Z</time></trkpt>
			<trkpt lat="47.406660" lon="-1.143480"><ele>27</ele><time>2026-03-01T08:36:24Z</time></trkpt>
			<trkpt lat="47.406860" lon="-1.143200"><ele>27</ele><time>2026-03-01T08:36:36Z</time></trkpt>
			<trkpt lat="47.407030" lon="-1.142880"><ele>27</ele><time>2026-03-01T08:36:48Z</time></trkpt>
			<trkpt lat="47.407220" lon="-1.142580"><ele>27</ele><time>2026-03-01T08:37:00Z</time></trkpt>
			<trkpt lat="47.407470" lon="-1.142300"><ele>27</ele><time>2026-03-01T08:37:12Z</time></trkpt>
			<trkpt lat="47.407700" lon="-1.142080"><ele>28</ele><time>2026-03-01T08:37:24Z</time></trkpt>
			<trkpt lat="47.407980" lon="-1.141890"><ele>28</ele><time>2026-03-01T08:37:36Z</time></trkpt>
			<trkpt lat="47.408820" lon="-1.141430"><ele>30</ele><time>2026-03-01T08:37:48Z</time></trkpt>
			<trkpt lat="47.409250" lon="-1.141230"><ele>31</ele><time>2026-03-01T08:38:00Z</time></trkpt>
			<trkpt lat="47.409180" lon="-1.140950"><ele>31</ele><time>2026-03-01T08:38:12Z</time></trkpt>
			<trkpt lat="47.409040" lon="-1.140600"><ele>31</ele><time>2026-03-01T08:38:24Z</time></trkpt>
			<trkpt lat="47.408800" lon="-1.140150"><ele>31</ele><time>2026-03-01T08:38:36Z</time></trkpt>
			<trkpt lat="47.408630" lon="-1.139800"><ele>31</ele><time>2026-03-01T08:38:48Z</time></trkpt>
			<trkpt lat="47.408480" lon="-1.139380"><ele>31</ele><time>2026-03-01T08:39:00Z</time></trkpt>
			<trkpt lat="47.408230" lon="-1.138190"><ele>29</ele><time>2026-03-01T08:39:12Z</time></trkpt>
			<trkpt lat="47.408100" lon="-1.137490"><ele>31</ele><time>2026-03-01T08:39:24Z</time></trkpt>
			<trkpt lat="47.407970" lon="-1.137010"><ele>31</ele><time>2026-03-01T08:39:36Z</time></trkpt>
			<trkpt lat="47.407860" lon="-1.136640"><ele>31</ele><time>2026-03-01T08:39:48Z</time></trkpt>
			<trkpt lat="47.407810" lon="-1.136500"><ele>31</ele><time>2026-03-01T08:40:00Z</time></trkpt>
			<trkpt lat="47.407750" lon="-1.136300"><ele>31</ele><time>2026-03-01T08:40:12Z</time></trkpt>
			<trkpt lat="47.407650" lon="-1.135710"><ele>31</ele><time>2026-03-01T08:40:24Z</time></trkpt>
			<trkpt lat="47.407540" lon="-1.135050"><ele>31</ele><time>2026-03-01T08:40:36Z</time></trkpt>
			<trkpt lat="47.407490" lon="-1.134730"><ele>31</ele><time>2026-03-01T08:40:48Z</time></trkpt>
			<trkpt lat="47.407440" lon="-1.134470"><ele>31</ele><time>2026-03-01T08:41:00Z</time></trkpt>
			<trkpt lat="47.407430" lon="-1.134440"><ele>31</ele><time>2026-03-01T08:41:12Z</time></trkpt>
			<trkpt lat="47.409790" lon="-1.132890"><ele>30</ele><time>2026-03-01T08:41:24Z</time></trkpt>
			<trkpt lat="47.410330" lon="-1.132520"><ele>31</ele><time>2026-03-01T08:41:36Z</time></trkpt>
			<trkpt lat="47.410530" lon="-1.132410"><ele>31</ele><time>2026-03-01T08:41:48Z</time></trkpt>
			<trkpt lat="47.410770" lon="-1.132280"><ele>31</ele><time>2026-03-01T08:42:00Z</time></trkpt>
			<trkpt lat="47.413410" lon="-1.131180"><ele>22</ele><time>2026-03-01T08:42:12Z</time></trkpt>
			<trkpt lat="47.413560" lon="-1.131120"><ele>22</ele><time>2026-03-01T08:42:24Z</time></trkpt>
			<trkpt lat="47.414320" lon="-1.130800"><ele>21</ele><time>2026-03-01T08:42:36Z</time></trkpt>
			<trkpt lat="47.414770" lon="-1.130600"><ele>22</ele><time>2026-03-01T08:42:48Z</time></trkpt>
			<trkpt lat="47.414940" lon="-1.130500"><ele>23</ele><time>2026-03-01T08:43:00Z</time></trkpt>
			<trkpt lat="47.415240" lon="-1.130280"><ele>23</ele><time>2026-03-01T08:43:12Z</time></trkpt>
			<trkpt lat="47.415370" lon="-1.130150"><ele>23</ele><time>2026-03-01T08:43:24Z</time></trkpt>
			<trkpt lat="47.415530" lon="-1.129960"><ele>23</ele><time>2026-03-01T08:43:36Z</time></trkpt>
			<trkpt lat="47.415620" lon="-1.129850"><ele>23</ele><time>2026-03-01T08:43:48Z</time></trkpt>
			<trkpt lat="47.415700" lon="-1.129740"><ele>23</ele><time>2026-03-01T08:44:00Z</time></trkpt>
			<trkpt lat="47.415890" lon="-1.129400"><ele>24</ele><time>2026-03-01T08:44:12Z</time></trkpt>
			<trkpt lat="47.416010" lon="-1.129170"><ele>25</ele><time>2026-03-01T08:44:24Z</time></trkpt>
			<trkpt lat="47.416150" lon="-1.128830"><ele>25</ele><time>2026-03-01T08:44:36Z</time></trkpt>
			<trkpt lat="47.416220" lon="-1.128650"><ele>25</ele><time>2026-03-01T08:44:48Z</time></trkpt>
			<trkpt lat="47.416270" lon="-1.128460"><ele>25</ele><time>2026-03-01T08:45:00Z</time></trkpt>
			<trkpt lat="47.416370" lon="-1.128050"><ele>25</ele><time>2026-03-01T08:45:12Z</time></trkpt>
			<trkpt lat="47.417280" lon="-1.123620"><ele>29</ele><time>2026-03-01T08:45:24Z</time></trkpt>
			<trkpt lat="47.417340" lon="-1.123190"><ele>29</ele><time>2026-03-01T08:45:36Z</time></trkpt>
			<trkpt lat="47.417350" lon="-1.122970"><ele>30</ele><time>2026-03-01T08:45:48Z</time></trkpt>
			<trkpt lat="47.417350" lon="-1.122770"><ele>30</ele><time>2026-03-01T08:46:00Z</time></trkpt>
			<trkpt lat="47.417340" lon="-1.122600"><ele>31</ele><time>2026-03-01T08:46:12Z</time></trkpt>
			<trkpt lat="47.417300" lon="-1.122170"><ele>32</ele><time>2026-03-01T08:46:24Z</time></trkpt>
			<trkpt lat="47.417300" lon="-1.121950"><ele>33</ele><time>2026-03-01T08:46:36Z</time></trkpt>
			<trkpt lat="47.417310" lon="-1.121670"><ele>34</ele><time>2026-03-01T08:46:48Z</time></trkpt>
			<trkpt lat="47.417340" lon="-1.121490"><ele>34</ele><time>2026-03-01T08:47:00Z</time></trkpt>
			<trkpt lat="47.417390" lon="-1.121320"><ele>34</ele><time>2026-03-01T08:47:12Z</time></trkpt>
			<trkpt lat="47.417570" lon="-1.120800"><ele>34</ele><time>2026-03-01T08:47:24Z</time></trkpt>
			<trkpt lat="47.417830" lon="-1.121090"><ele>33</ele><time>2026-03-01T08:47:36Z</time></trkpt>
			<trkpt lat="47.418260" lon="-1.121530"><ele>32</ele><time>2026-03-01T08:47:48Z</time></trkpt>
			<trkpt lat="47.419000" lon="-1.122280"><ele>30</ele><time>2026-03-01T08:48:00Z</time></trkpt>
			<trkpt lat="47.419340" lon="-1.122650"><ele>29</ele><time>2026-03-01T08:48:12Z</time></trkpt>
			<trkpt lat="47.419680" lon="-1.123080"><ele>28</ele><time>2026-03-01T08:48:24Z</time></trkpt>
			<trkpt lat="47.419800" lon="-1.123180"><ele>28</ele><time>2026-03-01T08:48:36Z</time></trkpt>
			<trkpt lat="47.419910" lon="-1.123250"><ele>27</ele><time>2026-03-01T08:48:48Z</time></trkpt>
			<trkpt lat="47.420100" lon="-1.123340"><ele>27</ele><time>2026-03-01T08:49:00Z</time></trkpt>
			<trkpt lat="47.420230" lon="-1.123360"><ele>27</ele><time>2026-03-01T08:49:12Z</time></trkpt>
			<trkpt lat="47.420380" lon="-1.123360"><ele>27</ele><time>2026-03-01T08:49:24Z</time></trkpt>
			<trkpt lat="47.420750" lon="-1.123320"><ele>27</ele><time>2026-03-01T08:49:36Z</time></trkpt>
			<trkpt lat="47.421100" lon="-1.123270"><ele>27</ele><time>2026-03-01T08:49:48Z</time></trkpt>
			<trkpt lat="47.422300" lon="-1.123070"><ele>27</ele><time>2026-03-01T08:50:00Z</time></trkpt>
			<trkpt lat="47.422670" lon="-1.123020"><ele>28</ele><time>2026-03-01T08:50:12Z</time></trkpt>
			<trkpt lat="47.422950" lon="-1.123010"><ele>28</ele><time>2026-03-01T08:50:24Z</time></trkpt>
			<trkpt lat="47.423400" lon="-1.123070"><ele>30</ele><time>2026-03-01T08:50:36Z</time></trkpt>
			<trkpt lat="47.424450" lon="-1.123470"><ele>35</ele><time>2026-03-01T08:50:48Z</time></trkpt>
			<trkpt lat="47.425190" lon="-1.123740"><ele>36</ele><time>2026-03-01T08:51:00Z</time></trkpt>
			<trkpt lat="47.425520" lon="-1.123800"><ele>37</ele><time>2026-03-01T08:51:12Z</time></trkpt>
			<trkpt lat="47.426130" lon="-1.123860"><ele>38</ele><time>2026-03-01T08:51:24Z</time></trkpt>
			<trkpt lat="47.426240" lon="-1.123870"><ele>38</ele><time>2026-03-01T08:51:36Z</time></trkpt>
			<trkpt lat="47.426550" lon="-1.123930"><ele>39</ele><time>2026-03-01T08:51:48Z</time></trkpt>
			<trkpt lat="47.427430" lon="-1.122040"><ele>41</ele><time>2026-03-01T08:52:00Z</time></trkpt>
			<trkpt lat="47.427690" lon="-1.121460"><ele>42</ele><time>2026-03-01T08:52:12Z</time></trkpt>
			<trkpt lat="47.427860" lon="-1.120990"><ele>42</ele><time>2026-03-01T08:52:24Z</time></trkpt>
			<trkpt lat="47.427990" lon="-1.120570"><ele>41</ele><time>2026-03-01T08:52:36Z</time></trkpt>
			<trkpt lat="47.428330" lon="-1.119190"><ele>43</ele><time>2026-03-01T08:52:48Z</time></trkpt>
			<trkpt lat="47.428380" lon="-1.119030"><ele>43</ele><time>2026-03-01T08:53:00Z</time></trkpt>
			<trkpt lat="47.428530" lon="-1.118640"><ele>43</ele><time>2026-03-01T08:53:12Z</time></trkpt>
			<trkpt lat="47.428670" lon="-1.118410"><ele>44</ele><time>2026-03-01T08:53:24Z</time></trkpt>
			<trkpt lat="47.428960" lon="-1.117970"><ele>45</ele><time>2026-03-01T08:53:36Z</time></trkpt>
			<trkpt lat="47.429120" lon="-1.117650"><ele>45</ele><time>2026-03-01T08:53:48Z</time></trkpt>
			<trkpt lat="47.429150" lon="-1.117460"><ele>45</ele><time>2026-03-01T08:54:00Z</time></trkpt>
			<trkpt lat="47.429160" lon="-1.117250"><ele>45</ele><time>2026-03-01T08:54:12Z</time></trkpt>
			<trkpt lat="47.429130" lon="-1.116970"><ele>44</ele><time>2026-03-01T08:54:24Z</time></trkpt>
			<trkpt lat="47.429070" lon="-1.116650"><ele>44</ele><time>2026-03-01T08:54:36Z</time></trkpt>
			<trkpt lat="47.429000" lon="-1.116340"><ele>44</ele><time>2026-03-01T08:54:48Z</time></trkpt>
			<trkpt lat="47.428980" lon="-1.116150"><ele>44</ele><time>2026-03-01T08:55:00Z</time></trkpt>
			<trkpt lat="47.428990" lon="-1.115970"><ele>44</ele><time>2026-03-01T08:55:12Z</time></trkpt>
			<trkpt lat="47.429130" lon="-1.115130"><ele>44</ele><time>2026-03-01T08:55:24Z</time></trkpt>
			<trkpt lat="47.429160" lon="-1.114800"><ele>44</ele><time>2026-03-01T08:55:36Z</time></trkpt>
			<trkpt lat="47.429120" lon="-1.114380"><ele>45</ele><time>2026-03-01T08:55:48Z</time></trkpt>
			<trkpt lat="47.429070" lon="-1.114150"><ele>45</ele><time>2026-03-01T08:56:00Z</time></trkpt>
			<trkpt lat="47.428930" lon="-1.113900"><ele>45</ele><time>2026-03-01T08:56:12Z</time></trkpt>
			<trkpt lat="47.428410" lon="-1.113270"><ele>46</ele><time>2026-03-01T08:56:24Z</time></trkpt>
			<trkpt lat="47.428300" lon="-1.113080"><ele>47</ele><time>2026-03-01T08:56:36Z</time></trkpt>
			<trkpt lat="47.428230" lon="-1.112880"><ele>47</ele><time>2026-03-01T08:56:48Z</time></trkpt>
			<trkpt lat="47.428210" lon="-1.112700"><ele>47</ele><time>2026-03-01T08:57:00Z</time></trkpt>
			<trkpt lat="47.428220" lon="-1.112540"><ele>48</ele><time>2026-03-01T08:57:12Z</time></trkpt>
			<trkpt lat="47.428240" lon="-1.112370"><ele>48</ele><time>2026-03-01T08:57:24Z</time></trkpt>
			<trkpt lat="47.428330" lon="-1.112080"><ele>48</ele><time>2026-03-01T08:57:36Z</time></trkpt>
			<trkpt lat="47.428450" lon="-1.111920"><ele>48</ele><time>2026-03-01T08:57:48Z</time></trkpt>
			<trkpt lat="47.428510" lon="-1.111790"><ele>49</ele><time>2026-03-01T08:58:00Z</time></trkpt>
			<trkpt lat="47.428540" lon="-1.111680"><ele>49</ele><time>2026-03-01T08:58:12Z</time></trkpt>
			<trkpt lat="47.428580" lon="-1.111430"><ele>49</ele><time>2026-03-01T08:58:24Z</time></trkpt>
			<trkpt lat="47.428600" lon="-1.111040"><ele>49</ele><time>2026-03-01T08:58:36Z</time></trkpt>
			<trkpt lat="47.428580" lon="-1.109400"><ele>51</ele><time>2026-03-01T08:58:48Z</time></trkpt>
			<trkpt lat="47.428570" lon="-1.108750"><ele>52</ele><time>2026-03-01T08:59:00Z</time></trkpt>
			<trkpt lat="47.428520" lon="-1.108260"><ele>52</ele><time>2026-03-01T08:59:12Z</time></trkpt>
			<trkpt lat="47.428400" lon="-1.107360"><ele>51</ele><time>2026-03-01T08:59:24Z</time></trkpt>
			<trkpt lat="47.428280" lon="-1.106460"><ele>51</ele><time>2026-03-01T08:59:36Z</time></trkpt>
			<trkpt lat="47.428200" lon="-1.105930"><ele>52</ele><time>2026-03-01T08:59:48Z</time></trkpt>
			<trkpt lat="47.428150" lon="-1.105620"><ele>52</ele><time>2026-03-01T09:00:00Z</time></trkpt>
			<trkpt lat="47.428100" lon="-1.105340"><ele>52</ele><time>2026-03-01T09:00:12Z</time></trkpt>
			<trkpt lat="47.428030" lon="-1.105100"><ele>52</ele><time>2026-03-01T09:00:24Z</time></trkpt>
			<trkpt lat="47.427960" lon="-1.104950"><ele>52</ele><time>2026-03-01T09:00:36Z</time></trkpt>
			<trkpt lat="47.427610" lon="-1.104220"><ele>51</ele><time>2026-03-01T09:00:48Z</time></trkpt>
			<trkpt lat="47.427560" lon="-1.104030"><ele>51</ele><time>2026-03-01T09:01:00Z</time></trkpt>
			<trkpt lat="47.427560" lon="-1.103910"><ele>51</ele><time>2026-03-01T09:01:12Z</time></trkpt>
			<trkpt lat="47.427580" lon="-1.103730"><ele>51</ele><time>2026-03-01T09:01:24Z</time></trkpt>
			<trkpt lat="47.427670" lon="-1.103350"><ele>52</ele><time>2026-03-01T09:01:36Z</time></trkpt>
			<trkpt lat="47.427740" lon="-1.103040"><ele>52</ele><time>2026-03-01T09:01:48Z</time></trkpt>
			<trkpt lat="47.427740" lon="-1.102830"><ele>52</ele><time>2026-03-01T09:02:00Z</time></trkpt>
			<trkpt lat="47.427680" lon="-1.102620"><ele>52</ele><time>2026-03-01T09:02:12Z</time></trkpt>
			<trkpt lat="47.427720" lon="-1.102470"><ele>52</ele><time>2026-03-01T09:02:24Z</time></trkpt>
			<trkpt lat="47.427830" lon="-1.101990"><ele>52</ele><time>2026-03-01T09:02:36Z</time></trkpt>
			<trkpt lat="47.428190" lon="-1.100120"><ele>55</ele><time>2026-03-01T09:02:48Z</time></trkpt>
			<trkpt lat="47.428250" lon="-1.099920"><ele>56</ele><time>2026-03-01T09:03:00Z</time></trkpt>
			<trkpt lat="47.428420" lon="-1.099610"><ele>57</ele><time>2026-03-01T09:03:12Z</time></trkpt>
			<trkpt lat="47.428740" lon="-1.099180"><ele>57</ele><time>2026-03-01T09:03:24Z</time></trkpt>
			<trkpt lat="47.430310" lon="-1.097190"><ele>62</ele><time>2026-03-01T09:03:36Z</time></trkpt>
			<trkpt lat="47.430480" lon="-1.096910"><ele>63</ele><time>2026-03-01T09:03:48Z</time></trkpt>
			<trkpt lat="47.430550" lon="-1.096740"><ele>63</ele><time>2026-03-01T09:04:00Z</time></trkpt>
			<trkpt lat="47.430560" lon="-1.096570"><ele>63</ele><time>2026-03-01T09:04:12Z</time></trkpt>
			<trkpt lat="47.430550" lon="-1.096360"><ele>63</ele><time>2026-03-01T09:04:24Z</time></trkpt>
			<trkpt lat="47.430090" lon="-1.092960"><ele>67</ele><time>2026-03-01T09:04:36Z</time></trkpt>
			<trkpt lat="47.430030" lon="-1.092840"><ele>67</ele><time>2026-03-01T09:04:48Z</time></trkpt>
			<trkpt lat="47.429950" lon="-1.092730"><ele>67</ele><time>2026-03-01T09:05:00Z</time></trkpt>
			<trkpt lat="47.429810" lon="-1.092650"><ele>67</ele><time>2026-03-01T09:05:12Z</time></trkpt>
			<trkpt lat="47.429110" lon="-1.092380"><ele>68</ele><time>2026-03-01T09:05:24Z</time></trkpt>
			<trkpt lat="47.428930" lon="-1.092270"><ele>68</ele><time>2026-03-01T09:05:36Z</time></trkpt>
			<trkpt lat="47.428780" lon="-1.092120"><ele>68</ele><time>2026-03-01T09:05:48Z</time></trkpt>
			<trkpt lat="47.428710" lon="-1.091950"><ele>67</ele><time>2026-03-01T09:06:00Z</time></trkpt>
			<trkpt lat="47.428660" lon="-1.091810"><ele>67</ele><time>2026-03-01T09:06:12Z</time></trkpt>
			<trkpt lat="47.428620" lon="-1.091610"><ele>67</ele><time>2026-03-01T09:06:24Z</time></trkpt>
			<trkpt lat="47.428410" lon="-1.090820"><ele>65</ele><time>2026-03-01T09:06:36Z</time></trkpt>
			<trkpt lat="47.428340" lon="-1.090660"><ele>65</ele><time>2026-03-01T09:06:48Z</time></trkpt>
			<trkpt lat="47.428420" lon="-1.090510"><ele>65</ele><time>2026-03-01T09:07:00Z</time></trkpt>
			<trkpt lat="47.428520" lon="-1.090240"><ele>65</ele><time>2026-03-01T09:07:12Z</time></trkpt>
			<trkpt lat="47.428640" lon="-1.089960"><ele>66</ele><time>2026-03-01T09:07:24Z</time></trkpt>
			<trkpt lat="47.428730" lon="-1.089840"><ele>66</ele><time>2026-03-01T09:07:36Z</time></trkpt>
			<trkpt lat="47.428680" lon="-1.089510"><ele>66</ele><time>2026-03-01T09:07:48Z</time></trkpt>
			<trkpt lat="47.428650" lon="-1.089010"><ele>66</ele><time>2026-03-01T09:08:00Z</time></trkpt>
			<trkpt lat="47.428560" lon="-1.088020"><ele>66</ele><time>2026-03-01T09:08:12Z</time></trkpt>
			<trkpt lat="47.428510" lon="-1.087600"><ele>66</ele><time>2026-03-01T09:08:24Z</time></trkpt>
			<trkpt lat="47.428430" lon="-1.087080"><ele>67</ele><time>2026-03-01T09:08:36Z</time></trkpt>
			<trkpt lat="47.428290" lon="-1.086290"><ele>67</ele><time>2026-03-01T09:08:48Z</time></trkpt>
			<trkpt lat="47.428090" lon="-1.085380"><ele>67</ele><time>2026-03-01T09:09:00Z</time></trkpt>
			<trkpt lat="47.427880" lon="-1.084470"><ele>68</ele><time>2026-03-01T09:09:12Z</time></trkpt>
			<trkpt lat="47.427640" lon="-1.083220"><ele>68</ele><time>2026-03-01T09:09:24Z</time></trkpt>
			<trkpt lat="47.427590" lon="-1.082900"><ele>68</ele><time>2026-03-01T09:09:36Z</time></trkpt>
			<trkpt lat="47.427580" lon="-1.082580"><ele>68</ele><time>2026-03-01T09:09:48Z</time></trkpt>
			<trkpt lat="47.427650" lon="-1.081660"><ele>66</ele><time>2026-03-01T09:10:00Z</time></trkpt>
			<trkpt lat="47.427720" lon="-1.081080"><ele>65</ele><time>2026-03-01T09:10:12Z</time></trkpt>
			<trkpt lat="47.427800" lon="-1.080630"><ele>64</ele><time>2026-03-01T09:10:24Z</time></trkpt>
			<trkpt lat="47.428040" lon="-1.079420"><ele>63</ele><time>2026-03-01T09:10:36Z</time></trkpt>
			<trkpt lat="47.428130" lon="-1.078820"><ele>62</ele><time>2026-03-01T09:10:48Z</time></trkpt>
			<trkpt lat="47.428210" lon="-1.077980"><ele>63</ele><time>2026-03-01T09:11:00Z</time></trkpt>
			<trkpt lat="47.428240" lon="-1.077470"><ele>64</ele><time>2026-03-01T09:11:12Z</time></trkpt>
			<trkpt lat="47.428290" lon="-1.076600"><ele>63</ele><time>2026-03-01T09:11:24Z</time></trkpt>
			<trkpt lat="47.428390" lon="-1.074760"><ele>61</ele><time>2026-03-01T09:11:36Z</time></trkpt>
			<trkpt lat="47.428400" lon="-1.074680"><ele>61</ele><time>2026-03-01T09:11:48Z</time></trkpt>
			<trkpt lat="47.428510" lon="-1.073790"><ele>61</ele><time>2026-03-01T09:12:00Z</time></trkpt>
			<trkpt lat="47.428500" lon="-1.073680"><ele>60</ele><time>2026-03-01T09:12:12Z</time></trkpt>
			<trkpt lat="47.428470" lon="-1.073550"><ele>60</ele><time>2026-03-01T09:12:24Z</time></trkpt>
			<trkpt lat="47.428350" lon="-1.073380"><ele>60</ele><time>2026-03-01T09:12:36Z</time></trkpt>
			<trkpt lat="47.428160" lon="-1.073160"><ele>60</ele><time>2026-03-01T09:12:48Z</time></trkpt>
			<trkpt lat="47.429880" lon="-1.071020"><ele>61</ele><time>2026-03-01T09:13:00Z</time></trkpt>
			<trkpt lat="47.430010" lon="-1.070870"><ele>61</ele><time>2026-03-01T09:13:12Z</time></trkpt>
			<trkpt lat="47.430290" lon="-1.070510"><ele>61</ele><time>2026-03-01T09:13:24Z</time></trkpt>
			<trkpt lat="47.430470" lon="-1.070320"><ele>60</ele><time>2026-03-01T09:13:36Z</time></trkpt>
			<trkpt lat="47.430680" lon="-1.070150"><ele>60</ele><time>2026-03-01T09:13:48Z</time></trkpt>
			<trkpt lat="47.430810" lon="-1.070050"><ele>60</ele><time>2026-03-01T09:14:00Z</time></trkpt>
			<trkpt lat="47.430720" lon="-1.069350"><ele>61</ele><time>2026-03-01T09:14:12Z</time></trkpt>
			<trkpt lat="47.430640" lon="-1.068740"><ele>62</ele><time>2026-03-01T09:14:24Z</time></trkpt>
			<trkpt lat="47.430590" lon="-1.068460"><ele>63</ele><time>2026-03-01T09:14:36Z</time></trkpt>
			<trkpt lat="47.430550" lon="-1.068250"><ele>63</ele><time>2026-03-01T09:14:48Z</time></trkpt>
			<trkpt lat="47.430220" lon="-1.067190"><ele>62</ele><time>2026-03-01T09:15:00Z</time></trkpt>
			<trkpt lat="47.430090" lon="-1.066710"><ele>61</ele><time>2026-03-01T09:15:12Z</time></trkpt>
			<trkpt lat="47.429990" lon="-1.066280"><ele>61</ele><time>2026-03-01T09:15:24Z</time></trkpt>
			<trkpt lat="47.429900" lon="-1.065960"><ele>60</ele><time>2026-03-01T09:15:36Z</time></trkpt>
			<trkpt lat="47.429760" lon="-1.065570"><ele>61</ele><time>2026-03-01T09:15:48Z</time></trkpt>
			<trkpt lat="47.429680" lon="-1.065400"><ele>61</ele><time>2026-03-01T09:16:00Z</time></trkpt>
			<trkpt lat="47.429150" lon="-1.064360"><ele>63</ele><time>2026-03-01T09:16:12Z</time></trkpt>
			<trkpt lat="47.429080" lon="-1.064200"><ele>63</ele><time>2026-03-01T09:16:24Z</time></trkpt>
			<trkpt lat="47.429050" lon="-1.064110"><ele>63</ele><time>2026-03-01T09:16:36Z</time></trkpt>
			<trkpt lat="47.429010" lon="-1.063920"><ele>63</ele><time>2026-03-01T09:16:48Z</time></trkpt>
			<trkpt lat="47.428990" lon="-1.063680"><ele>63</ele><time>2026-03-01T09:17:00Z</time></trkpt>
			<trkpt lat="47.429020" lon="-1.062830"><ele>64</ele><time>2026-03-01T09:17:12Z</time></trkpt>
			<trkpt lat="47.429030" lon="-1.062500"><ele>64</ele><time>2026-03-01T09:17:24Z</time></trkpt>
			<trkpt lat="47.429050" lon="-1.062310"><ele>64</ele><time>2026-03-01T09:17:36Z</time></trkpt>
			<trkpt lat="47.429110" lon="-1.062090"><ele>64</ele><time>2026-03-01T09:17:48Z</time></trkpt>
			<trkpt lat="47.429250" lon="-1.061660"><ele>64</ele><time>2026-03-01T09:18:00Z</time></trkpt>
			<trkpt lat="47.429390" lon="-1.061330"><ele>64</ele><time>2026-03-01T09:18:12Z</time></trkpt>
			<trkpt lat="47.429460" lon="-1.060860"><ele>65</ele><time>2026-03-01T09:18:24Z</time></trkpt>
			<trkpt lat="47.429520" lon="-1.059900"><ele>64</ele><time>2026-03-01T09:18:36Z</time></trkpt>
			<trkpt lat="47.429550" lon="-1.059680"><ele>64</ele><time>2026-03-01T09:18:48Z</time></trkpt>
			<trkpt lat="47.429620" lon="-1.059420"><ele>63</ele><time>2026-03-01T09:19:00Z</time></trkpt>
			<trkpt lat="47.430170" lon="-1.058020"><ele>61</ele><time>2026-03-01T09:19:12Z</time></trkpt>
			<trkpt lat="47.430260" lon="-1.057590"><ele>61</ele><time>2026-03-01T09:19:24Z</time></trkpt>
			<trkpt lat="47.430330" lon="-1.056920"><ele>61</ele><time>2026-03-01T09:19:36Z</time></trkpt>
			<trkpt lat="47.430390" lon="-1.056720"><ele>60</ele><time>2026-03-01T09:19:48Z</time></trkpt>
			<trkpt lat="47.430440" lon="-1.056590"><ele>60</ele><time>2026-03-01T09:20:00Z</time></trkpt>
			<trkpt lat="47.430570" lon="-1.056400"><ele>60</ele><time>2026-03-01T09:20:12Z</time></trkpt>
			<trkpt lat="47.430550" lon="-1.056210"><ele>60</ele><time>2026-03-01T09:20:24Z</time></trkpt>
			<trkpt lat="47.430550" lon="-1.055990"><ele>61</ele><time>2026-03-01T09:20:36Z</time></trkpt>
			<trkpt lat="47.430590" lon="-1.055400"><ele>60</ele><time>2026-03-01T09:20:48Z</time></trkpt>
			<trkpt lat="47.430610" lon="-1.054940"><ele>60</ele><time>2026-03-01T09:21:00Z</time></trkpt>
			<trkpt lat="47.430620" lon="-1.054860"><ele>60</ele><time>2026-03-01T09:21:12Z</time></trkpt>
			<trkpt lat="47.430610" lon="-1.054780"><ele>60</ele><time>2026-03-01T09:21:24Z</time></trkpt>
			<trkpt lat="47.430600" lon="-1.054670"><ele>60</ele><time>2026-03-01T09:21:36Z</time></trkpt>
			<trkpt lat="47.430580" lon="-1.054510"><ele>60</ele><time>2026-03-01T09:21:48Z</time></trkpt>
			<trkpt lat="47.430540" lon="-1.054360"><ele>60</ele><time>2026-03-01T09:22:00Z</time></trkpt>
			<trkpt lat="47.430500" lon="-1.054220"><ele>60</ele><time>2026-03-01T09:22:12Z</time></trkpt>
			<trkpt lat="47.430140" lon="-1.053340"><ele>60</ele><time>2026-03-01T09:22:24Z</time></trkpt>
			<trkpt lat="47.430050" lon="-1.053130"><ele>61</ele><time>2026-03-01T09:22:36Z</time></trkpt>
			<trkpt lat="47.429740" lon="-1.052370"><ele>61</ele><time>2026-03-01T09:22:48Z</time></trkpt>
			<trkpt lat="47.429650" lon="-1.052100"><ele>61</ele><time>2026-03-01T09:23:00Z</time></trkpt>
			<trkpt lat="47.429570" lon="-1.051810"><ele>61</ele><time>2026-03-01T09:23:12Z</time></trkpt>
			<trkpt lat="47.428930" lon="-1.049180"><ele>61</ele><time>2026-03-01T09:23:24Z</time></trkpt>
			<trkpt lat="47.428780" lon="-1.048610"><ele>61</ele><time>2026-03-01T09:23:36Z</time></trkpt>
			<trkpt lat="47.428700" lon="-1.048250"><ele>60</ele><time>2026-03-01T09:23:48Z</time></trkpt>
			<trkpt lat="47.428630" lon="-1.048030"><ele>60</ele><time>2026-03-01T09:24:00Z</time></trkpt>
			<trkpt lat="47.428580" lon="-1.047910"><ele>60</ele><time>2026-03-01T09:24:12Z</time></trkpt>
			<trkpt lat="47.428610" lon="-1.047830"><ele>60</ele><time>2026-03-01T09:24:24Z</time></trkpt>
			<trkpt lat="47.428630" lon="-1.047740"><ele>60</ele><time>2026-03-01T09:24:36Z</time></trkpt>
			<trkpt lat="47.428640" lon="-1.047670"><ele>60</ele><time>2026-03-01T09:24:48Z</time></trkpt>
			<trkpt lat="47.428670" lon="-1.046950"><ele>61</ele><time>2026-03-01T09:25:00Z</time></trkpt>
			<trkpt lat="47.428690" lon="-1.046590"><ele>61</ele><time>2026-03-01T09:25:12Z</time></trkpt>
			<trkpt lat="47.428730" lon="-1.045770"><ele>61</ele><time>2026-03-01T09:25:24Z</time></trkpt>
			<trkpt lat="47.428730" lon="-1.045320"><ele>61</ele><time>2026-03-01T09:25:36Z</time></trkpt>
			<trkpt lat="47.428720" lon="-1.045020"><ele>61</ele><time>2026-03-01T09:25:48Z</time></trkpt>
			<trkpt lat="47.428700" lon="-1.044650"><ele>61</ele><time>2026-03-01T09:26:00Z</time></trkpt>
			<trkpt lat="47.428650" lon="-1.044260"><ele>62</ele><time>2026-03-01T09:26:12Z</time></trkpt>
			<trkpt lat="47.428550" lon="-1.043690"><ele>62</ele><time>2026-03-01T09:26:24Z</time></trkpt>
			<trkpt lat="47.428330" lon="-1.042630"><ele>62</ele><time>2026-03-01T09:26:36Z</time></trkpt>
			<trkpt lat="47.428250" lon="-1.042150"><ele>62</ele><time>2026-03-01T09:26:48Z</time></trkpt>
			<trkpt lat="47.428210" lon="-1.041660"><ele>62</ele><time>2026-03-01T09:27:00Z</time></trkpt>
			<trkpt lat="47.428200" lon="-1.041060"><ele>63</ele><time>2026-03-01T09:27:12Z</time></trkpt>
			<trkpt lat="47.428180" lon="-1.040770"><ele>63</ele><time>2026-03-01T09:27:24Z</time></trkpt>
			<trkpt lat="47.428140" lon="-1.040440"><ele>63</ele><time>2026-03-01T09:27:36Z</time></trkpt>
			<trkpt lat="47.427940" lon="-1.039310"><ele>63</ele><time>2026-03-01T09:27:48Z</time></trkpt>
			<trkpt lat="47.427830" lon="-1.038650"><ele>63</ele><time>2026-03-01T09:28:00Z</time></trkpt>
			<trkpt lat="47.427660" lon="-1.037560"><ele>63</ele><time>2026-03-01T09:28:12Z</time></trkpt>
			<trkpt lat="47.427620" lon="-1.037150"><ele>63</ele><time>2026-03-01T09:28:24Z</time></trkpt>
			<trkpt lat="47.427540" lon="-1.035630"><ele>64</ele><time>2026-03-01T09:28:36Z</time></trkpt>
			<trkpt lat="47.427460" lon="-1.035080"><ele>64</ele><time>2026-03-01T09:28:48Z</time></trkpt>
			<trkpt lat="47.427040" lon="-1.032440"><ele>64</ele><time>2026-03-01T09:29:00Z</time></trkpt>
			<trkpt lat="47.427040" lon="-1.032370"><ele>63</ele><time>2026-03-01T09:29:12Z</time></trkpt>
			<trkpt lat="47.427020" lon="-1.032300"><ele>63</ele><time>2026-03-01T09:29:24Z</time></trkpt>
			<trkpt lat="47.427020" lon="-1.032180"><ele>63</ele><time>2026-03-01T09:29:36Z</time></trkpt>
			<trkpt lat="47.426980" lon="-1.031550"><ele>63</ele><time>2026-03-01T09:29:48Z</time></trkpt>
			<trkpt lat="47.426910" lon="-1.030110"><ele>63</ele><time>2026-03-01T09:30:00Z</time></trkpt>
			<trkpt lat="47.426880" lon="-1.029270"><ele>63</ele><time>2026-03-01T09:30:12Z</time></trkpt>
			<trkpt lat="47.426890" lon="-1.028640"><ele>64</ele><time>2026-03-01T09:30:24Z</time></trkpt>
			<trkpt lat="47.426930" lon="-1.027980"><ele>66</ele><time>2026-03-01T09:30:36Z</time></trkpt>
			<trkpt lat="47.426960" lon="-1.027810"><ele>66</ele><time>2026-03-01T09:30:48Z</time></trkpt>
			<trkpt lat="47.427080" lon="-1.027280"><ele>66</ele><time>2026-03-01T09:31:00Z</time></trkpt>
			<trkpt lat="47.427140" lon="-1.027030"><ele>66</ele><time>2026-03-01T09:31:12Z</time></trkpt>
			<trkpt lat="47.427180" lon="-1.026680"><ele>65</ele><time>2026-03-01T09:31:24Z</time></trkpt>
			<trkpt lat="47.427160" lon="-1.026360"><ele>65</ele><time>2026-03-01T09:31:36Z</time></trkpt>
			<trkpt lat="47.426990" lon="-1.025250"><ele>65</ele><time>2026-03-01T09:31:48Z</time></trkpt>
			<trkpt lat="47.426950" lon="-1.025040"><ele>65</ele><time>2026-03-01T09:32:00Z</time></trkpt>
			<trkpt lat="47.426890" lon="-1.024830"><ele>65</ele><time>2026-03-01T09:32:12Z</time></trkpt>
			<trkpt lat="47.426880" lon="-1.024770"><ele>65</ele><time>2026-03-01T09:32:24Z</time></trkpt>
			<trkpt lat="47.426840" lon="-1.024650"><ele>65</ele><time>2026-03-01T09:32:36Z</time></trkpt>
			<trkpt lat="47.426760" lon="-1.024460"><ele>66</ele><time>2026-03-01T09:32:48Z</time></trkpt>
			<trkpt lat="47.426310" lon="-1.023410"><ele>68</ele><time>2026-03-01T09:33:00Z</time></trkpt>
			<trkpt lat="47.426240" lon="-1.023190"><ele>69</ele><time>2026-03-01T09:33:12Z</time></trkpt>
			<trkpt lat="47.426190" lon="-1.022930"><ele>69</ele><time>2026-03-01T09:33:24Z</time></trkpt>
			<trkpt lat="47.426170" lon="-1.022630"><ele>70</ele><time>2026-03-01T09:33:36Z</time></trkpt>
			<trkpt lat="47.426190" lon="-1.022070"><ele>70</ele><time>2026-03-01T09:33:48Z</time></trkpt>
			<trkpt lat="47.426220" lon="-1.021590"><ele>70</ele><time>2026-03-01T09:34:00Z</time></trkpt>
			<trkpt lat="47.426300" lon="-1.019480"><ele>68</ele><time>2026-03-01T09:34:12Z</time></trkpt>
			<trkpt lat="47.426280" lon="-1.019320"><ele>68</ele><time>2026-03-01T09:34:24Z</time></trkpt>
			<trkpt lat="47.426220" lon="-1.019200"><ele>68</ele><time>2026-03-01T09:34:36Z</time></trkpt>
			<trkpt lat="47.425420" lon="-1.018390"><ele>67</ele><time>2026-03-01T09:34:48Z</time></trkpt>
			<trkpt lat="47.425610" lon="-1.018020"><ele>67</ele><time>2026-03-01T09:35:00Z</time></trkpt>
			<trkpt lat="47.425600" lon="-1.017930"><ele>67</ele><time>2026-03-01T09:35:12Z</time></trkpt>
			<trkpt lat="47.425540" lon="-1.017080"><ele>66</ele><time>2026-03-01T09:35:24Z</time></trkpt>
			<trkpt lat="47.425540" lon="-1.016980"><ele>66</ele><time>2026-03-01T09:35:36Z</time></trkpt>
			<trkpt lat="47.425520" lon="-1.016760"><ele>66</ele><time>2026-03-01T09:35:48Z</time></trkpt>
			<trkpt lat="47.425510" lon="-1.016530"><ele>66</ele><time>2026-03-01T09:36:00Z</time></trkpt>
			<trkpt lat="47.425460" lon="-1.015800"><ele>66</ele><time>2026-03-01T09:36:12Z</time></trkpt>
			<trkpt lat="47.425350" lon="-1.014140"><ele>65</ele><time>2026-03-01T09:36:24Z</time></trkpt>
			<trkpt lat="47.425190" lon="-1.011960"><ele>64</ele><time>2026-03-01T09:36:36Z</time></trkpt>
			<trkpt lat="47.425160" lon="-1.011570"><ele>63</ele><time>2026-03-01T09:36:48Z</time></trkpt>
			<trkpt lat="47.425120" lon="-1.011230"><ele>63</ele><time>2026-03-01T09:37:00Z</time></trkpt>
			<trkpt lat="47.425080" lon="-1.010920"><ele>62</ele><time>2026-03-01T09:37:12Z</time></trkpt>
			<trkpt lat="47.424870" lon="-1.009800"><ele>63</ele><time>2026-03-01T09:37:24Z</time></trkpt>
			<trkpt lat="47.424830" lon="-1.009350"><ele>62</ele><time>2026-03-01T09:37:36Z</time></trkpt>
			<trkpt lat="47.424800" lon="-1.008930"><ele>62</ele><time>2026-03-01T09:37:48Z</time></trkpt>
			<trkpt lat="47.424860" lon="-1.007100"><ele>62</ele><time>2026-03-01T09:38:00Z</time></trkpt>
			<trkpt lat="47.424860" lon="-1.006810"><ele>62</ele><time>2026-03-01T09:38:12Z</time></trkpt>
			<trkpt lat="47.424850" lon="-1.006590"><ele>62</ele><time>2026-03-01T09:38:24Z</time></trkpt>
			<trkpt lat="47.424830" lon="-1.006470"><ele>62</ele><time>2026-03-01T09:38:36Z</time></trkpt>
			<trkpt lat="47.424790" lon="-1.006380"><ele>62</ele><time>2026-03-01T09:38:48Z</time></trkpt>
			<trkpt lat="47.424690" lon="-1.006220"><ele>62</ele><time>2026-03-01T09:39:00Z</time></trkpt>
			<trkpt lat="47.424250" lon="-1.005650"><ele>62</ele><time>2026-03-01T09:39:12Z</time></trkpt>
			<trkpt lat="47.424100" lon="-1.005370"><ele>63</ele><time>2026-03-01T09:39:24Z</time></trkpt>
			<trkpt lat="47.423990" lon="-1.005150"><ele>63</ele><time>2026-03-01T09:39:36Z</time></trkpt>
			<trkpt lat="47.423880" lon="-1.004800"><ele>63</ele><time>2026-03-01T09:39:48Z</time></trkpt>
			<trkpt lat="47.423440" lon="-1.003230"><ele>63</ele><time>2026-03-01T09:40:00Z</time></trkpt>
			<trkpt lat="47.423250" lon="-1.002560"><ele>60</ele><time>2026-03-01T09:40:12Z</time></trkpt>
			<trkpt lat="47.423010" lon="-1.001860"><ele>57</ele><time>2026-03-01T09:40:24Z</time></trkpt>
			<trkpt lat="47.422330" lon="-0.999980"><ele>54</ele><time>2026-03-01T09:40:36Z</time></trkpt>
			<trkpt lat="47.422530" lon="-0.999860"><ele>53</ele><time>2026-03-01T09:40:48Z</time></trkpt>
			<trkpt lat="47.422640" lon="-0.999770"><ele>54</ele><time>2026-03-01T09:41:00Z</time></trkpt>
			<trkpt lat="47.422850" lon="-0.999540"><ele>54</ele><time>2026-03-01T09:41:12Z</time></trkpt>
			<trkpt lat="47.423040" lon="-0.999290"><ele>54</ele><time>2026-03-01T09:41:24Z</time></trkpt>
			<trkpt lat="47.423310" lon="-0.998840"><ele>54</ele><time>2026-03-01T09:41:36Z</time></trkpt>
			<trkpt lat="47.424830" lon="-0.996160"><ele>49</ele><time>2026-03-01T09:41:48Z</time></trkpt>
			<trkpt lat="47.424870" lon="-0.996090"><ele>49</ele><time>2026-03-01T09:42:00Z</time></trkpt>
			<trkpt lat="47.424920" lon="-0.996010"><ele>49</ele><time>2026-03-01T09:42:12Z</time></trkpt>
			<trkpt lat="47.425070" lon="-0.995770"><ele>49</ele><time>2026-03-01T09:42:24Z</time></trkpt>
			<trkpt lat="47.425190" lon="-0.995640"><ele>50</ele><time>2026-03-01T09:42:36Z</time></trkpt>
			<trkpt lat="47.425310" lon="-0.995530"><ele>50</ele><time>2026-03-01T09:42:48Z</time></trkpt>
			<trkpt lat="47.425400" lon="-0.995470"><ele>50</ele><time>2026-03-01T09:43:00Z</time></trkpt>
			<trkpt lat="47.425480" lon="-0.995430"><ele>50</ele><time>2026-03-01T09:43:12Z</time></trkpt>
			<trkpt lat="47.425610" lon="-0.995400"><ele>50</ele><time>2026-03-01T09:43:24Z</time></trkpt>
			<trkpt lat="47.425720" lon="-0.995390"><ele>50</ele><time>2026-03-01T09:43:36Z</time></trkpt>
			<trkpt lat="47.426060" lon="-0.995390"><ele>49</ele><time>2026-03-01T09:43:48Z</time></trkpt>
			<trkpt lat="47.427080" lon="-0.995360"><ele>47</ele><time>2026-03-01T09:44:00Z</time></trkpt>
			<trkpt lat="47.427330" lon="-0.995320"><ele>46</ele><time>2026-03-01T09:44:12Z</time></trkpt>
			<trkpt lat="47.427510" lon="-0.995270"><ele>46</ele><time>2026-03-01T09:44:24Z</time></trkpt>
			<trkpt lat="47.427890" lon="-0.995090"><ele>44</ele><time>2026-03-01T09:44:36Z</time></trkpt>
			<trkpt lat="47.428300" lon="-0.994870"><ele>43</ele><time>2026-03-01T09:44:48Z</time></trkpt>
			<trkpt lat="47.431810" lon="-0.993050"><ele>56</ele><time>2026-03-01T09:45:00Z</time></trkpt>
			<trkpt lat="47.432300" lon="-0.992790"><ele>56</ele><time>2026-03-01T09:45:12Z</time></trkpt>
			<trkpt lat="47.432540" lon="-0.992600"><ele>55</ele><time>2026-03-01T09:45:24Z</time></trkpt>
			<trkpt lat="47.432840" lon="-0.992310"><ele>55</ele><time>2026-03-01T09:45:36Z</time></trkpt>
			<trkpt lat="47.433480" lon="-0.991650"><ele>55</ele><time>2026-03-01T09:45:48Z</time></trkpt>
			<trkpt lat="47.434060" lon="-0.991000"><ele>57</ele><time>2026-03-01T09:46:00Z</time></trkpt>
			<trkpt lat="47.434840" lon="-0.990180"><ele>56</ele><time>2026-03-01T09:46:12Z</time></trkpt>
			<trkpt lat="47.435370" lon="-0.989620"><ele>57</ele><time>2026-03-01T09:46:24Z</time></trkpt>
			<trkpt lat="47.435970" lon="-0.988950"><ele>60</ele><time>2026-03-01T09:46:36Z</time></trkpt>
			<trkpt lat="47.436120" lon="-0.988780"><ele>61</ele><time>2026-03-01T09:46:48Z</time></trkpt>
			<trkpt lat="47.436300" lon="-0.988590"><ele>62</ele><time>2026-03-01T09:47:00Z</time></trkpt>
			<trkpt lat="47.436430" lon="-0.988450"><ele>63</ele><time>2026-03-01T09:47:12Z</time></trkpt>
			<trkpt lat="47.436680" lon="-0.988180"><ele>65</ele><time>2026-03-01T09:47:24Z</time></trkpt>
			<trkpt lat="47.436920" lon="-0.987930"><ele>66</ele><time>2026-03-01T09:47:36Z</time></trkpt>
			<trkpt lat="47.437030" lon="-0.987810"><ele>66</ele><time>2026-03-01T09:47:48Z</time></trkpt>
			<trkpt lat="47.437320" lon="-0.987500"><ele>67</ele><time>2026-03-01T09:48:00Z</time></trkpt>
			<trkpt lat="47.437820" lon="-0.986970"><ele>67</ele><time>2026-03-01T09:48:12Z</time></trkpt>
			<trkpt lat="47.437900" lon="-0.986870"><ele>67</ele><time>2026-03-01T09:48:24Z</time></trkpt>
			<trkpt lat="47.438740" lon="-0.985960"><ele>67</ele><time>2026-03-01T09:48:36Z</time></trkpt>
			<trkpt lat="47.438880" lon="-0.985860"><ele>67</ele><time>2026-03-01T09:48:48Z</time></trkpt>
			<trkpt lat="47.438980" lon="-0.985820"><ele>67</ele><time>2026-03-01T09:49:00Z</time></trkpt>
			<trkpt lat="47.439100" lon="-0.985820"><ele>68</ele><time>2026-03-01T09:49:12Z</time></trkpt>
			<trkpt lat="47.439380" lon="-0.985850"><ele>69</ele><time>2026-03-01T09:49:24Z</time></trkpt>
			<trkpt lat="47.439530" lon="-0.985870"><ele>69</ele><time>2026-03-01T09:49:36Z</time></trkpt>
			<trkpt lat="47.439710" lon="-0.985880"><ele>69</ele><time>2026-03-01T09:49:48Z</time></trkpt>
			<trkpt lat="47.440020" lon="-0.985880"><ele>70</ele><time>2026-03-01T09:50:00Z</time></trkpt>
			<trkpt lat="47.440380" lon="-0.985620"><ele>71</ele><time>2026-03-01T09:50:12Z</time></trkpt>
			<trkpt lat="47.440410" lon="-0.985610"><ele>71</ele><time>2026-03-01T09:50:24Z</time></trkpt>
			<trkpt lat="47.440470" lon="-0.985580"><ele>71</ele><time>2026-03-01T09:50:36Z</time></trkpt>
			<trkpt lat="47.440510" lon="-0.985580"><ele>71</ele><time>2026-03-01T09:50:48Z</time></trkpt>
			<trkpt lat="47.440530" lon="-0.985590"><ele>71</ele><time>2026-03-01T09:51:00Z</time></trkpt>
			<trkpt lat="47.440560" lon="-0.985590"><ele>72</ele><time>2026-03-01T09:51:12Z</time></trkpt>
			<trkpt lat="47.440700" lon="-0.985060"><ele>71</ele><time>2026-03-01T09:51:24Z</time></trkpt>
			<trkpt lat="47.440730" lon="-0.984980"><ele>71</ele><time>2026-03-01T09:51:36Z</time></trkpt>
			<trkpt lat="47.440760" lon="-0.984930"><ele>71</ele><time>2026-03-01T09:51:48Z</time></trkpt>
			<trkpt lat="47.440810" lon="-0.984940"><ele>71</ele><time>2026-03-01T09:52:00Z</time></trkpt>
			<trkpt lat="47.440850" lon="-0.984960"><ele>71</ele><time>2026-03-01T09:52:12Z</time></trkpt>
			<trkpt lat="47.440870" lon="-0.984990"><ele>71</ele><time>2026-03-01T09:52:24Z</time></trkpt>
			<trkpt lat="47.440930" lon="-0.984940"><ele>71</ele><time>2026-03-01T09:52:36Z</time></trkpt>
			<trkpt lat="47.441520" lon="-0.984200"><ele>72</ele><time>2026-03-01T09:52:48Z</time></trkpt>
			<trkpt lat="47.441720" lon="-0.983940"><ele>72</ele><time>2026-03-01T09:53:00Z</time></trkpt>
			<trkpt lat="47.441960" lon="-0.983620"><ele>73</ele><time>2026-03-01T09:53:12Z</time></trkpt>
			<trkpt lat="47.442390" lon="-0.983070"><ele>73</ele><time>2026-03-01T09:53:24Z</time></trkpt>
			<trkpt lat="47.442720" lon="-0.982650"><ele>73</ele><time>2026-03-01T09:53:36Z</time></trkpt>
			<trkpt lat="47.442830" lon="-0.982450"><ele>73</ele><time>2026-03-01T09:53:48Z</time></trkpt>
			<trkpt lat="47.442940" lon="-0.981790"><ele>73</ele><time>2026-03-01T09:54:00Z</time></trkpt>
			<trkpt lat="47.443020" lon="-0.981200"><ele>72</ele><time>2026-03-01T09:54:12Z</time></trkpt>
			<trkpt lat="47.443090" lon="-0.980680"><ele>72</ele><time>2026-03-01T09:54:24Z</time></trkpt>
			<trkpt lat="47.443130" lon="-0.980440"><ele>71</ele><time>2026-03-01T09:54:36Z</time></trkpt>
			<trkpt lat="47.443190" lon="-0.980010"><ele>70</ele><time>2026-03-01T09:54:48Z</time></trkpt>
			<trkpt lat="47.443210" lon="-0.979820"><ele>70</ele><time>2026-03-01T09:55:00Z</time></trkpt>
			<trkpt lat="47.443230" lon="-0.979700"><ele>70</ele><time>2026-03-01T09:55:12Z</time></trkpt>
			<trkpt lat="47.443270" lon="-0.979410"><ele>70</ele><time>2026-03-01T09:55:24Z</time></trkpt>
			<trkpt lat="47.443310" lon="-0.979120"><ele>70</ele><time>2026-03-01T09:55:36Z</time></trkpt>
			<trkpt lat="47.443430" lon="-0.978240"><ele>71</ele><time>2026-03-01T09:55:48Z</time></trkpt>
			<trkpt lat="47.444010" lon="-0.974090"><ele>71</ele><time>2026-03-01T09:56:00Z</time></trkpt>
			<trkpt lat="47.444040" lon="-0.973700"><ele>71</ele><time>2026-03-01T09:56:12Z</time></trkpt>
			<trkpt lat="47.444040" lon="-0.973380"><ele>70</ele><time>2026-03-01T09:56:24Z</time></trkpt>
			<trkpt lat="47.443940" lon="-0.971090"><ele>69</ele><time>2026-03-01T09:56:36Z</time></trkpt>
			<trkpt lat="47.443910" lon="-0.970220"><ele>69</ele><time>2026-03-01T09:56:48Z</time></trkpt>
			<trkpt lat="47.443940" lon="-0.969870"><ele>69</ele><time>2026-03-01T09:57:00Z</time></trkpt>
			<trkpt lat="47.443970" lon="-0.969600"><ele>69</ele><time>2026-03-01T09:57:12Z</time></trkpt>
			<trkpt lat="47.444030" lon="-0.969300"><ele>69</ele><time>2026-03-01T09:57:24Z</time></trkpt>
			<trkpt lat="47.444260" lon="-0.968070"><ele>68</ele><time>2026-03-01T09:57:36Z</time></trkpt>
			<trkpt lat="47.444350" lon="-0.967790"><ele>68</ele><time>2026-03-01T09:57:48Z</time></trkpt>
			<trkpt lat="47.444490" lon="-0.967420"><ele>68</ele><time>2026-03-01T09:58:00Z</time></trkpt>
			<trkpt lat="47.444630" lon="-0.967140"><ele>68</ele><time>2026-03-01T09:58:12Z</time></trkpt>
			<trkpt lat="47.444870" lon="-0.966800"><ele>69</ele><time>2026-03-01T09:58:24Z</time></trkpt>
			<trkpt lat="47.445570" lon="-0.966040"><ele>70</ele><time>2026-03-01T09:58:36Z</time></trkpt>
			<trkpt lat="47.446610" lon="-0.964950"><ele>72</ele><time>2026-03-01T09:58:48Z</time></trkpt>
			<trkpt lat="47.446690" lon="-0.964860"><ele>72</ele><time>2026-03-01T09:59:00Z</time></trkpt>
			<trkpt lat="47.446850" lon="-0.964670"><ele>71</ele><time>2026-03-01T09:59:12Z</time></trkpt>
			<trkpt lat="47.447030" lon="-0.964370"><ele>71</ele><time>2026-03-01T09:59:24Z</time></trkpt>
			<trkpt lat="47.447160" lon="-0.964040"><ele>71</ele><time>2026-03-01T09:59:36Z</time></trkpt>
			<trkpt lat="47.447990" lon="-0.961520"><ele>71</ele><time>2026-03-01T09:59:48Z</time></trkpt>
			<trkpt lat="47.448120" lon="-0.961200"><ele>71</ele><time>2026-03-01T10:00:00Z</time></trkpt>
			<trkpt lat="47.448240" lon="-0.960990"><ele>72</ele><time>2026-03-01T10:00:12Z</time></trkpt>
			<trkpt lat="47.448390" lon="-0.960760"><ele>72</ele><time>2026-03-01T10:00:24Z</time></trkpt>
			<trkpt lat="47.448520" lon="-0.960600"><ele>72</ele><time>2026-03-01T10:00:36Z</time></trkpt>
			<trkpt lat="47.448740" lon="-0.960300"><ele>73</ele><time>2026-03-01T10:00:48Z</time></trkpt>
			<trkpt lat="47.449490" lon="-0.959350"><ele>74</ele><time>2026-03-01T10:01:00Z</time></trkpt>
			<trkpt lat="47.449660" lon="-0.959100"><ele>74</ele><time>2026-03-01T10:01:12Z</time></trkpt>
			<trkpt lat="47.449750" lon="-0.958900"><ele>74</ele><time>2026-03-01T10:01:24Z</time></trkpt>
			<trkpt lat="47.449820" lon="-0.958680"><ele>73</ele><time>2026-03-01T10:01:36Z</time></trkpt>
			<trkpt lat="47.449860" lon="-0.958480"><ele>73</ele><time>2026-03-01T10:01:48Z</time></trkpt>
			<trkpt lat="47.449950" lon="-0.957700"><ele>73</ele><time>2026-03-01T10:02:00Z</time></trkpt>
			<trkpt lat="47.450030" lon="-0.957140"><ele>73</ele><time>2026-03-01T10:02:12Z</time></trkpt>
			<trkpt lat="47.450200" lon="-0.955750"><ele>75</ele><time>2026-03-01T10:02:24Z</time></trkpt>
			<trkpt lat="47.450260" lon="-0.955220"><ele>74</ele><time>2026-03-01T10:02:36Z</time></trkpt>
			<trkpt lat="47.450410" lon="-0.954170"><ele>74</ele><time>2026-03-01T10:02:48Z</time></trkpt>
			<trkpt lat="47.450550" lon="-0.953080"><ele>74</ele><time>2026-03-01T10:03:00Z</time></trkpt>
			<trkpt lat="47.450560" lon="-0.952760"><ele>74</ele><time>2026-03-01T10:03:12Z</time></trkpt>
			<trkpt lat="47.450550" lon="-0.952670"><ele>75</ele><time>2026-03-01T10:03:24Z</time></trkpt>
			<trkpt lat="47.450530" lon="-0.952610"><ele>75</ele><time>2026-03-01T10:03:36Z</time></trkpt>
			<trkpt lat="47.450800" lon="-0.952520"><ele>74</ele><time>2026-03-01T10:03:48Z</time></trkpt>
			<trkpt lat="47.450960" lon="-0.952500"><ele>73</ele><time>2026-03-01T10:04:00Z</time></trkpt>
			<trkpt lat="47.451800" lon="-0.952610"><ele>69</ele><time>2026-03-01T10:04:12Z</time></trkpt>
			<trkpt lat="47.451970" lon="-0.952660"><ele>69</ele><time>2026-03-01T10:04:24Z</time></trkpt>
			<trkpt lat="47.452130" lon="-0.952760"><ele>68</ele><time>2026-03-01T10:04:36Z</time></trkpt>
			<trkpt lat="47.452150" lon="-0.952680"><ele>68</ele><time>2026-03-01T10:04:48Z</time></trkpt>
			<trkpt lat="47.452180" lon="-0.952470"><ele>68</ele><time>2026-03-01T10:05:00Z</time></trkpt>
			<trkpt lat="47.452230" lon="-0.951500"><ele>69</ele><time>2026-03-01T10:05:12Z</time></trkpt>
			<trkpt lat="47.452360" lon="-0.950640"><ele>69</ele><time>2026-03-01T10:05:24Z</time></trkpt>
			<trkpt lat="47.452430" lon="-0.949780"><ele>69</ele><time>2026-03-01T10:05:36Z</time></trkpt>
			<trkpt lat="47.452480" lon="-0.949360"><ele>69</ele><time>2026-03-01T10:05:48Z</time></trkpt>
			<trkpt lat="47.452560" lon="-0.948960"><ele>69</ele><time>2026-03-01T10:06:00Z</time></trkpt>
			<trkpt lat="47.452780" lon="-0.948250"><ele>68</ele><time>2026-03-01T10:06:12Z</time></trkpt>
			<trkpt lat="47.453170" lon="-0.946690"><ele>69</ele><time>2026-03-01T10:06:24Z</time></trkpt>
			<trkpt lat="47.453200" lon="-0.946590"><ele>69</ele><time>2026-03-01T10:06:36Z</time></trkpt>
			<trkpt lat="47.453290" lon="-0.946390"><ele>69</ele><time>2026-03-01T10:06:48Z</time></trkpt>
			<trkpt lat="47.453550" lon="-0.945990"><ele>69</ele><time>2026-03-01T10:07:00Z</time></trkpt>
			<trkpt lat="47.453850" lon="-0.945590"><ele>68</ele><time>2026-03-01T10:07:12Z</time></trkpt>
			<trkpt lat="47.453950" lon="-0.945410"><ele>68</ele><time>2026-03-01T10:07:24Z</time></trkpt>
			<trkpt lat="47.453970" lon="-0.945330"><ele>68</ele><time>2026-03-01T10:07:36Z</time></trkpt>
			<trkpt lat="47.453980" lon="-0.945290"><ele>68</ele><time>2026-03-01T10:07:48Z</time></trkpt>
			<trkpt lat="47.454250" lon="-0.944440"><ele>68</ele><time>2026-03-01T10:08:00Z</time></trkpt>
			<trkpt lat="47.454280" lon="-0.944270"><ele>68</ele><time>2026-03-01T10:08:12Z</time></trkpt>
			<trkpt lat="47.454290" lon="-0.944140"><ele>68</ele><time>2026-03-01T10:08:24Z</time></trkpt>
			<trkpt lat="47.454290" lon="-0.943860"><ele>68</ele><time>2026-03-01T10:08:36Z</time></trkpt>
			<trkpt lat="47.454280" lon="-0.943620"><ele>68</ele><time>2026-03-01T10:08:48Z</time></trkpt>
			<trkpt lat="47.454270" lon="-0.943490"><ele>68</ele><time>2026-03-01T10:09:00Z</time></trkpt>
			<trkpt lat="47.454220" lon="-0.943290"><ele>68</ele><time>2026-03-01T10:09:12Z</time></trkpt>
			<trkpt lat="47.454260" lon="-0.943250"><ele>68</ele><time>2026-03-01T10:09:24Z</time></trkpt>
			<trkpt lat="47.454290" lon="-0.943090"><ele>68</ele><time>2026-03-01T10:09:36Z</time></trkpt>
			<trkpt lat="47.454370" lon="-0.942750"><ele>68</ele><time>2026-03-01T10:09:48Z</time></trkpt>
			<trkpt lat="47.454460" lon="-0.942310"><ele>68</ele><time>2026-03-01T10:10:00Z</time></trkpt>
			<trkpt lat="47.454450" lon="-0.942110"><ele>69</ele><time>2026-03-01T10:10:12Z</time></trkpt>
			<trkpt lat="47.454540" lon="-0.942090"><ele>69</ele><time>2026-03-01T10:10:24Z</time></trkpt>
			<trkpt lat="47.454790" lon="-0.942040"><ele>69</ele><time>2026-03-01T10:10:36Z</time></trkpt>
			<trkpt lat="47.454880" lon="-0.942020"><ele>69</ele><time>2026-03-01T10:10:48Z</time></trkpt>
			<trkpt lat="47.455010" lon="-0.941990"><ele>69</ele><time>2026-03-01T10:11:00Z</time></trkpt>
			<trkpt lat="47.455150" lon="-0.941950"><ele>68</ele><time>2026-03-01T10:11:12Z</time></trkpt>
			<trkpt lat="47.455310" lon="-0.941820"><ele>68</ele><time>2026-03-01T10:11:24Z</time></trkpt>
			<trkpt lat="47.455620" lon="-0.941570"><ele>68</ele><time>2026-03-01T10:11:36Z</time></trkpt>
			<trkpt lat="47.455890" lon="-0.941360"><ele>67</ele><time>2026-03-01T10:11:48Z</time></trkpt>
			<trkpt lat="47.456280" lon="-0.941030"><ele>66</ele><time>2026-03-01T10:12:00Z</time></trkpt>
			<trkpt lat="47.456450" lon="-0.940880"><ele>66</ele><time>2026-03-01T10:12:12Z</time></trkpt>
			<trkpt lat="47.456570" lon="-0.940750"><ele>65</ele><time>2026-03-01T10:12:24Z</time></trkpt>
			<trkpt lat="47.457320" lon="-0.939870"><ele>62</ele><time>2026-03-01T10:12:36Z</time></trkpt>
			<trkpt lat="47.457610" lon="-0.939590"><ele>62</ele><time>2026-03-01T10:12:48Z</time></trkpt>
			<trkpt lat="47.458660" lon="-0.938630"><ele>57</ele><time>2026-03-01T10:13:00Z</time></trkpt>
			<trkpt lat="47.459290" lon="-0.938180"><ele>54</ele><time>2026-03-01T10:13:12Z</time></trkpt>
			<trkpt lat="47.460190" lon="-0.937590"><ele>53</ele><time>2026-03-01T10:13:24Z</time></trkpt>
			<trkpt lat="47.460430" lon="-0.937400"><ele>52</ele><time>2026-03-01T10:13:36Z</time></trkpt>
			<trkpt lat="47.460610" lon="-0.937240"><ele>51</ele><time>2026-03-01T10:13:48Z</time></trkpt>
			<trkpt lat="47.460780" lon="-0.937030"><ele>50</ele><time>2026-03-01T10:14:00Z</time></trkpt>
			<trkpt lat="47.460940" lon="-0.936790"><ele>49</ele><time>2026-03-01T10:14:12Z</time></trkpt>
			<trkpt lat="47.461430" lon="-0.936050"><ele>49</ele><time>2026-03-01T10:14:24Z</time></trkpt>
			<trkpt lat="47.461630" lon="-0.935740"><ele>48</ele><time>2026-03-01T10:14:36Z</time></trkpt>
			<trkpt lat="47.461790" lon="-0.935470"><ele>48</ele><time>2026-03-01T10:14:48Z</time></trkpt>
			<trkpt lat="47.462270" lon="-0.934690"><ele>46</ele><time>2026-03-01T10:15:00Z</time></trkpt>
			<trkpt lat="47.462350" lon="-0.934510"><ele>46</ele><time>2026-03-01T10:15:12Z</time></trkpt>
			<trkpt lat="47.462390" lon="-0.934310"><ele>45</ele><time>2026-03-01T10:15:24Z</time></trkpt>
			<trkpt lat="47.462420" lon="-0.934090"><ele>45</ele><time>2026-03-01T10:15:36Z</time></trkpt>
			<trkpt lat="47.462430" lon="-0.933830"><ele>45</ele><time>2026-03-01T10:15:48Z</time></trkpt>
			<trkpt lat="47.462420" lon="-0.933590"><ele>45</ele><time>2026-03-01T10:16:00Z</time></trkpt>
			<trkpt lat="47.462370" lon="-0.933310"><ele>44</ele><time>2026-03-01T10:16:12Z</time></trkpt>
			<trkpt lat="47.462300" lon="-0.933070"><ele>44</ele><time>2026-03-01T10:16:24Z</time></trkpt>
			<trkpt lat="47.461930" lon="-0.932310"><ele>44</ele><time>2026-03-01T10:16:36Z</time></trkpt>
			<trkpt lat="47.461840" lon="-0.932070"><ele>45</ele><time>2026-03-01T10:16:48Z</time></trkpt>
			<trkpt lat="47.461780" lon="-0.931870"><ele>45</ele><time>2026-03-01T10:17:00Z</time></trkpt>
			<trkpt lat="47.461740" lon="-0.931630"><ele>46</ele><time>2026-03-01T10:17:12Z</time></trkpt>
			<trkpt lat="47.461730" lon="-0.931320"><ele>46</ele><time>2026-03-01T10:17:24Z</time></trkpt>
			<trkpt lat="47.461740" lon="-0.930980"><ele>46</ele><time>2026-03-01T10:17:36Z</time></trkpt>
			<trkpt lat="47.461770" lon="-0.930640"><ele>45</ele><time>2026-03-01T10:17:48Z</time></trkpt>
			<trkpt lat="47.461840" lon="-0.930380"><ele>45</ele><time>2026-03-01T10:18:00Z</time></trkpt>
			<trkpt lat="47.461980" lon="-0.930020"><ele>44</ele><time>2026-03-01T10:18:12Z</time></trkpt>
			<trkpt lat="47.462060" lon="-0.929730"><ele>43</ele><time>2026-03-01T10:18:24Z</time></trkpt>
			<trkpt lat="47.462150" lon="-0.929330"><ele>42</ele><time>2026-03-01T10:18:36Z</time></trkpt>
			<trkpt lat="47.462220" lon="-0.928900"><ele>43</ele><time>2026-03-01T10:18:48Z</time></trkpt>
			<trkpt lat="47.462240" lon="-0.928670"><ele>44</ele><time>2026-03-01T10:19:00Z</time></trkpt>
			<trkpt lat="47.462250" lon="-0.928460"><ele>44</ele><time>2026-03-01T10:19:12Z</time></trkpt>
			<trkpt lat="47.462170" lon="-0.926950"><ele>46</ele><time>2026-03-01T10:19:24Z</time></trkpt>
			<trkpt lat="47.462190" lon="-0.926560"><ele>46</ele><time>2026-03-01T10:19:36Z</time></trkpt>
			<trkpt lat="47.462260" lon="-0.926040"><ele>44</ele><time>2026-03-01T10:19:48Z</time></trkpt>
			<trkpt lat="47.462280" lon="-0.925770"><ele>43</ele><time>2026-03-01T10:20:00Z</time></trkpt>
			<trkpt lat="47.462290" lon="-0.925530"><ele>43</ele><time>2026-03-01T10:20:12Z</time></trkpt>
			<trkpt lat="47.462280" lon="-0.925310"><ele>42</ele><time>2026-03-01T10:20:24Z</time></trkpt>
			<trkpt lat="47.462240" lon="-0.924960"><ele>42</ele><time>2026-03-01T10:20:36Z</time></trkpt>
			<trkpt lat="47.462170" lon="-0.924200"><ele>40</ele><time>2026-03-01T10:20:48Z</time></trkpt>
			<trkpt lat="47.462160" lon="-0.923990"><ele>40</ele><time>2026-03-01T10:21:00Z</time></trkpt>
			<trkpt lat="47.462170" lon="-0.923790"><ele>40</ele><time>2026-03-01T10:21:12Z</time></trkpt>
			<trkpt lat="47.462200" lon="-0.923620"><ele>40</ele><time>2026-03-01T10:21:24Z</time></trkpt>
			<trkpt lat="47.462250" lon="-0.923430"><ele>40</ele><time>2026-03-01T10:21:36Z</time></trkpt>
			<trkpt lat="47.462330" lon="-0.923170"><ele>40</ele><time>2026-03-01T10:21:48Z</time></trkpt>
			<trkpt lat="47.462550" lon="-0.922490"><ele>41</ele><time>2026-03-01T10:22:00Z</time></trkpt>
			<trkpt lat="47.462640" lon="-0.922230"><ele>42</ele><time>2026-03-01T10:22:12Z</time></trkpt>
			<trkpt lat="47.462740" lon="-0.921990"><ele>43</ele><time>2026-03-01T10:22:24Z</time></trkpt>
			<trkpt lat="47.462870" lon="-0.921760"><ele>44</ele><time>2026-03-01T10:22:36Z</time></trkpt>
			<trkpt lat="47.463020" lon="-0.921550"><ele>46</ele><time>2026-03-01T10:22:48Z</time></trkpt>
			<trkpt lat="47.464110" lon="-0.920240"><ele>54</ele><time>2026-03-01T10:23:00Z</time></trkpt>
			<trkpt lat="47.464240" lon="-0.920030"><ele>56</ele><time>2026-03-01T10:23:12Z</time></trkpt>
			<trkpt lat="47.464300" lon="-0.919870"><ele>56</ele><time>2026-03-01T10:23:24Z</time></trkpt>
			<trkpt lat="47.464330" lon="-0.919690"><ele>56</ele><time>2026-03-01T10:23:36Z</time></trkpt>
			<trkpt lat="47.464340" lon="-0.919510"><ele>56</ele><time>2026-03-01T10:23:48Z</time></trkpt>
			<trkpt lat="47.464310" lon="-0.919240"><ele>55</ele><time>2026-03-01T10:24:00Z</time></trkpt>
			<trkpt lat="47.464100" lon="-0.917750"><ele>52</ele><time>2026-03-01T10:24:12Z</time></trkpt>
			<trkpt lat="47.464020" lon="-0.917350"><ele>52</ele><time>2026-03-01T10:24:24Z</time></trkpt>
			<trkpt lat="47.463900" lon="-0.917000"><ele>50</ele><time>2026-03-01T10:24:36Z</time></trkpt>
			<trkpt lat="47.463500" lon="-0.916150"><ele>46</ele><time>2026-03-01T10:24:48Z</time></trkpt>
			<trkpt lat="47.463250" lon="-0.915580"><ele>43</ele><time>2026-03-01T10:25:00Z</time></trkpt>
			<trkpt lat="47.463160" lon="-0.915350"><ele>42</ele><time>2026-03-01T10:25:12Z</time></trkpt>
			<trkpt lat="47.462990" lon="-0.914800"><ele>41</ele><time>2026-03-01T10:25:24Z</time></trkpt>
			<trkpt lat="47.462800" lon="-0.914190"><ele>40</ele><time>2026-03-01T10:25:36Z</time></trkpt>
			<trkpt lat="47.462700" lon="-0.913730"><ele>40</ele><time>2026-03-01T10:25:48Z</time></trkpt>
			<trkpt lat="47.462660" lon="-0.913460"><ele>40</ele><time>2026-03-01T10:26:00Z</time></trkpt>
			<trkpt lat="47.462630" lon="-0.912910"><ele>41</ele><time>2026-03-01T10:26:12Z</time></trkpt>
			<trkpt lat="47.462610" lon="-0.912460"><ele>41</ele><time>2026-03-01T10:26:24Z</time></trkpt>
			<trkpt lat="47.462570" lon="-0.910810"><ele>43</ele><time>2026-03-01T10:26:36Z</time></trkpt>
			<trkpt lat="47.462580" lon="-0.910520"><ele>44</ele><time>2026-03-01T10:26:48Z</time></trkpt>
			<trkpt lat="47.462600" lon="-0.910150"><ele>46</ele><time>2026-03-01T10:27:00Z</time></trkpt>
			<trkpt lat="47.462610" lon="-0.909840"><ele>47</ele><time>2026-03-01T10:27:12Z</time></trkpt>
			<trkpt lat="47.462600" lon="-0.909580"><ele>47</ele><time>2026-03-01T10:27:24Z</time></trkpt>
			<trkpt lat="47.462500" lon="-0.908750"><ele>49</ele><time>2026-03-01T10:27:36Z</time></trkpt>
			<trkpt lat="47.462500" lon="-0.908430"><ele>50</ele><time>2026-03-01T10:27:48Z</time></trkpt>
			<trkpt lat="47.462530" lon="-0.908220"><ele>50</ele><time>2026-03-01T10:28:00Z</time></trkpt>
			<trkpt lat="47.462610" lon="-0.907800"><ele>51</ele><time>2026-03-01T10:28:12Z</time></trkpt>
			<trkpt lat="47.462660" lon="-0.907420"><ele>52</ele><time>2026-03-01T10:28:24Z</time></trkpt>
			<trkpt lat="47.462790" lon="-0.906360"><ele>56</ele><time>2026-03-01T10:28:36Z</time></trkpt>
			<trkpt lat="47.462840" lon="-0.906080"><ele>57</ele><time>2026-03-01T10:28:48Z</time></trkpt>
			<trkpt lat="47.462900" lon="-0.905750"><ele>59</ele><time>2026-03-01T10:29:00Z</time></trkpt>
			<trkpt lat="47.463060" lon="-0.905180"><ele>62</ele><time>2026-03-01T10:29:12Z</time></trkpt>
			<trkpt lat="47.463090" lon="-0.905040"><ele>63</ele><time>2026-03-01T10:29:24Z</time></trkpt>
			<trkpt lat="47.463110" lon="-0.904890"><ele>63</ele><time>2026-03-01T10:29:36Z</time></trkpt>
			<trkpt lat="47.463120" lon="-0.904720"><ele>63</ele><time>2026-03-01T10:29:48Z</time></trkpt>
			<trkpt lat="47.463120" lon="-0.904570"><ele>64</ele><time>2026-03-01T10:30:00Z</time></trkpt>
			<trkpt lat="47.462780" lon="-0.901450"><ele>66</ele><time>2026-03-01T10:30:12Z</time></trkpt>
			<trkpt lat="47.462760" lon="-0.901160"><ele>65</ele><time>2026-03-01T10:30:24Z</time></trkpt>
			<trkpt lat="47.462760" lon="-0.900960"><ele>64</ele><time>2026-03-01T10:30:36Z</time></trkpt>
			<trkpt lat="47.462790" lon="-0.900760"><ele>64</ele><time>2026-03-01T10:30:48Z</time></trkpt>
			<trkpt lat="47.462830" lon="-0.900560"><ele>63</ele><time>2026-03-01T10:31:00Z</time></trkpt>
			<trkpt lat="47.462950" lon="-0.900110"><ele>63</ele><time>2026-03-01T10:31:12Z</time></trkpt>
			<trkpt lat="47.463090" lon="-0.899780"><ele>63</ele><time>2026-03-01T10:31:24Z</time></trkpt>
			<trkpt lat="47.463230" lon="-0.899510"><ele>64</ele><time>2026-03-01T10:31:36Z</time></trkpt>
			<trkpt lat="47.463350" lon="-0.899330"><ele>64</ele><time>2026-03-01T10:31:48Z</time></trkpt>
			<trkpt lat="47.463420" lon="-0.899220"><ele>64</ele><time>2026-03-01T10:32:00Z</time></trkpt>
			<trkpt lat="47.463470" lon="-0.899110"><ele>64</ele><time>2026-03-01T10:32:12Z</time></trkpt>
			<trkpt lat="47.463500" lon="-0.898950"><ele>64</ele><time>2026-03-01T10:32:24Z</time></trkpt>
			<trkpt lat="47.463670" lon="-0.897760"><ele>63</ele><time>2026-03-01T10:32:36Z</time></trkpt>
			<trkpt lat="47.463710" lon="-0.897380"><ele>62</ele><time>2026-03-01T10:32:48Z</time></trkpt>
			<trkpt lat="47.463790" lon="-0.896810"><ele>61</ele><time>2026-03-01T10:33:00Z</time></trkpt>
			<trkpt lat="47.463840" lon="-0.896590"><ele>61</ele><time>2026-03-01T10:33:12Z</time></trkpt>
			<trkpt lat="47.463920" lon="-0.896240"><ele>61</ele><time>2026-03-01T10:33:24Z</time></trkpt>
			<trkpt lat="47.464050" lon="-0.895910"><ele>62</ele><time>2026-03-01T10:33:36Z</time></trkpt>
			<trkpt lat="47.464080" lon="-0.895810"><ele>62</ele><time>2026-03-01T10:33:48Z</time></trkpt>
			<trkpt lat="47.464100" lon="-0.895730"><ele>62</ele><time>2026-03-01T10:34:00Z</time></trkpt>
			<trkpt lat="47.464170" lon="-0.895500"><ele>62</ele><time>2026-03-01T10:34:12Z</time></trkpt>
			<trkpt lat="47.464260" lon="-0.895150"><ele>62</ele><time>2026-03-01T10:34:24Z</time></trkpt>
			<trkpt lat="47.464300" lon="-0.894860"><ele>62</ele><time>2026-03-01T10:34:36Z</time></trkpt>
			<trkpt lat="47.464310" lon="-0.894600"><ele>62</ele><time>2026-03-01T10:34:48Z</time></trkpt>
			<trkpt lat="47.464310" lon="-0.894340"><ele>63</ele><time>2026-03-01T10:35:00Z</time></trkpt>
			<trkpt lat="47.464300" lon="-0.894270"><ele>62</ele><time>2026-03-01T10:35:12Z</time></trkpt>
			<trkpt lat="47.464270" lon="-0.893860"><ele>63</ele><time>2026-03-01T10:35:24Z</time></trkpt>
			<trkpt lat="47.464220" lon="-0.893290"><ele>65</ele><time>2026-03-01T10:35:36Z</time></trkpt>
			<trkpt lat="47.464190" lon="-0.893020"><ele>65</ele><time>2026-03-01T10:35:48Z</time></trkpt>
			<trkpt lat="47.464120" lon="-0.893000"><ele>64</ele><time>2026-03-01T10:36:00Z</time></trkpt>
			<trkpt lat="47.463750" lon="-0.892820"><ele>62</ele><time>2026-03-01T10:36:12Z</time></trkpt>
			<trkpt lat="47.463490" lon="-0.892690"><ele>62</ele><time>2026-03-01T10:36:24Z</time></trkpt>
			<trkpt lat="47.463440" lon="-0.892670"><ele>61</ele><time>2026-03-01T10:36:36Z</time></trkpt>
			<trkpt lat="47.463300" lon="-0.892600"><ele>61</ele><time>2026-03-01T10:36:48Z</time></trkpt>
			<trkpt lat="47.463190" lon="-0.892510"><ele>61</ele><time>2026-03-01T10:37:00Z</time></trkpt>
			<trkpt lat="47.463110" lon="-0.892420"><ele>60</ele><time>2026-03-01T10:37:12Z</time></trkpt>
			<trkpt lat="47.463070" lon="-0.892320"><ele>60</ele><time>2026-03-01T10:37:24Z</time></trkpt>
			<trkpt lat="47.463040" lon="-0.892190"><ele>60</ele><time>2026-03-01T10:37:36Z</time></trkpt>
			<trkpt lat="47.463030" lon="-0.892120"><ele>60</ele><time>2026-03-01T10:37:48Z</time></trkpt>
			<trkpt lat="47.463010" lon="-0.892030"><ele>59</ele><time>2026-03-01T10:38:00Z</time></trkpt>
			<trkpt lat="47.462990" lon="-0.891840"><ele>59</ele><time>2026-03-01T10:38:12Z</time></trkpt>
			<trkpt lat="47.462990" lon="-0.891740"><ele>59</ele><time>2026-03-01T10:38:24Z</time></trkpt>
			<trkpt lat="47.462970" lon="-0.891470"><ele>59</ele><time>2026-03-01T10:38:36Z</time></trkpt>
			<trkpt lat="47.462980" lon="-0.891370"><ele>59</ele><time>2026-03-01T10:38:48Z</time></trkpt>
			<trkpt lat="47.463010" lon="-0.891230"><ele>60</ele><time>2026-03-01T10:39:00Z</time></trkpt>
			<trkpt lat="47.463040" lon="-0.891010"><ele>60</ele><time>2026-03-01T10:39:12Z</time></trkpt>
			<trkpt lat="47.463100" lon="-0.890650"><ele>60</ele><time>2026-03-01T10:39:24Z</time></trkpt>
			<trkpt lat="47.463170" lon="-0.890280"><ele>61</ele><time>2026-03-01T10:39:36Z</time></trkpt>
			<trkpt lat="47.463180" lon="-0.890120"><ele>61</ele><time>2026-03-01T10:39:48Z</time></trkpt>
			<trkpt lat="47.463180" lon="-0.889950"><ele>61</ele><time>2026-03-01T10:40:00Z</time></trkpt>
			<trkpt lat="47.463160" lon="-0.889740"><ele>62</ele><time>2026-03-01T10:40:12Z</time></trkpt>
			<trkpt lat="47.463150" lon="-0.889670"><ele>62</ele><time>2026-03-01T10:40:24Z</time></trkpt>
			<trkpt lat="47.463120" lon="-0.889520"><ele>62</ele><time>2026-03-01T10:40:36Z</time></trkpt>
			<trkpt lat="47.463060" lon="-0.889350"><ele>62</ele><time>2026-03-01T10:40:48Z</time></trkpt>
			<trkpt lat="47.462950" lon="-0.889120"><ele>62</ele><time>2026-03-01T10:41:00Z</time></trkpt>
			<trkpt lat="47.462850" lon="-0.888950"><ele>62</ele><time>2026-03-01T10:41:12Z</time></trkpt>
			<trkpt lat="47.462700" lon="-0.888800"><ele>61</ele><time>2026-03-01T10:41:24Z</time></trkpt>
			<trkpt lat="47.462580" lon="-0.888700"><ele>60</ele><time>2026-03-01T10:41:36Z</time></trkpt>
			<trkpt lat="47.462440" lon="-0.888610"><ele>59</ele><time>2026-03-01T10:41:48Z</time></trkpt>
			<trkpt lat="47.462300" lon="-0.888550"><ele>58</ele><time>2026-03-01T10:42:00Z</time></trkpt>
			<trkpt lat="47.461940" lon="-0.888470"><ele>55</ele><time>2026-03-01T10:42:12Z</time></trkpt>
			<trkpt lat="47.461610" lon="-0.888440"><ele>52</ele><time>2026-03-01T10:42:24Z</time></trkpt>
			<trkpt lat="47.461510" lon="-0.888440"><ele>51</ele><time>2026-03-01T10:42:36Z</time></trkpt>
			<trkpt lat="47.461220" lon="-0.888470"><ele>49</ele><time>2026-03-01T10:42:48Z</time></trkpt>
			<trkpt lat="47.461050" lon="-0.888470"><ele>47</ele><time>2026-03-01T10:43:00Z</time></trkpt>
			<trkpt lat="47.459700" lon="-0.888390"><ele>32</ele><time>2026-03-01T10:43:12Z</time></trkpt>
			<trkpt lat="47.459520" lon="-0.888360"><ele>31</ele><time>2026-03-01T10:43:24Z</time></trkpt>
			<trkpt lat="47.459400" lon="-0.888320"><ele>31</ele><time>2026-03-01T10:43:36Z</time></trkpt>
			<trkpt lat="47.459340" lon="-0.888300"><ele>31</ele><time>2026-03-01T10:43:48Z</time></trkpt>
			<trkpt lat="47.459040" lon="-0.888180"><ele>30</ele><time>2026-03-01T10:44:00Z</time></trkpt>
			<trkpt lat="47.458940" lon="-0.888160"><ele>30</ele><time>2026-03-01T10:44:12Z</time></trkpt>
			<trkpt lat="47.458850" lon="-0.888160"><ele>30</ele><time>2026-03-01T10:44:24Z</time></trkpt>
			<trkpt lat="47.458760" lon="-0.888180"><ele>30</ele><time>2026-03-01T10:44:36Z</time></trkpt>
			<trkpt lat="47.458680" lon="-0.888220"><ele>30</ele><time>2026-03-01T10:44:48Z</time></trkpt>
			<trkpt lat="47.458570" lon="-0.888290"><ele>30</ele><time>2026-03-01T10:45:00Z</time></trkpt>
			<trkpt lat="47.458400" lon="-0.888480"><ele>32</ele><time>2026-03-01T10:45:12Z</time></trkpt>
			<trkpt lat="47.457630" lon="-0.889550"><ele>43</ele><time>2026-03-01T10:45:24Z</time></trkpt>
			<trkpt lat="47.456420" lon="-0.891240"><ele>52</ele><time>2026-03-01T10:45:36Z</time></trkpt>
			<trkpt lat="47.456220" lon="-0.891450"><ele>53</ele><time>2026-03-01T10:45:48Z</time></trkpt>
			<trkpt lat="47.455360" lon="-0.892210"><ele>57</ele><time>2026-03-01T10:46:00Z</time></trkpt>
			<trkpt lat="47.455340" lon="-0.892170"><ele>58</ele><time>2026-03-01T10:46:12Z</time></trkpt>
			<trkpt lat="47.454810" lon="-0.891930"><ele>61</ele><time>2026-03-01T10:46:24Z</time></trkpt>
			<trkpt lat="47.454660" lon="-0.891880"><ele>62</ele><time>2026-03-01T10:46:36Z</time></trkpt>
			<trkpt lat="47.454470" lon="-0.891840"><ele>64</ele><time>2026-03-01T10:46:48Z</time></trkpt>
			<trkpt lat="47.454260" lon="-0.891850"><ele>65</ele><time>2026-03-01T10:47:00Z</time></trkpt>
			<trkpt lat="47.453590" lon="-0.891990"><ele>68</ele><time>2026-03-01T10:47:12Z</time></trkpt>
			<trkpt lat="47.453510" lon="-0.891990"><ele>68</ele><time>2026-03-01T10:47:24Z</time></trkpt>
			<trkpt lat="47.453410" lon="-0.891970"><ele>69</ele><time>2026-03-01T10:47:36Z</time></trkpt>
			<trkpt lat="47.453300" lon="-0.891940"><ele>69</ele><time>2026-03-01T10:47:48Z</time></trkpt>
			<trkpt lat="47.452380" lon="-0.891520"><ele>70</ele><time>2026-03-01T10:48:00Z</time></trkpt>
			<trkpt lat="47.452220" lon="-0.891460"><ele>69</ele><time>2026-03-01T10:48:12Z</time></trkpt>
			<trkpt lat="47.452050" lon="-0.891450"><ele>69</ele><time>2026-03-01T10:48:24Z</time></trkpt>
			<trkpt lat="47.451860" lon="-0.891470"><ele>69</ele><time>2026-03-01T10:48:36Z</time></trkpt>
			<trkpt lat="47.451740" lon="-0.891490"><ele>68</ele><time>2026-03-01T10:48:48Z</time></trkpt>
			<trkpt lat="47.451300" lon="-0.891600"><ele>68</ele><time>2026-03-01T10:49:00Z</time></trkpt>
			<trkpt lat="47.450240" lon="-0.891850"><ele>65</ele><time>2026-03-01T10:49:12Z</time></trkpt>
			<trkpt lat="47.450110" lon="-0.891860"><ele>65</ele><time>2026-03-01T10:49:24Z</time></trkpt>
			<trkpt lat="47.450000" lon="-0.891850"><ele>64</ele><time>2026-03-01T10:49:36Z</time></trkpt>
			<trkpt lat="47.449840" lon="-0.891780"><ele>64</ele><time>2026-03-01T10:49:48Z</time></trkpt>
			<trkpt lat="47.449400" lon="-0.891580"><ele>63</ele><time>2026-03-01T10:50:00Z</time></trkpt>
			<trkpt lat="47.449030" lon="-0.891420"><ele>63</ele><time>2026-03-01T10:50:12Z</time></trkpt>
			<trkpt lat="47.448390" lon="-0.891190"><ele>64</ele><time>2026-03-01T10:50:24Z</time></trkpt>
			<trkpt lat="47.447090" lon="-0.890660"><ele>68</ele><time>2026-03-01T10:50:36Z</time></trkpt>
			<trkpt lat="47.446470" lon="-0.890400"><ele>70</ele><time>2026-03-01T10:50:48Z</time></trkpt>
			<trkpt lat="47.446270" lon="-0.890280"><ele>71</ele><time>2026-03-01T10:51:00Z</time></trkpt>
			<trkpt lat="47.445980" lon="-0.890050"><ele>71</ele><time>2026-03-01T10:51:12Z</time></trkpt>
			<trkpt lat="47.445800" lon="-0.889950"><ele>72</ele><time>2026-03-01T10:51:24Z</time></trkpt>
			<trkpt lat="47.445620" lon="-0.889870"><ele>72</ele><time>2026-03-01T10:51:36Z</time></trkpt>
			<trkpt lat="47.445380" lon="-0.889810"><ele>72</ele><time>2026-03-01T10:51:48Z</time></trkpt>
			<trkpt lat="47.444900" lon="-0.889710"><ele>73</ele><time>2026-03-01T10:52:00Z</time></trkpt>
			<trkpt lat="47.444330" lon="-0.889590"><ele>72</ele><time>2026-03-01T10:52:12Z</time></trkpt>
			<trkpt lat="47.444260" lon="-0.889570"><ele>72</ele><time>2026-03-01T10:52:24Z</time></trkpt>
			<trkpt lat="47.443730" lon="-0.889340"><ele>71</ele><time>2026-03-01T10:52:36Z</time></trkpt>
			<trkpt lat="47.443540" lon="-0.889240"><ele>71</ele><time>2026-03-01T10:52:48Z</time></trkpt>
			<trkpt lat="47.443410" lon="-0.889150"><ele>70</ele><time>2026-03-01T10:53:00Z</time></trkpt>
			<trkpt lat="47.443310" lon="-0.889060"><ele>70</ele><time>2026-03-01T10:53:12Z</time></trkpt>
			<trkpt lat="47.443190" lon="-0.888920"><ele>69</ele><time>2026-03-01T10:53:24Z</time></trkpt>
			<trkpt lat="47.442720" lon="-0.888250"><ele>65</ele><time>2026-03-01T10:53:36Z</time></trkpt>
			<trkpt lat="47.442190" lon="-0.887590"><ele>64</ele><time>2026-03-01T10:53:48Z</time></trkpt>
			<trkpt lat="47.441980" lon="-0.887350"><ele>63</ele><time>2026-03-01T10:54:00Z</time></trkpt>
			<trkpt lat="47.441610" lon="-0.886910"><ele>62</ele><time>2026-03-01T10:54:12Z</time></trkpt>
			<trkpt lat="47.441540" lon="-0.886830"><ele>62</ele><time>2026-03-01T10:54:24Z</time></trkpt>
			<trkpt lat="47.441280" lon="-0.886490"><ele>62</ele><time>2026-03-01T10:54:36Z</time></trkpt>
			<trkpt lat="47.440990" lon="-0.886170"><ele>62</ele><time>2026-03-01T10:54:48Z</time></trkpt>
			<trkpt lat="47.439740" lon="-0.884930"><ele>60</ele><time>2026-03-01T10:55:00Z</time></trkpt>
			<trkpt lat="47.439140" lon="-0.884300"><ele>61</ele><time>2026-03-01T10:55:12Z</time></trkpt>
			<trkpt lat="47.438970" lon="-0.884080"><ele>61</ele><time>2026-03-01T10:55:24Z</time></trkpt>
			<trkpt lat="47.438850" lon="-0.883910"><ele>61</ele><time>2026-03-01T10:55:36Z</time></trkpt>
			<trkpt lat="47.438630" lon="-0.883480"><ele>62</ele><time>2026-03-01T10:55:48Z</time></trkpt>
			<trkpt lat="47.438490" lon="-0.883250"><ele>62</ele><time>2026-03-01T10:56:00Z</time></trkpt>
			<trkpt lat="47.438310" lon="-0.882990"><ele>62</ele><time>2026-03-01T10:56:12Z</time></trkpt>
			<trkpt lat="47.437840" lon="-0.882420"><ele>62</ele><time>2026-03-01T10:56:24Z</time></trkpt>
			<trkpt lat="47.436960" lon="-0.881540"><ele>60</ele><time>2026-03-01T10:56:36Z</time></trkpt>
			<trkpt lat="47.436830" lon="-0.881460"><ele>60</ele><time>2026-03-01T10:56:48Z</time></trkpt>
			<trkpt lat="47.436670" lon="-0.881390"><ele>59</ele><time>2026-03-01T10:57:00Z</time></trkpt>
			<trkpt lat="47.436430" lon="-0.881330"><ele>61</ele><time>2026-03-01T10:57:12Z</time></trkpt>
			<trkpt lat="47.436340" lon="-0.881300"><ele>61</ele><time>2026-03-01T10:57:24Z</time></trkpt>
			<trkpt lat="47.436240" lon="-0.881250"><ele>62</ele><time>2026-03-01T10:57:36Z</time></trkpt>
			<trkpt lat="47.435560" lon="-0.880760"><ele>65</ele><time>2026-03-01T10:57:48Z</time></trkpt>
			<trkpt lat="47.435160" lon="-0.880500"><ele>65</ele><time>2026-03-01T10:58:00Z</time></trkpt>
			<trkpt lat="47.434810" lon="-0.880300"><ele>65</ele><time>2026-03-01T10:58:12Z</time></trkpt>
			<trkpt lat="47.434720" lon="-0.880260"><ele>65</ele><time>2026-03-01T10:58:24Z</time></trkpt>
			<trkpt lat="47.434510" lon="-0.880170"><ele>65</ele><time>2026-03-01T10:58:36Z</time></trkpt>
			<trkpt lat="47.434260" lon="-0.880100"><ele>65</ele><time>2026-03-01T10:58:48Z</time></trkpt>
			<trkpt lat="47.434110" lon="-0.880050"><ele>65</ele><time>2026-03-01T10:59:00Z</time></trkpt>
			<trkpt lat="47.433990" lon="-0.879980"><ele>65</ele><time>2026-03-01T10:59:12Z</time></trkpt>
			<trkpt lat="47.433630" lon="-0.879670"><ele>64</ele><time>2026-03-01T10:59:24Z</time></trkpt>
			<trkpt lat="47.433530" lon="-0.879600"><ele>64</ele><time>2026-03-01T10:59:36Z</time></trkpt>
			<trkpt lat="47.433440" lon="-0.879550"><ele>64</ele><time>2026-03-01T10:59:48Z</time></trkpt>
			<trkpt lat="47.432880" lon="-0.879320"><ele>62</ele><time>2026-03-01T11:00:00Z</time></trkpt>
			<trkpt lat="47.432460" lon="-0.879110"><ele>61</ele><time>2026-03-01T11:00:12Z</time></trkpt>
			<trkpt lat="47.432270" lon="-0.879010"><ele>60</ele><time>2026-03-01T11:00:24Z</time></trkpt>
			<trkpt lat="47.431970" lon="-0.878730"><ele>59</ele><time>2026-03-01T11:00:36Z</time></trkpt>
			<trkpt lat="47.431500" lon="-0.878220"><ele>58</ele><time>2026-03-01T11:00:48Z</time></trkpt>
			<trkpt lat="47.431060" lon="-0.877730"><ele>58</ele><time>2026-03-01T11:01:00Z</time></trkpt>
			<trkpt lat="47.430950" lon="-0.877600"><ele>59</ele><time>2026-03-01T11:01:12Z</time></trkpt>
			<trkpt lat="47.430770" lon="-0.877350"><ele>60</ele><time>2026-03-01T11:01:24Z</time></trkpt>
			<trkpt lat="47.430700" lon="-0.877240"><ele>60</ele><time>2026-03-01T11:01:36Z</time></trkpt>
			<trkpt lat="47.430520" lon="-0.876850"><ele>61</ele><time>2026-03-01T11:01:48Z</time></trkpt>
			<trkpt lat="47.430340" lon="-0.876490"><ele>61</ele><time>2026-03-01T11:02:00Z</time></trkpt>
			<trkpt lat="47.430040" lon="-0.875980"><ele>61</ele><time>2026-03-01T11:02:12Z</time></trkpt>
			<trkpt lat="47.429550" lon="-0.875230"><ele>60</ele><time>2026-03-01T11:02:24Z</time></trkpt>
			<trkpt lat="47.429260" lon="-0.874850"><ele>59</ele><time>2026-03-01T11:02:36Z</time></trkpt>
			<trkpt lat="47.429160" lon="-0.874740"><ele>59</ele><time>2026-03-01T11:02:48Z</time></trkpt>
			<trkpt lat="47.428960" lon="-0.874520"><ele>59</ele><time>2026-03-01T11:03:00Z</time></trkpt>
			<trkpt lat="47.428660" lon="-0.874220"><ele>58</ele><time>2026-03-01T11:03:12Z</time></trkpt>
			<trkpt lat="47.428160" lon="-0.873610"><ele>59</ele><time>2026-03-01T11:03:24Z</time></trkpt>
			<trkpt lat="47.427890" lon="-0.873290"><ele>59</ele><time>2026-03-01T11:03:36Z</time></trkpt>
			<trkpt lat="47.427390" lon="-0.872750"><ele>58</ele><time>2026-03-01T11:03:48Z</time></trkpt>
			<trkpt lat="47.427120" lon="-0.872540"><ele>58</ele><time>2026-03-01T11:04:00Z</time></trkpt>
			<trkpt lat="47.426830" lon="-0.872320"><ele>57</ele><time>2026-03-01T11:04:12Z</time></trkpt>
			<trkpt lat="47.426630" lon="-0.872180"><ele>57</ele><time>2026-03-01T11:04:24Z</time></trkpt>
			<trkpt lat="47.426070" lon="-0.871840"><ele>55</ele><time>2026-03-01T11:04:36Z</time></trkpt>
			<trkpt lat="47.425860" lon="-0.871740"><ele>54</ele><time>2026-03-01T11:04:48Z</time></trkpt>
			<trkpt lat="47.425260" lon="-0.871490"><ele>53</ele><time>2026-03-01T11:05:00Z</time></trkpt>
			<trkpt lat="47.424990" lon="-0.871310"><ele>52</ele><time>2026-03-01T11:05:12Z</time></trkpt>
			<trkpt lat="47.424850" lon="-0.871190"><ele>52</ele><time>2026-03-01T11:05:24Z</time></trkpt>
			<trkpt lat="47.424730" lon="-0.871060"><ele>52</ele><time>2026-03-01T11:05:36Z</time></trkpt>
			<trkpt lat="47.424150" lon="-0.870400"><ele>50</ele><time>2026-03-01T11:05:48Z</time></trkpt>
			<trkpt lat="47.423880" lon="-0.870130"><ele>50</ele><time>2026-03-01T11:06:00Z</time></trkpt>
			<trkpt lat="47.423550" lon="-0.869820"><ele>49</ele><time>2026-03-01T11:06:12Z</time></trkpt>
			<trkpt lat="47.422680" lon="-0.869040"><ele>47</ele><time>2026-03-01T11:06:24Z</time></trkpt>
			<trkpt lat="47.422440" lon="-0.868800"><ele>47</ele><time>2026-03-01T11:06:36Z</time></trkpt>
			<trkpt lat="47.421920" lon="-0.868200"><ele>45</ele><time>2026-03-01T11:06:48Z</time></trkpt>
			<trkpt lat="47.421830" lon="-0.868110"><ele>45</ele><time>2026-03-01T11:07:00Z</time></trkpt>
			<trkpt lat="47.421710" lon="-0.868020"><ele>45</ele><time>2026-03-01T11:07:12Z</time></trkpt>
			<trkpt lat="47.421390" lon="-0.867880"><ele>44</ele><time>2026-03-01T11:07:24Z</time></trkpt>
			<trkpt lat="47.421060" lon="-0.867690"><ele>43</ele><time>2026-03-01T11:07:36Z</time></trkpt>
			<trkpt lat="47.420870" lon="-0.867560"><ele>42</ele><time>2026-03-01T11:07:48Z</time></trkpt>
			<trkpt lat="47.419960" lon="-0.866810"><ele>39</ele><time>2026-03-01T11:08:00Z</time></trkpt>
			<trkpt lat="47.419800" lon="-0.866640"><ele>38</ele><time>2026-03-01T11:08:12Z</time></trkpt>
			<trkpt lat="47.419690" lon="-0.866510"><ele>38</ele><time>2026-03-01T11:08:24Z</time></trkpt>
			<trkpt lat="47.419590" lon="-0.866390"><ele>37</ele><time>2026-03-01T11:08:36Z</time></trkpt>
			<trkpt lat="47.419510" lon="-0.866320"><ele>37</ele><time>2026-03-01T11:08:48Z</time></trkpt>
			<trkpt lat="47.419000" lon="-0.865940"><ele>36</ele><time>2026-03-01T11:09:00Z</time></trkpt>
			<trkpt lat="47.418420" lon="-0.865550"><ele>38</ele><time>2026-03-01T11:09:12Z</time></trkpt>
			<trkpt lat="47.417650" lon="-0.864850"><ele>39</ele><time>2026-03-01T11:09:24Z</time></trkpt>
			<trkpt lat="47.417290" lon="-0.864530"><ele>38</ele><time>2026-03-01T11:09:36Z</time></trkpt>
			<trkpt lat="47.416940" lon="-0.864260"><ele>37</ele><time>2026-03-01T11:09:48Z</time></trkpt>
			<trkpt lat="47.416680" lon="-0.864080"><ele>37</ele><time>2026-03-01T11:10:00Z</time></trkpt>
			<trkpt lat="47.416470" lon="-0.863970"><ele>36</ele><time>2026-03-01T11:10:12Z</time></trkpt>
			<trkpt lat="47.416390" lon="-0.863930"><ele>36</ele><time>2026-03-01T11:10:24Z</time></trkpt>
			<trkpt lat="47.415660" lon="-0.863660"><ele>35</ele><time>2026-03-01T11:10:36Z</time></trkpt>
			<trkpt lat="47.415300" lon="-0.863550"><ele>35</ele><time>2026-03-01T11:10:48Z</time></trkpt>
			<trkpt lat="47.415100" lon="-0.863490"><ele>36</ele><time>2026-03-01T11:11:00Z</time></trkpt>
			<trkpt lat="47.414890" lon="-0.863460"><ele>35</ele><time>2026-03-01T11:11:12Z</time></trkpt>
			<trkpt lat="47.414650" lon="-0.863460"><ele>35</ele><time>2026-03-01T11:11:24Z</time></trkpt>
			<trkpt lat="47.414450" lon="-0.863480"><ele>34</ele><time>2026-03-01T11:11:36Z</time></trkpt>
			<trkpt lat="47.414190" lon="-0.863500"><ele>33</ele><time>2026-03-01T11:11:48Z</time></trkpt>
			<trkpt lat="47.414080" lon="-0.863500"><ele>33</ele><time>2026-03-01T11:12:00Z</time></trkpt>
			<trkpt lat="47.413970" lon="-0.863480"><ele>33</ele><time>2026-03-01T11:12:12Z</time></trkpt>
			<trkpt lat="47.413760" lon="-0.863420"><ele>32</ele><time>2026-03-01T11:12:24Z</time></trkpt>
			<trkpt lat="47.413690" lon="-0.863410"><ele>32</ele><time>2026-03-01T11:12:36Z</time></trkpt>
			<trkpt lat="47.413630" lon="-0.863430"><ele>32</ele><time>2026-03-01T11:12:48Z</time></trkpt>
			<trkpt lat="47.413440" lon="-0.863590"><ele>32</ele><time>2026-03-01T11:13:00Z</time></trkpt>
			<trkpt lat="47.413310" lon="-0.863780"><ele>31</ele><time>2026-03-01T11:13:12Z</time></trkpt>
			<trkpt lat="47.413070" lon="-0.864250"><ele>29</ele><time>2026-03-01T11:13:24Z</time></trkpt>
			<trkpt lat="47.413010" lon="-0.864290"><ele>29</ele><time>2026-03-01T11:13:36Z</time></trkpt>
			<trkpt lat="47.412970" lon="-0.864290"><ele>29</ele><time>2026-03-01T11:13:48Z</time></trkpt>
			<trkpt lat="47.412660" lon="-0.864250"><ele>28</ele><time>2026-03-01T11:14:00Z</time></trkpt>
			<trkpt lat="47.412600" lon="-0.864240"><ele>28</ele><time>2026-03-01T11:14:12Z</time></trkpt>
			<trkpt lat="47.412550" lon="-0.864250"><ele>28</ele><time>2026-03-01T11:14:24Z</time></trkpt>
			<trkpt lat="47.412480" lon="-0.864260"><ele>28</ele><time>2026-03-01T11:14:36Z</time></trkpt>
			<trkpt lat="47.412300" lon="-0.864300"><ele>27</ele><time>2026-03-01T11:14:48Z</time></trkpt>
			<trkpt lat="47.412130" lon="-0.864290"><ele>26</ele><time>2026-03-01T11:15:00Z</time></trkpt>
			<trkpt lat="47.412070" lon="-0.864290"><ele>26</ele><time>2026-03-01T11:15:12Z</time></trkpt>
			<trkpt lat="47.411910" lon="-0.864250"><ele>26</ele><time>2026-03-01T11:15:24Z</time></trkpt>
			<trkpt lat="47.411800" lon="-0.864210"><ele>25</ele><time>2026-03-01T11:15:36Z</time></trkpt>
			<trkpt lat="47.411740" lon="-0.864160"><ele>25</ele><time>2026-03-01T11:15:48Z</time></trkpt>
			<trkpt lat="47.411660" lon="-0.864070"><ele>25</ele><time>2026-03-01T11:16:00Z</time></trkpt>
			<trkpt lat="47.411470" lon="-0.863800"><ele>23</ele><time>2026-03-01T11:16:12Z</time></trkpt>
			<trkpt lat="47.411440" lon="-0.863740"><ele>23</ele><time>2026-03-01T11:16:24Z</time></trkpt>
			<trkpt lat="47.410940" lon="-0.862840"><ele>20</ele><time>2026-03-01T11:16:36Z</time></trkpt>
			<trkpt lat="47.410890" lon="-0.862770"><ele>20</ele><time>2026-03-01T11:16:48Z</time></trkpt>
			<trkpt lat="47.410730" lon="-0.862660"><ele>19</ele><time>2026-03-01T11:17:00Z</time></trkpt>
			<trkpt lat="47.410690" lon="-0.862630"><ele>18</ele><time>2026-03-01T11:17:12Z</time></trkpt>
			<trkpt lat="47.410360" lon="-0.862600"><ele>17</ele><time>2026-03-01T11:17:24Z</time></trkpt>
			<trkpt lat="47.410040" lon="-0.862590"><ele>15</ele><time>2026-03-01T11:17:36Z</time></trkpt>
			<trkpt lat="47.409950" lon="-0.862590"><ele>15</ele><time>2026-03-01T11:17:48Z</time></trkpt>
			<trkpt lat="47.409830" lon="-0.862590"><ele>14</ele><time>2026-03-01T11:18:00Z</time></trkpt>
			<trkpt lat="47.409650" lon="-0.862640"><ele>14</ele><time>2026-03-01T11:18:12Z</time></trkpt>
			<trkpt lat="47.409550" lon="-0.862630"><ele>13</ele><time>2026-03-01T11:18:24Z</time></trkpt>
			<trkpt lat="47.409470" lon="-0.862610"><ele>13</ele><time>2026-03-01T11:18:36Z</time></trkpt>
			<trkpt lat="47.409410" lon="-0.862570"><ele>13</ele><time>2026-03-01T11:18:48Z</time></trkpt>
			<trkpt lat="47.409340" lon="-0.862470"><ele>13</ele><time>2026-03-01T11:19:00Z</time></trkpt>
			<trkpt lat="47.409260" lon="-0.862290"><ele>13</ele><time>2026-03-01T11:19:12Z</time></trkpt>
			<trkpt lat="47.409190" lon="-0.862210"><ele>13</ele><time>2026-03-01T11:19:24Z</time></trkpt>
			<trkpt lat="47.408280" lon="-0.861410"><ele>10</ele><time>2026-03-01T11:19:36Z</time></trkpt>
			<trkpt lat="47.408050" lon="-0.861210"><ele>11</ele><time>2026-03-01T11:19:48Z</time></trkpt>
			<trkpt lat="47.406870" lon="-0.860170"><ele>11</ele><time>2026-03-01T11:20:00Z</time></trkpt>
			<trkpt lat="47.405590" lon="-0.859060"><ele>11</ele><time>2026-03-01T11:20:12Z</time></trkpt>
			<trkpt lat="47.404100" lon="-0.857840"><ele>14</ele><time>2026-03-01T11:20:24Z</time></trkpt>
			<trkpt lat="47.404020" lon="-0.857740"><ele>14</ele><time>2026-03-01T11:20:36Z</time></trkpt>
			<trkpt lat="47.403950" lon="-0.857580"><ele>14</ele><time>2026-03-01T11:20:48Z</time></trkpt>
			<trkpt lat="47.403840" lon="-0.857230"><ele>13</ele><time>2026-03-01T11:21:00Z</time></trkpt>
			<trkpt lat="47.403660" lon="-0.856580"><ele>13</ele><time>2026-03-01T11:21:12Z</time></trkpt>
			<trkpt lat="47.403390" lon="-0.855700"><ele>13</ele><time>2026-03-01T11:21:24Z</time></trkpt>
			<trkpt lat="47.402710" lon="-0.853630"><ele>14</ele><time>2026-03-01T11:21:36Z</time></trkpt>
			<trkpt lat="47.399460" lon="-0.855920"><ele>13</ele><time>2026-03-01T11:21:48Z</time></trkpt>
			<trkpt lat="47.398290" lon="-0.856730"><ele>12</ele><time>2026-03-01T11:22:00Z</time></trkpt>
			<trkpt lat="47.397960" lon="-0.857030"><ele>13</ele><time>2026-03-01T11:22:12Z</time></trkpt>
			<trkpt lat="47.397470" lon="-0.857350"><ele>14</ele><time>2026-03-01T11:22:24Z</time></trkpt>
			<trkpt lat="47.396890" lon="-0.857700"><ele>13</ele><time>2026-03-01T11:22:36Z</time></trkpt>
			<trkpt lat="47.396760" lon="-0.857790"><ele>12</ele><time>2026-03-01T11:22:48Z</time></trkpt>
			<trkpt lat="47.396590" lon="-0.857910"><ele>12</ele><time>2026-03-01T11:23:00Z</time></trkpt>
			<trkpt lat="47.396310" lon="-0.858110"><ele>11</ele><time>2026-03-01T11:23:12Z</time></trkpt>
			<trkpt lat="47.396240" lon="-0.858150"><ele>10</ele><time>2026-03-01T11:23:24Z</time></trkpt>
			<trkpt lat="47.396080" lon="-0.858270"><ele>10</ele><time>2026-03-01T11:23:36Z</time></trkpt>
			<trkpt lat="47.392230" lon="-0.860940"><ele>12</ele><time>2026-03-01T11:23:48Z</time></trkpt>
			<trkpt lat="47.392030" lon="-0.861080"><ele>13</ele><time>2026-03-01T11:24:00Z</time></trkpt>
			<trkpt lat="47.391960" lon="-0.861140"><ele>14</ele><time>2026-03-01T11:24:12Z</time></trkpt>
			<trkpt lat="47.391860" lon="-0.861200"><ele>14</ele><time>2026-03-01T11:24:24Z</time></trkpt>
			<trkpt lat="47.391710" lon="-0.861310"><ele>15</ele><time>2026-03-01T11:24:36Z</time></trkpt>
			<trkpt lat="47.390270" lon="-0.862300"><ele>13</ele><time>2026-03-01T11:24:48Z</time></trkpt>
			<trkpt lat="47.390160" lon="-0.862370"><ele>13</ele><time>2026-03-01T11:25:00Z</time></trkpt>
			<trkpt lat="47.390040" lon="-0.862440"><ele>13</ele><time>2026-03-01T11:25:12Z</time></trkpt>
			<trkpt lat="47.389920" lon="-0.862520"><ele>13</ele><time>2026-03-01T11:25:24Z</time></trkpt>
			<trkpt lat="47.389870" lon="-0.862550"><ele>13</ele><time>2026-03-01T11:25:36Z</time></trkpt>
			<trkpt lat="47.389750" lon="-0.862610"><ele>13</ele><time>2026-03-01T11:25:48Z</time></trkpt>
			<trkpt lat="47.389590" lon="-0.862650"><ele>14</ele><time>2026-03-01T11:26:00Z</time></trkpt>
			<trkpt lat="47.389550" lon="-0.862670"><ele>14</ele><time>2026-03-01T11:26:12Z</time></trkpt>
			<trkpt lat="47.389260" lon="-0.862740"><ele>14</ele><time>2026-03-01T11:26:24Z</time></trkpt>
			<trkpt lat="47.388810" lon="-0.862850"><ele>18</ele><time>2026-03-01T11:26:36Z</time></trkpt>
			<trkpt lat="47.388710" lon="-0.862850"><ele>19</ele><time>2026-03-01T11:26:48Z</time></trkpt>
			<trkpt lat="47.388320" lon="-0.862780"><ele>23</ele><time>2026-03-01T11:27:00Z</time></trkpt>
			<trkpt lat="47.387860" lon="-0.862680"><ele>23</ele><time>2026-03-01T11:27:12Z</time></trkpt>
			<trkpt lat="47.387820" lon="-0.862670"><ele>23</ele><time>2026-03-01T11:27:24Z</time></trkpt>
			<trkpt lat="47.386970" lon="-0.862520"><ele>22</ele><time>2026-03-01T11:27:36Z</time></trkpt>
			<trkpt lat="47.386920" lon="-0.862510"><ele>22</ele><time>2026-03-01T11:27:48Z</time></trkpt>
			<trkpt lat="47.386790" lon="-0.862560"><ele>21</ele><time>2026-03-01T11:28:00Z</time></trkpt>
			<trkpt lat="47.386680" lon="-0.862650"><ele>21</ele><time>2026-03-01T11:28:12Z</time></trkpt>
			<trkpt lat="47.386620" lon="-0.862670"><ele>21</ele><time>2026-03-01T11:28:24Z</time></trkpt>
			<trkpt lat="47.386590" lon="-0.862490"><ele>21</ele><time>2026-03-01T11:28:36Z</time></trkpt>
			<trkpt lat="47.386530" lon="-0.862310"><ele>21</ele><time>2026-03-01T11:28:48Z</time></trkpt>
			<trkpt lat="47.386430" lon="-0.862150"><ele>21</ele><time>2026-03-01T11:29:00Z</time></trkpt>
			<trkpt lat="47.386160" lon="-0.861820"><ele>21</ele><time>2026-03-01T11:29:12Z</time></trkpt>
			<trkpt lat="47.386110" lon="-0.861860"><ele>21</ele><time>2026-03-01T11:29:24Z</time></trkpt>
			<trkpt lat="47.385670" lon="-0.862140"><ele>19</ele><time>2026-03-01T11:29:36Z</time></trkpt>
			<trkpt lat="47.385560" lon="-0.862210"><ele>19</ele><time>2026-03-01T11:29:48Z</time></trkpt>
			<trkpt lat="47.385420" lon="-0.862280"><ele>18</ele><time>2026-03-01T11:30:00Z</time></trkpt>
			<trkpt lat="47.385210" lon="-0.862380"><ele>18</ele><time>2026-03-01T11:30:12Z</time></trkpt>
			<trkpt lat="47.384920" lon="-0.862520"><ele>17</ele><time>2026-03-01T11:30:24Z</time></trkpt>
			<trkpt lat="47.384610" lon="-0.862670"><ele>17</ele><time>2026-03-01T11:30:36Z</time></trkpt>
			<trkpt lat="47.384540" lon="-0.862670"><ele>17</ele><time>2026-03-01T11:30:48Z</time></trkpt>
			<trkpt lat="47.384260" lon="-0.862800"><ele>16</ele><time>2026-03-01T11:31:00Z</time></trkpt>
			<trkpt lat="47.384090" lon="-0.862860"><ele>16</ele><time>2026-03-01T11:31:12Z</time></trkpt>
			<trkpt lat="47.384050" lon="-0.862890"><ele>16</ele><time>2026-03-01T11:31:24Z</time></trkpt>
			<trkpt lat="47.383700" lon="-0.863000"><ele>16</ele><time>2026-03-01T11:31:36Z</time></trkpt>
			<trkpt lat="47.383630" lon="-0.863010"><ele>16</ele><time>2026-03-01T11:31:48Z</time></trkpt>
			<trkpt lat="47.383510" lon="-0.863040"><ele>15</ele><time>2026-03-01T11:32:00Z</time></trkpt>
			<trkpt lat="47.383190" lon="-0.863120"><ele>15</ele><time>2026-03-01T11:32:12Z</time></trkpt>
			<trkpt lat="47.382870" lon="-0.863220"><ele>15</ele><time>2026-03-01T11:32:24Z</time></trkpt>
			<trkpt lat="47.382640" lon="-0.863310"><ele>15</ele><time>2026-03-01T11:32:36Z</time></trkpt>
			<trkpt lat="47.382450" lon="-0.863370"><ele>15</ele><time>2026-03-01T11:32:48Z</time></trkpt>
			<trkpt lat="47.381990" lon="-0.863490"><ele>16</ele><time>2026-03-01T11:33:00Z</time></trkpt>
			<trkpt lat="47.381560" lon="-0.863600"><ele>17</ele><time>2026-03-01T11:33:12Z</time></trkpt>
			<trkpt lat="47.381160" lon="-0.863730"><ele>18</ele><time>2026-03-01T11:33:24Z</time></trkpt>
			<trkpt lat="47.381110" lon="-0.863730"><ele>18</ele><time>2026-03-01T11:33:36Z</time></trkpt>
			<trkpt lat="47.380980" lon="-0.863710"><ele>18</ele><time>2026-03-01T11:33:48Z</time></trkpt>
			<trkpt lat="47.380830" lon="-0.863740"><ele>18</ele><time>2026-03-01T11:34:00Z</time></trkpt>
			<trkpt lat="47.380460" lon="-0.863870"><ele>18</ele><time>2026-03-01T11:34:12Z</time></trkpt>
			<trkpt lat="47.379300" lon="-0.864430"><ele>18</ele><time>2026-03-01T11:34:24Z</time></trkpt>
			<trkpt lat="47.378840" lon="-0.864590"><ele>19</ele><time>2026-03-01T11:34:36Z</time></trkpt>
			<trkpt lat="47.378110" lon="-0.864930"><ele>19</ele><time>2026-03-01T11:34:48Z</time></trkpt>
			<trkpt lat="47.377560" lon="-0.865110"><ele>20</ele><time>2026-03-01T11:35:00Z</time></trkpt>
			<trkpt lat="47.377400" lon="-0.865110"><ele>20</ele><time>2026-03-01T11:35:12Z</time></trkpt>
			<trkpt lat="47.376560" lon="-0.865030"><ele>22</ele><time>2026-03-01T11:35:24Z</time></trkpt>
			<trkpt lat="47.375710" lon="-0.865160"><ele>22</ele><time>2026-03-01T11:35:36Z</time></trkpt>
			<trkpt lat="47.375570" lon="-0.865170"><ele>22</ele><time>2026-03-01T11:35:48Z</time></trkpt>
			<trkpt lat="47.375370" lon="-0.865260"><ele>22</ele><time>2026-03-01T11:36:00Z</time></trkpt>
			<trkpt lat="47.375290" lon="-0.865340"><ele>22</ele><time>2026-03-01T11:36:12Z</time></trkpt>
			<trkpt lat="47.375230" lon="-0.865450"><ele>22</ele><time>2026-03-01T11:36:24Z</time></trkpt>
			<trkpt lat="47.375190" lon="-0.865600"><ele>22</ele><time>2026-03-01T11:36:36Z</time></trkpt>
			<trkpt lat="47.375110" lon="-0.866170"><ele>22</ele><time>2026-03-01T11:36:48Z</time></trkpt>
			<trkpt lat="47.374990" lon="-0.866850"><ele>22</ele><time>2026-03-01T11:37:00Z</time></trkpt>
			<trkpt lat="47.374970" lon="-0.866950"><ele>22</ele><time>2026-03-01T11:37:12Z</time></trkpt>
			<trkpt lat="47.374810" lon="-0.867600"><ele>23</ele><time>2026-03-01T11:37:24Z</time></trkpt>
			<trkpt lat="47.374720" lon="-0.867730"><ele>24</ele><time>2026-03-01T11:37:36Z</time></trkpt>
			<trkpt lat="47.374620" lon="-0.867820"><ele>24</ele><time>2026-03-01T11:37:48Z</time></trkpt>
			<trkpt lat="47.374480" lon="-0.867890"><ele>24</ele><time>2026-03-01T11:38:00Z</time></trkpt>
			<trkpt lat="47.373480" lon="-0.868160"><ele>26</ele><time>2026-03-01T11:38:12Z</time></trkpt>
			<trkpt lat="47.372970" lon="-0.868310"><ele>26</ele><time>2026-03-01T11:38:24Z</time></trkpt>
			<trkpt lat="47.372720" lon="-0.868420"><ele>26</ele><time>2026-03-01T11:38:36Z</time></trkpt>
			<trkpt lat="47.372500" lon="-0.868560"><ele>26</ele><time>2026-03-01T11:38:48Z</time></trkpt>
			<trkpt lat="47.372470" lon="-0.868600"><ele>26</ele><time>2026-03-01T11:39:00Z</time></trkpt>
			<trkpt lat="47.372440" lon="-0.868640"><ele>26</ele><time>2026-03-01T11:39:12Z</time></trkpt>
			<trkpt lat="47.372130" lon="-0.868860"><ele>26</ele><time>2026-03-01T11:39:24Z</time></trkpt>
			<trkpt lat="47.371240" lon="-0.869580"><ele>28</ele><time>2026-03-01T11:39:36Z</time></trkpt>
			<trkpt lat="47.370760" lon="-0.869950"><ele>29</ele><time>2026-03-01T11:39:48Z</time></trkpt>
			<trkpt lat="47.370280" lon="-0.870380"><ele>32</ele><time>2026-03-01T11:40:00Z</time></trkpt>
			<trkpt lat="47.369990" lon="-0.870680"><ele>33</ele><time>2026-03-01T11:40:12Z</time></trkpt>
			<trkpt lat="47.369960" lon="-0.870720"><ele>34</ele><time>2026-03-01T11:40:24Z</time></trkpt>
			<trkpt lat="47.369680" lon="-0.870950"><ele>35</ele><time>2026-03-01T11:40:36Z</time></trkpt>
			<trkpt lat="47.369410" lon="-0.871130"><ele>37</ele><time>2026-03-01T11:40:48Z</time></trkpt>
			<trkpt lat="47.369220" lon="-0.871240"><ele>38</ele><time>2026-03-01T11:41:00Z</time></trkpt>
			<trkpt lat="47.368660" lon="-0.871460"><ele>41</ele><time>2026-03-01T11:41:12Z</time></trkpt>
			<trkpt lat="47.368570" lon="-0.871500"><ele>41</ele><time>2026-03-01T11:41:24Z</time></trkpt>
			<trkpt lat="47.368360" lon="-0.871610"><ele>43</ele><time>2026-03-01T11:41:36Z</time></trkpt>
			<trkpt lat="47.368210" lon="-0.871740"><ele>44</ele><time>2026-03-01T11:41:48Z</time></trkpt>
			<trkpt lat="47.367580" lon="-0.872370"><ele>50</ele><time>2026-03-01T11:42:00Z</time></trkpt>
			<trkpt lat="47.367380" lon="-0.872590"><ele>52</ele><time>2026-03-01T11:42:12Z</time></trkpt>
			<trkpt lat="47.366920" lon="-0.873190"><ele>56</ele><time>2026-03-01T11:42:24Z</time></trkpt>
			<trkpt lat="47.366680" lon="-0.873440"><ele>58</ele><time>2026-03-01T11:42:36Z</time></trkpt>
			<trkpt lat="47.366110" lon="-0.873990"><ele>65</ele><time>2026-03-01T11:42:48Z</time></trkpt>
			<trkpt lat="47.365270" lon="-0.874800"><ele>74</ele><time>2026-03-01T11:43:00Z</time></trkpt>
			<trkpt lat="47.364810" lon="-0.874900"><ele>76</ele><time>2026-03-01T11:43:12Z</time></trkpt>
			<trkpt lat="47.364760" lon="-0.874910"><ele>76</ele><time>2026-03-01T11:43:24Z</time></trkpt>
			<trkpt lat="47.364650" lon="-0.875000"><ele>76</ele><time>2026-03-01T11:43:36Z</time></trkpt>
			<trkpt lat="47.364380" lon="-0.875400"><ele>77</ele><time>2026-03-01T11:43:48Z</time></trkpt>
			<trkpt lat="47.364270" lon="-0.875600"><ele>77</ele><time>2026-03-01T11:44:00Z</time></trkpt>
			<trkpt lat="47.364170" lon="-0.875800"><ele>78</ele><time>2026-03-01T11:44:12Z</time></trkpt>
			<trkpt lat="47.363720" lon="-0.876900"><ele>78</ele><time>2026-03-01T11:44:24Z</time></trkpt>
			<trkpt lat="47.363640" lon="-0.877070"><ele>78</ele><time>2026-03-01T11:44:36Z</time></trkpt>
			<trkpt lat="47.363530" lon="-0.877200"><ele>78</ele><time>2026-03-01T11:44:48Z</time></trkpt>
			<trkpt lat="47.363440" lon="-0.877260"><ele>78</ele><time>2026-03-01T11:45:00Z</time></trkpt>
			<trkpt lat="47.363370" lon="-0.877300"><ele>78</ele><time>2026-03-01T11:45:12Z</time></trkpt>
			<trkpt lat="47.363220" lon="-0.877350"><ele>78</ele><time>2026-03-01T11:45:24Z</time></trkpt>
			<trkpt lat="47.362480" lon="-0.877480"><ele>79</ele><time>2026-03-01T11:45:36Z</time></trkpt>
			<trkpt lat="47.362250" lon="-0.877510"><ele>79</ele><time>2026-03-01T11:45:48Z</time></trkpt>
			<trkpt lat="47.362120" lon="-0.877530"><ele>79</ele><time>2026-03-01T11:46:00Z</time></trkpt>
			<trkpt lat="47.361920" lon="-0.877520"><ele>80</ele><time>2026-03-01T11:46:12Z</time></trkpt>
			<trkpt lat="47.361150" lon="-0.877480"><ele>79</ele><time>2026-03-01T11:46:24Z</time></trkpt>
			<trkpt lat="47.360700" lon="-0.877500"><ele>79</ele><time>2026-03-01T11:46:36Z</time></trkpt>
			<trkpt lat="47.360120" lon="-0.877580"><ele>78</ele><time>2026-03-01T11:46:48Z</time></trkpt>
			<trkpt lat="47.360010" lon="-0.877640"><ele>78</ele><time>2026-03-01T11:47:00Z</time></trkpt>
			<trkpt lat="47.359960" lon="-0.877550"><ele>77</ele><time>2026-03-01T11:47:12Z</time></trkpt>
			<trkpt lat="47.359930" lon="-0.877570"><ele>77</ele><time>2026-03-01T11:47:24Z</time></trkpt>
			<trkpt lat="47.359860" lon="-0.877560"><ele>77</ele><time>2026-03-01T11:47:36Z</time></trkpt>
			<trkpt lat="47.359170" lon="-0.877540"><ele>78</ele><time>2026-03-01T11:47:48Z</time></trkpt>
			<trkpt lat="47.358900" lon="-0.877580"><ele>78</ele><time>2026-03-01T11:48:00Z</time></trkpt>
			<trkpt lat="47.358550" lon="-0.877680"><ele>78</ele><time>2026-03-01T11:48:12Z</time></trkpt>
			<trkpt lat="47.358140" lon="-0.877890"><ele>77</ele><time>2026-03-01T11:48:24Z</time></trkpt>
			<trkpt lat="47.357690" lon="-0.878120"><ele>76</ele><time>2026-03-01T11:48:36Z</time></trkpt>
			<trkpt lat="47.357050" lon="-0.878550"><ele>75</ele><time>2026-03-01T11:48:48Z</time></trkpt>
			<trkpt lat="47.356060" lon="-0.878850"><ele>76</ele><time>2026-03-01T11:49:00Z</time></trkpt>
			<trkpt lat="47.355890" lon="-0.878890"><ele>77</ele><time>2026-03-01T11:49:12Z</time></trkpt>
			<trkpt lat="47.355380" lon="-0.878940"><ele>77</ele><time>2026-03-01T11:49:24Z</time></trkpt>
			<trkpt lat="47.355130" lon="-0.878950"><ele>77</ele><time>2026-03-01T11:49:36Z</time></trkpt>
			<trkpt lat="47.354520" lon="-0.879030"><ele>78</ele><time>2026-03-01T11:49:48Z</time></trkpt>
			<trkpt lat="47.354030" lon="-0.878990"><ele>77</ele><time>2026-03-01T11:50:00Z</time></trkpt>
			<trkpt lat="47.353260" lon="-0.878900"><ele>78</ele><time>2026-03-01T11:50:12Z</time></trkpt>
			<trkpt lat="47.352720" lon="-0.878670"><ele>78</ele><time>2026-03-01T11:50:24Z</time></trkpt>
			<trkpt lat="47.352240" lon="-0.878470"><ele>79</ele><time>2026-03-01T11:50:36Z</time></trkpt>
			<trkpt lat="47.352100" lon="-0.878380"><ele>80</ele><time>2026-03-01T11:50:48Z</time></trkpt>
			<trkpt lat="47.351980" lon="-0.878260"><ele>80</ele><time>2026-03-01T11:51:00Z</time></trkpt>
			<trkpt lat="47.351720" lon="-0.877920"><ele>79</ele><time>2026-03-01T11:51:12Z</time></trkpt>
			<trkpt lat="47.351540" lon="-0.877730"><ele>79</ele><time>2026-03-01T11:51:24Z</time></trkpt>
			<trkpt lat="47.351390" lon="-0.877640"><ele>78</ele><time>2026-03-01T11:51:36Z</time></trkpt>
			<trkpt lat="47.351180" lon="-0.877580"><ele>78</ele><time>2026-03-01T11:51:48Z</time></trkpt>
			<trkpt lat="47.350870" lon="-0.877530"><ele>78</ele><time>2026-03-01T11:52:00Z</time></trkpt>
			<trkpt lat="47.350560" lon="-0.877500"><ele>78</ele><time>2026-03-01T11:52:12Z</time></trkpt>
			<trkpt lat="47.350200" lon="-0.877510"><ele>79</ele><time>2026-03-01T11:52:24Z</time></trkpt>
			<trkpt lat="47.349880" lon="-0.877550"><ele>79</ele><time>2026-03-01T11:52:36Z</time></trkpt>
			<trkpt lat="47.349680" lon="-0.877590"><ele>79</ele><time>2026-03-01T11:52:48Z</time></trkpt>
			<trkpt lat="47.349530" lon="-0.877630"><ele>79</ele><time>2026-03-01T11:53:00Z</time></trkpt>
			<trkpt lat="47.349490" lon="-0.877630"><ele>79</ele><time>2026-03-01T11:53:12Z</time></trkpt>
			<trkpt lat="47.349410" lon="-0.877960"><ele>80</ele><time>2026-03-01T11:53:24Z</time></trkpt>
			<trkpt lat="47.349310" lon="-0.878340"><ele>81</ele><time>2026-03-01T11:53:36Z</time></trkpt>
			<trkpt lat="47.349120" lon="-0.878910"><ele>82</ele><time>2026-03-01T11:53:48Z</time></trkpt>
			<trkpt lat="47.348770" lon="-0.879920"><ele>84</ele><time>2026-03-01T11:54:00Z</time></trkpt>
			<trkpt lat="47.348360" lon="-0.880840"><ele>85</ele><time>2026-03-01T11:54:12Z</time></trkpt>
			<trkpt lat="47.348260" lon="-0.881130"><ele>85</ele><time>2026-03-01T11:54:24Z</time></trkpt>
			<trkpt lat="47.348070" lon="-0.881750"><ele>84</ele><time>2026-03-01T11:54:36Z</time></trkpt>
			<trkpt lat="47.347490" lon="-0.884470"><ele>79</ele><time>2026-03-01T11:54:48Z</time></trkpt>
			<trkpt lat="47.347130" lon="-0.885880"><ele>76</ele><time>2026-03-01T11:55:00Z</time></trkpt>
			<trkpt lat="47.347090" lon="-0.886100"><ele>76</ele><time>2026-03-01T11:55:12Z</time></trkpt>
			<trkpt lat="47.347070" lon="-0.886310"><ele>76</ele><time>2026-03-01T11:55:24Z</time></trkpt>
			<trkpt lat="47.347070" lon="-0.886910"><ele>75</ele><time>2026-03-01T11:55:36Z</time></trkpt>
			<trkpt lat="47.347110" lon="-0.887630"><ele>74</ele><time>2026-03-01T11:55:48Z</time></trkpt>
			<trkpt lat="47.347300" lon="-0.890250"><ele>71</ele><time>2026-03-01T11:56:00Z</time></trkpt>
			<trkpt lat="47.347330" lon="-0.890550"><ele>71</ele><time>2026-03-01T11:56:12Z</time></trkpt>
			<trkpt lat="47.347400" lon="-0.890870"><ele>71</ele><time>2026-03-01T11:56:24Z</time></trkpt>
			<trkpt lat="47.347460" lon="-0.891110"><ele>72</ele><time>2026-03-01T11:56:36Z</time></trkpt>
			<trkpt lat="47.347490" lon="-0.891320"><ele>72</ele><time>2026-03-01T11:56:48Z</time></trkpt>
			<trkpt lat="47.347510" lon="-0.891670"><ele>73</ele><time>2026-03-01T11:57:00Z</time></trkpt>
			<trkpt lat="47.347510" lon="-0.891980"><ele>72</ele><time>2026-03-01T11:57:12Z</time></trkpt>
			<trkpt lat="47.347500" lon="-0.892150"><ele>71</ele><time>2026-03-01T11:57:24Z</time></trkpt>
			<trkpt lat="47.347480" lon="-0.892320"><ele>71</ele><time>2026-03-01T11:57:36Z</time></trkpt>
			<trkpt lat="47.347440" lon="-0.892520"><ele>70</ele><time>2026-03-01T11:57:48Z</time></trkpt>
			<trkpt lat="47.347100" lon="-0.893710"><ele>68</ele><time>2026-03-01T11:58:00Z</time></trkpt>
			<trkpt lat="47.347060" lon="-0.893960"><ele>69</ele><time>2026-03-01T11:58:12Z</time></trkpt>
			<trkpt lat="47.347020" lon="-0.894300"><ele>70</ele><time>2026-03-01T11:58:24Z</time></trkpt>
			<trkpt lat="47.346980" lon="-0.894530"><ele>71</ele><time>2026-03-01T11:58:36Z</time></trkpt>
			<trkpt lat="47.346920" lon="-0.894760"><ele>72</ele><time>2026-03-01T11:58:48Z</time></trkpt>
			<trkpt lat="47.346830" lon="-0.894970"><ele>73</ele><time>2026-03-01T11:59:00Z</time></trkpt>
			<trkpt lat="47.346500" lon="-0.895620"><ele>75</ele><time>2026-03-01T11:59:12Z</time></trkpt>
			<trkpt lat="47.346380" lon="-0.895870"><ele>75</ele><time>2026-03-01T11:59:24Z</time></trkpt>
			<trkpt lat="47.345810" lon="-0.897340"><ele>78</ele><time>2026-03-01T11:59:36Z</time></trkpt>
			<trkpt lat="47.345630" lon="-0.897790"><ele>80</ele><time>2026-03-01T11:59:48Z</time></trkpt>
			<trkpt lat="47.345070" lon="-0.899550"><ele>85</ele><time>2026-03-01T12:00:00Z</time></trkpt>
			<trkpt lat="47.344970" lon="-0.899800"><ele>85</ele><time>2026-03-01T12:00:12Z</time></trkpt>
			<trkpt lat="47.344330" lon="-0.901470"><ele>92</ele><time>2026-03-01T12:00:24Z</time></trkpt>
			<trkpt lat="47.344180" lon="-0.901970"><ele>94</ele><time>2026-03-01T12:00:36Z</time></trkpt>
			<trkpt lat="47.344100" lon="-0.902470"><ele>95</ele><time>2026-03-01T12:00:48Z</time></trkpt>
			<trkpt lat="47.344000" lon="-0.903240"><ele>98</ele><time>2026-03-01T12:01:00Z</time></trkpt>
			<trkpt lat="47.343970" lon="-0.903710"><ele>99</ele><time>2026-03-01T12:01:12Z</time></trkpt>
			<trkpt lat="47.343940" lon="-0.904570"><ele>101</ele><time>2026-03-01T12:01:24Z</time></trkpt>
			<trkpt lat="47.343920" lon="-0.904920"><ele>102</ele><time>2026-03-01T12:01:36Z</time></trkpt>
			<trkpt lat="47.343870" lon="-0.905410"><ele>102</ele><time>2026-03-01T12:01:48Z</time></trkpt>
			<trkpt lat="47.343740" lon="-0.906280"><ele>102</ele><time>2026-03-01T12:02:00Z</time></trkpt>
			<trkpt lat="47.343600" lon="-0.907060"><ele>103</ele><time>2026-03-01T12:02:12Z</time></trkpt>
			<trkpt lat="47.343520" lon="-0.907360"><ele>103</ele><time>2026-03-01T12:02:24Z</time></trkpt>
			<trkpt lat="47.343460" lon="-0.907530"><ele>103</ele><time>2026-03-01T12:02:36Z</time></trkpt>
			<trkpt lat="47.343400" lon="-0.907710"><ele>102</ele><time>2026-03-01T12:02:48Z</time></trkpt>
			<trkpt lat="47.343280" lon="-0.907930"><ele>102</ele><time>2026-03-01T12:03:00Z</time></trkpt>
			<trkpt lat="47.343130" lon="-0.908110"><ele>102</ele><time>2026-03-01T12:03:12Z</time></trkpt>
			<trkpt lat="47.342960" lon="-0.908280"><ele>102</ele><time>2026-03-01T12:03:24Z</time></trkpt>
			<trkpt lat="47.342360" lon="-0.908750"><ele>102</ele><time>2026-03-01T12:03:36Z</time></trkpt>
			<trkpt lat="47.341910" lon="-0.909130"><ele>103</ele><time>2026-03-01T12:03:48Z</time></trkpt>
			<trkpt lat="47.341620" lon="-0.909390"><ele>104</ele><time>2026-03-01T12:04:00Z</time></trkpt>
			<trkpt lat="47.341360" lon="-0.909690"><ele>105</ele><time>2026-03-01T12:04:12Z</time></trkpt>
			<trkpt lat="47.341170" lon="-0.909950"><ele>106</ele><time>2026-03-01T12:04:24Z</time></trkpt>
			<trkpt lat="47.340950" lon="-0.910330"><ele>107</ele><time>2026-03-01T12:04:36Z</time></trkpt>
			<trkpt lat="47.340750" lon="-0.910770"><ele>108</ele><time>2026-03-01T12:04:48Z</time></trkpt>
			<trkpt lat="47.340270" lon="-0.912300"><ele>108</ele><time>2026-03-01T12:05:00Z</time></trkpt>
			<trkpt lat="47.340120" lon="-0.912680"><ele>108</ele><time>2026-03-01T12:05:12Z</time></trkpt>
			<trkpt lat="47.339970" lon="-0.912960"><ele>107</ele><time>2026-03-01T12:05:24Z</time></trkpt>
			<trkpt lat="47.339840" lon="-0.913160"><ele>107</ele><time>2026-03-01T12:05:36Z</time></trkpt>
			<trkpt lat="47.339700" lon="-0.913320"><ele>108</ele><time>2026-03-01T12:05:48Z</time></trkpt>
			<trkpt lat="47.339530" lon="-0.913490"><ele>108</ele><time>2026-03-01T12:06:00Z</time></trkpt>
			<trkpt lat="47.338600" lon="-0.914260"><ele>110</ele><time>2026-03-01T12:06:12Z</time></trkpt>
			<trkpt lat="47.338460" lon="-0.914400"><ele>111</ele><time>2026-03-01T12:06:24Z</time></trkpt>
			<trkpt lat="47.338370" lon="-0.914540"><ele>111</ele><time>2026-03-01T12:06:36Z</time></trkpt>
			<trkpt lat="47.338280" lon="-0.914730"><ele>112</ele><time>2026-03-01T12:06:48Z</time></trkpt>
			<trkpt lat="47.338230" lon="-0.914900"><ele>112</ele><time>2026-03-01T12:07:00Z</time></trkpt>
			<trkpt lat="47.338210" lon="-0.915180"><ele>113</ele><time>2026-03-01T12:07:12Z</time></trkpt>
			<trkpt lat="47.338210" lon="-0.915490"><ele>113</ele><time>2026-03-01T12:07:24Z</time></trkpt>
			<trkpt lat="47.338230" lon="-0.915820"><ele>113</ele><time>2026-03-01T12:07:36Z</time></trkpt>
			<trkpt lat="47.338230" lon="-0.916090"><ele>114</ele><time>2026-03-01T12:07:48Z</time></trkpt>
			<trkpt lat="47.338210" lon="-0.916420"><ele>114</ele><time>2026-03-01T12:08:00Z</time></trkpt>
			<trkpt lat="47.338180" lon="-0.916630"><ele>115</ele><time>2026-03-01T12:08:12Z</time></trkpt>
			<trkpt lat="47.338140" lon="-0.916830"><ele>116</ele><time>2026-03-01T12:08:24Z</time></trkpt>
			<trkpt lat="47.337680" lon="-0.918700"><ele>123</ele><time>2026-03-01T12:08:36Z</time></trkpt>
			<trkpt lat="47.337530" lon="-0.919350"><ele>124</ele><time>2026-03-01T12:08:48Z</time></trkpt>
			<trkpt lat="47.337360" lon="-0.920020"><ele>125</ele><time>2026-03-01T12:09:00Z</time></trkpt>
			<trkpt lat="47.337160" lon="-0.920830"><ele>122</ele><time>2026-03-01T12:09:12Z</time></trkpt>
			<trkpt lat="47.337100" lon="-0.921170"><ele>121</ele><time>2026-03-01T12:09:24Z</time></trkpt>
			<trkpt lat="47.336720" lon="-0.921090"><ele>119</ele><time>2026-03-01T12:09:36Z</time></trkpt>
			<trkpt lat="47.336670" lon="-0.921070"><ele>119</ele><time>2026-03-01T12:09:48Z</time></trkpt>
			<trkpt lat="47.336230" lon="-0.920920"><ele>118</ele><time>2026-03-01T12:10:00Z</time></trkpt>
			<trkpt lat="47.336050" lon="-0.920890"><ele>117</ele><time>2026-03-01T12:10:12Z</time></trkpt>
			<trkpt lat="47.335840" lon="-0.920890"><ele>116</ele><time>2026-03-01T12:10:24Z</time></trkpt>
			<trkpt lat="47.334600" lon="-0.921030"><ele>108</ele><time>2026-03-01T12:10:36Z</time></trkpt>
			<trkpt lat="47.334430" lon="-0.921020"><ele>107</ele><time>2026-03-01T12:10:48Z</time></trkpt>
			<trkpt lat="47.334290" lon="-0.920980"><ele>107</ele><time>2026-03-01T12:11:00Z</time></trkpt>
			<trkpt lat="47.334180" lon="-0.920900"><ele>106</ele><time>2026-03-01T12:11:12Z</time></trkpt>
			<trkpt lat="47.334020" lon="-0.920750"><ele>106</ele><time>2026-03-01T12:11:24Z</time></trkpt>
			<trkpt lat="47.333900" lon="-0.920640"><ele>106</ele><time>2026-03-01T12:11:36Z</time></trkpt>
			<trkpt lat="47.333770" lon="-0.920560"><ele>106</ele><time>2026-03-01T12:11:48Z</time></trkpt>
			<trkpt lat="47.333620" lon="-0.920540"><ele>106</ele><time>2026-03-01T12:12:00Z</time></trkpt>
			<trkpt lat="47.333490" lon="-0.920580"><ele>106</ele><time>2026-03-01T12:12:12Z</time></trkpt>
			<trkpt lat="47.332990" lon="-0.920820"><ele>107</ele><time>2026-03-01T12:12:24Z</time></trkpt>
			<trkpt lat="47.332420" lon="-0.921070"><ele>109</ele><time>2026-03-01T12:12:36Z</time></trkpt>
			<trkpt lat="47.332090" lon="-0.921230"><ele>111</ele><time>2026-03-01T12:12:48Z</time></trkpt>
			<trkpt lat="47.331760" lon="-0.921460"><ele>114</ele><time>2026-03-01T12:13:00Z</time></trkpt>
			<trkpt lat="47.330810" lon="-0.922160"><ele>120</ele><time>2026-03-01T12:13:12Z</time></trkpt>
			<trkpt lat="47.330680" lon="-0.922230"><ele>120</ele><time>2026-03-01T12:13:24Z</time></trkpt>
			<trkpt lat="47.330550" lon="-0.922300"><ele>121</ele><time>2026-03-01T12:13:36Z</time></trkpt>
			<trkpt lat="47.329810" lon="-0.922590"><ele>122</ele><time>2026-03-01T12:13:48Z</time></trkpt>
			<trkpt lat="47.329540" lon="-0.922710"><ele>123</ele><time>2026-03-01T12:14:00Z</time></trkpt>
			<trkpt lat="47.329240" lon="-0.922860"><ele>123</ele><time>2026-03-01T12:14:12Z</time></trkpt>
			<trkpt lat="47.329000" lon="-0.923020"><ele>124</ele><time>2026-03-01T12:14:24Z</time></trkpt>
			<trkpt lat="47.328110" lon="-0.923710"><ele>125</ele><time>2026-03-01T12:14:36Z</time></trkpt>
			<trkpt lat="47.327850" lon="-0.923890"><ele>126</ele><time>2026-03-01T12:14:48Z</time></trkpt>
			<trkpt lat="47.327720" lon="-0.923960"><ele>126</ele><time>2026-03-01T12:15:00Z</time></trkpt>
			<trkpt lat="47.327570" lon="-0.924030"><ele>127</ele><time>2026-03-01T12:15:12Z</time></trkpt>
			<trkpt lat="47.327130" lon="-0.924150"><ele>128</ele><time>2026-03-01T12:15:24Z</time></trkpt>
			<trkpt lat="47.326260" lon="-0.924300"><ele>131</ele><time>2026-03-01T12:15:36Z</time></trkpt>
			<trkpt lat="47.326020" lon="-0.924360"><ele>132</ele><time>2026-03-01T12:15:48Z</time></trkpt>
			<trkpt lat="47.325900" lon="-0.924410"><ele>132</ele><time>2026-03-01T12:16:00Z</time></trkpt>
			<trkpt lat="47.325800" lon="-0.924470"><ele>133</ele><time>2026-03-01T12:16:12Z</time></trkpt>
			<trkpt lat="47.325680" lon="-0.924560"><ele>133</ele><time>2026-03-01T12:16:24Z</time></trkpt>
			<trkpt lat="47.325560" lon="-0.924670"><ele>133</ele><time>2026-03-01T12:16:36Z</time></trkpt>
			<trkpt lat="47.324830" lon="-0.925640"><ele>139</ele><time>2026-03-01T12:16:48Z</time></trkpt>
			<trkpt lat="47.324720" lon="-0.925770"><ele>139</ele><time>2026-03-01T12:17:00Z</time></trkpt>
			<trkpt lat="47.324610" lon="-0.925860"><ele>140</ele><time>2026-03-01T12:17:12Z</time></trkpt>
			<trkpt lat="47.324510" lon="-0.925920"><ele>140</ele><time>2026-03-01T12:17:24Z</time></trkpt>
			<trkpt lat="47.324370" lon="-0.925980"><ele>140</ele><time>2026-03-01T12:17:36Z</time></trkpt>
			<trkpt lat="47.324260" lon="-0.926000"><ele>141</ele><time>2026-03-01T12:17:48Z</time></trkpt>
			<trkpt lat="47.324230" lon="-0.926000"><ele>141</ele><time>2026-03-01T12:18:00Z</time></trkpt>
			<trkpt lat="47.324150" lon="-0.926000"><ele>141</ele><time>2026-03-01T12:18:12Z</time></trkpt>
			<trkpt lat="47.323790" lon="-0.925930"><ele>142</ele><time>2026-03-01T12:18:24Z</time></trkpt>
			<trkpt lat="47.322460" lon="-0.925810"><ele>147</ele><time>2026-03-01T12:18:36Z</time></trkpt>
			<trkpt lat="47.322400" lon="-0.925810"><ele>147</ele><time>2026-03-01T12:18:48Z</time></trkpt>
			<trkpt lat="47.322390" lon="-0.926250"><ele>145</ele><time>2026-03-01T12:19:00Z</time></trkpt>
			<trkpt lat="47.322330" lon="-0.926470"><ele>144</ele><time>2026-03-01T12:19:12Z</time></trkpt>
			<trkpt lat="47.322270" lon="-0.926430"><ele>145</ele><time>2026-03-01T12:19:24Z</time></trkpt>
			<trkpt lat="47.322190" lon="-0.926430"><ele>145</ele><time>2026-03-01T12:19:36Z</time></trkpt>
			<trkpt lat="47.322010" lon="-0.926500"><ele>145</ele><time>2026-03-01T12:19:48Z</time></trkpt>
			<trkpt lat="47.321940" lon="-0.926540"><ele>145</ele><time>2026-03-01T12:20:00Z</time></trkpt>
			<trkpt lat="47.321870" lon="-0.926690"><ele>144</ele><time>2026-03-01T12:20:12Z</time></trkpt>
			<trkpt lat="47.321750" lon="-0.927080"><ele>144</ele><time>2026-03-01T12:20:24Z</time></trkpt>
			<trkpt lat="47.321720" lon="-0.927190"><ele>144</ele><time>2026-03-01T12:20:36Z</time></trkpt>
			<trkpt lat="47.321160" lon="-0.928300"><ele>144</ele><time>2026-03-01T12:20:48Z</time></trkpt>
			<trkpt lat="47.320980" lon="-0.928070"><ele>145</ele><time>2026-03-01T12:21:00Z</time></trkpt>
			<trkpt lat="47.320940" lon="-0.928040"><ele>146</ele><time>2026-03-01T12:21:12Z</time></trkpt>
			<trkpt lat="47.320910" lon="-0.928030"><ele>146</ele><time>2026-03-01T12:21:24Z</time></trkpt>
			<trkpt lat="47.320880" lon="-0.928040"><ele>146</ele><time>2026-03-01T12:21:36Z</time></trkpt>
			<trkpt lat="47.320850" lon="-0.928070"><ele>146</ele><time>2026-03-01T12:21:48Z</time></trkpt>
			<trkpt lat="47.320810" lon="-0.928120"><ele>146</ele><time>2026-03-01T12:22:00Z</time></trkpt>
			<trkpt lat="47.320740" lon="-0.928250"><ele>146</ele><time>2026-03-01T12:22:12Z</time></trkpt>
			<trkpt lat="47.320630" lon="-0.928430"><ele>146</ele><time>2026-03-01T12:22:24Z</time></trkpt>
			<trkpt lat="47.320560" lon="-0.928520"><ele>146</ele><time>2026-03-01T12:22:36Z</time></trkpt>
			<trkpt lat="47.320500" lon="-0.928590"><ele>146</ele><time>2026-03-01T12:22:48Z</time></trkpt>
			<trkpt lat="47.320450" lon="-0.928620"><ele>146</ele><time>2026-03-01T12:23:00Z</time></trkpt>
			<trkpt lat="47.320380" lon="-0.928650"><ele>146</ele><time>2026-03-01T12:23:12Z</time></trkpt>
			<trkpt lat="47.320210" lon="-0.928690"><ele>147</ele><time>2026-03-01T12:23:24Z</time></trkpt>
			<trkpt lat="47.320060" lon="-0.928750"><ele>148</ele><time>2026-03-01T12:23:36Z</time></trkpt>
			<trkpt lat="47.319800" lon="-0.928920"><ele>148</ele><time>2026-03-01T12:23:48Z</time></trkpt>
			<trkpt lat="47.319610" lon="-0.929110"><ele>148</ele><time>2026-03-01T12:24:00Z</time></trkpt>
			<trkpt lat="47.319510" lon="-0.929220"><ele>148</ele><time>2026-03-01T12:24:12Z</time></trkpt>
			<trkpt lat="47.319430" lon="-0.929350"><ele>148</ele><time>2026-03-01T12:24:24Z</time></trkpt>
			<trkpt lat="47.319350" lon="-0.929480"><ele>148</ele><time>2026-03-01T12:24:36Z</time></trkpt>
			<trkpt lat="47.319280" lon="-0.929640"><ele>148</ele><time>2026-03-01T12:24:48Z</time></trkpt>
			<trkpt lat="47.319200" lon="-0.929820"><ele>148</ele><time>2026-03-01T12:25:00Z</time></trkpt>
			<trkpt lat="47.319120" lon="-0.930040"><ele>148</ele><time>2026-03-01T12:25:12Z</time></trkpt>
			<trkpt lat="47.319060" lon="-0.930320"><ele>148</ele><time>2026-03-01T12:25:24Z</time></trkpt>
			<trkpt lat="47.318950" lon="-0.930710"><ele>147</ele><time>2026-03-01T12:25:36Z</time></trkpt>
			<trkpt lat="47.318900" lon="-0.930860"><ele>147</ele><time>2026-03-01T12:25:48Z</time></trkpt>
			<trkpt lat="47.318840" lon="-0.931000"><ele>147</ele><time>2026-03-01T12:26:00Z</time></trkpt>
			<trkpt lat="47.318140" lon="-0.932650"><ele>145</ele><time>2026-03-01T12:26:12Z</time></trkpt>
			<trkpt lat="47.318060" lon="-0.932770"><ele>145</ele><time>2026-03-01T12:26:24Z</time></trkpt>
			<trkpt lat="47.318120" lon="-0.932870"><ele>145</ele><time>2026-03-01T12:26:36Z</time></trkpt>
			<trkpt lat="47.318230" lon="-0.933100"><ele>144</ele><time>2026-03-01T12:26:48Z</time></trkpt>
			<trkpt lat="47.318260" lon="-0.933190"><ele>144</ele><time>2026-03-01T12:27:00Z</time></trkpt>
			<trkpt lat="47.318270" lon="-0.933270"><ele>143</ele><time>2026-03-01T12:27:12Z</time></trkpt>
			<trkpt lat="47.318270" lon="-0.933380"><ele>143</ele><time>2026-03-01T12:27:24Z</time></trkpt>
			<trkpt lat="47.318260" lon="-0.933500"><ele>143</ele><time>2026-03-01T12:27:36Z</time></trkpt>
			<trkpt lat="47.317210" lon="-0.937460"><ele>142</ele><time>2026-03-01T12:27:48Z</time></trkpt>
			<trkpt lat="47.317020" lon="-0.938280"><ele>141</ele><time>2026-03-01T12:28:00Z</time></trkpt>
			<trkpt lat="47.316780" lon="-0.939390"><ele>140</ele><time>2026-03-01T12:28:12Z</time></trkpt>
			<trkpt lat="47.316670" lon="-0.939720"><ele>140</ele><time>2026-03-01T12:28:24Z</time></trkpt>
			<trkpt lat="47.316250" lon="-0.940930"><ele>138</ele><time>2026-03-01T12:28:36Z</time></trkpt>
			<trkpt lat="47.316180" lon="-0.941200"><ele>138</ele><time>2026-03-01T12:28:48Z</time></trkpt>
			<trkpt lat="47.316150" lon="-0.941340"><ele>138</ele><time>2026-03-01T12:29:00Z</time></trkpt>
			<trkpt lat="47.315990" lon="-0.942260"><ele>137</ele><time>2026-03-01T12:29:12Z</time></trkpt>
			<trkpt lat="47.315770" lon="-0.943430"><ele>138</ele><time>2026-03-01T12:29:24Z</time></trkpt>
			<trkpt lat="47.315670" lon="-0.943930"><ele>137</ele><time>2026-03-01T12:29:36Z</time></trkpt>
			<trkpt lat="47.315640" lon="-0.944150"><ele>137</ele><time>2026-03-01T12:29:48Z</time></trkpt>
			<trkpt lat="47.315630" lon="-0.944430"><ele>137</ele><time>2026-03-01T12:30:00Z</time></trkpt>
			<trkpt lat="47.315650" lon="-0.944690"><ele>137</ele><time>2026-03-01T12:30:12Z</time></trkpt>
			<trkpt lat="47.315690" lon="-0.944910"><ele>137</ele><time>2026-03-01T12:30:24Z</time></trkpt>
			<trkpt lat="47.315760" lon="-0.945160"><ele>138</ele><time>2026-03-01T12:30:36Z</time></trkpt>
			<trkpt lat="47.315800" lon="-0.945260"><ele>138</ele><time>2026-03-01T12:30:48Z</time></trkpt>
			<trkpt lat="47.315890" lon="-0.945470"><ele>138</ele><time>2026-03-01T12:31:00Z</time></trkpt>
			<trkpt lat="47.316110" lon="-0.945900"><ele>138</ele><time>2026-03-01T12:31:12Z</time></trkpt>
			<trkpt lat="47.316170" lon="-0.946040"><ele>138</ele><time>2026-03-01T12:31:24Z</time></trkpt>
			<trkpt lat="47.316220" lon="-0.946220"><ele>138</ele><time>2026-03-01T12:31:36Z</time></trkpt>
			<trkpt lat="47.316250" lon="-0.946350"><ele>138</ele><time>2026-03-01T12:31:48Z</time></trkpt>
			<trkpt lat="47.316260" lon="-0.946520"><ele>138</ele><time>2026-03-01T12:32:00Z</time></trkpt>
			<trkpt lat="47.316260" lon="-0.946650"><ele>137</ele><time>2026-03-01T12:32:12Z</time></trkpt>
			<trkpt lat="47.316250" lon="-0.946790"><ele>137</ele><time>2026-03-01T12:32:24Z</time></trkpt>
			<trkpt lat="47.316210" lon="-0.947010"><ele>137</ele><time>2026-03-01T12:32:36Z</time></trkpt>
			<trkpt lat="47.316130" lon="-0.947240"><ele>137</ele><time>2026-03-01T12:32:48Z</time></trkpt>
			<trkpt lat="47.315990" lon="-0.947520"><ele>137</ele><time>2026-03-01T12:33:00Z</time></trkpt>
			<trkpt lat="47.314990" lon="-0.949400"><ele>135</ele><time>2026-03-01T12:33:12Z</time></trkpt>
			<trkpt lat="47.314240" lon="-0.950640"><ele>135</ele><time>2026-03-01T12:33:24Z</time></trkpt>
			<trkpt lat="47.313740" lon="-0.951460"><ele>133</ele><time>2026-03-01T12:33:36Z</time></trkpt>
			<trkpt lat="47.313460" lon="-0.951920"><ele>133</ele><time>2026-03-01T12:33:48Z</time></trkpt>
			<trkpt lat="47.313060" lon="-0.952560"><ele>133</ele><time>2026-03-01T12:34:00Z</time></trkpt>
			<trkpt lat="47.312890" lon="-0.952890"><ele>132</ele><time>2026-03-01T12:34:12Z</time></trkpt>
			<trkpt lat="47.312830" lon="-0.953050"><ele>131</ele><time>2026-03-01T12:34:24Z</time></trkpt>
			<trkpt lat="47.312770" lon="-0.953270"><ele>131</ele><time>2026-03-01T12:34:36Z</time></trkpt>
			<trkpt lat="47.312720" lon="-0.953470"><ele>131</ele><time>2026-03-01T12:34:48Z</time></trkpt>
			<trkpt lat="47.312640" lon="-0.954120"><ele>130</ele><time>2026-03-01T12:35:00Z</time></trkpt>
			<trkpt lat="47.312600" lon="-0.954300"><ele>130</ele><time>2026-03-01T12:35:12Z</time></trkpt>
			<trkpt lat="47.312540" lon="-0.954490"><ele>130</ele><time>2026-03-01T12:35:24Z</time></trkpt>
			<trkpt lat="47.312280" lon="-0.955060"><ele>130</ele><time>2026-03-01T12:35:36Z</time></trkpt>
			<trkpt lat="47.312230" lon="-0.955220"><ele>130</ele><time>2026-03-01T12:35:48Z</time></trkpt>
			<trkpt lat="47.312170" lon="-0.955420"><ele>130</ele><time>2026-03-01T12:36:00Z</time></trkpt>
			<trkpt lat="47.312100" lon="-0.955810"><ele>130</ele><time>2026-03-01T12:36:12Z</time></trkpt>
			<trkpt lat="47.311690" lon="-0.958140"><ele>123</ele><time>2026-03-01T12:36:24Z</time></trkpt>
			<trkpt lat="47.311680" lon="-0.958330"><ele>123</ele><time>2026-03-01T12:36:36Z</time></trkpt>
			<trkpt lat="47.311690" lon="-0.958490"><ele>123</ele><time>2026-03-01T12:36:48Z</time></trkpt>
			<trkpt lat="47.311700" lon="-0.958630"><ele>123</ele><time>2026-03-01T12:37:00Z</time></trkpt>
			<trkpt lat="47.311760" lon="-0.959200"><ele>122</ele><time>2026-03-01T12:37:12Z</time></trkpt>
			<trkpt lat="47.311770" lon="-0.959460"><ele>122</ele><time>2026-03-01T12:37:24Z</time></trkpt>
			<trkpt lat="47.311760" lon="-0.959620"><ele>122</ele><time>2026-03-01T12:37:36Z</time></trkpt>
			<trkpt lat="47.311740" lon="-0.959800"><ele>122</ele><time>2026-03-01T12:37:48Z</time></trkpt>
			<trkpt lat="47.311600" lon="-0.960620"><ele>121</ele><time>2026-03-01T12:38:00Z</time></trkpt>
			<trkpt lat="47.311570" lon="-0.961030"><ele>121</ele><time>2026-03-01T12:38:12Z</time></trkpt>
			<trkpt lat="47.311610" lon="-0.961400"><ele>120</ele><time>2026-03-01T12:38:24Z</time></trkpt>
			<trkpt lat="47.311670" lon="-0.961790"><ele>120</ele><time>2026-03-01T12:38:36Z</time></trkpt>
			<trkpt lat="47.311700" lon="-0.962120"><ele>119</ele><time>2026-03-01T12:38:48Z</time></trkpt>
			<trkpt lat="47.311710" lon="-0.962540"><ele>118</ele><time>2026-03-01T12:39:00Z</time></trkpt>
			<trkpt lat="47.311380" lon="-0.966090"><ele>108</ele><time>2026-03-01T12:39:12Z</time></trkpt>
			<trkpt lat="47.311380" lon="-0.966360"><ele>108</ele><time>2026-03-01T12:39:24Z</time></trkpt>
			<trkpt lat="47.311420" lon="-0.966630"><ele>108</ele><time>2026-03-01T12:39:36Z</time></trkpt>
			<trkpt lat="47.312270" lon="-0.970650"><ele>104</ele><time>2026-03-01T12:39:48Z</time></trkpt>
			<trkpt lat="47.312320" lon="-0.970910"><ele>104</ele><time>2026-03-01T12:40:00Z</time></trkpt>
			<trkpt lat="47.312360" lon="-0.971180"><ele>103</ele><time>2026-03-01T12:40:12Z</time></trkpt>
			<trkpt lat="47.312370" lon="-0.971450"><ele>102</ele><time>2026-03-01T12:40:24Z</time></trkpt>
			<trkpt lat="47.312440" lon="-0.972900"><ele>101</ele><time>2026-03-01T12:40:36Z</time></trkpt>
			<trkpt lat="47.312450" lon="-0.973240"><ele>102</ele><time>2026-03-01T12:40:48Z</time></trkpt>
			<trkpt lat="47.312430" lon="-0.973540"><ele>102</ele><time>2026-03-01T12:41:00Z</time></trkpt>
			<trkpt lat="47.312410" lon="-0.973750"><ele>101</ele><time>2026-03-01T12:41:12Z</time></trkpt>
			<trkpt lat="47.311810" lon="-0.977340"><ele>100</ele><time>2026-03-01T12:41:24Z</time></trkpt>
			<trkpt lat="47.311820" lon="-0.977590"><ele>100</ele><time>2026-03-01T12:41:36Z</time></trkpt>
			<trkpt lat="47.311830" lon="-0.977650"><ele>100</ele><time>2026-03-01T12:41:48Z</time></trkpt>
			<trkpt lat="47.311720" lon="-0.977790"><ele>101</ele><time>2026-03-01T12:42:00Z</time></trkpt>
			<trkpt lat="47.311620" lon="-0.977990"><ele>101</ele><time>2026-03-01T12:42:12Z</time></trkpt>
			<trkpt lat="47.310840" lon="-0.979770"><ele>101</ele><time>2026-03-01T12:42:24Z</time></trkpt>
			<trkpt lat="47.309440" lon="-0.983440"><ele>103</ele><time>2026-03-01T12:42:36Z</time></trkpt>
			<trkpt lat="47.309180" lon="-0.984080"><ele>103</ele><time>2026-03-01T12:42:48Z</time></trkpt>
			<trkpt lat="47.308970" lon="-0.984500"><ele>103</ele><time>2026-03-01T12:43:00Z</time></trkpt>
			<trkpt lat="47.308790" lon="-0.984830"><ele>104</ele><time>2026-03-01T12:43:12Z</time></trkpt>
			<trkpt lat="47.308510" lon="-0.985380"><ele>105</ele><time>2026-03-01T12:43:24Z</time></trkpt>
			<trkpt lat="47.308400" lon="-0.985640"><ele>106</ele><time>2026-03-01T12:43:36Z</time></trkpt>
			<trkpt lat="47.308300" lon="-0.985910"><ele>107</ele><time>2026-03-01T12:43:48Z</time></trkpt>
			<trkpt lat="47.308210" lon="-0.986270"><ele>107</ele><time>2026-03-01T12:44:00Z</time></trkpt>
			<trkpt lat="47.308050" lon="-0.987270"><ele>105</ele><time>2026-03-01T12:44:12Z</time></trkpt>
			<trkpt lat="47.307910" lon="-0.988420"><ele>102</ele><time>2026-03-01T12:44:24Z</time></trkpt>
			<trkpt lat="47.307760" lon="-0.989850"><ele>97</ele><time>2026-03-01T12:44:36Z</time></trkpt>
			<trkpt lat="47.307670" lon="-0.990790"><ele>94</ele><time>2026-03-01T12:44:48Z</time></trkpt>
			<trkpt lat="47.307380" lon="-0.993080"><ele>94</ele><time>2026-03-01T12:45:00Z</time></trkpt>
			<trkpt lat="47.307250" lon="-0.993810"><ele>94</ele><time>2026-03-01T12:45:12Z</time></trkpt>
			<trkpt lat="47.307230" lon="-0.994060"><ele>94</ele><time>2026-03-01T12:45:24Z</time></trkpt>
			<trkpt lat="47.307230" lon="-0.994310"><ele>94</ele><time>2026-03-01T12:45:36Z</time></trkpt>
			<trkpt lat="47.307400" lon="-0.995660"><ele>95</ele><time>2026-03-01T12:45:48Z</time></trkpt>
			<trkpt lat="47.307450" lon="-0.996130"><ele>95</ele><time>2026-03-01T12:46:00Z</time></trkpt>
			<trkpt lat="47.307460" lon="-0.996390"><ele>95</ele><time>2026-03-01T12:46:12Z</time></trkpt>
			<trkpt lat="47.307450" lon="-0.996590"><ele>95</ele><time>2026-03-01T12:46:24Z</time></trkpt>
			<trkpt lat="47.307270" lon="-0.998120"><ele>96</ele><time>2026-03-01T12:46:36Z</time></trkpt>
			<trkpt lat="47.307230" lon="-0.998280"><ele>96</ele><time>2026-03-01T12:46:48Z</time></trkpt>
			<trkpt lat="47.307040" lon="-0.998900"><ele>97</ele><time>2026-03-01T12:47:00Z</time></trkpt>
			<trkpt lat="47.306970" lon="-0.999140"><ele>97</ele><time>2026-03-01T12:47:12Z</time></trkpt>
			<trkpt lat="47.306890" lon="-0.999400"><ele>97</ele><time>2026-03-01T12:47:24Z</time></trkpt>
			<trkpt lat="47.306810" lon="-0.999640"><ele>98</ele><time>2026-03-01T12:47:36Z</time></trkpt>
			<trkpt lat="47.306760" lon="-0.999780"><ele>98</ele><time>2026-03-01T12:47:48Z</time></trkpt>
			<trkpt lat="47.306670" lon="-0.999910"><ele>98</ele><time>2026-03-01T12:48:00Z</time></trkpt>
			<trkpt lat="47.306450" lon="-1.000160"><ele>98</ele><time>2026-03-01T12:48:12Z</time></trkpt>
			<trkpt lat="47.306320" lon="-1.000310"><ele>98</ele><time>2026-03-01T12:48:24Z</time></trkpt>
			<trkpt lat="47.306120" lon="-1.000560"><ele>98</ele><time>2026-03-01T12:48:36Z</time></trkpt>
			<trkpt lat="47.306080" lon="-1.000630"><ele>98</ele><time>2026-03-01T12:48:48Z</time></trkpt>
			<trkpt lat="47.306020" lon="-1.000690"><ele>98</ele><time>2026-03-01T12:49:00Z</time></trkpt>
			<trkpt lat="47.305930" lon="-1.000850"><ele>97</ele><time>2026-03-01T12:49:12Z</time></trkpt>
			<trkpt lat="47.305900" lon="-1.001040"><ele>98</ele><time>2026-03-01T12:49:24Z</time></trkpt>
			<trkpt lat="47.305890" lon="-1.001170"><ele>98</ele><time>2026-03-01T12:49:36Z</time></trkpt>
			<trkpt lat="47.305850" lon="-1.001500"><ele>99</ele><time>2026-03-01T12:49:48Z</time></trkpt>
			<trkpt lat="47.305820" lon="-1.001730"><ele>99</ele><time>2026-03-01T12:50:00Z</time></trkpt>
			<trkpt lat="47.305780" lon="-1.001910"><ele>98</ele><time>2026-03-01T12:50:12Z</time></trkpt>
			<trkpt lat="47.305690" lon="-1.002230"><ele>98</ele><time>2026-03-01T12:50:24Z</time></trkpt>
			<trkpt lat="47.305480" lon="-1.002790"><ele>97</ele><time>2026-03-01T12:50:36Z</time></trkpt>
			<trkpt lat="47.305380" lon="-1.003030"><ele>97</ele><time>2026-03-01T12:50:48Z</time></trkpt>
			<trkpt lat="47.305040" lon="-1.003830"><ele>99</ele><time>2026-03-01T12:51:00Z</time></trkpt>
			<trkpt lat="47.304950" lon="-1.004070"><ele>99</ele><time>2026-03-01T12:51:12Z</time></trkpt>
			<trkpt lat="47.304900" lon="-1.004190"><ele>99</ele><time>2026-03-01T12:51:24Z</time></trkpt>
			<trkpt lat="47.304630" lon="-1.004950"><ele>98</ele><time>2026-03-01T12:51:36Z</time></trkpt>
			<trkpt lat="47.304580" lon="-1.005130"><ele>97</ele><time>2026-03-01T12:51:48Z</time></trkpt>
			<trkpt lat="47.304530" lon="-1.005400"><ele>97</ele><time>2026-03-01T12:52:00Z</time></trkpt>
			<trkpt lat="47.304500" lon="-1.005810"><ele>97</ele><time>2026-03-01T12:52:12Z</time></trkpt>
			<trkpt lat="47.304490" lon="-1.006480"><ele>96</ele><time>2026-03-01T12:52:24Z</time></trkpt>
			<trkpt lat="47.304480" lon="-1.006660"><ele>96</ele><time>2026-03-01T12:52:36Z</time></trkpt>
			<trkpt lat="47.304470" lon="-1.006860"><ele>95</ele><time>2026-03-01T12:52:48Z</time></trkpt>
			<trkpt lat="47.304470" lon="-1.007260"><ele>94</ele><time>2026-03-01T12:53:00Z</time></trkpt>
			<trkpt lat="47.304450" lon="-1.008040"><ele>94</ele><time>2026-03-01T12:53:12Z</time></trkpt>
			<trkpt lat="47.304420" lon="-1.009380"><ele>97</ele><time>2026-03-01T12:53:24Z</time></trkpt>
			<trkpt lat="47.304430" lon="-1.009700"><ele>97</ele><time>2026-03-01T12:53:36Z</time></trkpt>
			<trkpt lat="47.304470" lon="-1.010030"><ele>98</ele><time>2026-03-01T12:53:48Z</time></trkpt>
			<trkpt lat="47.304630" lon="-1.010920"><ele>99</ele><time>2026-03-01T12:54:00Z</time></trkpt>
			<trkpt lat="47.304660" lon="-1.011260"><ele>99</ele><time>2026-03-01T12:54:12Z</time></trkpt>
			<trkpt lat="47.304700" lon="-1.012060"><ele>98</ele><time>2026-03-01T12:54:24Z</time></trkpt>
			<trkpt lat="47.304740" lon="-1.012320"><ele>98</ele><time>2026-03-01T12:54:36Z</time></trkpt>
			<trkpt lat="47.304690" lon="-1.012330"><ele>98</ele><time>2026-03-01T12:54:48Z</time></trkpt>
			<trkpt lat="47.304660" lon="-1.013010"><ele>99</ele><time>2026-03-01T12:55:00Z</time></trkpt>
			<trkpt lat="47.304720" lon="-1.014090"><ele>99</ele><time>2026-03-01T12:55:12Z</time></trkpt>
			<trkpt lat="47.304760" lon="-1.015400"><ele>100</ele><time>2026-03-01T12:55:24Z</time></trkpt>
			<trkpt lat="47.304750" lon="-1.016100"><ele>100</ele><time>2026-03-01T12:55:36Z</time></trkpt>
			<trkpt lat="47.304560" lon="-1.017700"><ele>93</ele><time>2026-03-01T12:55:48Z</time></trkpt>
			<trkpt lat="47.304500" lon="-1.018100"><ele>90</ele><time>2026-03-01T12:56:00Z</time></trkpt>
			<trkpt lat="47.304450" lon="-1.018530"><ele>88</ele><time>2026-03-01T12:56:12Z</time></trkpt>
			<trkpt lat="47.304430" lon="-1.018810"><ele>87</ele><time>2026-03-01T12:56:24Z</time></trkpt>
			<trkpt lat="47.304430" lon="-1.019010"><ele>86</ele><time>2026-03-01T12:56:36Z</time></trkpt>
			<trkpt lat="47.304440" lon="-1.019230"><ele>86</ele><time>2026-03-01T12:56:48Z</time></trkpt>
			<trkpt lat="47.304480" lon="-1.019450"><ele>85</ele><time>2026-03-01T12:57:00Z</time></trkpt>
			<trkpt lat="47.304570" lon="-1.019930"><ele>84</ele><time>2026-03-01T12:57:12Z</time></trkpt>
			<trkpt lat="47.304740" lon="-1.020680"><ele>79</ele><time>2026-03-01T12:57:24Z</time></trkpt>
			<trkpt lat="47.304790" lon="-1.020970"><ele>78</ele><time>2026-03-01T12:57:36Z</time></trkpt>
			<trkpt lat="47.304850" lon="-1.021580"><ele>75</ele><time>2026-03-01T12:57:48Z</time></trkpt>
			<trkpt lat="47.304960" lon="-1.022630"><ele>74</ele><time>2026-03-01T12:58:00Z</time></trkpt>
			<trkpt lat="47.305010" lon="-1.022910"><ele>73</ele><time>2026-03-01T12:58:12Z</time></trkpt>
			<trkpt lat="47.305050" lon="-1.023050"><ele>73</ele><time>2026-03-01T12:58:24Z</time></trkpt>
			<trkpt lat="47.305120" lon="-1.023170"><ele>72</ele><time>2026-03-01T12:58:36Z</time></trkpt>
			<trkpt lat="47.305370" lon="-1.023510"><ele>68</ele><time>2026-03-01T12:58:48Z</time></trkpt>
			<trkpt lat="47.305460" lon="-1.023670"><ele>66</ele><time>2026-03-01T12:59:00Z</time></trkpt>
			<trkpt lat="47.305520" lon="-1.023840"><ele>65</ele><time>2026-03-01T12:59:12Z</time></trkpt>
			<trkpt lat="47.305550" lon="-1.023980"><ele>64</ele><time>2026-03-01T12:59:24Z</time></trkpt>
			<trkpt lat="47.305570" lon="-1.024140"><ele>64</ele><time>2026-03-01T12:59:36Z</time></trkpt>
			<trkpt lat="47.305590" lon="-1.024400"><ele>62</ele><time>2026-03-01T12:59:48Z</time></trkpt>
			<trkpt lat="47.305590" lon="-1.024600"><ele>62</ele><time>2026-03-01T13:00:00Z</time></trkpt>
			<trkpt lat="47.305580" lon="-1.024860"><ele>61</ele><time>2026-03-01T13:00:12Z</time></trkpt>
			<trkpt lat="47.305530" lon="-1.025050"><ele>61</ele><time>2026-03-01T13:00:24Z</time></trkpt>
			<trkpt lat="47.305470" lon="-1.025150"><ele>61</ele><time>2026-03-01T13:00:36Z</time></trkpt>
			<trkpt lat="47.305420" lon="-1.025220"><ele>61</ele><time>2026-03-01T13:00:48Z</time></trkpt>
			<trkpt lat="47.305180" lon="-1.025410"><ele>62</ele><time>2026-03-01T13:01:00Z</time></trkpt>
			<trkpt lat="47.305110" lon="-1.025490"><ele>62</ele><time>2026-03-01T13:01:12Z</time></trkpt>
			<trkpt lat="47.305010" lon="-1.025600"><ele>62</ele><time>2026-03-01T13:01:24Z</time></trkpt>
			<trkpt lat="47.305000" lon="-1.025640"><ele>62</ele><time>2026-03-01T13:01:36Z</time></trkpt>
			<trkpt lat="47.304970" lon="-1.025730"><ele>61</ele><time>2026-03-01T13:01:48Z</time></trkpt>
			<trkpt lat="47.304950" lon="-1.025910"><ele>60</ele><time>2026-03-01T13:02:00Z</time></trkpt>
			<trkpt lat="47.304940" lon="-1.026140"><ele>59</ele><time>2026-03-01T13:02:12Z</time></trkpt>
			<trkpt lat="47.304940" lon="-1.026770"><ele>57</ele><time>2026-03-01T13:02:24Z</time></trkpt>
			<trkpt lat="47.304960" lon="-1.027050"><ele>56</ele><time>2026-03-01T13:02:36Z</time></trkpt>
			<trkpt lat="47.304980" lon="-1.027170"><ele>55</ele><time>2026-03-01T13:02:48Z</time></trkpt>
			<trkpt lat="47.305020" lon="-1.027240"><ele>55</ele><time>2026-03-01T13:03:00Z</time></trkpt>
			<trkpt lat="47.305090" lon="-1.027280"><ele>54</ele><time>2026-03-01T13:03:12Z</time></trkpt>
			<trkpt lat="47.305160" lon="-1.027280"><ele>54</ele><time>2026-03-01T13:03:24Z</time></trkpt>
			<trkpt lat="47.305400" lon="-1.027210"><ele>52</ele><time>2026-03-01T13:03:36Z</time></trkpt>
			<trkpt lat="47.305510" lon="-1.027210"><ele>51</ele><time>2026-03-01T13:03:48Z</time></trkpt>
			<trkpt lat="47.305600" lon="-1.027250"><ele>50</ele><time>2026-03-01T13:04:00Z</time></trkpt>
			<trkpt lat="47.305680" lon="-1.027320"><ele>50</ele><time>2026-03-01T13:04:12Z</time></trkpt>
			<trkpt lat="47.305790" lon="-1.027450"><ele>48</ele><time>2026-03-01T13:04:24Z</time></trkpt>
			<trkpt lat="47.305930" lon="-1.027640"><ele>46</ele><time>2026-03-01T13:04:36Z</time></trkpt>
			<trkpt lat="47.306030" lon="-1.027870"><ele>45</ele><time>2026-03-01T13:04:48Z</time></trkpt>
			<trkpt lat="47.306100" lon="-1.028040"><ele>43</ele><time>2026-03-01T13:05:00Z</time></trkpt>
			<trkpt lat="47.306170" lon="-1.028240"><ele>42</ele><time>2026-03-01T13:05:12Z</time></trkpt>
			<trkpt lat="47.306240" lon="-1.028480"><ele>40</ele><time>2026-03-01T13:05:24Z</time></trkpt>
			<trkpt lat="47.306270" lon="-1.028670"><ele>39</ele><time>2026-03-01T13:05:36Z</time></trkpt>
			<trkpt lat="47.306270" lon="-1.028830"><ele>38</ele><time>2026-03-01T13:05:48Z</time></trkpt>
			<trkpt lat="47.306250" lon="-1.028980"><ele>37</ele><time>2026-03-01T13:06:00Z</time></trkpt>
			<trkpt lat="47.306200" lon="-1.029180"><ele>36</ele><time>2026-03-01T13:06:12Z</time></trkpt>
			<trkpt lat="47.306130" lon="-1.029330"><ele>35</ele><time>2026-03-01T13:06:24Z</time></trkpt>
			<trkpt lat="47.306040" lon="-1.029450"><ele>34</ele><time>2026-03-01T13:06:36Z</time></trkpt>
			<trkpt lat="47.305940" lon="-1.029530"><ele>34</ele><time>2026-03-01T13:06:48Z</time></trkpt>
			<trkpt lat="47.305800" lon="-1.029620"><ele>34</ele><time>2026-03-01T13:07:00Z</time></trkpt>
			<trkpt lat="47.305510" lon="-1.029690"><ele>34</ele><time>2026-03-01T13:07:12Z</time></trkpt>
			<trkpt lat="47.305170" lon="-1.029810"><ele>35</ele><time>2026-03-01T13:07:24Z</time></trkpt>
			<trkpt lat="47.305090" lon="-1.029890"><ele>35</ele><time>2026-03-01T13:07:36Z</time></trkpt>
			<trkpt lat="47.305030" lon="-1.030040"><ele>33</ele><time>2026-03-01T13:07:48Z</time></trkpt>
			<trkpt lat="47.304990" lon="-1.030250"><ele>31</ele><time>2026-03-01T13:08:00Z</time></trkpt>
			<trkpt lat="47.304950" lon="-1.030520"><ele>28</ele><time>2026-03-01T13:08:12Z</time></trkpt>
			<trkpt lat="47.304900" lon="-1.030680"><ele>26</ele><time>2026-03-01T13:08:24Z</time></trkpt>
			<trkpt lat="47.304780" lon="-1.030820"><ele>26</ele><time>2026-03-01T13:08:36Z</time></trkpt>
			<trkpt lat="47.304420" lon="-1.031070"><ele>26</ele><time>2026-03-01T13:08:48Z</time></trkpt>
			<trkpt lat="47.304040" lon="-1.031310"><ele>26</ele><time>2026-03-01T13:09:00Z</time></trkpt>
			<trkpt lat="47.303910" lon="-1.031380"><ele>26</ele><time>2026-03-01T13:09:12Z</time></trkpt>
			<trkpt lat="47.303700" lon="-1.031490"><ele>26</ele><time>2026-03-01T13:09:24Z</time></trkpt>
			<trkpt lat="47.303540" lon="-1.031540"><ele>26</ele><time>2026-03-01T13:09:36Z</time></trkpt>
			<trkpt lat="47.303470" lon="-1.031580"><ele>26</ele><time>2026-03-01T13:09:48Z</time></trkpt>
			<trkpt lat="47.303420" lon="-1.031700"><ele>24</ele><time>2026-03-01T13:10:00Z</time></trkpt>
			<trkpt lat="47.303380" lon="-1.031950"><ele>22</ele><time>2026-03-01T13:10:12Z</time></trkpt>
			<trkpt lat="47.303230" lon="-1.032520"><ele>18</ele><time>2026-03-01T13:10:24Z</time></trkpt>
			<trkpt lat="47.303170" lon="-1.032830"><ele>20</ele><time>2026-03-01T13:10:36Z</time></trkpt>
			<trkpt lat="47.303150" lon="-1.033010"><ele>22</ele><time>2026-03-01T13:10:48Z</time></trkpt>
			<trkpt lat="47.303170" lon="-1.033160"><ele>23</ele><time>2026-03-01T13:11:00Z</time></trkpt>
			<trkpt lat="47.303200" lon="-1.033230"><ele>24</ele><time>2026-03-01T13:11:12Z</time></trkpt>
			<trkpt lat="47.303250" lon="-1.033270"><ele>25</ele><time>2026-03-01T13:11:24Z</time></trkpt>
			<trkpt lat="47.303300" lon="-1.033280"><ele>25</ele><time>2026-03-01T13:11:36Z</time></trkpt>
			<trkpt lat="47.303360" lon="-1.033280"><ele>26</ele><time>2026-03-01T13:11:48Z</time></trkpt>
			<trkpt lat="47.303730" lon="-1.033070"><ele>27</ele><time>2026-03-01T13:12:00Z</time></trkpt>
			<trkpt lat="47.303920" lon="-1.033020"><ele>27</ele><time>2026-03-01T13:12:12Z</time></trkpt>
			<trkpt lat="47.304330" lon="-1.032980"><ele>29</ele><time>2026-03-01T13:12:24Z</time></trkpt>
			<trkpt lat="47.304520" lon="-1.032970"><ele>29</ele><time>2026-03-01T13:12:36Z</time></trkpt>
			<trkpt lat="47.304640" lon="-1.033000"><ele>30</ele><time>2026-03-01T13:12:48Z</time></trkpt>
			<trkpt lat="47.304770" lon="-1.033050"><ele>32</ele><time>2026-03-01T13:13:00Z</time></trkpt>
			<trkpt lat="47.304870" lon="-1.033060"><ele>32</ele><time>2026-03-01T13:13:12Z</time></trkpt>
			<trkpt lat="47.304980" lon="-1.033030"><ele>32</ele><time>2026-03-01T13:13:24Z</time></trkpt>
			<trkpt lat="47.305130" lon="-1.032970"><ele>32</ele><time>2026-03-01T13:13:36Z</time></trkpt>
			<trkpt lat="47.305230" lon="-1.032950"><ele>33</ele><time>2026-03-01T13:13:48Z</time></trkpt>
			<trkpt lat="47.305320" lon="-1.032970"><ele>34</ele><time>2026-03-01T13:14:00Z</time></trkpt>
			<trkpt lat="47.305490" lon="-1.033060"><ele>37</ele><time>2026-03-01T13:14:12Z</time></trkpt>
			<trkpt lat="47.305560" lon="-1.033080"><ele>38</ele><time>2026-03-01T13:14:24Z</time></trkpt>
			<trkpt lat="47.305650" lon="-1.033060"><ele>38</ele><time>2026-03-01T13:14:36Z</time></trkpt>
			<trkpt lat="47.305720" lon="-1.033000"><ele>37</ele><time>2026-03-01T13:14:48Z</time></trkpt>
			<trkpt lat="47.305890" lon="-1.032860"><ele>36</ele><time>2026-03-01T13:15:00Z</time></trkpt>
			<trkpt lat="47.306030" lon="-1.032790"><ele>36</ele><time>2026-03-01T13:15:12Z</time></trkpt>
			<trkpt lat="47.306160" lon="-1.032750"><ele>36</ele><time>2026-03-01T13:15:24Z</time></trkpt>
			<trkpt lat="47.306290" lon="-1.032730"><ele>36</ele><time>2026-03-01T13:15:36Z</time></trkpt>
			<trkpt lat="47.306480" lon="-1.032730"><ele>37</ele><time>2026-03-01T13:15:48Z</time></trkpt>
			<trkpt lat="47.306730" lon="-1.032760"><ele>37</ele><time>2026-03-01T13:16:00Z</time></trkpt>
			<trkpt lat="47.306830" lon="-1.032790"><ele>36</ele><time>2026-03-01T13:16:12Z</time></trkpt>
			<trkpt lat="47.306910" lon="-1.032850"><ele>36</ele><time>2026-03-01T13:16:24Z</time></trkpt>
			<trkpt lat="47.306980" lon="-1.032920"><ele>36</ele><time>2026-03-01T13:16:36Z</time></trkpt>
			<trkpt lat="47.307010" lon="-1.032970"><ele>36</ele><time>2026-03-01T13:16:48Z</time></trkpt>
			<trkpt lat="47.307040" lon="-1.033060"><ele>36</ele><time>2026-03-01T13:17:00Z</time></trkpt>
			<trkpt lat="47.307060" lon="-1.033160"><ele>37</ele><time>2026-03-01T13:17:12Z</time></trkpt>
			<trkpt lat="47.307060" lon="-1.033310"><ele>39</ele><time>2026-03-01T13:17:24Z</time></trkpt>
			<trkpt lat="47.307030" lon="-1.033710"><ele>42</ele><time>2026-03-01T13:17:36Z</time></trkpt>
			<trkpt lat="47.306970" lon="-1.033880"><ele>44</ele><time>2026-03-01T13:17:48Z</time></trkpt>
			<trkpt lat="47.306920" lon="-1.034070"><ele>47</ele><time>2026-03-01T13:18:00Z</time></trkpt>
			<trkpt lat="47.306940" lon="-1.034480"><ele>47</ele><time>2026-03-01T13:18:12Z</time></trkpt>
			<trkpt lat="47.306920" lon="-1.034660"><ele>48</ele><time>2026-03-01T13:18:24Z</time></trkpt>
			<trkpt lat="47.306860" lon="-1.034910"><ele>51</ele><time>2026-03-01T13:18:36Z</time></trkpt>
			<trkpt lat="47.306860" lon="-1.035050"><ele>51</ele><time>2026-03-01T13:18:48Z</time></trkpt>
			<trkpt lat="47.306870" lon="-1.035300"><ele>51</ele><time>2026-03-01T13:19:00Z</time></trkpt>
			<trkpt lat="47.306860" lon="-1.035470"><ele>52</ele><time>2026-03-01T13:19:12Z</time></trkpt>
			<trkpt lat="47.306820" lon="-1.035580"><ele>54</ele><time>2026-03-01T13:19:24Z</time></trkpt>
			<trkpt lat="47.306680" lon="-1.035890"><ele>59</ele><time>2026-03-01T13:19:36Z</time></trkpt>
			<trkpt lat="47.306650" lon="-1.036020"><ele>60</ele><time>2026-03-01T13:19:48Z</time></trkpt>
			<trkpt lat="47.306650" lon="-1.036150"><ele>61</ele><time>2026-03-01T13:20:00Z</time></trkpt>
			<trkpt lat="47.306670" lon="-1.036240"><ele>61</ele><time>2026-03-01T13:20:12Z</time></trkpt>
			<trkpt lat="47.306710" lon="-1.036300"><ele>61</ele><time>2026-03-01T13:20:24Z</time></trkpt>
			<trkpt lat="47.306770" lon="-1.036380"><ele>59</ele><time>2026-03-01T13:20:36Z</time></trkpt>
			<trkpt lat="47.306960" lon="-1.036430"><ele>54</ele><time>2026-03-01T13:20:48Z</time></trkpt>
			<trkpt lat="47.307040" lon="-1.036470"><ele>52</ele><time>2026-03-01T13:21:00Z</time></trkpt>
			<trkpt lat="47.307100" lon="-1.036540"><ele>51</ele><time>2026-03-01T13:21:12Z</time></trkpt>
			<trkpt lat="47.307140" lon="-1.036640"><ele>51</ele><time>2026-03-01T13:21:24Z</time></trkpt>
			<trkpt lat="47.307170" lon="-1.036870"><ele>52</ele><time>2026-03-01T13:21:36Z</time></trkpt>
			<trkpt lat="47.307200" lon="-1.037120"><ele>53</ele><time>2026-03-01T13:21:48Z</time></trkpt>
			<trkpt lat="47.307210" lon="-1.037390"><ele>55</ele><time>2026-03-01T13:22:00Z</time></trkpt>
			<trkpt lat="47.307200" lon="-1.037760"><ele>56</ele><time>2026-03-01T13:22:12Z</time></trkpt>
			<trkpt lat="47.307170" lon="-1.037970"><ele>57</ele><time>2026-03-01T13:22:24Z</time></trkpt>
			<trkpt lat="47.307090" lon="-1.038180"><ele>59</ele><time>2026-03-01T13:22:36Z</time></trkpt>
			<trkpt lat="47.306940" lon="-1.038380"><ele>62</ele><time>2026-03-01T13:22:48Z</time></trkpt>
			<trkpt lat="47.306760" lon="-1.038540"><ele>64</ele><time>2026-03-01T13:23:00Z</time></trkpt>
			<trkpt lat="47.306620" lon="-1.038620"><ele>66</ele><time>2026-03-01T13:23:12Z</time></trkpt>
			<trkpt lat="47.306530" lon="-1.038700"><ele>66</ele><time>2026-03-01T13:23:24Z</time></trkpt>
			<trkpt lat="47.306470" lon="-1.038820"><ele>67</ele><time>2026-03-01T13:23:36Z</time></trkpt>
			<trkpt lat="47.306450" lon="-1.038950"><ele>66</ele><time>2026-03-01T13:23:48Z</time></trkpt>
			<trkpt lat="47.306440" lon="-1.039110"><ele>66</ele><time>2026-03-01T13:24:00Z</time></trkpt>
			<trkpt lat="47.306450" lon="-1.039240"><ele>66</ele><time>2026-03-01T13:24:12Z</time></trkpt>
			<trkpt lat="47.306460" lon="-1.039320"><ele>66</ele><time>2026-03-01T13:24:24Z</time></trkpt>
			<trkpt lat="47.306490" lon="-1.039450"><ele>66</ele><time>2026-03-01T13:24:36Z</time></trkpt>
			<trkpt lat="47.306820" lon="-1.040190"><ele>62</ele><time>2026-03-01T13:24:48Z</time></trkpt>
			<trkpt lat="47.306910" lon="-1.040430"><ele>61</ele><time>2026-03-01T13:25:00Z</time></trkpt>
			<trkpt lat="47.306990" lon="-1.040680"><ele>61</ele><time>2026-03-01T13:25:12Z</time></trkpt>
			<trkpt lat="47.307050" lon="-1.040960"><ele>60</ele><time>2026-03-01T13:25:24Z</time></trkpt>
			<trkpt lat="47.307070" lon="-1.041130"><ele>59</ele><time>2026-03-01T13:25:36Z</time></trkpt>
			<trkpt lat="47.307070" lon="-1.041380"><ele>58</ele><time>2026-03-01T13:25:48Z</time></trkpt>
			<trkpt lat="47.307070" lon="-1.042010"><ele>55</ele><time>2026-03-01T13:26:00Z</time></trkpt>
			<trkpt lat="47.307090" lon="-1.042290"><ele>52</ele><time>2026-03-01T13:26:12Z</time></trkpt>
			<trkpt lat="47.307160" lon="-1.042540"><ele>51</ele><time>2026-03-01T13:26:24Z</time></trkpt>
			<trkpt lat="47.307220" lon="-1.042650"><ele>50</ele><time>2026-03-01T13:26:36Z</time></trkpt>
			<trkpt lat="47.307280" lon="-1.042750"><ele>49</ele><time>2026-03-01T13:26:48Z</time></trkpt>
			<trkpt lat="47.307360" lon="-1.042830"><ele>48</ele><time>2026-03-01T13:27:00Z</time></trkpt>
			<trkpt lat="47.307480" lon="-1.042930"><ele>47</ele><time>2026-03-01T13:27:12Z</time></trkpt>
			<trkpt lat="47.308260" lon="-1.043440"><ele>43</ele><time>2026-03-01T13:27:24Z</time></trkpt>
			<trkpt lat="47.308560" lon="-1.043640"><ele>42</ele><time>2026-03-01T13:27:36Z</time></trkpt>
			<trkpt lat="47.308730" lon="-1.043760"><ele>40</ele><time>2026-03-01T13:27:48Z</time></trkpt>
			<trkpt lat="47.308790" lon="-1.043830"><ele>40</ele><time>2026-03-01T13:28:00Z</time></trkpt>
			<trkpt lat="47.308880" lon="-1.043970"><ele>38</ele><time>2026-03-01T13:28:12Z</time></trkpt>
			<trkpt lat="47.308910" lon="-1.044090"><ele>37</ele><time>2026-03-01T13:28:24Z</time></trkpt>
			<trkpt lat="47.308920" lon="-1.044160"><ele>37</ele><time>2026-03-01T13:28:36Z</time></trkpt>
			<trkpt lat="47.308920" lon="-1.044220"><ele>36</ele><time>2026-03-01T13:28:48Z</time></trkpt>
			<trkpt lat="47.308930" lon="-1.044370"><ele>35</ele><time>2026-03-01T13:29:00Z</time></trkpt>
			<trkpt lat="47.308910" lon="-1.044490"><ele>35</ele><time>2026-03-01T13:29:12Z</time></trkpt>
			<trkpt lat="47.308820" lon="-1.044860"><ele>33</ele><time>2026-03-01T13:29:24Z</time></trkpt>
			<trkpt lat="47.308790" lon="-1.045080"><ele>32</ele><time>2026-03-01T13:29:36Z</time></trkpt>
			<trkpt lat="47.308790" lon="-1.045240"><ele>33</ele><time>2026-03-01T13:29:48Z</time></trkpt>
			<trkpt lat="47.308800" lon="-1.045380"><ele>33</ele><time>2026-03-01T13:30:00Z</time></trkpt>
			<trkpt lat="47.308840" lon="-1.045580"><ele>33</ele><time>2026-03-01T13:30:12Z</time></trkpt>
			<trkpt lat="47.309090" lon="-1.046590"><ele>35</ele><time>2026-03-01T13:30:24Z</time></trkpt>
			<trkpt lat="47.309200" lon="-1.047120"><ele>34</ele><time>2026-03-01T13:30:36Z</time></trkpt>
			<trkpt lat="47.309400" lon="-1.048260"><ele>31</ele><time>2026-03-01T13:30:48Z</time></trkpt>
			<trkpt lat="47.309500" lon="-1.048780"><ele>30</ele><time>2026-03-01T13:31:00Z</time></trkpt>
			<trkpt lat="47.309560" lon="-1.049090"><ele>29</ele><time>2026-03-01T13:31:12Z</time></trkpt>
			<trkpt lat="47.309590" lon="-1.049300"><ele>28</ele><time>2026-03-01T13:31:24Z</time></trkpt>
			<trkpt lat="47.309580" lon="-1.049460"><ele>27</ele><time>2026-03-01T13:31:36Z</time></trkpt>
			<trkpt lat="47.309540" lon="-1.049650"><ele>26</ele><time>2026-03-01T13:31:48Z</time></trkpt>
			<trkpt lat="47.309470" lon="-1.049820"><ele>25</ele><time>2026-03-01T13:32:00Z</time></trkpt>
			<trkpt lat="47.309360" lon="-1.049980"><ele>25</ele><time>2026-03-01T13:32:12Z</time></trkpt>
			<trkpt lat="47.308980" lon="-1.050480"><ele>25</ele><time>2026-03-01T13:32:24Z</time></trkpt>
			<trkpt lat="47.308880" lon="-1.050650"><ele>25</ele><time>2026-03-01T13:32:36Z</time></trkpt>
			<trkpt lat="47.308850" lon="-1.050760"><ele>25</ele><time>2026-03-01T13:32:48Z</time></trkpt>
			<trkpt lat="47.309020" lon="-1.050820"><ele>23</ele><time>2026-03-01T13:33:00Z</time></trkpt>
			<trkpt lat="47.309170" lon="-1.050840"><ele>21</ele><time>2026-03-01T13:33:12Z</time></trkpt>
			<trkpt lat="47.309310" lon="-1.050890"><ele>20</ele><time>2026-03-01T13:33:24Z</time></trkpt>
			<trkpt lat="47.309440" lon="-1.050970"><ele>19</ele><time>2026-03-01T13:33:36Z</time></trkpt>
			<trkpt lat="47.309640" lon="-1.051150"><ele>18</ele><time>2026-03-01T13:33:48Z</time></trkpt>
			<trkpt lat="47.309760" lon="-1.051310"><ele>17</ele><time>2026-03-01T13:34:00Z</time></trkpt>
			<trkpt lat="47.309960" lon="-1.051690"><ele>16</ele><time>2026-03-01T13:34:12Z</time></trkpt>
			<trkpt lat="47.310260" lon="-1.052290"><ele>16</ele><time>2026-03-01T13:34:24Z</time></trkpt>
			<trkpt lat="47.310700" lon="-1.053170"><ele>25</ele><time>2026-03-01T13:34:36Z</time></trkpt>
			<trkpt lat="47.310870" lon="-1.053470"><ele>28</ele><time>2026-03-01T13:34:48Z</time></trkpt>
			<trkpt lat="47.311000" lon="-1.053650"><ele>30</ele><time>2026-03-01T13:35:00Z</time></trkpt>
			<trkpt lat="47.311190" lon="-1.053890"><ele>31</ele><time>2026-03-01T13:35:12Z</time></trkpt>
			<trkpt lat="47.311690" lon="-1.054450"><ele>33</ele><time>2026-03-01T13:35:24Z</time></trkpt>
			<trkpt lat="47.311900" lon="-1.054750"><ele>35</ele><time>2026-03-01T13:35:36Z</time></trkpt>
			<trkpt lat="47.312170" lon="-1.055380"><ele>38</ele><time>2026-03-01T13:35:48Z</time></trkpt>
			<trkpt lat="47.312250" lon="-1.055490"><ele>39</ele><time>2026-03-01T13:36:00Z</time></trkpt>
			<trkpt lat="47.312330" lon="-1.055560"><ele>39</ele><time>2026-03-01T13:36:12Z</time></trkpt>
			<trkpt lat="47.312420" lon="-1.055590"><ele>40</ele><time>2026-03-01T13:36:24Z</time></trkpt>
			<trkpt lat="47.312620" lon="-1.055570"><ele>41</ele><time>2026-03-01T13:36:36Z</time></trkpt>
			<trkpt lat="47.312740" lon="-1.055520"><ele>43</ele><time>2026-03-01T13:36:48Z</time></trkpt>
			<trkpt lat="47.312840" lon="-1.055440"><ele>44</ele><time>2026-03-01T13:37:00Z</time></trkpt>
			<trkpt lat="47.312930" lon="-1.055320"><ele>44</ele><time>2026-03-01T13:37:12Z</time></trkpt>
			<trkpt lat="47.312990" lon="-1.055190"><ele>45</ele><time>2026-03-01T13:37:24Z</time></trkpt>
			<trkpt lat="47.313030" lon="-1.055060"><ele>44</ele><time>2026-03-01T13:37:36Z</time></trkpt>
			<trkpt lat="47.313070" lon="-1.054890"><ele>44</ele><time>2026-03-01T13:37:48Z</time></trkpt>
			<trkpt lat="47.313130" lon="-1.054350"><ele>45</ele><time>2026-03-01T13:38:00Z</time></trkpt>
			<trkpt lat="47.313160" lon="-1.054190"><ele>45</ele><time>2026-03-01T13:38:12Z</time></trkpt>
			<trkpt lat="47.313250" lon="-1.053870"><ele>47</ele><time>2026-03-01T13:38:24Z</time></trkpt>
			<trkpt lat="47.313360" lon="-1.053540"><ele>49</ele><time>2026-03-01T13:38:36Z</time></trkpt>
			<trkpt lat="47.313510" lon="-1.053240"><ele>51</ele><time>2026-03-01T13:38:48Z</time></trkpt>
			<trkpt lat="47.313660" lon="-1.052960"><ele>52</ele><time>2026-03-01T13:39:00Z</time></trkpt>
			<trkpt lat="47.314040" lon="-1.052460"><ele>54</ele><time>2026-03-01T13:39:12Z</time></trkpt>
			<trkpt lat="47.314230" lon="-1.052280"><ele>55</ele><time>2026-03-01T13:39:24Z</time></trkpt>
			<trkpt lat="47.314420" lon="-1.052170"><ele>56</ele><time>2026-03-01T13:39:36Z</time></trkpt>
			<trkpt lat="47.314560" lon="-1.052120"><ele>57</ele><time>2026-03-01T13:39:48Z</time></trkpt>
			<trkpt lat="47.314710" lon="-1.052090"><ele>58</ele><time>2026-03-01T13:40:00Z</time></trkpt>
			<trkpt lat="47.314850" lon="-1.052030"><ele>59</ele><time>2026-03-01T13:40:12Z</time></trkpt>
			<trkpt lat="47.315060" lon="-1.051890"><ele>61</ele><time>2026-03-01T13:40:24Z</time></trkpt>
			<trkpt lat="47.315210" lon="-1.051810"><ele>61</ele><time>2026-03-01T13:40:36Z</time></trkpt>
			<trkpt lat="47.315270" lon="-1.051780"><ele>61</ele><time>2026-03-01T13:40:48Z</time></trkpt>
			<trkpt lat="47.315370" lon="-1.051760"><ele>61</ele><time>2026-03-01T13:41:00Z</time></trkpt>
			<trkpt lat="47.315480" lon="-1.051760"><ele>61</ele><time>2026-03-01T13:41:12Z</time></trkpt>
			<trkpt lat="47.315610" lon="-1.051770"><ele>61</ele><time>2026-03-01T13:41:24Z</time></trkpt>
			<trkpt lat="47.315650" lon="-1.051780"><ele>61</ele><time>2026-03-01T13:41:36Z</time></trkpt>
			<trkpt lat="47.315710" lon="-1.051810"><ele>61</ele><time>2026-03-01T13:41:48Z</time></trkpt>
			<trkpt lat="47.315820" lon="-1.051870"><ele>61</ele><time>2026-03-01T13:42:00Z</time></trkpt>
			<trkpt lat="47.316060" lon="-1.052080"><ele>62</ele><time>2026-03-01T13:42:12Z</time></trkpt>
			<trkpt lat="47.316160" lon="-1.052210"><ele>62</ele><time>2026-03-01T13:42:24Z</time></trkpt>
			<trkpt lat="47.316390" lon="-1.052560"><ele>63</ele><time>2026-03-01T13:42:36Z</time></trkpt>
			<trkpt lat="47.316500" lon="-1.052680"><ele>64</ele><time>2026-03-01T13:42:48Z</time></trkpt>
			<trkpt lat="47.316620" lon="-1.052770"><ele>64</ele><time>2026-03-01T13:43:00Z</time></trkpt>
			<trkpt lat="47.316710" lon="-1.052820"><ele>65</ele><time>2026-03-01T13:43:12Z</time></trkpt>
			<trkpt lat="47.316830" lon="-1.052840"><ele>66</ele><time>2026-03-01T13:43:24Z</time></trkpt>
			<trkpt lat="47.316970" lon="-1.052850"><ele>68</ele><time>2026-03-01T13:43:36Z</time></trkpt>
			<trkpt lat="47.317220" lon="-1.052780"><ele>70</ele><time>2026-03-01T13:43:48Z</time></trkpt>
			<trkpt lat="47.317920" lon="-1.052550"><ele>76</ele><time>2026-03-01T13:44:00Z</time></trkpt>
			<trkpt lat="47.318180" lon="-1.052510"><ele>77</ele><time>2026-03-01T13:44:12Z</time></trkpt>
			<trkpt lat="47.318330" lon="-1.052540"><ele>78</ele><time>2026-03-01T13:44:24Z</time></trkpt>
			<trkpt lat="47.318470" lon="-1.052600"><ele>79</ele><time>2026-03-01T13:44:36Z</time></trkpt>
			<trkpt lat="47.318650" lon="-1.052710"><ele>80</ele><time>2026-03-01T13:44:48Z</time></trkpt>
			<trkpt lat="47.318780" lon="-1.052850"><ele>80</ele><time>2026-03-01T13:45:00Z</time></trkpt>
			<trkpt lat="47.319890" lon="-1.053850"><ele>88</ele><time>2026-03-01T13:45:12Z</time></trkpt>
			<trkpt lat="47.320180" lon="-1.054110"><ele>89</ele><time>2026-03-01T13:45:24Z</time></trkpt>
			<trkpt lat="47.320560" lon="-1.054450"><ele>90</ele><time>2026-03-01T13:45:36Z</time></trkpt>
			<trkpt lat="47.320920" lon="-1.054700"><ele>90</ele><time>2026-03-01T13:45:48Z</time></trkpt>
			<trkpt lat="47.321180" lon="-1.054810"><ele>91</ele><time>2026-03-01T13:46:00Z</time></trkpt>
			<trkpt lat="47.321470" lon="-1.054900"><ele>92</ele><time>2026-03-01T13:46:12Z</time></trkpt>
			<trkpt lat="47.321540" lon="-1.054910"><ele>92</ele><time>2026-03-01T13:46:24Z</time></trkpt>
			<trkpt lat="47.321740" lon="-1.054970"><ele>92</ele><time>2026-03-01T13:46:36Z</time></trkpt>
			<trkpt lat="47.323130" lon="-1.055730"><ele>86</ele><time>2026-03-01T13:46:48Z</time></trkpt>
			<trkpt lat="47.323790" lon="-1.056040"><ele>82</ele><time>2026-03-01T13:47:00Z</time></trkpt>
			<trkpt lat="47.323990" lon="-1.056120"><ele>81</ele><time>2026-03-01T13:47:12Z</time></trkpt>
			<trkpt lat="47.324170" lon="-1.056170"><ele>80</ele><time>2026-03-01T13:47:24Z</time></trkpt>
			<trkpt lat="47.324480" lon="-1.056210"><ele>79</ele><time>2026-03-01T13:47:36Z</time></trkpt>
			<trkpt lat="47.324910" lon="-1.056250"><ele>78</ele><time>2026-03-01T13:47:48Z</time></trkpt>
			<trkpt lat="47.325000" lon="-1.056260"><ele>78</ele><time>2026-03-01T13:48:00Z</time></trkpt>
			<trkpt lat="47.325520" lon="-1.056270"><ele>75</ele><time>2026-03-01T13:48:12Z</time></trkpt>
			<trkpt lat="47.325670" lon="-1.056240"><ele>75</ele><time>2026-03-01T13:48:24Z</time></trkpt>
			<trkpt lat="47.325860" lon="-1.056180"><ele>74</ele><time>2026-03-01T13:48:36Z</time></trkpt>
			<trkpt lat="47.326070" lon="-1.056050"><ele>73</ele><time>2026-03-01T13:48:48Z</time></trkpt>
			<trkpt lat="47.326190" lon="-1.055950"><ele>72</ele><time>2026-03-01T13:49:00Z</time></trkpt>
			<trkpt lat="47.326480" lon="-1.055520"><ele>71</ele><time>2026-03-01T13:49:12Z</time></trkpt>
			<trkpt lat="47.326660" lon="-1.055310"><ele>70</ele><time>2026-03-01T13:49:24Z</time></trkpt>
			<trkpt lat="47.326750" lon="-1.055230"><ele>70</ele><time>2026-03-01T13:49:36Z</time></trkpt>
			<trkpt lat="47.326860" lon="-1.055150"><ele>70</ele><time>2026-03-01T13:49:48Z</time></trkpt>
			<trkpt lat="47.327000" lon="-1.055110"><ele>70</ele><time>2026-03-01T13:50:00Z</time></trkpt>
			<trkpt lat="47.327200" lon="-1.055070"><ele>70</ele><time>2026-03-01T13:50:12Z</time></trkpt>
			<trkpt lat="47.327310" lon="-1.055070"><ele>70</ele><time>2026-03-01T13:50:24Z</time></trkpt>
			<trkpt lat="47.327810" lon="-1.055120"><ele>70</ele><time>2026-03-01T13:50:36Z</time></trkpt>
			<trkpt lat="47.327970" lon="-1.055180"><ele>71</ele><time>2026-03-01T13:50:48Z</time></trkpt>
			<trkpt lat="47.328120" lon="-1.055280"><ele>72</ele><time>2026-03-01T13:51:00Z</time></trkpt>
			<trkpt lat="47.328620" lon="-1.055710"><ele>77</ele><time>2026-03-01T13:51:12Z</time></trkpt>
			<trkpt lat="47.328700" lon="-1.055740"><ele>77</ele><time>2026-03-01T13:51:24Z</time></trkpt>
			<trkpt lat="47.328780" lon="-1.055760"><ele>78</ele><time>2026-03-01T13:51:36Z</time></trkpt>
			<trkpt lat="47.328850" lon="-1.055740"><ele>78</ele><time>2026-03-01T13:51:48Z</time></trkpt>
			<trkpt lat="47.328980" lon="-1.055670"><ele>78</ele><time>2026-03-01T13:52:00Z</time></trkpt>
			<trkpt lat="47.329600" lon="-1.055240"><ele>78</ele><time>2026-03-01T13:52:12Z</time></trkpt>
			<trkpt lat="47.329760" lon="-1.055150"><ele>79</ele><time>2026-03-01T13:52:24Z</time></trkpt>
			<trkpt lat="47.329960" lon="-1.055050"><ele>79</ele><time>2026-03-01T13:52:36Z</time></trkpt>
			<trkpt lat="47.330130" lon="-1.055000"><ele>79</ele><time>2026-03-01T13:52:48Z</time></trkpt>
			<trkpt lat="47.330370" lon="-1.054960"><ele>79</ele><time>2026-03-01T13:53:00Z</time></trkpt>
			<trkpt lat="47.330620" lon="-1.054940"><ele>79</ele><time>2026-03-01T13:53:12Z</time></trkpt>
			<trkpt lat="47.330920" lon="-1.054940"><ele>80</ele><time>2026-03-01T13:53:24Z</time></trkpt>
			<trkpt lat="47.331120" lon="-1.054960"><ele>82</ele><time>2026-03-01T13:53:36Z</time></trkpt>
			<trkpt lat="47.331750" lon="-1.055050"><ele>85</ele><time>2026-03-01T13:53:48Z</time></trkpt>
			<trkpt lat="47.331980" lon="-1.055120"><ele>86</ele><time>2026-03-01T13:54:00Z</time></trkpt>
			<trkpt lat="47.332090" lon="-1.055170"><ele>87</ele><time>2026-03-01T13:54:12Z</time></trkpt>
			<trkpt lat="47.332160" lon="-1.055200"><ele>87</ele><time>2026-03-01T13:54:24Z</time></trkpt>
			<trkpt lat="47.332750" lon="-1.055460"><ele>88</ele><time>2026-03-01T13:54:36Z</time></trkpt>
			<trkpt lat="47.332890" lon="-1.055520"><ele>88</ele><time>2026-03-01T13:54:48Z</time></trkpt>
			<trkpt lat="47.332930" lon="-1.055570"><ele>87</ele><time>2026-03-01T13:55:00Z</time></trkpt>
			<trkpt lat="47.332680" lon="-1.056300"><ele>89</ele><time>2026-03-01T13:55:12Z</time></trkpt>
			<trkpt lat="47.332260" lon="-1.057210"><ele>91</ele><time>2026-03-01T13:55:24Z</time></trkpt>
			<trkpt lat="47.332210" lon="-1.057320"><ele>91</ele><time>2026-03-01T13:55:36Z</time></trkpt>
			<trkpt lat="47.332130" lon="-1.057500"><ele>92</ele><time>2026-03-01T13:55:48Z</time></trkpt>
			<trkpt lat="47.332090" lon="-1.057600"><ele>92</ele><time>2026-03-01T13:56:00Z</time></trkpt>
			<trkpt lat="47.332040" lon="-1.057770"><ele>92</ele><time>2026-03-01T13:56:12Z</time></trkpt>
			<trkpt lat="47.332010" lon="-1.058030"><ele>92</ele><time>2026-03-01T13:56:24Z</time></trkpt>
			<trkpt lat="47.331990" lon="-1.058220"><ele>92</ele><time>2026-03-01T13:56:36Z</time></trkpt>
			<trkpt lat="47.331950" lon="-1.058930"><ele>93</ele><time>2026-03-01T13:56:48Z</time></trkpt>
			<trkpt lat="47.331920" lon="-1.059230"><ele>94</ele><time>2026-03-01T13:57:00Z</time></trkpt>
			<trkpt lat="47.331880" lon="-1.059510"><ele>94</ele><time>2026-03-01T13:57:12Z</time></trkpt>
			<trkpt lat="47.331800" lon="-1.059900"><ele>94</ele><time>2026-03-01T13:57:24Z</time></trkpt>
			<trkpt lat="47.331740" lon="-1.060160"><ele>94</ele><time>2026-03-01T13:57:36Z</time></trkpt>
			<trkpt lat="47.331660" lon="-1.060360"><ele>94</ele><time>2026-03-01T13:57:48Z</time></trkpt>
			<trkpt lat="47.331590" lon="-1.060470"><ele>94</ele><time>2026-03-01T13:58:00Z</time></trkpt>
			<trkpt lat="47.331490" lon="-1.060580"><ele>94</ele><time>2026-03-01T13:58:12Z</time></trkpt>
			<trkpt lat="47.331400" lon="-1.060650"><ele>94</ele><time>2026-03-01T13:58:24Z</time></trkpt>
			<trkpt lat="47.331340" lon="-1.060670"><ele>95</ele><time>2026-03-01T13:58:36Z</time></trkpt>
			<trkpt lat="47.331260" lon="-1.060700"><ele>95</ele><time>2026-03-01T13:58:48Z</time></trkpt>
			<trkpt lat="47.331150" lon="-1.060700"><ele>95</ele><time>2026-03-01T13:59:00Z</time></trkpt>
			<trkpt lat="47.331030" lon="-1.060660"><ele>95</ele><time>2026-03-01T13:59:12Z</time></trkpt>
			<trkpt lat="47.330660" lon="-1.060480"><ele>95</ele><time>2026-03-01T13:59:24Z</time></trkpt>
			<trkpt lat="47.330510" lon="-1.060420"><ele>95</ele><time>2026-03-01T13:59:36Z</time></trkpt>
			<trkpt lat="47.330360" lon="-1.060390"><ele>95</ele><time>2026-03-01T13:59:48Z</time></trkpt>
			<trkpt lat="47.330230" lon="-1.060390"><ele>95</ele><time>2026-03-01T14:00:00Z</time></trkpt>
			<trkpt lat="47.330070" lon="-1.060450"><ele>95</ele><time>2026-03-01T14:00:12Z</time></trkpt>
			<trkpt lat="47.329930" lon="-1.060530"><ele>95</ele><time>2026-03-01T14:00:24Z</time></trkpt>
			<trkpt lat="47.329740" lon="-1.060700"><ele>95</ele><time>2026-03-01T14:00:36Z</time></trkpt>
			<trkpt lat="47.329320" lon="-1.061120"><ele>96</ele><time>2026-03-01T14:00:48Z</time></trkpt>
			<trkpt lat="47.328470" lon="-1.061940"><ele>95</ele><time>2026-03-01T14:01:00Z</time></trkpt>
			<trkpt lat="47.328110" lon="-1.062320"><ele>94</ele><time>2026-03-01T14:01:12Z</time></trkpt>
			<trkpt lat="47.327960" lon="-1.062450"><ele>94</ele><time>2026-03-01T14:01:24Z</time></trkpt>
			<trkpt lat="47.327610" lon="-1.062790"><ele>94</ele><time>2026-03-01T14:01:36Z</time></trkpt>
			<trkpt lat="47.327410" lon="-1.062950"><ele>93</ele><time>2026-03-01T14:01:48Z</time></trkpt>
			<trkpt lat="47.326290" lon="-1.063600"><ele>90</ele><time>2026-03-01T14:02:00Z</time></trkpt>
			<trkpt lat="47.323720" lon="-1.065010"><ele>89</ele><time>2026-03-01T14:02:12Z</time></trkpt>
			<trkpt lat="47.321190" lon="-1.066550"><ele>98</ele><time>2026-03-01T14:02:24Z</time></trkpt>
			<trkpt lat="47.321060" lon="-1.066640"><ele>98</ele><time>2026-03-01T14:02:36Z</time></trkpt>
			<trkpt lat="47.321000" lon="-1.066690"><ele>99</ele><time>2026-03-01T14:02:48Z</time></trkpt>
			<trkpt lat="47.320880" lon="-1.066800"><ele>99</ele><time>2026-03-01T14:03:00Z</time></trkpt>
			<trkpt lat="47.320770" lon="-1.066930"><ele>99</ele><time>2026-03-01T14:03:12Z</time></trkpt>
			<trkpt lat="47.320560" lon="-1.067200"><ele>100</ele><time>2026-03-01T14:03:24Z</time></trkpt>
			<trkpt lat="47.320200" lon="-1.067700"><ele>100</ele><time>2026-03-01T14:03:36Z</time></trkpt>
			<trkpt lat="47.319380" lon="-1.068800"><ele>98</ele><time>2026-03-01T14:03:48Z</time></trkpt>
			<trkpt lat="47.319200" lon="-1.069060"><ele>97</ele><time>2026-03-01T14:04:00Z</time></trkpt>
			<trkpt lat="47.318100" lon="-1.070870"><ele>97</ele><time>2026-03-01T14:04:12Z</time></trkpt>
			<trkpt lat="47.317940" lon="-1.071120"><ele>97</ele><time>2026-03-01T14:04:24Z</time></trkpt>
			<trkpt lat="47.317380" lon="-1.072050"><ele>98</ele><time>2026-03-01T14:04:36Z</time></trkpt>
			<trkpt lat="47.317330" lon="-1.072150"><ele>99</ele><time>2026-03-01T14:04:48Z</time></trkpt>
			<trkpt lat="47.317230" lon="-1.072360"><ele>99</ele><time>2026-03-01T14:05:00Z</time></trkpt>
			<trkpt lat="47.316630" lon="-1.073950"><ele>100</ele><time>2026-03-01T14:05:12Z</time></trkpt>
			<trkpt lat="47.316600" lon="-1.074070"><ele>100</ele><time>2026-03-01T14:05:24Z</time></trkpt>
			<trkpt lat="47.316590" lon="-1.074190"><ele>100</ele><time>2026-03-01T14:05:36Z</time></trkpt>
			<trkpt lat="47.316570" lon="-1.074450"><ele>100</ele><time>2026-03-01T14:05:48Z</time></trkpt>
			<trkpt lat="47.316550" lon="-1.074580"><ele>99</ele><time>2026-03-01T14:06:00Z</time></trkpt>
			<trkpt lat="47.316520" lon="-1.074690"><ele>99</ele><time>2026-03-01T14:06:12Z</time></trkpt>
			<trkpt lat="47.316470" lon="-1.074780"><ele>99</ele><time>2026-03-01T14:06:24Z</time></trkpt>
			<trkpt lat="47.316420" lon="-1.074890"><ele>99</ele><time>2026-03-01T14:06:36Z</time></trkpt>
			<trkpt lat="47.315790" lon="-1.075900"><ele>98</ele><time>2026-03-01T14:06:48Z</time></trkpt>
			<trkpt lat="47.315650" lon="-1.076110"><ele>98</ele><time>2026-03-01T14:07:00Z</time></trkpt>
			<trkpt lat="47.314670" lon="-1.077660"><ele>96</ele><time>2026-03-01T14:07:12Z</time></trkpt>
			<trkpt lat="47.314530" lon="-1.077900"><ele>96</ele><time>2026-03-01T14:07:24Z</time></trkpt>
			<trkpt lat="47.314450" lon="-1.078040"><ele>96</ele><time>2026-03-01T14:07:36Z</time></trkpt>
			<trkpt lat="47.313850" lon="-1.079370"><ele>94</ele><time>2026-03-01T14:07:48Z</time></trkpt>
			<trkpt lat="47.313700" lon="-1.079660"><ele>93</ele><time>2026-03-01T14:08:00Z</time></trkpt>
			<trkpt lat="47.313460" lon="-1.080020"><ele>92</ele><time>2026-03-01T14:08:12Z</time></trkpt>
			<trkpt lat="47.313250" lon="-1.080300"><ele>92</ele><time>2026-03-01T14:08:24Z</time></trkpt>
			<trkpt lat="47.313060" lon="-1.080540"><ele>91</ele><time>2026-03-01T14:08:36Z</time></trkpt>
			<trkpt lat="47.312760" lon="-1.080880"><ele>90</ele><time>2026-03-01T14:08:48Z</time></trkpt>
			<trkpt lat="47.312560" lon="-1.081120"><ele>91</ele><time>2026-03-01T14:09:00Z</time></trkpt>
			<trkpt lat="47.311850" lon="-1.081920"><ele>94</ele><time>2026-03-01T14:09:12Z</time></trkpt>
			<trkpt lat="47.311400" lon="-1.082460"><ele>95</ele><time>2026-03-01T14:09:24Z</time></trkpt>
			<trkpt lat="47.311240" lon="-1.082620"><ele>95</ele><time>2026-03-01T14:09:36Z</time></trkpt>
			<trkpt lat="47.311150" lon="-1.082690"><ele>95</ele><time>2026-03-01T14:09:48Z</time></trkpt>
			<trkpt lat="47.311020" lon="-1.082770"><ele>95</ele><time>2026-03-01T14:10:00Z</time></trkpt>
			<trkpt lat="47.310890" lon="-1.082820"><ele>95</ele><time>2026-03-01T14:10:12Z</time></trkpt>
			<trkpt lat="47.310830" lon="-1.082870"><ele>95</ele><time>2026-03-01T14:10:24Z</time></trkpt>
			<trkpt lat="47.310810" lon="-1.082910"><ele>95</ele><time>2026-03-01T14:10:36Z</time></trkpt>
			<trkpt lat="47.310730" lon="-1.083080"><ele>96</ele><time>2026-03-01T14:10:48Z</time></trkpt>
			<trkpt lat="47.310710" lon="-1.083150"><ele>96</ele><time>2026-03-01T14:11:00Z</time></trkpt>
			<trkpt lat="47.310220" lon="-1.082930"><ele>95</ele><time>2026-03-01T14:11:12Z</time></trkpt>
			<trkpt lat="47.310030" lon="-1.082850"><ele>95</ele><time>2026-03-01T14:11:24Z</time></trkpt>
			<trkpt lat="47.309680" lon="-1.082720"><ele>94</ele><time>2026-03-01T14:11:36Z</time></trkpt>
			<trkpt lat="47.309390" lon="-1.082600"><ele>93</ele><time>2026-03-01T14:11:48Z</time></trkpt>
			<trkpt lat="47.308480" lon="-1.082110"><ele>91</ele><time>2026-03-01T14:12:00Z</time></trkpt>
			<trkpt lat="47.307990" lon="-1.081830"><ele>91</ele><time>2026-03-01T14:12:12Z</time></trkpt>
			<trkpt lat="47.307800" lon="-1.081730"><ele>90</ele><time>2026-03-01T14:12:24Z</time></trkpt>
			<trkpt lat="47.307590" lon="-1.081660"><ele>90</ele><time>2026-03-01T14:12:36Z</time></trkpt>
			<trkpt lat="47.306260" lon="-1.081300"><ele>90</ele><time>2026-03-01T14:12:48Z</time></trkpt>
			<trkpt lat="47.304910" lon="-1.080890"><ele>88</ele><time>2026-03-01T14:13:00Z</time></trkpt>
			<trkpt lat="47.304690" lon="-1.080820"><ele>87</ele><time>2026-03-01T14:13:12Z</time></trkpt>
			<trkpt lat="47.303970" lon="-1.080690"><ele>85</ele><time>2026-03-01T14:13:24Z</time></trkpt>
			<trkpt lat="47.303330" lon="-1.080580"><ele>84</ele><time>2026-03-01T14:13:36Z</time></trkpt>
			<trkpt lat="47.303020" lon="-1.080530"><ele>83</ele><time>2026-03-01T14:13:48Z</time></trkpt>
			<trkpt lat="47.302750" lon="-1.080500"><ele>82</ele><time>2026-03-01T14:14:00Z</time></trkpt>
			<trkpt lat="47.302700" lon="-1.080480"><ele>82</ele><time>2026-03-01T14:14:12Z</time></trkpt>
			<trkpt lat="47.302620" lon="-1.080450"><ele>81</ele><time>2026-03-01T14:14:24Z</time></trkpt>
			<trkpt lat="47.302510" lon="-1.080370"><ele>81</ele><time>2026-03-01T14:14:36Z</time></trkpt>
			<trkpt lat="47.302370" lon="-1.080310"><ele>81</ele><time>2026-03-01T14:14:48Z</time></trkpt>
			<trkpt lat="47.302020" lon="-1.080190"><ele>79</ele><time>2026-03-01T14:15:00Z</time></trkpt>
			<trkpt lat="47.301910" lon="-1.080140"><ele>79</ele><time>2026-03-01T14:15:12Z</time></trkpt>
			<trkpt lat="47.301780" lon="-1.080080"><ele>78</ele><time>2026-03-01T14:15:24Z</time></trkpt>
			<trkpt lat="47.301630" lon="-1.080040"><ele>78</ele><time>2026-03-01T14:15:36Z</time></trkpt>
			<trkpt lat="47.301610" lon="-1.080040"><ele>78</ele><time>2026-03-01T14:15:48Z</time></trkpt>
			<trkpt lat="47.301430" lon="-1.080070"><ele>78</ele><time>2026-03-01T14:16:00Z</time></trkpt>
			<trkpt lat="47.301380" lon="-1.080110"><ele>78</ele><time>2026-03-01T14:16:12Z</time></trkpt>
			<trkpt lat="47.301260" lon="-1.080250"><ele>78</ele><time>2026-03-01T14:16:24Z</time></trkpt>
			<trkpt lat="47.301100" lon="-1.080320"><ele>77</ele><time>2026-03-01T14:16:36Z</time></trkpt>
			<trkpt lat="47.301060" lon="-1.080330"><ele>77</ele><time>2026-03-01T14:16:48Z</time></trkpt>
			<trkpt lat="47.300920" lon="-1.080360"><ele>77</ele><time>2026-03-01T14:17:00Z</time></trkpt>
			<trkpt lat="47.300830" lon="-1.080400"><ele>77</ele><time>2026-03-01T14:17:12Z</time></trkpt>
			<trkpt lat="47.300700" lon="-1.080410"><ele>77</ele><time>2026-03-01T14:17:24Z</time></trkpt>
			<trkpt lat="47.300590" lon="-1.080400"><ele>76</ele><time>2026-03-01T14:17:36Z</time></trkpt>
			<trkpt lat="47.300390" lon="-1.080280"><ele>76</ele><time>2026-03-01T14:17:48Z</time></trkpt>
			<trkpt lat="47.300350" lon="-1.080260"><ele>75</ele><time>2026-03-01T14:18:00Z</time></trkpt>
			<trkpt lat="47.300290" lon="-1.080250"><ele>75</ele><time>2026-03-01T14:18:12Z</time></trkpt>
			<trkpt lat="47.300280" lon="-1.080320"><ele>75</ele><time>2026-03-01T14:18:24Z</time></trkpt>
			<trkpt lat="47.300230" lon="-1.080460"><ele>75</ele><time>2026-03-01T14:18:36Z</time></trkpt>
			<trkpt lat="47.300130" lon="-1.080750"><ele>75</ele><time>2026-03-01T14:18:48Z</time></trkpt>
			<trkpt lat="47.299760" lon="-1.080950"><ele>74</ele><time>2026-03-01T14:19:00Z</time></trkpt>
			<trkpt lat="47.299820" lon="-1.081220"><ele>75</ele><time>2026-03-01T14:19:12Z</time></trkpt>
			<trkpt lat="47.299880" lon="-1.081560"><ele>75</ele><time>2026-03-01T14:19:24Z</time></trkpt>
			<trkpt lat="47.299940" lon="-1.081880"><ele>75</ele><time>2026-03-01T14:19:36Z</time></trkpt>
			<trkpt lat="47.299940" lon="-1.082060"><ele>76</ele><time>2026-03-01T14:19:48Z</time></trkpt>
			<trkpt lat="47.299950" lon="-1.082410"><ele>77</ele><time>2026-03-01T14:20:00Z</time></trkpt>
			<trkpt lat="47.299960" lon="-1.083800"><ele>79</ele><time>2026-03-01T14:20:12Z</time></trkpt>
			<trkpt lat="47.299970" lon="-1.084370"><ele>80</ele><time>2026-03-01T14:20:24Z</time></trkpt>
			<trkpt lat="47.299970" lon="-1.084580"><ele>80</ele><time>2026-03-01T14:20:36Z</time></trkpt>
			<trkpt lat="47.300000" lon="-1.084940"><ele>80</ele><time>2026-03-01T14:20:48Z</time></trkpt>
			<trkpt lat="47.300090" lon="-1.085590"><ele>80</ele><time>2026-03-01T14:21:00Z</time></trkpt>
			<trkpt lat="47.300180" lon="-1.086150"><ele>80</ele><time>2026-03-01T14:21:12Z</time></trkpt>
			<trkpt lat="47.300300" lon="-1.086950"><ele>78</ele><time>2026-03-01T14:21:24Z</time></trkpt>
			<trkpt lat="47.300330" lon="-1.087080"><ele>78</ele><time>2026-03-01T14:21:36Z</time></trkpt>
			<trkpt lat="47.300360" lon="-1.087240"><ele>77</ele><time>2026-03-01T14:21:48Z</time></trkpt>
			<trkpt lat="47.300460" lon="-1.087500"><ele>76</ele><time>2026-03-01T14:22:00Z</time></trkpt>
			<trkpt lat="47.300710" lon="-1.088070"><ele>73</ele><time>2026-03-01T14:22:12Z</time></trkpt>
			<trkpt lat="47.300740" lon="-1.088170"><ele>73</ele><time>2026-03-01T14:22:24Z</time></trkpt>
			<trkpt lat="47.300740" lon="-1.088250"><ele>72</ele><time>2026-03-01T14:22:36Z</time></trkpt>
			<trkpt lat="47.300780" lon="-1.088280"><ele>72</ele><time>2026-03-01T14:22:48Z</time></trkpt>
			<trkpt lat="47.300870" lon="-1.088450"><ele>72</ele><time>2026-03-01T14:23:00Z</time></trkpt>
			<trkpt lat="47.300930" lon="-1.088630"><ele>73</ele><time>2026-03-01T14:23:12Z</time></trkpt>
			<trkpt lat="47.301250" lon="-1.089640"><ele>76</ele><time>2026-03-01T14:23:24Z</time></trkpt>
			<trkpt lat="47.301660" lon="-1.091310"><ele>83</ele><time>2026-03-01T14:23:36Z</time></trkpt>
			<trkpt lat="47.301990" lon="-1.092680"><ele>84</ele><time>2026-03-01T14:23:48Z</time></trkpt>
			<trkpt lat="47.302040" lon="-1.092990"><ele>84</ele><time>2026-03-01T14:24:00Z</time></trkpt>
			<trkpt lat="47.302050" lon="-1.093150"><ele>84</ele><time>2026-03-01T14:24:12Z</time></trkpt>
			<trkpt lat="47.302060" lon="-1.093560"><ele>84</ele><time>2026-03-01T14:24:24Z</time></trkpt>
			<trkpt lat="47.302050" lon="-1.093910"><ele>85</ele><time>2026-03-01T14:24:36Z</time></trkpt>
			<trkpt lat="47.302020" lon="-1.094270"><ele>85</ele><time>2026-03-01T14:24:48Z</time></trkpt>
			<trkpt lat="47.301960" lon="-1.094940"><ele>85</ele><time>2026-03-01T14:25:00Z</time></trkpt>
			<trkpt lat="47.301920" lon="-1.095610"><ele>85</ele><time>2026-03-01T14:25:12Z</time></trkpt>
			<trkpt lat="47.301970" lon="-1.095900"><ele>85</ele><time>2026-03-01T14:25:24Z</time></trkpt>
			<trkpt lat="47.302030" lon="-1.096120"><ele>84</ele><time>2026-03-01T14:25:36Z</time></trkpt>
			<trkpt lat="47.302190" lon="-1.096380"><ele>85</ele><time>2026-03-01T14:25:48Z</time></trkpt>
			<trkpt lat="47.302770" lon="-1.097140"><ele>87</ele><time>2026-03-01T14:26:00Z</time></trkpt>
			<trkpt lat="47.302940" lon="-1.097430"><ele>87</ele><time>2026-03-01T14:26:12Z</time></trkpt>
			<trkpt lat="47.303080" lon="-1.097750"><ele>88</ele><time>2026-03-01T14:26:24Z</time></trkpt>
			<trkpt lat="47.303950" lon="-1.100510"><ele>89</ele><time>2026-03-01T14:26:36Z</time></trkpt>
			<trkpt lat="47.304040" lon="-1.100680"><ele>89</ele><time>2026-03-01T14:26:48Z</time></trkpt>
			<trkpt lat="47.304170" lon="-1.100890"><ele>90</ele><time>2026-03-01T14:27:00Z</time></trkpt>
			<trkpt lat="47.304310" lon="-1.101030"><ele>90</ele><time>2026-03-01T14:27:12Z</time></trkpt>
			<trkpt lat="47.304500" lon="-1.101150"><ele>90</ele><time>2026-03-01T14:27:24Z</time></trkpt>
			<trkpt lat="47.304780" lon="-1.101300"><ele>91</ele><time>2026-03-01T14:27:36Z</time></trkpt>
			<trkpt lat="47.305060" lon="-1.101440"><ele>92</ele><time>2026-03-01T14:27:48Z</time></trkpt>
			<trkpt lat="47.305990" lon="-1.101770"><ele>93</ele><time>2026-03-01T14:28:00Z</time></trkpt>
			<trkpt lat="47.306120" lon="-1.101840"><ele>93</ele><time>2026-03-01T14:28:12Z</time></trkpt>
			<trkpt lat="47.306210" lon="-1.101910"><ele>93</ele><time>2026-03-01T14:28:24Z</time></trkpt>
			<trkpt lat="47.306260" lon="-1.101970"><ele>92</ele><time>2026-03-01T14:28:36Z</time></trkpt>
			<trkpt lat="47.306310" lon="-1.102070"><ele>92</ele><time>2026-03-01T14:28:48Z</time></trkpt>
			<trkpt lat="47.306360" lon="-1.102170"><ele>92</ele><time>2026-03-01T14:29:00Z</time></trkpt>
			<trkpt lat="47.306380" lon="-1.102270"><ele>92</ele><time>2026-03-01T14:29:12Z</time></trkpt>
			<trkpt lat="47.306380" lon="-1.102480"><ele>92</ele><time>2026-03-01T14:29:24Z</time></trkpt>
			<trkpt lat="47.306300" lon="-1.103050"><ele>93</ele><time>2026-03-01T14:29:36Z</time></trkpt>
			<trkpt lat="47.306270" lon="-1.103460"><ele>93</ele><time>2026-03-01T14:29:48Z</time></trkpt>
			<trkpt lat="47.306250" lon="-1.103980"><ele>92</ele><time>2026-03-01T14:30:00Z</time></trkpt>
			<trkpt lat="47.306220" lon="-1.104410"><ele>92</ele><time>2026-03-01T14:30:12Z</time></trkpt>
			<trkpt lat="47.306330" lon="-1.104450"><ele>92</ele><time>2026-03-01T14:30:24Z</time></trkpt>
			<trkpt lat="47.306450" lon="-1.104560"><ele>92</ele><time>2026-03-01T14:30:36Z</time></trkpt>
			<trkpt lat="47.306490" lon="-1.104640"><ele>92</ele><time>2026-03-01T14:30:48Z</time></trkpt>
			<trkpt lat="47.306530" lon="-1.104780"><ele>92</ele><time>2026-03-01T14:31:00Z</time></trkpt>
			<trkpt lat="47.306530" lon="-1.105010"><ele>91</ele><time>2026-03-01T14:31:12Z</time></trkpt>
			<trkpt lat="47.306550" lon="-1.105510"><ele>91</ele><time>2026-03-01T14:31:24Z</time></trkpt>
			<trkpt lat="47.306590" lon="-1.105830"><ele>91</ele><time>2026-03-01T14:31:36Z</time></trkpt>
			<trkpt lat="47.306890" lon="-1.106940"><ele>91</ele><time>2026-03-01T14:31:48Z</time></trkpt>
			<trkpt lat="47.306980" lon="-1.107190"><ele>90</ele><time>2026-03-01T14:32:00Z</time></trkpt>
			<trkpt lat="47.307470" lon="-1.108340"><ele>91</ele><time>2026-03-01T14:32:12Z</time></trkpt>
			<trkpt lat="47.307890" lon="-1.109170"><ele>92</ele><time>2026-03-01T14:32:24Z</time></trkpt>
			<trkpt lat="47.308170" lon="-1.109690"><ele>91</ele><time>2026-03-01T14:32:36Z</time></trkpt>
			<trkpt lat="47.309400" lon="-1.112300"><ele>87</ele><time>2026-03-01T14:32:48Z</time></trkpt>
			<trkpt lat="47.309550" lon="-1.112660"><ele>87</ele><time>2026-03-01T14:33:00Z</time></trkpt>
			<trkpt lat="47.309740" lon="-1.113090"><ele>86</ele><time>2026-03-01T14:33:12Z</time></trkpt>
			<trkpt lat="47.309950" lon="-1.113610"><ele>86</ele><time>2026-03-01T14:33:24Z</time></trkpt>
			<trkpt lat="47.310560" lon="-1.115320"><ele>87</ele><time>2026-03-01T14:33:36Z</time></trkpt>
			<trkpt lat="47.310970" lon="-1.116520"><ele>86</ele><time>2026-03-01T14:33:48Z</time></trkpt>
			<trkpt lat="47.310980" lon="-1.116620"><ele>86</ele><time>2026-03-01T14:34:00Z</time></trkpt>
			<trkpt lat="47.311710" lon="-1.120620"><ele>86</ele><time>2026-03-01T14:34:12Z</time></trkpt>
			<trkpt lat="47.312160" lon="-1.124070"><ele>85</ele><time>2026-03-01T14:34:24Z</time></trkpt>
			<trkpt lat="47.312250" lon="-1.124940"><ele>85</ele><time>2026-03-01T14:34:36Z</time></trkpt>
			<trkpt lat="47.312250" lon="-1.125360"><ele>85</ele><time>2026-03-01T14:34:48Z</time></trkpt>
			<trkpt lat="47.312150" lon="-1.126880"><ele>84</ele><time>2026-03-01T14:35:00Z</time></trkpt>
			<trkpt lat="47.312160" lon="-1.127070"><ele>83</ele><time>2026-03-01T14:35:12Z</time></trkpt>
			<trkpt lat="47.312200" lon="-1.127350"><ele>83</ele><time>2026-03-01T14:35:24Z</time></trkpt>
			<trkpt lat="47.312570" lon="-1.128800"><ele>82</ele><time>2026-03-01T14:35:36Z</time></trkpt>
			<trkpt lat="47.312650" lon="-1.129050"><ele>81</ele><time>2026-03-01T14:35:48Z</time></trkpt>
			<trkpt lat="47.312720" lon="-1.129240"><ele>81</ele><time>2026-03-01T14:36:00Z</time></trkpt>
			<trkpt lat="47.312820" lon="-1.129340"><ele>81</ele><time>2026-03-01T14:36:12Z</time></trkpt>
			<trkpt lat="47.312980" lon="-1.129460"><ele>81</ele><time>2026-03-01T14:36:24Z</time></trkpt>
			<trkpt lat="47.317280" lon="-1.132070"><ele>75</ele><time>2026-03-01T14:36:36Z</time></trkpt>
			<trkpt lat="47.317410" lon="-1.132190"><ele>75</ele><time>2026-03-01T14:36:48Z</time></trkpt>
			<trkpt lat="47.317970" lon="-1.132800"><ele>75</ele><time>2026-03-01T14:37:00Z</time></trkpt>
			<trkpt lat="47.318360" lon="-1.133250"><ele>74</ele><time>2026-03-01T14:37:12Z</time></trkpt>
			<trkpt lat="47.320140" lon="-1.134960"><ele>76</ele><time>2026-03-01T14:37:24Z</time></trkpt>
			<trkpt lat="47.320920" lon="-1.135790"><ele>77</ele><time>2026-03-01T14:37:36Z</time></trkpt>
			<trkpt lat="47.321190" lon="-1.136110"><ele>76</ele><time>2026-03-01T14:37:48Z</time></trkpt>
			<trkpt lat="47.321390" lon="-1.136410"><ele>76</ele><time>2026-03-01T14:38:00Z</time></trkpt>
			<trkpt lat="47.321540" lon="-1.136710"><ele>76</ele><time>2026-03-01T14:38:12Z</time></trkpt>
			<trkpt lat="47.323050" lon="-1.140110"><ele>72</ele><time>2026-03-01T14:38:24Z</time></trkpt>
			<trkpt lat="47.323180" lon="-1.140280"><ele>72</ele><time>2026-03-01T14:38:36Z</time></trkpt>
			<trkpt lat="47.323300" lon="-1.140360"><ele>72</ele><time>2026-03-01T14:38:48Z</time></trkpt>
			<trkpt lat="47.323510" lon="-1.140420"><ele>72</ele><time>2026-03-01T14:39:00Z</time></trkpt>
			<trkpt lat="47.323710" lon="-1.140460"><ele>72</ele><time>2026-03-01T14:39:12Z</time></trkpt>
			<trkpt lat="47.323980" lon="-1.140490"><ele>73</ele><time>2026-03-01T14:39:24Z</time></trkpt>
			<trkpt lat="47.325050" lon="-1.140540"><ele>75</ele><time>2026-03-01T14:39:36Z</time></trkpt>
			<trkpt lat="47.325500" lon="-1.140540"><ele>76</ele><time>2026-03-01T14:39:48Z</time></trkpt>
			<trkpt lat="47.326160" lon="-1.140460"><ele>77</ele><time>2026-03-01T14:40:00Z</time></trkpt>
			<trkpt lat="47.326490" lon="-1.140420"><ele>78</ele><time>2026-03-01T14:40:12Z</time></trkpt>
			<trkpt lat="47.326710" lon="-1.140410"><ele>78</ele><time>2026-03-01T14:40:24Z</time></trkpt>
			<trkpt lat="47.326940" lon="-1.140430"><ele>78</ele><time>2026-03-01T14:40:36Z</time></trkpt>
			<trkpt lat="47.327190" lon="-1.140500"><ele>79</ele><time>2026-03-01T14:40:48Z</time></trkpt>
			<trkpt lat="47.327800" lon="-1.140730"><ele>80</ele><time>2026-03-01T14:41:00Z</time></trkpt>
			<trkpt lat="47.328260" lon="-1.140930"><ele>81</ele><time>2026-03-01T14:41:12Z</time></trkpt>
			<trkpt lat="47.329290" lon="-1.141480"><ele>82</ele><time>2026-03-01T14:41:24Z</time></trkpt>
			<trkpt lat="47.329730" lon="-1.141750"><ele>82</ele><time>2026-03-01T14:41:36Z</time></trkpt>
			<trkpt lat="47.330280" lon="-1.142160"><ele>82</ele><time>2026-03-01T14:41:48Z</time></trkpt>
			<trkpt lat="47.330570" lon="-1.142360"><ele>82</ele><time>2026-03-01T14:42:00Z</time></trkpt>
			<trkpt lat="47.330630" lon="-1.142410"><ele>82</ele><time>2026-03-01T14:42:12Z</time></trkpt>
			<trkpt lat="47.330840" lon="-1.142580"><ele>82</ele><time>2026-03-01T14:42:24Z</time></trkpt>
			<trkpt lat="47.331640" lon="-1.143640"><ele>80</ele><time>2026-03-01T14:42:36Z</time></trkpt>
			<trkpt lat="47.331740" lon="-1.143770"><ele>80</ele><time>2026-03-01T14:42:48Z</time></trkpt>
			<trkpt lat="47.332080" lon="-1.144310"><ele>79</ele><time>2026-03-01T14:43:00Z</time></trkpt>
			<trkpt lat="47.332530" lon="-1.145120"><ele>77</ele><time>2026-03-01T14:43:12Z</time></trkpt>
			<trkpt lat="47.332830" lon="-1.145740"><ele>73</ele><time>2026-03-01T14:43:24Z</time></trkpt>
			<trkpt lat="47.333850" lon="-1.148040"><ele>69</ele><time>2026-03-01T14:43:36Z</time></trkpt>
			<trkpt lat="47.333960" lon="-1.148210"><ele>69</ele><time>2026-03-01T14:43:48Z</time></trkpt>
			<trkpt lat="47.334110" lon="-1.148350"><ele>68</ele><time>2026-03-01T14:44:00Z</time></trkpt>
			<trkpt lat="47.334200" lon="-1.148410"><ele>68</ele><time>2026-03-01T14:44:12Z</time></trkpt>
			<trkpt lat="47.334380" lon="-1.148500"><ele>69</ele><time>2026-03-01T14:44:24Z</time></trkpt>
			<trkpt lat="47.334530" lon="-1.148540"><ele>69</ele><time>2026-03-01T14:44:36Z</time></trkpt>
			<trkpt lat="47.334690" lon="-1.148550"><ele>69</ele><time>2026-03-01T14:44:48Z</time></trkpt>
			<trkpt lat="47.334830" lon="-1.148530"><ele>69</ele><time>2026-03-01T14:45:00Z</time></trkpt>
			<trkpt lat="47.335130" lon="-1.148460"><ele>68</ele><time>2026-03-01T14:45:12Z</time></trkpt>
			<trkpt lat="47.336270" lon="-1.148190"><ele>65</ele><time>2026-03-01T14:45:24Z</time></trkpt>
			<trkpt lat="47.336470" lon="-1.148160"><ele>64</ele><time>2026-03-01T14:45:36Z</time></trkpt>
			<trkpt lat="47.336660" lon="-1.148160"><ele>63</ele><time>2026-03-01T14:45:48Z</time></trkpt>
			<trkpt lat="47.337200" lon="-1.148270"><ele>64</ele><time>2026-03-01T14:46:00Z</time></trkpt>
			<trkpt lat="47.337630" lon="-1.148330"><ele>65</ele><time>2026-03-01T14:46:12Z</time></trkpt>
			<trkpt lat="47.337930" lon="-1.148320"><ele>65</ele><time>2026-03-01T14:46:24Z</time></trkpt>
			<trkpt lat="47.338150" lon="-1.148290"><ele>66</ele><time>2026-03-01T14:46:36Z</time></trkpt>
			<trkpt lat="47.338520" lon="-1.148220"><ele>65</ele><time>2026-03-01T14:46:48Z</time></trkpt>
			<trkpt lat="47.338610" lon="-1.148220"><ele>64</ele><time>2026-03-01T14:47:00Z</time></trkpt>
			<trkpt lat="47.339130" lon="-1.148180"><ele>61</ele><time>2026-03-01T14:47:12Z</time></trkpt>
			<trkpt lat="47.339310" lon="-1.148230"><ele>59</ele><time>2026-03-01T14:47:24Z</time></trkpt>
			<trkpt lat="47.339470" lon="-1.148320"><ele>58</ele><time>2026-03-01T14:47:36Z</time></trkpt>
			<trkpt lat="47.339600" lon="-1.148440"><ele>57</ele><time>2026-03-01T14:47:48Z</time></trkpt>
			<trkpt lat="47.339730" lon="-1.148570"><ele>55</ele><time>2026-03-01T14:48:00Z</time></trkpt>
			<trkpt lat="47.340730" lon="-1.149900"><ele>43</ele><time>2026-03-01T14:48:12Z</time></trkpt>
			<trkpt lat="47.340780" lon="-1.149960"><ele>43</ele><time>2026-03-01T14:48:24Z</time></trkpt>
			<trkpt lat="47.340890" lon="-1.150070"><ele>42</ele><time>2026-03-01T14:48:36Z</time></trkpt>
			<trkpt lat="47.340980" lon="-1.150120"><ele>41</ele><time>2026-03-01T14:48:48Z</time></trkpt>
			<trkpt lat="47.341070" lon="-1.150130"><ele>41</ele><time>2026-03-01T14:49:00Z</time></trkpt>
			<trkpt lat="47.341160" lon="-1.150120"><ele>40</ele><time>2026-03-01T14:49:12Z</time></trkpt>
			<trkpt lat="47.341430" lon="-1.150030"><ele>38</ele><time>2026-03-01T14:49:24Z</time></trkpt>
			<trkpt lat="47.342740" lon="-1.149730"><ele>31</ele><time>2026-03-01T14:49:36Z</time></trkpt>
			<trkpt lat="47.342830" lon="-1.149690"><ele>30</ele><time>2026-03-01T14:49:48Z</time></trkpt>
			<trkpt lat="47.342870" lon="-1.149660"><ele>30</ele><time>2026-03-01T14:50:00Z</time></trkpt>
			<trkpt lat="47.342920" lon="-1.149770"><ele>30</ele><time>2026-03-01T14:50:12Z</time></trkpt>
			<trkpt lat="47.343050" lon="-1.150110"><ele>30</ele><time>2026-03-01T14:50:24Z</time></trkpt>
			<trkpt lat="47.343080" lon="-1.150270"><ele>30</ele><time>2026-03-01T14:50:36Z</time></trkpt>
			<trkpt lat="47.343110" lon="-1.150410"><ele>30</ele><time>2026-03-01T14:50:48Z</time></trkpt>
			<trkpt lat="47.343240" lon="-1.151700"><ele>31</ele><time>2026-03-01T14:51:00Z</time></trkpt>
			<trkpt lat="47.343260" lon="-1.152080"><ele>31</ele><time>2026-03-01T14:51:12Z</time></trkpt>
			<trkpt lat="47.343250" lon="-1.152290"><ele>31</ele><time>2026-03-01T14:51:24Z</time></trkpt>
			<trkpt lat="47.343230" lon="-1.152460"><ele>30</ele><time>2026-03-01T14:51:36Z</time></trkpt>
			<trkpt lat="47.343180" lon="-1.152680"><ele>30</ele><time>2026-03-01T14:51:48Z</time></trkpt>
			<trkpt lat="47.343110" lon="-1.153150"><ele>31</ele><time>2026-03-01T14:52:00Z</time></trkpt>
			<trkpt lat="47.343110" lon="-1.153350"><ele>31</ele><time>2026-03-01T14:52:12Z</time></trkpt>
			<trkpt lat="47.343150" lon="-1.153550"><ele>31</ele><time>2026-03-01T14:52:24Z</time></trkpt>
			<trkpt lat="47.343190" lon="-1.153700"><ele>31</ele><time>2026-03-01T14:52:36Z</time></trkpt>
			<trkpt lat="47.343340" lon="-1.154040"><ele>31</ele><time>2026-03-01T14:52:48Z</time></trkpt>
			<trkpt lat="47.343690" lon="-1.154810"><ele>29</ele><time>2026-03-01T14:53:00Z</time></trkpt>
			<trkpt lat="47.343730" lon="-1.154890"><ele>29</ele><time>2026-03-01T14:53:12Z</time></trkpt>
			<trkpt lat="47.343900" lon="-1.155290"><ele>28</ele><time>2026-03-01T14:53:24Z</time></trkpt>
			<trkpt lat="47.344410" lon="-1.156450"><ele>24</ele><time>2026-03-01T14:53:36Z</time></trkpt>
			<trkpt lat="47.344420" lon="-1.156470"><ele>24</ele><time>2026-03-01T14:53:48Z</time></trkpt>
			<trkpt lat="47.344760" lon="-1.157240"><ele>22</ele><time>2026-03-01T14:54:00Z</time></trkpt>
			<trkpt lat="47.344980" lon="-1.157730"><ele>20</ele><time>2026-03-01T14:54:12Z</time></trkpt>
			<trkpt lat="47.345050" lon="-1.157880"><ele>19</ele><time>2026-03-01T14:54:24Z</time></trkpt>
			<trkpt lat="47.345120" lon="-1.158070"><ele>19</ele><time>2026-03-01T14:54:36Z</time></trkpt>
			<trkpt lat="47.345180" lon="-1.158300"><ele>18</ele><time>2026-03-01T14:54:48Z</time></trkpt>
			<trkpt lat="47.345240" lon="-1.158450"><ele>18</ele><time>2026-03-01T14:55:00Z</time></trkpt>
			<trkpt lat="47.345290" lon="-1.158650"><ele>18</ele><time>2026-03-01T14:55:12Z</time></trkpt>
			<trkpt lat="47.345370" lon="-1.159060"><ele>17</ele><time>2026-03-01T14:55:24Z</time></trkpt>
			<trkpt lat="47.345470" lon="-1.159850"><ele>14</ele><time>2026-03-01T14:55:36Z</time></trkpt>
			<trkpt lat="47.345520" lon="-1.160070"><ele>13</ele><time>2026-03-01T14:55:48Z</time></trkpt>
			<trkpt lat="47.345570" lon="-1.160260"><ele>12</ele><time>2026-03-01T14:56:00Z</time></trkpt>
			<trkpt lat="47.345640" lon="-1.160450"><ele>11</ele><time>2026-03-01T14:56:12Z</time></trkpt>
			<trkpt lat="47.345720" lon="-1.160610"><ele>10</ele><time>2026-03-01T14:56:24Z</time></trkpt>
			<trkpt lat="47.345900" lon="-1.160920"><ele>9</ele><time>2026-03-01T14:56:36Z</time></trkpt>
			<trkpt lat="47.346020" lon="-1.161070"><ele>10</ele><time>2026-03-01T14:56:48Z</time></trkpt>
			<trkpt lat="47.346240" lon="-1.161310"><ele>10</ele><time>2026-03-01T14:57:00Z</time></trkpt>
			<trkpt lat="47.346620" lon="-1.161640"><ele>9</ele><time>2026-03-01T14:57:12Z</time></trkpt>
			<trkpt lat="47.346920" lon="-1.162020"><ele>9</ele><time>2026-03-01T14:57:24Z</time></trkpt>
			<trkpt lat="47.347050" lon="-1.162300"><ele>10</ele><time>2026-03-01T14:57:36Z</time></trkpt>
			<trkpt lat="47.347180" lon="-1.162540"><ele>10</ele><time>2026-03-01T14:57:48Z</time></trkpt>
			<trkpt lat="47.347250" lon="-1.162670"><ele>10</ele><time>2026-03-01T14:58:00Z</time></trkpt>
			<trkpt lat="47.347320" lon="-1.162900"><ele>10</ele><time>2026-03-01T14:58:12Z</time></trkpt>
			<trkpt lat="47.347360" lon="-1.163030"><ele>10</ele><time>2026-03-01T14:58:24Z</time></trkpt>
			<trkpt lat="47.347400" lon="-1.163230"><ele>10</ele><time>2026-03-01T14:58:36Z</time></trkpt>
			<trkpt lat="47.347500" lon="-1.163930"><ele>10</ele><time>2026-03-01T14:58:48Z</time></trkpt>
			<trkpt lat="47.347560" lon="-1.164020"><ele>10</ele><time>2026-03-01T14:59:00Z</time></trkpt>
			<trkpt lat="47.347580" lon="-1.164100"><ele>10</ele><time>2026-03-01T14:59:12Z</time></trkpt>
			<trkpt lat="47.347580" lon="-1.164180"><ele>10</ele><time>2026-03-01T14:59:24Z</time></trkpt>
			<trkpt lat="47.347650" lon="-1.164360"><ele>10</ele><time>2026-03-01T14:59:36Z</time></trkpt>
			<trkpt lat="47.347900" lon="-1.164650"><ele>10</ele><time>2026-03-01T14:59:48Z</time></trkpt>
			<trkpt lat="47.349010" lon="-1.165800"><ele>9</ele><time>2026-03-01T15:00:00Z</time></trkpt>
			<trkpt lat="47.350150" lon="-1.167010"><ele>8</ele><time>2026-03-01T15:00:12Z</time></trkpt>
			<trkpt lat="47.350950" lon="-1.167860"><ele>10</ele><time>2026-03-01T15:00:24Z</time></trkpt>
			<trkpt lat="47.351780" lon="-1.168710"><ele>9</ele><time>2026-03-01T15:00:36Z</time></trkpt>
			<trkpt lat="47.355450" lon="-1.172560"><ele>9</ele><time>2026-03-01T15:00:48Z</time></trkpt>
			<trkpt lat="47.355890" lon="-1.173030"><ele>10</ele><time>2026-03-01T15:01:00Z</time></trkpt>
			<trkpt lat="47.356380" lon="-1.173490"><ele>12</ele><time>2026-03-01T15:01:12Z</time></trkpt>
			<trkpt lat="47.356690" lon="-1.173690"><ele>12</ele><time>2026-03-01T15:01:24Z</time></trkpt>
			<trkpt lat="47.357070" lon="-1.173920"><ele>11</ele><time>2026-03-01T15:01:36Z</time></trkpt>
			<trkpt lat="47.357510" lon="-1.174140"><ele>12</ele><time>2026-03-01T15:01:48Z</time></trkpt>
			<trkpt lat="47.357560" lon="-1.173940"><ele>12</ele><time>2026-03-01T15:02:00Z</time></trkpt>
			<trkpt lat="47.357620" lon="-1.173800"><ele>12</ele><time>2026-03-01T15:02:12Z</time></trkpt>
			<trkpt lat="47.357660" lon="-1.173700"><ele>12</ele><time>2026-03-01T15:02:24Z</time></trkpt>
			<trkpt lat="47.357720" lon="-1.173590"><ele>11</ele><time>2026-03-01T15:02:36Z</time></trkpt>
			<trkpt lat="47.357830" lon="-1.173370"><ele>11</ele><time>2026-03-01T15:02:48Z</time></trkpt>
			<trkpt lat="47.357930" lon="-1.173160"><ele>11</ele><time>2026-03-01T15:03:00Z</time></trkpt>
			<trkpt lat="47.357980" lon="-1.173050"><ele>11</ele><time>2026-03-01T15:03:12Z</time></trkpt>
			<trkpt lat="47.358040" lon="-1.172910"><ele>11</ele><time>2026-03-01T15:03:24Z</time></trkpt>
			<trkpt lat="47.358210" lon="-1.172540"><ele>10</ele><time>2026-03-01T15:03:36Z</time></trkpt>
			<trkpt lat="47.358320" lon="-1.172340"><ele>10</ele><time>2026-03-01T15:03:48Z</time></trkpt>
			<trkpt lat="47.358360" lon="-1.172300"><ele>10</ele><time>2026-03-01T15:04:00Z</time></trkpt>
			<trkpt lat="47.358320" lon="-1.172340"><ele>10</ele><time>2026-03-01T15:04:12Z</time></trkpt>
			<trkpt lat="47.358210" lon="-1.172540"><ele>10</ele><time>2026-03-01T15:04:24Z</time></trkpt>
			<trkpt lat="47.358040" lon="-1.172910"><ele>11</ele><time>2026-03-01T15:04:36Z</time></trkpt>
			<trkpt lat="47.357980" lon="-1.173050"><ele>11</ele><time>2026-03-01T15:04:48Z</time></trkpt>
			<trkpt lat="47.357930" lon="-1.173160"><ele>11</ele><time>2026-03-01T15:05:00Z</time></trkpt>
			<trkpt lat="47.357830" lon="-1.173370"><ele>11</ele><time>2026-03-01T15:05:12Z</time></trkpt>
			<trkpt lat="47.357720" lon="-1.173590"><ele>11</ele><time>2026-03-01T15:05:24Z</time></trkpt>
			<trkpt lat="47.357660" lon="-1.173700"><ele>12</ele><time>2026-03-01T15:05:36Z</time></trkpt>
			<trkpt lat="47.357620" lon="-1.173800"><ele>12</ele><time>2026-03-01T15:05:48Z</time></trkpt>
			<trkpt lat="47.357560" lon="-1.173940"><ele>12</ele><time>2026-03-01T15:06:00Z</time></trkpt>
			<trkpt lat="47.357510" lon="-1.174140"><ele>12</ele><time>2026-03-01T15:06:12Z</time></trkpt>
			<trkpt lat="47.358740" lon="-1.174790"><ele>10</ele><time>2026-03-01T15:06:24Z</time></trkpt>
			<trkpt lat="47.359110" lon="-1.174980"><ele>10</ele><time>2026-03-01T15:06:36Z</time></trkpt>
			<trkpt lat="47.359640" lon="-1.175260"><ele>10</ele><time>2026-03-01T15:06:48Z</time></trkpt>
			<trkpt lat="47.359860" lon="-1.175380"><ele>10</ele><time>2026-03-01T15:07:00Z</time></trkpt>
			<trkpt lat="47.363510" lon="-1.177280"><ele>10</ele><time>2026-03-01T15:07:12Z</time></trkpt>
			<trkpt lat="47.363610" lon="-1.177330"><ele>11</ele><time>2026-03-01T15:07:24Z</time></trkpt>
			<trkpt lat="47.363620" lon="-1.177290"><ele>11</ele><time>2026-03-01T15:07:36Z</time></trkpt>
			<trkpt lat="47.363650" lon="-1.177260"><ele>11</ele><time>2026-03-01T15:07:48Z</time></trkpt>
			<trkpt lat="47.363680" lon="-1.177250"><ele>11</ele><time>2026-03-01T15:08:00Z</time></trkpt>
			<trkpt lat="47.363710" lon="-1.177260"><ele>12</ele><time>2026-03-01T15:08:12Z</time></trkpt>
			<trkpt lat="47.363740" lon="-1.177320"><ele>12</ele><time>2026-03-01T15:08:24Z</time></trkpt>
			<trkpt lat="47.363740" lon="-1.177390"><ele>12</ele><time>2026-03-01T15:08:36Z</time></trkpt>
			<trkpt lat="47.363720" lon="-1.177430"><ele>12</ele><time>2026-03-01T15:08:48Z</time></trkpt>
			<trkpt lat="47.363700" lon="-1.177460"><ele>12</ele><time>2026-03-01T15:09:00Z</time></trkpt>
			<trkpt lat="47.363660" lon="-1.177460"><ele>12</ele><time>2026-03-01T15:09:12Z</time></trkpt>
			<trkpt lat="47.363630" lon="-1.177440"><ele>11</ele><time>2026-03-01T15:09:24Z</time></trkpt>
			<trkpt lat="47.363590" lon="-1.177480"><ele>11</ele><time>2026-03-01T15:09:36Z</time></trkpt>
			<trkpt lat="47.363530" lon="-1.177600"><ele>11</ele><time>2026-03-01T15:09:48Z</time></trkpt>
			<trkpt lat="47.363470" lon="-1.177850"><ele>11</ele><time>2026-03-01T15:10:00Z</time></trkpt>
			<trkpt lat="47.363450" lon="-1.177940"><ele>11</ele><time>2026-03-01T15:10:12Z</time></trkpt>
			<trkpt lat="47.363430" lon="-1.177990"><ele>11</ele><time>2026-03-01T15:10:24Z</time></trkpt>
			<trkpt lat="47.363370" lon="-1.178230"><ele>11</ele><time>2026-03-01T15:10:36Z</time></trkpt>
			<trkpt lat="47.363320" lon="-1.178440"><ele>11</ele><time>2026-03-01T15:10:48Z</time></trkpt>
			<trkpt lat="47.363240" lon="-1.178730"><ele>11</ele><time>2026-03-01T15:11:00Z</time></trkpt>
			<trkpt lat="47.363230" lon="-1.178900"><ele>11</ele><time>2026-03-01T15:11:12Z</time></trkpt>
			<trkpt lat="47.363230" lon="-1.179170"><ele>12</ele><time>2026-03-01T15:11:24Z</time></trkpt>
			<trkpt lat="47.363340" lon="-1.180250"><ele>12</ele><time>2026-03-01T15:11:36Z</time></trkpt>
			<trkpt lat="47.363380" lon="-1.180690"><ele>13</ele><time>2026-03-01T15:11:48Z</time></trkpt>
			<trkpt lat="47.363410" lon="-1.181040"><ele>13</ele><time>2026-03-01T15:12:00Z</time></trkpt>
			<trkpt lat="47.363500" lon="-1.182120"><ele>14</ele><time>2026-03-01T15:12:12Z</time></trkpt>
			<trkpt lat="47.363530" lon="-1.182510"><ele>13</ele><time>2026-03-01T15:12:24Z</time></trkpt>
			<trkpt lat="47.363530" lon="-1.182780"><ele>13</ele><time>2026-03-01T15:12:36Z</time></trkpt>
			<trkpt lat="47.363570" lon="-1.182790"><ele>13</ele><time>2026-03-01T15:12:48Z</time></trkpt>
			<trkpt lat="47.363600" lon="-1.182810"><ele>13</ele><time>2026-03-01T15:13:00Z</time></trkpt>
			<trkpt lat="47.363630" lon="-1.182850"><ele>13</ele><time>2026-03-01T15:13:12Z</time></trkpt>
			<trkpt lat="47.363640" lon="-1.182900"><ele>13</ele><time>2026-03-01T15:13:24Z</time></trkpt>
			<trkpt lat="47.363650" lon="-1.182950"><ele>13</ele><time>2026-03-01T15:13:36Z</time></trkpt>
			<trkpt lat="47.363640" lon="-1.183010"><ele>13</ele><time>2026-03-01T15:13:48Z</time></trkpt>
			<trkpt lat="47.363630" lon="-1.183050"><ele>13</ele><time>2026-03-01T15:14:00Z</time></trkpt>
			<trkpt lat="47.363600" lon="-1.183090"><ele>13</ele><time>2026-03-01T15:14:12Z</time></trkpt>
			<trkpt lat="47.363570" lon="-1.183120"><ele>13</ele><time>2026-03-01T15:14:24Z</time></trkpt>
			<trkpt lat="47.363540" lon="-1.183120"><ele>13</ele><time>2026-03-01T15:14:36Z</time></trkpt>
			<trkpt lat="47.363530" lon="-1.183980"><ele>12</ele><time>2026-03-01T15:14:48Z</time></trkpt>
			<trkpt lat="47.363520" lon="-1.184670"><ele>12</ele><time>2026-03-01T15:15:00Z</time></trkpt>
			<trkpt lat="47.363520" lon="-1.186050"><ele>13</ele><time>2026-03-01T15:15:12Z</time></trkpt>
			<trkpt lat="47.363520" lon="-1.186600"><ele>13</ele><time>2026-03-01T15:15:24Z</time></trkpt>
			<trkpt lat="47.363540" lon="-1.186780"><ele>13</ele><time>2026-03-01T15:15:36Z</time></trkpt>
			<trkpt lat="47.363590" lon="-1.186980"><ele>12</ele><time>2026-03-01T15:15:48Z</time></trkpt>
			<trkpt lat="47.363610" lon="-1.187070"><ele>12</ele><time>2026-03-01T15:16:00Z</time></trkpt>
			<trkpt lat="47.363690" lon="-1.187260"><ele>12</ele><time>2026-03-01T15:16:12Z</time></trkpt>
			<trkpt lat="47.363830" lon="-1.187390"><ele>12</ele><time>2026-03-01T15:16:24Z</time></trkpt>
			<trkpt lat="47.363980" lon="-1.187330"><ele>13</ele><time>2026-03-01T15:16:36Z</time></trkpt>
			<trkpt lat="47.364070" lon="-1.187290"><ele>13</ele><time>2026-03-01T15:16:48Z</time></trkpt>
			<trkpt lat="47.364110" lon="-1.187210"><ele>13</ele><time>2026-03-01T15:17:00Z</time></trkpt>
			<trkpt lat="47.364140" lon="-1.187160"><ele>13</ele><time>2026-03-01T15:17:12Z</time></trkpt>
			<trkpt lat="47.364200" lon="-1.187140"><ele>13</ele><time>2026-03-01T15:17:24Z</time></trkpt>
			<trkpt lat="47.364260" lon="-1.187150"><ele>13</ele><time>2026-03-01T15:17:36Z</time></trkpt>
			<trkpt lat="47.364300" lon="-1.187180"><ele>13</ele><time>2026-03-01T15:17:48Z</time></trkpt>
			<trkpt lat="47.364430" lon="-1.187180"><ele>13</ele><time>2026-03-01T15:18:00Z</time></trkpt>
			<trkpt lat="47.364480" lon="-1.187140"><ele>13</ele><time>2026-03-01T15:18:12Z</time></trkpt>
			<trkpt lat="47.364520" lon="-1.187080"><ele>13</ele><time>2026-03-01T15:18:24Z</time></trkpt>
			<trkpt lat="47.364850" lon="-1.186800"><ele>12</ele><time>2026-03-01T15:18:36Z</time></trkpt>
			<trkpt lat="47.365090" lon="-1.186600"><ele>12</ele><time>2026-03-01T15:18:48Z</time></trkpt>
			<trkpt lat="47.366070" lon="-1.185770"><ele>10</ele><time>2026-03-01T15:19:00Z</time></trkpt>
			<trkpt lat="47.366170" lon="-1.185690"><ele>10</ele><time>2026-03-01T15:19:12Z</time></trkpt>
			<trkpt lat="47.366290" lon="-1.185610"><ele>10</ele><time>2026-03-01T15:19:24Z</time></trkpt>
			<trkpt lat="47.366360" lon="-1.185560"><ele>10</ele><time>2026-03-01T15:19:36Z</time></trkpt>
			<trkpt lat="47.366390" lon="-1.185600"><ele>10</ele><time>2026-03-01T15:19:48Z</time></trkpt>
			<trkpt lat="47.366440" lon="-1.185600"><ele>10</ele><time>2026-03-01T15:20:00Z</time></trkpt>
			<trkpt lat="47.366470" lon="-1.185550"><ele>9</ele><time>2026-03-01T15:20:12Z</time></trkpt>
			<trkpt lat="47.366470" lon="-1.185530"><ele>9</ele><time>2026-03-01T15:20:24Z</time></trkpt>
			<trkpt lat="47.366470" lon="-1.185460"><ele>10</ele><time>2026-03-01T15:20:36Z</time></trkpt>
			<trkpt lat="47.366770" lon="-1.185060"><ele>9</ele><time>2026-03-01T15:20:48Z</time></trkpt>
			<trkpt lat="47.366900" lon="-1.184820"><ele>9</ele><time>2026-03-01T15:21:00Z</time></trkpt>
			<trkpt lat="47.366930" lon="-1.184740"><ele>9</ele><time>2026-03-01T15:21:12Z</time></trkpt>
			<trkpt lat="47.367080" lon="-1.184370"><ele>10</ele><time>2026-03-01T15:21:24Z</time></trkpt>
			<trkpt lat="47.367110" lon="-1.184230"><ele>10</ele><time>2026-03-01T15:21:36Z</time></trkpt>
			<trkpt lat="47.367130" lon="-1.184240"><ele>10</ele><time>2026-03-01T15:21:48Z</time></trkpt>
			<trkpt lat="47.367170" lon="-1.184220"><ele>10</ele><time>2026-03-01T15:22:00Z</time></trkpt>
			<trkpt lat="47.367190" lon="-1.184170"><ele>10</ele><time>2026-03-01T15:22:12Z</time></trkpt>
			<trkpt lat="47.367190" lon="-1.184110"><ele>10</ele><time>2026-03-01T15:22:24Z</time></trkpt>
			<trkpt lat="47.367160" lon="-1.184060"><ele>11</ele><time>2026-03-01T15:22:36Z</time></trkpt>
			<trkpt lat="47.367200" lon="-1.183970"><ele>11</ele><time>2026-03-01T15:22:48Z</time></trkpt>
			<trkpt lat="47.367300" lon="-1.183780"><ele>11</ele><time>2026-03-01T15:23:00Z</time></trkpt>
			<trkpt lat="47.367400" lon="-1.183470"><ele>11</ele><time>2026-03-01T15:23:12Z</time></trkpt>
			<trkpt lat="47.367550" lon="-1.183000"><ele>11</ele><time>2026-03-01T15:23:24Z</time></trkpt>
			<trkpt lat="47.367570" lon="-1.182900"><ele>10</ele><time>2026-03-01T15:23:36Z</time></trkpt>
			<trkpt lat="47.367610" lon="-1.182900"><ele>10</ele><time>2026-03-01T15:23:48Z</time></trkpt>
			<trkpt lat="47.367640" lon="-1.182870"><ele>10</ele><time>2026-03-01T15:24:00Z</time></trkpt>
			<trkpt lat="47.367640" lon="-1.182850"><ele>10</ele><time>2026-03-01T15:24:12Z</time></trkpt>
			<trkpt lat="47.367640" lon="-1.182800"><ele>10</ele><time>2026-03-01T15:24:24Z</time></trkpt>
			<trkpt lat="47.367620" lon="-1.182760"><ele>10</ele><time>2026-03-01T15:24:36Z</time></trkpt>
			<trkpt lat="47.367840" lon="-1.182060"><ele>10</ele><time>2026-03-01T15:24:48Z</time></trkpt>
			<trkpt lat="47.368000" lon="-1.181590"><ele>10</ele><time>2026-03-01T15:25:00Z</time></trkpt>
			<trkpt lat="47.368060" lon="-1.181380"><ele>10</ele><time>2026-03-01T15:25:12Z</time></trkpt>
			<trkpt lat="47.368090" lon="-1.181210"><ele>10</ele><time>2026-03-01T15:25:24Z</time></trkpt>
			<trkpt lat="47.368110" lon="-1.181110"><ele>10</ele><time>2026-03-01T15:25:36Z</time></trkpt>
			<trkpt lat="47.368140" lon="-1.181120"><ele>10</ele><time>2026-03-01T15:25:48Z</time></trkpt>
			<trkpt lat="47.368170" lon="-1.181090"><ele>10</ele><time>2026-03-01T15:26:00Z</time></trkpt>
			<trkpt lat="47.368180" lon="-1.181070"><ele>10</ele><time>2026-03-01T15:26:12Z</time></trkpt>
			<trkpt lat="47.368240" lon="-1.181100"><ele>10</ele><time>2026-03-01T15:26:24Z</time></trkpt>
			<trkpt lat="47.368460" lon="-1.181260"><ele>10</ele><time>2026-03-01T15:26:36Z</time></trkpt>
			<trkpt lat="47.368670" lon="-1.181420"><ele>11</ele><time>2026-03-01T15:26:48Z</time></trkpt>
			<trkpt lat="47.368700" lon="-1.181480"><ele>11</ele><time>2026-03-01T15:27:00Z</time></trkpt>
			<trkpt lat="47.368730" lon="-1.181560"><ele>11</ele><time>2026-03-01T15:27:12Z</time></trkpt>
			<trkpt lat="47.368824" lon="-1.181654"><ele>11</ele><time>2026-03-01T15:27:24Z</time></trkpt>
			<trkpt lat="47.367701" lon="-1.181651"><ele>11</ele><time>2026-03-01T15:27:36Z</time></trkpt>
			<trkpt lat="47.366578" lon="-1.181648"><ele>11</ele><time>2026-03-01T15:27:48Z</time></trkpt>
			<trkpt lat="47.365456" lon="-1.181646"><ele>11</ele><time>2026-03-01T15:28:00Z</time></trkpt>
			<trkpt lat="47.364333" lon="-1.181643"><ele>11</ele><time>2026-03-01T15:28:12Z</time></trkpt>
			<trkpt lat="47.363210" lon="-1.181640"><ele>11</ele><time>2026-03-01T15:28:24Z</time></trkpt>
		</trkseg>
	</trk>
</gpx>
