<?xml version="1.0" encoding="UTF-8" ?>
<gpx version="1.1" xmlns:xsi="http://www.w3.org/2001/XMLSchema-instance"
    xmlns="http://www.topografix.com/GPX/1/1"
    xsi:schemaLocation="http://www.topografix.com/GPX/1/1 http://www.topografix.com/GPX/1/1/gpx.xsd"
    creator="Club'O'Clock — jeu de démonstration">
	<trk>
		<name>Nord 54 km</name>
		<trkseg>
			<trkpt lat="47.363210" lon="-1.181640"><ele>21</ele><time>2026-03-01T08:00:00Z</time></trkpt>
			<trkpt lat="47.364235" lon="-1.182242"><ele>21</ele><time>2026-03-01T08:00:12Z</time></trkpt>
			<trkpt lat="47.365260" lon="-1.182844"><ele>21</ele><time>2026-03-01T08:00:24Z</time></trkpt>
			<trkpt lat="47.366285" lon="-1.183447"><ele>21</ele><time>2026-03-01T08:00:36Z</time></trkpt>
			<trkpt lat="47.367310" lon="-1.184049"><ele>21</ele><time>2026-03-01T08:00:48Z</time></trkpt>
			<trkpt lat="47.368335" lon="-1.184651"><ele>21</ele><time>2026-03-01T08:01:00Z</time></trkpt>
			<trkpt lat="47.369360" lon="-1.185253"><ele>21</ele><time>2026-03-01T08:01:12Z</time></trkpt>
			<trkpt lat="47.370385" lon="-1.185855"><ele>21</ele><time>2026-03-01T08:01:24Z</time></trkpt>
			<trkpt lat="47.371410" lon="-1.186457"><ele>21</ele><time>2026-03-01T08:01:36Z</time></trkpt>
			<trkpt lat="47.372435" lon="-1.187060"><ele>21</ele><time>2026-03-01T08:01:48Z</time></trkpt>
			<trkpt lat="47.373460" lon="-1.187662"><ele>21</ele><time>2026-03-01T08:02:00Z</time></trkpt>
			<trkpt lat="47.374484" lon="-1.188264"><ele>21</ele><time>2026-03-01T08:02:12Z</time></trkpt>
			<trkpt lat="47.375509" lon="-1.188866"><ele>21</ele><time>2026-03-01T08:02:24Z</time></trkpt>
			<trkpt lat="47.376534" lon="-1.189468"><ele>21</ele><time>2026-03-01T08:02:36Z</time></trkpt>
			<trkpt lat="47.377559" lon="-1.190071"><ele>21</ele><time>2026-03-01T08:02:48Z</time></trkpt>
			<trkpt lat="47.378584" lon="-1.190673"><ele>21</ele><time>2026-03-01T08:03:00Z</time></trkpt>
			<trkpt lat="47.379609" lon="-1.191275"><ele>21</ele><time>2026-03-01T08:03:12Z</time></trkpt>
			<trkpt lat="47.380634" lon="-1.191877"><ele>21</ele><time>2026-03-01T08:03:24Z</time></trkpt>
			<trkpt lat="47.380790" lon="-1.191820"><ele>20</ele><time>2026-03-01T08:03:36Z</time></trkpt>
			<trkpt lat="47.381250" lon="-1.191660"><ele>20</ele><time>2026-03-01T08:03:48Z</time></trkpt>
			<trkpt lat="47.381490" lon="-1.191570"><ele>20</ele><time>2026-03-01T08:04:00Z</time></trkpt>
			<trkpt lat="47.381540" lon="-1.191550"><ele>20</ele><time>2026-03-01T08:04:12Z</time></trkpt>
			<trkpt lat="47.381760" lon="-1.191410"><ele>20</ele><time>2026-03-01T08:04:24Z</time></trkpt>
			<trkpt lat="47.381940" lon="-1.191270"><ele>19</ele><time>2026-03-01T08:04:36Z</time></trkpt>
			<trkpt lat="47.382040" lon="-1.191220"><ele>19</ele><time>2026-03-01T08:04:48Z</time></trkpt>
			<trkpt lat="47.382370" lon="-1.191040"><ele>18</ele><time>2026-03-01T08:05:00Z</time></trkpt>
			<trkpt lat="47.382470" lon="-1.190960"><ele>18</ele><time>2026-03-01T08:05:12Z</time></trkpt>
			<trkpt lat="47.382490" lon="-1.190900"><ele>18</ele><time>2026-03-01T08:05:24Z</time></trkpt>
			<trkpt lat="47.382530" lon="-1.190860"><ele>18</ele><time>2026-03-01T08:05:36Z</time></trkpt>
			<trkpt lat="47.382570" lon="-1.190850"><ele>18</ele><time>2026-03-01T08:05:48Z</time></trkpt>
			<trkpt lat="47.382600" lon="-1.190850"><ele>18</ele><time>2026-03-01T08:06:00Z</time></trkpt>
			<trkpt lat="47.382620" lon="-1.190860"><ele>18</ele><time>2026-03-01T08:06:12Z</time></trkpt>
			<trkpt lat="47.382670" lon="-1.190910"><ele>18</ele><time>2026-03-01T08:06:24Z</time></trkpt>
			<trkpt lat="47.382690" lon="-1.190960"><ele>18</ele><time>2026-03-01T08:06:36Z</time></trkpt>
			<trkpt lat="47.382700" lon="-1.191000"><ele>18</ele><time>2026-03-01T08:06:48Z</time></trkpt>
			<trkpt lat="47.383280" lon="-1.190810"><ele>16</ele><time>2026-03-01T08:07:00Z</time></trkpt>
			<trkpt lat="47.383580" lon="-1.190710"><ele>15</ele><time>2026-03-01T08:07:12Z</time></trkpt>
			<trkpt lat="47.383580" lon="-1.190670"><ele>15</ele><time>2026-03-01T08:07:24Z</time></trkpt>
			<trkpt lat="47.383580" lon="-1.190620"><ele>15</ele><time>2026-03-01T08:07:36Z</time></trkpt>
			<trkpt lat="47.383600" lon="-1.190580"><ele>15</ele><time>2026-03-01T08:07:48Z</time></trkpt>
			<trkpt lat="47.383630" lon="-1.190550"><ele>15</ele><time>2026-03-01T08:08:00Z</time></trkpt>
			<trkpt lat="47.383660" lon="-1.190540"><ele>15</ele><time>2026-03-01T08:08:12Z</time></trkpt>
			<trkpt lat="47.383690" lon="-1.190540"><ele>15</ele><time>2026-03-01T08:08:24Z</time></trkpt>
			<trkpt lat="47.383710" lon="-1.190550"><ele>15</ele><time>2026-03-01T08:08:36Z</time></trkpt>
			<trkpt lat="47.383750" lon="-1.190590"><ele>15</ele><time>2026-03-01T08:08:48Z</time></trkpt>
			<trkpt lat="47.383760" lon="-1.190630"><ele>15</ele><time>2026-03-01T08:09:00Z</time></trkpt>
			<trkpt lat="47.383760" lon="-1.190700"><ele>15</ele><time>2026-03-01T08:09:12Z</time></trkpt>
			<trkpt lat="47.383960" lon="-1.190700"><ele>14</ele><time>2026-03-01T08:09:24Z</time></trkpt>
			<trkpt lat="47.384040" lon="-1.190720"><ele>14</ele><time>2026-03-01T08:09:36Z</time></trkpt>
			<trkpt lat="47.384540" lon="-1.190970"><ele>15</ele><time>2026-03-01T08:09:48Z</time></trkpt>
			<trkpt lat="47.384570" lon="-1.190980"><ele>15</ele><time>2026-03-01T08:10:00Z</time></trkpt>
			<trkpt lat="47.384590" lon="-1.190980"><ele>15</ele><time>2026-03-01T08:10:12Z</time></trkpt>
			<trkpt lat="47.384650" lon="-1.191000"><ele>15</ele><time>2026-03-01T08:10:24Z</time></trkpt>
			<trkpt lat="47.385290" lon="-1.191330"><ele>15</ele><time>2026-03-01T08:10:36Z</time></trkpt>
			<trkpt lat="47.385350" lon="-1.191380"><ele>15</ele><time>2026-03-01T08:10:48Z</time></trkpt>
			<trkpt lat="47.385450" lon="-1.191430"><ele>15</ele><time>2026-03-01T08:11:00Z</time></trkpt>
			<trkpt lat="47.385510" lon="-1.191480"><ele>15</ele><time>2026-03-01T08:11:12Z</time></trkpt>
			<trkpt lat="47.385550" lon="-1.191420"><ele>15</ele><time>2026-03-01T08:11:24Z</time></trkpt>
			<trkpt lat="47.385600" lon="-1.191400"><ele>15</ele><time>2026-03-01T08:11:36Z</time></trkpt>
			<trkpt lat="47.385620" lon="-1.191400"><ele>15</ele><time>2026-03-01T08:11:48Z</time></trkpt>
			<trkpt lat="47.385660" lon="-1.191440"><ele>15</ele><time>2026-03-01T08:12:00Z</time></trkpt>
			<trkpt lat="47.385680" lon="-1.191470"><ele>15</ele><time>2026-03-01T08:12:12Z</time></trkpt>
			<trkpt lat="47.385690" lon="-1.191540"><ele>15</ele><time>2026-03-01T08:12:24Z</time></trkpt>
			<trkpt lat="47.385680" lon="-1.191570"><ele>15</ele><time>2026-03-01T08:12:36Z</time></trkpt>
			<trkpt lat="47.385800" lon="-1.191620"><ele>15</ele><time>2026-03-01T08:12:48Z</time></trkpt>
			<trkpt lat="47.386200" lon="-1.191650"><ele>15</ele><time>2026-03-01T08:13:00Z</time></trkpt>
			<trkpt lat="47.386330" lon="-1.191660"><ele>14</ele><time>2026-03-01T08:13:12Z</time></trkpt>
			<trkpt lat="47.386520" lon="-1.191660"><ele>14</ele><time>2026-03-01T08:13:24Z</time></trkpt>
			<trkpt lat="47.386580" lon="-1.191680"><ele>14</ele><time>2026-03-01T08:13:36Z</time></trkpt>
			<trkpt lat="47.387240" lon="-1.192140"><ele>12</ele><time>2026-03-01T08:13:48Z</time></trkpt>
			<trkpt lat="47.387260" lon="-1.192110"><ele>12</ele><time>2026-03-01T08:14:00Z</time></trkpt>
			<trkpt lat="47.387280" lon="-1.192080"><ele>12</ele><time>2026-03-01T08:14:12Z</time></trkpt>
			<trkpt lat="47.387330" lon="-1.192060"><ele>12</ele><time>2026-03-01T08:14:24Z</time></trkpt>
			<trkpt lat="47.387360" lon="-1.192060"><ele>12</ele><time>2026-03-01T08:14:36Z</time></trkpt>
			<trkpt lat="47.387380" lon="-1.192080"><ele>12</ele><time>2026-03-01T08:14:48Z</time></trkpt>
			<trkpt lat="47.387410" lon="-1.192110"><ele>12</ele><time>2026-03-01T08:15:00Z</time></trkpt>
			<trkpt lat="47.387420" lon="-1.192150"><ele>12</ele><time>2026-03-01T08:15:12Z</time></trkpt>
			<trkpt lat="47.387640" lon="-1.191970"><ele>12</ele><time>2026-03-01T08:15:24Z</time></trkpt>
			<trkpt lat="47.387780" lon="-1.191840"><ele>12</ele><time>2026-03-01T08:15:36Z</time></trkpt>
			<trkpt lat="47.388060" lon="-1.191510"><ele>12</ele><time>2026-03-01T08:15:48Z</time></trkpt>
			<trkpt lat="47.388600" lon="-1.191030"><ele>13</ele><time>2026-03-01T08:16:00Z</time></trkpt>
			<trkpt lat="47.388630" lon="-1.191200"><ele>13</ele><time>2026-03-01T08:16:12Z</time></trkpt>
			<trkpt lat="47.388730" lon="-1.191800"><ele>12</ele><time>2026-03-01T08:16:24Z</time></trkpt>
			<trkpt lat="47.388740" lon="-1.191870"><ele>12</ele><time>2026-03-01T08:16:36Z</time></trkpt>
			<trkpt lat="47.388750" lon="-1.191980"><ele>12</ele><time>2026-03-01T08:16:48Z</time></trkpt>
			<trkpt lat="47.388750" lon="-1.192160"><ele>12</ele><time>2026-03-01T08:17:00Z</time></trkpt>
			<trkpt lat="47.388750" lon="-1.192250"><ele>12</ele><time>2026-03-01T08:17:12Z</time></trkpt>
			<trkpt lat="47.388730" lon="-1.192350"><ele>12</ele><time>2026-03-01T08:17:24Z</time></trkpt>
			<trkpt lat="47.388720" lon="-1.192410"><ele>12</ele><time>2026-03-01T08:17:36Z</time></trkpt>
			<trkpt lat="47.388670" lon="-1.192520"><ele>13</ele><time>2026-03-01T08:17:48Z</time></trkpt>
			<trkpt lat="47.388460" lon="-1.192900"><ele>13</ele><time>2026-03-01T08:18:00Z</time></trkpt>
			<trkpt lat="47.388390" lon="-1.193040"><ele>14</ele><time>2026-03-01T08:18:12Z</time></trkpt>
			<trkpt lat="47.388350" lon="-1.193150"><ele>14</ele><time>2026-03-01T08:18:24Z</time></trkpt>
			<trkpt lat="47.388320" lon="-1.193400"><ele>14</ele><time>2026-03-01T08:18:36Z</time></trkpt>
			<trkpt lat="47.388270" lon="-1.194780"><ele>15</ele><time>2026-03-01T08:18:48Z</time></trkpt>
			<trkpt lat="47.388360" lon="-1.194790"><ele>15</ele><time>2026-03-01T08:19:00Z</time></trkpt>
			<trkpt lat="47.388960" lon="-1.195060"><ele>17</ele><time>2026-03-01T08:19:12Z</time></trkpt>
			<trkpt lat="47.389090" lon="-1.195110"><ele>17</ele><time>2026-03-01T08:19:24Z</time></trkpt>
			<trkpt lat="47.389210" lon="-1.195130"><ele>17</ele><time>2026-03-01T08:19:36Z</time></trkpt>
			<trkpt lat="47.389370" lon="-1.195140"><ele>18</ele><time>2026-03-01T08:19:48Z</time></trkpt>
			<trkpt lat="47.389670" lon="-1.195170"><ele>18</ele><time>2026-03-01T08:20:00Z</time></trkpt>
			<trkpt lat="47.389860" lon="-1.195240"><ele>18</ele><time>2026-03-01T08:20:12Z</time></trkpt>
			<trkpt lat="47.390320" lon="-1.195440"><ele>18</ele><time>2026-03-01T08:20:24Z</time></trkpt>
			<trkpt lat="47.391340" lon="-1.195920"><ele>19</ele><time>2026-03-01T08:20:36Z</time></trkpt>
			<trkpt lat="47.391620" lon="-1.196030"><ele>19</ele><time>2026-03-01T08:20:48Z</time></trkpt>
			<trkpt lat="47.391840" lon="-1.196060"><ele>19</ele><time>2026-03-01T08:21:00Z</time></trkpt>
			<trkpt lat="47.392150" lon="-1.196060"><ele>18</ele><time>2026-03-01T08:21:12Z</time></trkpt>
			<trkpt lat="47.392330" lon="-1.196080"><ele>17</ele><time>2026-03-01T08:21:24Z</time></trkpt>
			<trkpt lat="47.392530" lon="-1.196160"><ele>17</ele><time>2026-03-01T08:21:36Z</time></trkpt>
			<trkpt lat="47.392630" lon="-1.196210"><ele>17</ele><time>2026-03-01T08:21:48Z</time></trkpt>
			<trkpt lat="47.392740" lon="-1.196290"><ele>16</ele><time>2026-03-01T08:22:00Z</time></trkpt>
			<trkpt lat="47.392880" lon="-1.196420"><ele>16</ele><time>2026-03-01T08:22:12Z</time></trkpt>
			<trkpt lat="47.393020" lon="-1.196560"><ele>16</ele><time>2026-03-01T08:22:24Z</time></trkpt>
			<trkpt lat="47.393100" lon="-1.196660"><ele>16</ele><time>2026-03-01T08:22:36Z</time></trkpt>
			<trkpt lat="47.393150" lon="-1.196750"><ele>16</ele><time>2026-03-01T08:22:48Z</time></trkpt>
			<trkpt lat="47.393190" lon="-1.196890"><ele>16</ele><time>2026-03-01T08:23:00Z</time></trkpt>
			<trkpt lat="47.393220" lon="-1.197030"><ele>16</ele><time>2026-03-01T08:23:12Z</time></trkpt>
			<trkpt lat="47.393230" lon="-1.197210"><ele>17</ele><time>2026-03-01T08:23:24Z</time></trkpt>
			<trkpt lat="47.393240" lon="-1.197470"><ele>17</ele><time>2026-03-01T08:23:36Z</time></trkpt>
			<trkpt lat="47.393240" lon="-1.197920"><ele>19</ele><time>2026-03-01T08:23:48Z</time></trkpt>
			<trkpt lat="47.393250" lon="-1.198150"><ele>19</ele><time>2026-03-01T08:24:00Z</time></trkpt>
			<trkpt lat="47.393270" lon="-1.198290"><ele>20</ele><time>2026-03-01T08:24:12Z</time></trkpt>
			<trkpt lat="47.393300" lon="-1.198380"><ele>20</ele><time>2026-03-01T08:24:24Z</time></trkpt>
			<trkpt lat="47.393370" lon="-1.198510"><ele>20</ele><time>2026-03-01T08:24:36Z</time></trkpt>
			<trkpt lat="47.393510" lon="-1.198690"><ele>21</ele><time>2026-03-01T08:24:48Z</time></trkpt>
			<trkpt lat="47.394080" lon="-1.199360"><ele>22</ele><time>2026-03-01T08:25:00Z</time></trkpt>
			<trkpt lat="47.394330" lon="-1.199660"><ele>22</ele><time>2026-03-01T08:25:12Z</time></trkpt>
			<trkpt lat="47.394480" lon="-1.199870"><ele>22</ele><time>2026-03-01T08:25:24Z</time></trkpt>
			<trkpt lat="47.394650" lon="-1.200160"><ele>22</ele><time>2026-03-01T08:25:36Z</time></trkpt>
			<trkpt lat="47.394940" lon="-1.200760"><ele>23</ele><time>2026-03-01T08:25:48Z</time></trkpt>
			<trkpt lat="47.395130" lon="-1.201030"><ele>23</ele><time>2026-03-01T08:26:00Z</time></trkpt>
			<trkpt lat="47.395840" lon="-1.201830"><ele>22</ele><time>2026-03-01T08:26:12Z</time></trkpt>
			<trkpt lat="47.396050" lon="-1.202040"><ele>23</ele><time>2026-03-01T08:26:24Z</time></trkpt>
			<trkpt lat="47.396370" lon="-1.202430"><ele>24</ele><time>2026-03-01T08:26:36Z</time></trkpt>
			<trkpt lat="47.396450" lon="-1.202510"><ele>24</ele><time>2026-03-01T08:26:48Z</time></trkpt>
			<trkpt lat="47.396590" lon="-1.202600"><ele>24</ele><time>2026-03-01T08:27:00Z</time></trkpt>
			<trkpt lat="47.396920" lon="-1.202730"><ele>23</ele><time>2026-03-01T08:27:12Z</time></trkpt>
			<trkpt lat="47.397300" lon="-1.202980"><ele>22</ele><time>2026-03-01T08:27:24Z</time></trkpt>
			<trkpt lat="47.397690" lon="-1.203190"><ele>21</ele><time>2026-03-01T08:27:36Z</time></trkpt>
			<trkpt lat="47.397800" lon="-1.203280"><ele>21</ele><time>2026-03-01T08:27:48Z</time></trkpt>
			<trkpt lat="47.397880" lon="-1.203370"><ele>21</ele><time>2026-03-01T08:28:00Z</time></trkpt>
			<trkpt lat="47.398030" lon="-1.203620"><ele>20</ele><time>2026-03-01T08:28:12Z</time></trkpt>
			<trkpt lat="47.398070" lon="-1.203660"><ele>20</ele><time>2026-03-01T08:28:24Z</time></trkpt>
			<trkpt lat="47.398110" lon="-1.203680"><ele>20</ele><time>2026-03-01T08:28:36Z</time></trkpt>
			<trkpt lat="47.398140" lon="-1.203670"><ele>20</ele><time>2026-03-01T08:28:48Z</time></trkpt>
			<trkpt lat="47.398160" lon="-1.203610"><ele>20</ele><time>2026-03-01T08:29:00Z</time></trkpt>
			<trkpt lat="47.398230" lon="-1.203320"><ele>19</ele><time>2026-03-01T08:29:12Z</time></trkpt>
			<trkpt lat="47.398420" lon="-1.202540"><ele>18</ele><time>2026-03-01T08:29:24Z</time></trkpt>
			<trkpt lat="47.398660" lon="-1.202670"><ele>18</ele><time>2026-03-01T08:29:36Z</time></trkpt>
			<trkpt lat="47.398980" lon="-1.202850"><ele>18</ele><time>2026-03-01T08:29:48Z</time></trkpt>
			<trkpt lat="47.399110" lon="-1.202910"><ele>18</ele><time>2026-03-01T08:30:00Z</time></trkpt>
			<trkpt lat="47.399160" lon="-1.202960"><ele>19</ele><time>2026-03-01T08:30:12Z</time></trkpt>
			<trkpt lat="47.399200" lon="-1.203000"><ele>19</ele><time>2026-03-01T08:30:24Z</time></trkpt>
			<trkpt lat="47.399240" lon="-1.203060"><ele>19</ele><time>2026-03-01T08:30:36Z</time></trkpt>
			<trkpt lat="47.399520" lon="-1.203670"><ele>19</ele><time>2026-03-01T08:30:48Z</time></trkpt>
			<trkpt lat="47.399650" lon="-1.203990"><ele>19</ele><time>2026-03-01T08:31:00Z</time></trkpt>
			<trkpt lat="47.399690" lon="-1.204100"><ele>18</ele><time>2026-03-01T08:31:12Z</time></trkpt>
			<trkpt lat="47.399730" lon="-1.204170"><ele>18</ele><time>2026-03-01T08:31:24Z</time></trkpt>
			<trkpt lat="47.399790" lon="-1.204230"><ele>18</ele><time>2026-03-01T08:31:36Z</time></trkpt>
			<trkpt lat="47.400150" lon="-1.204390"><ele>18</ele><time>2026-03-01T08:31:48Z</time></trkpt>
			<trkpt lat="47.400190" lon="-1.204110"><ele>18</ele><time>2026-03-01T08:32:00Z</time></trkpt>
			<trkpt lat="47.400490" lon="-1.202380"><ele>21</ele><time>2026-03-01T08:32:12Z</time></trkpt>
			<trkpt lat="47.400630" lon="-1.201640"><ele>24</ele><time>2026-03-01T08:32:24Z</time></trkpt>
			<trkpt lat="47.400700" lon="-1.201450"><ele>24</ele><time>2026-03-01T08:32:36Z</time></trkpt>
			<trkpt lat="47.400880" lon="-1.201140"><ele>25</ele><time>2026-03-01T08:32:48Z</time></trkpt>
			<trkpt lat="47.400970" lon="-1.201000"><ele>26</ele><time>2026-03-01T08:33:00Z</time></trkpt>
			<trkpt lat="47.401100" lon="-1.200780"><ele>26</ele><time>2026-03-01T08:33:12Z</time></trkpt>
			<trkpt lat="47.401400" lon="-1.200140"><ele>28</ele><time>2026-03-01T08:33:24Z</time></trkpt>
			<trkpt lat="47.401440" lon="-1.200070"><ele>28</ele><time>2026-03-01T08:33:36Z</time></trkpt>
			<trkpt lat="47.401500" lon="-1.199980"><ele>28</ele><time>2026-03-01T08:33:48Z</time></trkpt>
			<trkpt lat="47.401560" lon="-1.199920"><ele>29</ele><time>2026-03-01T08:34:00Z</time></trkpt>
			<trkpt lat="47.401630" lon="-1.199840"><ele>29</ele><time>2026-03-01T08:34:12Z</time></trkpt>
			<trkpt lat="47.401710" lon="-1.199970"><ele>29</ele><time>2026-03-01T08:34:24Z</time></trkpt>
			<trkpt lat="47.402500" lon="-1.200720"><ele>26</ele><time>2026-03-01T08:34:36Z</time></trkpt>
			<trkpt lat="47.402700" lon="-1.200880"><ele>26</ele><time>2026-03-01T08:34:48Z</time></trkpt>
			<trkpt lat="47.403390" lon="-1.201150"><ele>25</ele><time>2026-03-01T08:35:00Z</time></trkpt>
			<trkpt lat="47.403830" lon="-1.201360"><ele>25</ele><time>2026-03-01T08:35:12Z</time></trkpt>
			<trkpt lat="47.403960" lon="-1.201450"><ele>24</ele><time>2026-03-01T08:35:24Z</time></trkpt>
			<trkpt lat="47.405370" lon="-1.203320"><ele>24</ele><time>2026-03-01T08:35:36Z</time></trkpt>
			<trkpt lat="47.405830" lon="-1.203780"><ele>24</ele><time>2026-03-01T08:35:48Z</time></trkpt>
			<trkpt lat="47.407220" lon="-1.205100"><ele>24</ele><time>2026-03-01T08:36:00Z</time></trkpt>
			<trkpt lat="47.407340" lon="-1.205180"><ele>24</ele><time>2026-03-01T08:36:12Z</time></trkpt>
			<trkpt lat="47.407800" lon="-1.205360"><ele>25</ele><time>2026-03-01T08:36:24Z</time></trkpt>
			<trkpt lat="47.408040" lon="-1.205440"><ele>25</ele><time>2026-03-01T08:36:36Z</time></trkpt>
			<trkpt lat="47.408130" lon="-1.205450"><ele>25</ele><time>2026-03-01T08:36:48Z</time></trkpt>
			<trkpt lat="47.408170" lon="-1.205330"><ele>25</ele><time>2026-03-01T08:37:00Z</time></trkpt>
			<trkpt lat="47.408730" lon="-1.203770"><ele>28</ele><time>2026-03-01T08:37:12Z</time></trkpt>
			<trkpt lat="47.408820" lon="-1.203500"><ele>29</ele><time>2026-03-01T08:37:24Z</time></trkpt>
			<trkpt lat="47.409360" lon="-1.202020"><ele>30</ele><time>2026-03-01T08:37:36Z</time></trkpt>
			<trkpt lat="47.409610" lon="-1.201330"><ele>31</ele><time>2026-03-01T08:37:48Z</time></trkpt>
			<trkpt lat="47.409910" lon="-1.200490"><ele>32</ele><time>2026-03-01T08:38:00Z</time></trkpt>
			<trkpt lat="47.410310" lon="-1.199330"><ele>34</ele><time>2026-03-01T08:38:12Z</time></trkpt>
			<trkpt lat="47.410330" lon="-1.199270"><ele>34</ele><time>2026-03-01T08:38:24Z</time></trkpt>
			<trkpt lat="47.410340" lon="-1.199210"><ele>34</ele><time>2026-03-01T08:38:36Z</time></trkpt>
			<trkpt lat="47.410900" lon="-1.197780"><ele>34</ele><time>2026-03-01T08:38:48Z</time></trkpt>
			<trkpt lat="47.410960" lon="-1.197570"><ele>34</ele><time>2026-03-01T08:39:00Z</time></trkpt>
			<trkpt lat="47.410990" lon="-1.197380"><ele>34</ele><time>2026-03-01T08:39:12Z</time></trkpt>
			<trkpt lat="47.410990" lon="-1.197280"><ele>34</ele><time>2026-03-01T08:39:24Z</time></trkpt>
			<trkpt lat="47.410980" lon="-1.197140"><ele>34</ele><time>2026-03-01T08:39:36Z</time></trkpt>
			<trkpt lat="47.410710" lon="-1.194060"><ele>37</ele><time>2026-03-01T08:39:48Z</time></trkpt>
			<trkpt lat="47.410750" lon="-1.194040"><ele>37</ele><time>2026-03-01T08:40:00Z</time></trkpt>
			<trkpt lat="47.410820" lon="-1.194050"><ele>37</ele><time>2026-03-01T08:40:12Z</time></trkpt>
			<trkpt lat="47.410930" lon="-1.194130"><ele>37</ele><time>2026-03-01T08:40:24Z</time></trkpt>
			<trkpt lat="47.411300" lon="-1.194550"><ele>38</ele><time>2026-03-01T08:40:36Z</time></trkpt>
			<trkpt lat="47.411520" lon="-1.194850"><ele>37</ele><time>2026-03-01T08:40:48Z</time></trkpt>
			<trkpt lat="47.411760" lon="-1.195120"><ele>37</ele><time>2026-03-01T08:41:00Z</time></trkpt>
			<trkpt lat="47.412540" lon="-1.195890"><ele>36</ele><time>2026-03-01T08:41:12Z</time></trkpt>
			<trkpt lat="47.412720" lon="-1.196040"><ele>36</ele><time>2026-03-01T08:41:24Z</time></trkpt>
			<trkpt lat="47.412850" lon="-1.196120"><ele>35</ele><time>2026-03-01T08:41:36Z</time></trkpt>
			<trkpt lat="47.413000" lon="-1.196130"><ele>35</ele><time>2026-03-01T08:41:48Z</time></trkpt>
			<trkpt lat="47.413780" lon="-1.196080"><ele>36</ele><time>2026-03-01T08:42:00Z</time></trkpt>
			<trkpt lat="47.413940" lon="-1.196100"><ele>37</ele><time>2026-03-01T08:42:12Z</time></trkpt>
			<trkpt lat="47.415020" lon="-1.196350"><ele>39</ele><time>2026-03-01T08:42:24Z</time></trkpt>
			<trkpt lat="47.417670" lon="-1.196990"><ele>44</ele><time>2026-03-01T08:42:36Z</time></trkpt>
			<trkpt lat="47.417930" lon="-1.197050"><ele>44</ele><time>2026-03-01T08:42:48Z</time></trkpt>
			<trkpt lat="47.418970" lon="-1.197300"><ele>44</ele><time>2026-03-01T08:43:00Z</time></trkpt>
			<trkpt lat="47.419920" lon="-1.197520"><ele>43</ele><time>2026-03-01T08:43:12Z</time></trkpt>
			<trkpt lat="47.420670" lon="-1.197730"><ele>44</ele><time>2026-03-01T08:43:24Z</time></trkpt>
			<trkpt lat="47.422600" lon="-1.198210"><ele>43</ele><time>2026-03-01T08:43:36Z</time></trkpt>
			<trkpt lat="47.422930" lon="-1.198310"><ele>43</ele><time>2026-03-01T08:43:48Z</time></trkpt>
			<trkpt lat="47.423250" lon="-1.198470"><ele>42</ele><time>2026-03-01T08:44:00Z</time></trkpt>
			<trkpt lat="47.423630" lon="-1.198670"><ele>42</ele><time>2026-03-01T08:44:12Z</time></trkpt>
			<trkpt lat="47.423940" lon="-1.198890"><ele>43</ele><time>2026-03-01T08:44:24Z</time></trkpt>
			<trkpt lat="47.424550" lon="-1.199360"><ele>43</ele><time>2026-03-01T08:44:36Z</time></trkpt>
			<trkpt lat="47.425440" lon="-1.200100"><ele>43</ele><time>2026-03-01T08:44:48Z</time></trkpt>
			<trkpt lat="47.426290" lon="-1.200760"><ele>45</ele><time>2026-03-01T08:45:00Z</time></trkpt>
			<trkpt lat="47.426530" lon="-1.200900"><ele>46</ele><time>2026-03-01T08:45:12Z</time></trkpt>
			<trkpt lat="47.426570" lon="-1.200920"><ele>46</ele><time>2026-03-01T08:45:24Z</time></trkpt>
			<trkpt lat="47.428210" lon="-1.201940"><ele>48</ele><time>2026-03-01T08:45:36Z</time></trkpt>
			<trkpt lat="47.429460" lon="-1.202680"><ele>51</ele><time>2026-03-01T08:45:48Z</time></trkpt>
			<trkpt lat="47.429590" lon="-1.202710"><ele>52</ele><time>2026-03-01T08:46:00Z</time></trkpt>
			<trkpt lat="47.429700" lon="-1.202680"><ele>51</ele><time>2026-03-01T08:46:12Z</time></trkpt>
			<trkpt lat="47.429810" lon="-1.202610"><ele>51</ele><time>2026-03-01T08:46:24Z</time></trkpt>
			<trkpt lat="47.430340" lon="-1.202100"><ele>50</ele><time>2026-03-01T08:46:36Z</time></trkpt>
			<trkpt lat="47.430460" lon="-1.202020"><ele>50</ele><time>2026-03-01T08:46:48Z</time></trkpt>
			<trkpt lat="47.430980" lon="-1.201790"><ele>50</ele><time>2026-03-01T08:47:00Z</time></trkpt>
			<trkpt lat="47.431120" lon="-1.201760"><ele>51</ele><time>2026-03-01T08:47:12Z</time></trkpt>
			<trkpt lat="47.431260" lon="-1.201810"><ele>51</ele><time>2026-03-01T08:47:24Z</time></trkpt>
			<trkpt lat="47.431610" lon="-1.202030"><ele>52</ele><time>2026-03-01T08:47:36Z</time></trkpt>
			<trkpt lat="47.433540" lon="-1.202460"><ele>51</ele><time>2026-03-01T08:47:48Z</time></trkpt>
			<trkpt lat="47.433850" lon="-1.202540"><ele>52</ele><time>2026-03-01T08:48:00Z</time></trkpt>
			<trkpt lat="47.434350" lon="-1.202720"><ele>52</ele><time>2026-03-01T08:48:12Z</time></trkpt>
			<trkpt lat="47.434420" lon="-1.202720"><ele>52</ele><time>2026-03-01T08:48:24Z</time></trkpt>
			<trkpt lat="47.434400" lon="-1.202950"><ele>52</ele><time>2026-03-01T08:48:36Z</time></trkpt>
			<trkpt lat="47.434630" lon="-1.203070"><ele>52</ele><time>2026-03-01T08:48:48Z</time></trkpt>
			<trkpt lat="47.435440" lon="-1.203570"><ele>51</ele><time>2026-03-01T08:49:00Z</time></trkpt>
			<trkpt lat="47.435630" lon="-1.203650"><ele>51</ele><time>2026-03-01T08:49:12Z</time></trkpt>
			<trkpt lat="47.437910" lon="-1.203940"><ele>46</ele><time>2026-03-01T08:49:24Z</time></trkpt>
			<trkpt lat="47.438080" lon="-1.204000"><ele>46</ele><time>2026-03-01T08:49:36Z</time></trkpt>
			<trkpt lat="47.438260" lon="-1.204080"><ele>45</ele><time>2026-03-01T08:49:48Z</time></trkpt>
			<trkpt lat="47.438930" lon="-1.204540"><ele>44</ele><time>2026-03-01T08:50:00Z</time></trkpt>
			<trkpt lat="47.440710" lon="-1.205680"><ele>44</ele><time>2026-03-01T08:50:12Z</time></trkpt>
			<trkpt lat="47.440920" lon="-1.205770"><ele>44</ele><time>2026-03-01T08:50:24Z</time></trkpt>
			<trkpt lat="47.442500" lon="-1.205960"><ele>44</ele><time>2026-03-01T08:50:36Z</time></trkpt>
			<trkpt lat="47.442860" lon="-1.205930"><ele>44</ele><time>2026-03-01T08:50:48Z</time></trkpt>
			<trkpt lat="47.444270" lon="-1.205610"><ele>46</ele><time>2026-03-01T08:51:00Z</time></trkpt>
			<trkpt lat="47.445330" lon="-1.205350"><ele>48</ele><time>2026-03-01T08:51:12Z</time></trkpt>
			<trkpt lat="47.445550" lon="-1.205330"><ele>48</ele><time>2026-03-01T08:51:24Z</time></trkpt>
			<trkpt lat="47.445710" lon="-1.205360"><ele>48</ele><time>2026-03-01T08:51:36Z</time></trkpt>
			<trkpt lat="47.445900" lon="-1.205410"><ele>49</ele><time>2026-03-01T08:51:48Z</time></trkpt>
			<trkpt lat="47.446380" lon="-1.205590"><ele>50</ele><time>2026-03-01T08:52:00Z</time></trkpt>
			<trkpt lat="47.447480" lon="-1.205480"><ele>53</ele><time>2026-03-01T08:52:12Z</time></trkpt>
			<trkpt lat="47.447880" lon="-1.205450"><ele>54</ele><time>2026-03-01T08:52:24Z</time></trkpt>
			<trkpt lat="47.448010" lon="-1.205480"><ele>55</ele><time>2026-03-01T08:52:36Z</time></trkpt>
			<trkpt lat="47.449910" lon="-1.206090"><ele>61</ele><time>2026-03-01T08:52:48Z</time></trkpt>
			<trkpt lat="47.450660" lon="-1.206330"><ele>63</ele><time>2026-03-01T08:53:00Z</time></trkpt>
			<trkpt lat="47.451720" lon="-1.206460"><ele>64</ele><time>2026-03-01T08:53:12Z</time></trkpt>
			<trkpt lat="47.451840" lon="-1.206450"><ele>64</ele><time>2026-03-01T08:53:24Z</time></trkpt>
			<trkpt lat="47.451980" lon="-1.206410"><ele>65</ele><time>2026-03-01T08:53:36Z</time></trkpt>
			<trkpt lat="47.452200" lon="-1.206280"><ele>65</ele><time>2026-03-01T08:53:48Z</time></trkpt>
			<trkpt lat="47.452860" lon="-1.205830"><ele>65</ele><time>2026-03-01T08:54:00Z</time></trkpt>
			<trkpt lat="47.454020" lon="-1.205260"><ele>67</ele><time>2026-03-01T08:54:12Z</time></trkpt>
			<trkpt lat="47.454150" lon="-1.205220"><ele>67</ele><time>2026-03-01T08:54:24Z</time></trkpt>
			<trkpt lat="47.454290" lon="-1.205270"><ele>67</ele><time>2026-03-01T08:54:36Z</time></trkpt>
			<trkpt lat="47.454820" lon="-1.205610"><ele>67</ele><time>2026-03-01T08:54:48Z</time></trkpt>
			<trkpt lat="47.454930" lon="-1.205710"><ele>68</ele><time>2026-03-01T08:55:00Z</time></trkpt>
			<trkpt lat="47.455250" lon="-1.205980"><ele>69</ele><time>2026-03-01T08:55:12Z</time></trkpt>
			<trkpt lat="47.455710" lon="-1.206460"><ele>69</ele><time>2026-03-01T08:55:24Z</time></trkpt>
			<trkpt lat="47.455730" lon="-1.206500"><ele>69</ele><time>2026-03-01T08:55:36Z</time></trkpt>
			<trkpt lat="47.456130" lon="-1.206230"><ele>70</ele><time>2026-03-01T08:55:48Z</time></trkpt>
			<trkpt lat="47.456500" lon="-1.205970"><ele>71</ele><time>2026-03-01T08:56:00Z</time></trkpt>
			<trkpt lat="47.456700" lon="-1.205780"><ele>71</ele><time>2026-03-01T08:56:12Z</time></trkpt>
			<trkpt lat="47.456930" lon="-1.205450"><ele>70</ele><time>2026-03-01T08:56:24Z</time></trkpt>
			<trkpt lat="47.457000" lon="-1.205300"><ele>70</ele><time>2026-03-01T08:56:36Z</time></trkpt>
			<trkpt lat="47.457050" lon="-1.205300"><ele>70</ele><time>2026-03-01T08:56:48Z</time></trkpt>
			<trkpt lat="47.457390" lon="-1.205200"><ele>70</ele><time>2026-03-01T08:57:00Z</time></trkpt>
			<trkpt lat="47.459460" lon="-1.204470"><ele>67</ele><time>2026-03-01T08:57:12Z</time></trkpt>
			<trkpt lat="47.461510" lon="-1.203710"><ele>62</ele><time>2026-03-01T08:57:24Z</time></trkpt>
			<trkpt lat="47.461600" lon="-1.203660"><ele>62</ele><time>2026-03-01T08:57:36Z</time></trkpt>
			<trkpt lat="47.461680" lon="-1.203610"><ele>62</ele><time>2026-03-01T08:57:48Z</time></trkpt>
			<trkpt lat="47.463590" lon="-1.202170"><ele>59</ele><time>2026-03-01T08:58:00Z</time></trkpt>
			<trkpt lat="47.463720" lon="-1.202110"><ele>59</ele><time>2026-03-01T08:58:12Z</time></trkpt>
			<trkpt lat="47.463830" lon="-1.202090"><ele>59</ele><time>2026-03-01T08:58:24Z</time></trkpt>
			<trkpt lat="47.463910" lon="-1.202090"><ele>59</ele><time>2026-03-01T08:58:36Z</time></trkpt>
			<trkpt lat="47.464000" lon="-1.202110"><ele>59</ele><time>2026-03-01T08:58:48Z</time></trkpt>
			<trkpt lat="47.464410" lon="-1.202290"><ele>59</ele><time>2026-03-01T08:59:00Z</time></trkpt>
			<trkpt lat="47.468680" lon="-1.202660"><ele>52</ele><time>2026-03-01T08:59:12Z</time></trkpt>
			<trkpt lat="47.468720" lon="-1.202630"><ele>52</ele><time>2026-03-01T08:59:24Z</time></trkpt>
			<trkpt lat="47.468780" lon="-1.203320"><ele>53</ele><time>2026-03-01T08:59:36Z</time></trkpt>
			<trkpt lat="47.468940" lon="-1.205860"><ele>49</ele><time>2026-03-01T08:59:48Z</time></trkpt>
			<trkpt lat="47.469270" lon="-1.211090"><ele>47</ele><time>2026-03-01T09:00:00Z</time></trkpt>
			<trkpt lat="47.469310" lon="-1.211660"><ele>47</ele><time>2026-03-01T09:00:12Z</time></trkpt>
			<trkpt lat="47.469370" lon="-1.212590"><ele>46</ele><time>2026-03-01T09:00:24Z</time></trkpt>
			<trkpt lat="47.469410" lon="-1.213250"><ele>47</ele><time>2026-03-01T09:00:36Z</time></trkpt>
			<trkpt lat="47.469440" lon="-1.213450"><ele>47</ele><time>2026-03-01T09:00:48Z</time></trkpt>
			<trkpt lat="47.469480" lon="-1.213650"><ele>47</ele><time>2026-03-01T09:01:00Z</time></trkpt>
			<trkpt lat="47.469530" lon="-1.213860"><ele>47</ele><time>2026-03-01T09:01:12Z</time></trkpt>
			<trkpt lat="47.471800" lon="-1.221160"><ele>46</ele><time>2026-03-01T09:01:24Z</time></trkpt>
			<trkpt lat="47.471880" lon="-1.221350"><ele>46</ele><time>2026-03-01T09:01:36Z</time></trkpt>
			<trkpt lat="47.471970" lon="-1.221510"><ele>46</ele><time>2026-03-01T09:01:48Z</time></trkpt>
			<trkpt lat="47.472060" lon="-1.221650"><ele>46</ele><time>2026-03-01T09:02:00Z</time></trkpt>
			<trkpt lat="47.474390" lon="-1.224940"><ele>44</ele><time>2026-03-01T09:02:12Z</time></trkpt>
			<trkpt lat="47.474500" lon="-1.225090"><ele>44</ele><time>2026-03-01T09:02:24Z</time></trkpt>
			<trkpt lat="47.474590" lon="-1.225180"><ele>44</ele><time>2026-03-01T09:02:36Z</time></trkpt>
			<trkpt lat="47.474860" lon="-1.225440"><ele>44</ele><time>2026-03-01T09:02:48Z</time></trkpt>
			<trkpt lat="47.475180" lon="-1.225790"><ele>44</ele><time>2026-03-01T09:03:00Z</time></trkpt>
			<trkpt lat="47.475300" lon="-1.225960"><ele>45</ele><time>2026-03-01T09:03:12Z</time></trkpt>
			<trkpt lat="47.475630" lon="-1.226460"><ele>46</ele><time>2026-03-01T09:03:24Z</time></trkpt>
			<trkpt lat="47.475870" lon="-1.226900"><ele>46</ele><time>2026-03-01T09:03:36Z</time></trkpt>
			<trkpt lat="47.476020" lon="-1.227240"><ele>46</ele><time>2026-03-01T09:03:48Z</time></trkpt>
			<trkpt lat="47.477340" lon="-1.230540"><ele>46</ele><time>2026-03-01T09:04:00Z</time></trkpt>
			<trkpt lat="47.478470" lon="-1.233370"><ele>45</ele><time>2026-03-01T09:04:12Z</time></trkpt>
			<trkpt lat="47.479070" lon="-1.234880"><ele>44</ele><time>2026-03-01T09:04:24Z</time></trkpt>
			<trkpt lat="47.479210" lon="-1.235190"><ele>44</ele><time>2026-03-01T09:04:36Z</time></trkpt>
			<trkpt lat="47.479270" lon="-1.235330"><ele>44</ele><time>2026-03-01T09:04:48Z</time></trkpt>
			<trkpt lat="47.479440" lon="-1.235610"><ele>44</ele><time>2026-03-01T09:05:00Z</time></trkpt>
			<trkpt lat="47.479520" lon="-1.235750"><ele>44</ele><time>2026-03-01T09:05:12Z</time></trkpt>
			<trkpt lat="47.479720" lon="-1.235980"><ele>43</ele><time>2026-03-01T09:05:24Z</time></trkpt>
			<trkpt lat="47.479820" lon="-1.236090"><ele>43</ele><time>2026-03-01T09:05:36Z</time></trkpt>
			<trkpt lat="47.480060" lon="-1.236290"><ele>42</ele><time>2026-03-01T09:05:48Z</time></trkpt>
			<trkpt lat="47.480930" lon="-1.236920"><ele>42</ele><time>2026-03-01T09:06:00Z</time></trkpt>
			<trkpt lat="47.481070" lon="-1.237000"><ele>42</ele><time>2026-03-01T09:06:12Z</time></trkpt>
			<trkpt lat="47.481260" lon="-1.237070"><ele>41</ele><time>2026-03-01T09:06:24Z</time></trkpt>
			<trkpt lat="47.483210" lon="-1.237410"><ele>33</ele><time>2026-03-01T09:06:36Z</time></trkpt>
			<trkpt lat="47.483430" lon="-1.237480"><ele>32</ele><time>2026-03-01T09:06:48Z</time></trkpt>
			<trkpt lat="47.483630" lon="-1.237560"><ele>31</ele><time>2026-03-01T09:07:00Z</time></trkpt>
			<trkpt lat="47.483950" lon="-1.237730"><ele>30</ele><time>2026-03-01T09:07:12Z</time></trkpt>
			<trkpt lat="47.484140" lon="-1.237840"><ele>30</ele><time>2026-03-01T09:07:24Z</time></trkpt>
			<trkpt lat="47.484380" lon="-1.238010"><ele>30</ele><time>2026-03-01T09:07:36Z</time></trkpt>
			<trkpt lat="47.484470" lon="-1.238110"><ele>30</ele><time>2026-03-01T09:07:48Z</time></trkpt>
			<trkpt lat="47.484610" lon="-1.238240"><ele>31</ele><time>2026-03-01T09:08:00Z</time></trkpt>
			<trkpt lat="47.484960" lon="-1.238570"><ele>32</ele><time>2026-03-01T09:08:12Z</time></trkpt>
			<trkpt lat="47.485070" lon="-1.238690"><ele>32</ele><time>2026-03-01T09:08:24Z</time></trkpt>
			<trkpt lat="47.485450" lon="-1.239120"><ele>33</ele><time>2026-03-01T09:08:36Z</time></trkpt>
			<trkpt lat="47.485400" lon="-1.239210"><ele>34</ele><time>2026-03-01T09:08:48Z</time></trkpt>
			<trkpt lat="47.485370" lon="-1.239300"><ele>34</ele><time>2026-03-01T09:09:00Z</time></trkpt>
			<trkpt lat="47.485350" lon="-1.239420"><ele>34</ele><time>2026-03-01T09:09:12Z</time></trkpt>
			<trkpt lat="47.485320" lon="-1.239780"><ele>34</ele><time>2026-03-01T09:09:24Z</time></trkpt>
			<trkpt lat="47.485280" lon="-1.239990"><ele>34</ele><time>2026-03-01T09:09:36Z</time></trkpt>
			<trkpt lat="47.486530" lon="-1.240300"><ele>33</ele><time>2026-03-01T09:09:48Z</time></trkpt>
			<trkpt lat="47.487400" lon="-1.240530"><ele>33</ele><time>2026-03-01T09:10:00Z</time></trkpt>
			<trkpt lat="47.488560" lon="-1.240830"><ele>35</ele><time>2026-03-01T09:10:12Z</time></trkpt>
			<trkpt lat="47.489830" lon="-1.241170"><ele>38</ele><time>2026-03-01T09:10:24Z</time></trkpt>
			<trkpt lat="47.491600" lon="-1.241630"><ele>49</ele><time>2026-03-01T09:10:36Z</time></trkpt>
			<trkpt lat="47.492000" lon="-1.241780"><ele>51</ele><time>2026-03-01T09:10:48Z</time></trkpt>
			<trkpt lat="47.492830" lon="-1.242110"><ele>52</ele><time>2026-03-01T09:11:00Z</time></trkpt>
			<trkpt lat="47.493010" lon="-1.242160"><ele>52</ele><time>2026-03-01T09:11:12Z</time></trkpt>
			<trkpt lat="47.493140" lon="-1.242160"><ele>51</ele><time>2026-03-01T09:11:24Z</time></trkpt>
			<trkpt lat="47.493220" lon="-1.242130"><ele>51</ele><time>2026-03-01T09:11:36Z</time></trkpt>
			<trkpt lat="47.493310" lon="-1.242080"><ele>51</ele><time>2026-03-01T09:11:48Z</time></trkpt>
			<trkpt lat="47.493410" lon="-1.241960"><ele>50</ele><time>2026-03-01T09:12:00Z</time></trkpt>
			<trkpt lat="47.493510" lon="-1.241810"><ele>50</ele><time>2026-03-01T09:12:12Z</time></trkpt>
			<trkpt lat="47.494010" lon="-1.240990"><ele>47</ele><time>2026-03-01T09:12:24Z</time></trkpt>
			<trkpt lat="47.494090" lon="-1.240870"><ele>46</ele><time>2026-03-01T09:12:36Z</time></trkpt>
			<trkpt lat="47.494170" lon="-1.240790"><ele>46</ele><time>2026-03-01T09:12:48Z</time></trkpt>
			<trkpt lat="47.494250" lon="-1.240740"><ele>45</ele><time>2026-03-01T09:13:00Z</time></trkpt>
			<trkpt lat="47.494310" lon="-1.240710"><ele>45</ele><time>2026-03-01T09:13:12Z</time></trkpt>
			<trkpt lat="47.494470" lon="-1.240690"><ele>44</ele><time>2026-03-01T09:13:24Z</time></trkpt>
			<trkpt lat="47.494670" lon="-1.240750"><ele>42</ele><time>2026-03-01T09:13:36Z</time></trkpt>
			<trkpt lat="47.496400" lon="-1.241600"><ele>38</ele><time>2026-03-01T09:13:48Z</time></trkpt>
			<trkpt lat="47.497010" lon="-1.241830"><ele>38</ele><time>2026-03-01T09:14:00Z</time></trkpt>
			<trkpt lat="47.497760" lon="-1.242050"><ele>38</ele><time>2026-03-01T09:14:12Z</time></trkpt>
			<trkpt lat="47.500110" lon="-1.242770"><ele>38</ele><time>2026-03-01T09:14:24Z</time></trkpt>
			<trkpt lat="47.502960" lon="-1.243670"><ele>40</ele><time>2026-03-01T09:14:36Z</time></trkpt>
			<trkpt lat="47.504700" lon="-1.244220"><ele>40</ele><time>2026-03-01T09:14:48Z</time></trkpt>
			<trkpt lat="47.506890" lon="-1.244920"><ele>37</ele><time>2026-03-01T09:15:00Z</time></trkpt>
			<trkpt lat="47.507060" lon="-1.244970"><ele>37</ele><time>2026-03-01T09:15:12Z</time></trkpt>
			<trkpt lat="47.508080" lon="-1.245290"><ele>37</ele><time>2026-03-01T09:15:24Z</time></trkpt>
			<trkpt lat="47.508520" lon="-1.245420"><ele>39</ele><time>2026-03-01T09:15:36Z</time></trkpt>
			<trkpt lat="47.508880" lon="-1.245480"><ele>40</ele><time>2026-03-01T09:15:48Z</time></trkpt>
			<trkpt lat="47.509130" lon="-1.245470"><ele>41</ele><time>2026-03-01T09:16:00Z</time></trkpt>
			<trkpt lat="47.509490" lon="-1.245410"><ele>43</ele><time>2026-03-01T09:16:12Z</time></trkpt>
			<trkpt lat="47.509630" lon="-1.245370"><ele>44</ele><time>2026-03-01T09:16:24Z</time></trkpt>
			<trkpt lat="47.509870" lon="-1.245290"><ele>45</ele><time>2026-03-01T09:16:36Z</time></trkpt>
			<trkpt lat="47.511090" lon="-1.244690"><ele>50</ele><time>2026-03-01T09:16:48Z</time></trkpt>
			<trkpt lat="47.512020" lon="-1.244200"><ele>51</ele><time>2026-03-01T09:17:00Z</time></trkpt>
			<trkpt lat="47.513090" lon="-1.243660"><ele>52</ele><time>2026-03-01T09:17:12Z</time></trkpt>
			<trkpt lat="47.514210" lon="-1.243080"><ele>51</ele><time>2026-03-01T09:17:24Z</time></trkpt>
			<trkpt lat="47.515750" lon="-1.242300"><ele>48</ele><time>2026-03-01T09:17:36Z</time></trkpt>
			<trkpt lat="47.519600" lon="-1.240360"><ele>45</ele><time>2026-03-01T09:17:48Z</time></trkpt>
			<trkpt lat="47.519790" lon="-1.240250"><ele>45</ele><time>2026-03-01T09:18:00Z</time></trkpt>
			<trkpt lat="47.519940" lon="-1.240140"><ele>44</ele><time>2026-03-01T09:18:12Z</time></trkpt>
			<trkpt lat="47.520700" lon="-1.239490"><ele>46</ele><time>2026-03-01T09:18:24Z</time></trkpt>
			<trkpt lat="47.521780" lon="-1.238580"><ele>43</ele><time>2026-03-01T09:18:36Z</time></trkpt>
			<trkpt lat="47.522280" lon="-1.238140"><ele>41</ele><time>2026-03-01T09:18:48Z</time></trkpt>
			<trkpt lat="47.522540" lon="-1.237880"><ele>40</ele><time>2026-03-01T09:19:00Z</time></trkpt>
			<trkpt lat="47.523480" lon="-1.236850"><ele>36</ele><time>2026-03-01T09:19:12Z</time></trkpt>
			<trkpt lat="47.524400" lon="-1.235840"><ele>31</ele><time>2026-03-01T09:19:24Z</time></trkpt>
			<trkpt lat="47.525460" lon="-1.234670"><ele>26</ele><time>2026-03-01T09:19:36Z</time></trkpt>
			<trkpt lat="47.525720" lon="-1.234390"><ele>26</ele><time>2026-03-01T09:19:48Z</time></trkpt>
			<trkpt lat="47.525870" lon="-1.234220"><ele>26</ele><time>2026-03-01T09:20:00Z</time></trkpt>
			<trkpt lat="47.526200" lon="-1.233850"><ele>27</ele><time>2026-03-01T09:20:12Z</time></trkpt>
			<trkpt lat="47.526290" lon="-1.233760"><ele>27</ele><time>2026-03-01T09:20:24Z</time></trkpt>
			<trkpt lat="47.526350" lon="-1.233730"><ele>28</ele><time>2026-03-01T09:20:36Z</time></trkpt>
			<trkpt lat="47.526410" lon="-1.233700"><ele>28</ele><time>2026-03-01T09:20:48Z</time></trkpt>
			<trkpt lat="47.526520" lon="-1.233680"><ele>28</ele><time>2026-03-01T09:21:00Z</time></trkpt>
			<trkpt lat="47.526580" lon="-1.233700"><ele>29</ele><time>2026-03-01T09:21:12Z</time></trkpt>
			<trkpt lat="47.526660" lon="-1.233740"><ele>29</ele><time>2026-03-01T09:21:24Z</time></trkpt>
			<trkpt lat="47.526740" lon="-1.233810"><ele>29</ele><time>2026-03-01T09:21:36Z</time></trkpt>
			<trkpt lat="47.526790" lon="-1.233870"><ele>30</ele><time>2026-03-01T09:21:48Z</time></trkpt>
			<trkpt lat="47.526870" lon="-1.234050"><ele>30</ele><time>2026-03-01T09:22:00Z</time></trkpt>
			<trkpt lat="47.526970" lon="-1.234360"><ele>31</ele><time>2026-03-01T09:22:12Z</time></trkpt>
			<trkpt lat="47.527050" lon="-1.234500"><ele>32</ele><time>2026-03-01T09:22:24Z</time></trkpt>
			<trkpt lat="47.527140" lon="-1.234610"><ele>33</ele><time>2026-03-01T09:22:36Z</time></trkpt>
			<trkpt lat="47.527220" lon="-1.234660"><ele>34</ele><time>2026-03-01T09:22:48Z</time></trkpt>
			<trkpt lat="47.527340" lon="-1.234700"><ele>35</ele><time>2026-03-01T09:23:00Z</time></trkpt>
			<trkpt lat="47.527420" lon="-1.234700"><ele>36</ele><time>2026-03-01T09:23:12Z</time></trkpt>
			<trkpt lat="47.527680" lon="-1.234650"><ele>37</ele><time>2026-03-01T09:23:24Z</time></trkpt>
			<trkpt lat="47.528440" lon="-1.234520"><ele>38</ele><time>2026-03-01T09:23:36Z</time></trkpt>
			<trkpt lat="47.528480" lon="-1.234520"><ele>38</ele><time>2026-03-01T09:23:48Z</time></trkpt>
			<trkpt lat="47.528590" lon="-1.234530"><ele>38</ele><time>2026-03-01T09:24:00Z</time></trkpt>
			<trkpt lat="47.528720" lon="-1.234560"><ele>38</ele><time>2026-03-01T09:24:12Z</time></trkpt>
			<trkpt lat="47.530040" lon="-1.235060"><ele>38</ele><time>2026-03-01T09:24:24Z</time></trkpt>
			<trkpt lat="47.530830" lon="-1.235370"><ele>37</ele><time>2026-03-01T09:24:36Z</time></trkpt>
			<trkpt lat="47.531020" lon="-1.235440"><ele>37</ele><time>2026-03-01T09:24:48Z</time></trkpt>
			<trkpt lat="47.531200" lon="-1.235460"><ele>37</ele><time>2026-03-01T09:25:00Z</time></trkpt>
			<trkpt lat="47.531740" lon="-1.235400"><ele>37</ele><time>2026-03-01T09:25:12Z</time></trkpt>
			<trkpt lat="47.532520" lon="-1.235290"><ele>36</ele><time>2026-03-01T09:25:24Z</time></trkpt>
			<trkpt lat="47.532710" lon="-1.235240"><ele>36</ele><time>2026-03-01T09:25:36Z</time></trkpt>
			<trkpt lat="47.532850" lon="-1.235190"><ele>36</ele><time>2026-03-01T09:25:48Z</time></trkpt>
			<trkpt lat="47.533390" lon="-1.234980"><ele>36</ele><time>2026-03-01T09:26:00Z</time></trkpt>
			<trkpt lat="47.533480" lon="-1.234950"><ele>36</ele><time>2026-03-01T09:26:12Z</time></trkpt>
			<trkpt lat="47.534630" lon="-1.234500"><ele>37</ele><time>2026-03-01T09:26:24Z</time></trkpt>
			<trkpt lat="47.534900" lon="-1.234430"><ele>38</ele><time>2026-03-01T09:26:36Z</time></trkpt>
			<trkpt lat="47.535030" lon="-1.234430"><ele>38</ele><time>2026-03-01T09:26:48Z</time></trkpt>
			<trkpt lat="47.536010" lon="-1.234580"><ele>43</ele><time>2026-03-01T09:27:00Z</time></trkpt>
			<trkpt lat="47.536340" lon="-1.234620"><ele>43</ele><time>2026-03-01T09:27:12Z</time></trkpt>
			<trkpt lat="47.536530" lon="-1.234620"><ele>44</ele><time>2026-03-01T09:27:24Z</time></trkpt>
			<trkpt lat="47.537420" lon="-1.234550"><ele>44</ele><time>2026-03-01T09:27:36Z</time></trkpt>
			<trkpt lat="47.538700" lon="-1.234450"><ele>47</ele><time>2026-03-01T09:27:48Z</time></trkpt>
			<trkpt lat="47.538820" lon="-1.234430"><ele>48</ele><time>2026-03-01T09:28:00Z</time></trkpt>
			<trkpt lat="47.539000" lon="-1.234360"><ele>49</ele><time>2026-03-01T09:28:12Z</time></trkpt>
			<trkpt lat="47.539120" lon="-1.234300"><ele>50</ele><time>2026-03-01T09:28:24Z</time></trkpt>
			<trkpt lat="47.539190" lon="-1.234240"><ele>51</ele><time>2026-03-01T09:28:36Z</time></trkpt>
			<trkpt lat="47.539360" lon="-1.234070"><ele>52</ele><time>2026-03-01T09:28:48Z</time></trkpt>
			<trkpt lat="47.540600" lon="-1.232770"><ele>57</ele><time>2026-03-01T09:29:00Z</time></trkpt>
			<trkpt lat="47.541070" lon="-1.232280"><ele>60</ele><time>2026-03-01T09:29:12Z</time></trkpt>
			<trkpt lat="47.541470" lon="-1.231890"><ele>62</ele><time>2026-03-01T09:29:24Z</time></trkpt>
			<trkpt lat="47.541580" lon="-1.231800"><ele>63</ele><time>2026-03-01T09:29:36Z</time></trkpt>
			<trkpt lat="47.541670" lon="-1.231750"><ele>63</ele><time>2026-03-01T09:29:48Z</time></trkpt>
			<trkpt lat="47.541810" lon="-1.231700"><ele>64</ele><time>2026-03-01T09:30:00Z</time></trkpt>
			<trkpt lat="47.543620" lon="-1.231210"><ele>76</ele><time>2026-03-01T09:30:12Z</time></trkpt>
			<trkpt lat="47.546100" lon="-1.230530"><ele>83</ele><time>2026-03-01T09:30:24Z</time></trkpt>
			<trkpt lat="47.547780" lon="-1.229930"><ele>77</ele><time>2026-03-01T09:30:36Z</time></trkpt>
			<trkpt lat="47.548410" lon="-1.229700"><ele>71</ele><time>2026-03-01T09:30:48Z</time></trkpt>
			<trkpt lat="47.548900" lon="-1.229520"><ele>66</ele><time>2026-03-01T09:31:00Z</time></trkpt>
			<trkpt lat="47.549410" lon="-1.229350"><ele>63</ele><time>2026-03-01T09:31:12Z</time></trkpt>
			<trkpt lat="47.551170" lon="-1.228710"><ele>61</ele><time>2026-03-01T09:31:24Z</time></trkpt>
			<trkpt lat="47.551790" lon="-1.228480"><ele>62</ele><time>2026-03-01T09:31:36Z</time></trkpt>
			<trkpt lat="47.552240" lon="-1.228320"><ele>61</ele><time>2026-03-01T09:31:48Z</time></trkpt>
			<trkpt lat="47.552520" lon="-1.228220"><ele>61</ele><time>2026-03-01T09:32:00Z</time></trkpt>
			<trkpt lat="47.555190" lon="-1.227260"><ele>68</ele><time>2026-03-01T09:32:12Z</time></trkpt>
			<trkpt lat="47.555320" lon="-1.227230"><ele>69</ele><time>2026-03-01T09:32:24Z</time></trkpt>
			<trkpt lat="47.555400" lon="-1.227230"><ele>69</ele><time>2026-03-01T09:32:36Z</time></trkpt>
			<trkpt lat="47.555490" lon="-1.227240"><ele>69</ele><time>2026-03-01T09:32:48Z</time></trkpt>
			<trkpt lat="47.555620" lon="-1.227280"><ele>69</ele><time>2026-03-01T09:33:00Z</time></trkpt>
			<trkpt lat="47.557830" lon="-1.228360"><ele>69</ele><time>2026-03-01T09:33:12Z</time></trkpt>
			<trkpt lat="47.557960" lon="-1.228410"><ele>68</ele><time>2026-03-01T09:33:24Z</time></trkpt>
			<trkpt lat="47.558120" lon="-1.228450"><ele>68</ele><time>2026-03-01T09:33:36Z</time></trkpt>
			<trkpt lat="47.558260" lon="-1.228450"><ele>68</ele><time>2026-03-01T09:33:48Z</time></trkpt>
			<trkpt lat="47.558400" lon="-1.228420"><ele>67</ele><time>2026-03-01T09:34:00Z</time></trkpt>
			<trkpt lat="47.558570" lon="-1.228350"><ele>66</ele><time>2026-03-01T09:34:12Z</time></trkpt>
			<trkpt lat="47.558730" lon="-1.228210"><ele>65</ele><time>2026-03-01T09:34:24Z</time></trkpt>
			<trkpt lat="47.560580" lon="-1.226420"><ele>55</ele><time>2026-03-01T09:34:36Z</time></trkpt>
			<trkpt lat="47.560500" lon="-1.226350"><ele>55</ele><time>2026-03-01T09:34:48Z</time></trkpt>
			<trkpt lat="47.559830" lon="-1.225560"><ele>57</ele><time>2026-03-01T09:35:00Z</time></trkpt>
			<trkpt lat="47.559780" lon="-1.225470"><ele>57</ele><time>2026-03-01T09:35:12Z</time></trkpt>
			<trkpt lat="47.559710" lon="-1.225310"><ele>58</ele><time>2026-03-01T09:35:24Z</time></trkpt>
			<trkpt lat="47.559670" lon="-1.225120"><ele>58</ele><time>2026-03-01T09:35:36Z</time></trkpt>
			<trkpt lat="47.559630" lon="-1.224580"><ele>60</ele><time>2026-03-01T09:35:48Z</time></trkpt>
			<trkpt lat="47.559590" lon="-1.224310"><ele>61</ele><time>2026-03-01T09:36:00Z</time></trkpt>
			<trkpt lat="47.559430" lon="-1.223540"><ele>62</ele><time>2026-03-01T09:36:12Z</time></trkpt>
			<trkpt lat="47.558890" lon="-1.221270"><ele>67</ele><time>2026-03-01T09:36:24Z</time></trkpt>
			<trkpt lat="47.558230" lon="-1.218370"><ele>61</ele><time>2026-03-01T09:36:36Z</time></trkpt>
			<trkpt lat="47.558130" lon="-1.217840"><ele>59</ele><time>2026-03-01T09:36:48Z</time></trkpt>
			<trkpt lat="47.557990" lon="-1.216920"><ele>58</ele><time>2026-03-01T09:37:00Z</time></trkpt>
			<trkpt lat="47.557960" lon="-1.216590"><ele>58</ele><time>2026-03-01T09:37:12Z</time></trkpt>
			<trkpt lat="47.557950" lon="-1.216290"><ele>58</ele><time>2026-03-01T09:37:24Z</time></trkpt>
			<trkpt lat="47.558000" lon="-1.215680"><ele>58</ele><time>2026-03-01T09:37:36Z</time></trkpt>
			<trkpt lat="47.558130" lon="-1.214330"><ele>54</ele><time>2026-03-01T09:37:48Z</time></trkpt>
			<trkpt lat="47.558160" lon="-1.213830"><ele>54</ele><time>2026-03-01T09:38:00Z</time></trkpt>
			<trkpt lat="47.558170" lon="-1.213740"><ele>55</ele><time>2026-03-01T09:38:12Z</time></trkpt>
			<trkpt lat="47.558160" lon="-1.213580"><ele>55</ele><time>2026-03-01T09:38:24Z</time></trkpt>
			<trkpt lat="47.558120" lon="-1.213390"><ele>55</ele><time>2026-03-01T09:38:36Z</time></trkpt>
			<trkpt lat="47.558070" lon="-1.213250"><ele>55</ele><time>2026-03-01T09:38:48Z</time></trkpt>
			<trkpt lat="47.557700" lon="-1.212600"><ele>56</ele><time>2026-03-01T09:39:00Z</time></trkpt>
			<trkpt lat="47.557340" lon="-1.211960"><ele>57</ele><time>2026-03-01T09:39:12Z</time></trkpt>
			<trkpt lat="47.557270" lon="-1.211860"><ele>58</ele><time>2026-03-01T09:39:24Z</time></trkpt>
			<trkpt lat="47.557170" lon="-1.211740"><ele>59</ele><time>2026-03-01T09:39:36Z</time></trkpt>
			<trkpt lat="47.557060" lon="-1.211650"><ele>59</ele><time>2026-03-01T09:39:48Z</time></trkpt>
			<trkpt lat="47.556820" lon="-1.211500"><ele>60</ele><time>2026-03-01T09:40:00Z</time></trkpt>
			<trkpt lat="47.556710" lon="-1.211420"><ele>61</ele><time>2026-03-01T09:40:12Z</time></trkpt>
			<trkpt lat="47.556620" lon="-1.211330"><ele>61</ele><time>2026-03-01T09:40:24Z</time></trkpt>
			<trkpt lat="47.556550" lon="-1.211210"><ele>61</ele><time>2026-03-01T09:40:36Z</time></trkpt>
			<trkpt lat="47.556490" lon="-1.211050"><ele>62</ele><time>2026-03-01T09:40:48Z</time></trkpt>
			<trkpt lat="47.556450" lon="-1.210900"><ele>62</ele><time>2026-03-01T09:41:00Z</time></trkpt>
			<trkpt lat="47.556430" lon="-1.210780"><ele>62</ele><time>2026-03-01T09:41:12Z</time></trkpt>
			<trkpt lat="47.556410" lon="-1.210500"><ele>62</ele><time>2026-03-01T09:41:24Z</time></trkpt>
			<trkpt lat="47.556390" lon="-1.209250"><ele>64</ele><time>2026-03-01T09:41:36Z</time></trkpt>
			<trkpt lat="47.556380" lon="-1.209080"><ele>64</ele><time>2026-03-01T09:41:48Z</time></trkpt>
			<trkpt lat="47.556350" lon="-1.208940"><ele>65</ele><time>2026-03-01T09:42:00Z</time></trkpt>
			<trkpt lat="47.556290" lon="-1.208750"><ele>65</ele><time>2026-03-01T09:42:12Z</time></trkpt>
			<trkpt lat="47.555980" lon="-1.208070"><ele>67</ele><time>2026-03-01T09:42:24Z</time></trkpt>
			<trkpt lat="47.555890" lon="-1.207890"><ele>67</ele><time>2026-03-01T09:42:36Z</time></trkpt>
			<trkpt lat="47.555820" lon="-1.207740"><ele>68</ele><time>2026-03-01T09:42:48Z</time></trkpt>
			<trkpt lat="47.555770" lon="-1.207610"><ele>68</ele><time>2026-03-01T09:43:00Z</time></trkpt>
			<trkpt lat="47.555770" lon="-1.207490"><ele>68</ele><time>2026-03-01T09:43:12Z</time></trkpt>
			<trkpt lat="47.555780" lon="-1.207400"><ele>68</ele><time>2026-03-01T09:43:24Z</time></trkpt>
			<trkpt lat="47.555910" lon="-1.206850"><ele>71</ele><time>2026-03-01T09:43:36Z</time></trkpt>
			<trkpt lat="47.555960" lon="-1.206560"><ele>71</ele><time>2026-03-01T09:43:48Z</time></trkpt>
			<trkpt lat="47.556080" lon="-1.205880"><ele>71</ele><time>2026-03-01T09:44:00Z</time></trkpt>
			<trkpt lat="47.556110" lon="-1.205610"><ele>70</ele><time>2026-03-01T09:44:12Z</time></trkpt>
			<trkpt lat="47.556100" lon="-1.205110"><ele>70</ele><time>2026-03-01T09:44:24Z</time></trkpt>
			<trkpt lat="47.556120" lon="-1.204970"><ele>70</ele><time>2026-03-01T09:44:36Z</time></trkpt>
			<trkpt lat="47.556150" lon="-1.204850"><ele>70</ele><time>2026-03-01T09:44:48Z</time></trkpt>
			<trkpt lat="47.556180" lon="-1.204780"><ele>70</ele><time>2026-03-01T09:45:00Z</time></trkpt>
			<trkpt lat="47.556240" lon="-1.204670"><ele>70</ele><time>2026-03-01T09:45:12Z</time></trkpt>
			<trkpt lat="47.556290" lon="-1.204590"><ele>69</ele><time>2026-03-01T09:45:24Z</time></trkpt>
			<trkpt lat="47.556380" lon="-1.204510"><ele>69</ele><time>2026-03-01T09:45:36Z</time></trkpt>
			<trkpt lat="47.556450" lon="-1.204470"><ele>69</ele><time>2026-03-01T09:45:48Z</time></trkpt>
			<trkpt lat="47.556600" lon="-1.204430"><ele>68</ele><time>2026-03-01T09:46:00Z</time></trkpt>
			<trkpt lat="47.556800" lon="-1.204360"><ele>67</ele><time>2026-03-01T09:46:12Z</time></trkpt>
			<trkpt lat="47.556970" lon="-1.204250"><ele>66</ele><time>2026-03-01T09:46:24Z</time></trkpt>
			<trkpt lat="47.557130" lon="-1.204100"><ele>65</ele><time>2026-03-01T09:46:36Z</time></trkpt>
			<trkpt lat="47.557360" lon="-1.203800"><ele>64</ele><time>2026-03-01T09:46:48Z</time></trkpt>
			<trkpt lat="47.557570" lon="-1.203550"><ele>63</ele><time>2026-03-01T09:47:00Z</time></trkpt>
			<trkpt lat="47.557680" lon="-1.203360"><ele>62</ele><time>2026-03-01T09:47:12Z</time></trkpt>
			<trkpt lat="47.557590" lon="-1.203210"><ele>63</ele><time>2026-03-01T09:47:24Z</time></trkpt>
			<trkpt lat="47.557550" lon="-1.203110"><ele>63</ele><time>2026-03-01T09:47:36Z</time></trkpt>
			<trkpt lat="47.557480" lon="-1.202870"><ele>63</ele><time>2026-03-01T09:47:48Z</time></trkpt>
			<trkpt lat="47.556880" lon="-1.200280"><ele>68</ele><time>2026-03-01T09:48:00Z</time></trkpt>
			<trkpt lat="47.556850" lon="-1.200070"><ele>69</ele><time>2026-03-01T09:48:12Z</time></trkpt>
			<trkpt lat="47.556840" lon="-1.199960"><ele>69</ele><time>2026-03-01T09:48:24Z</time></trkpt>
			<trkpt lat="47.556830" lon="-1.199570"><ele>69</ele><time>2026-03-01T09:48:36Z</time></trkpt>
			<trkpt lat="47.556880" lon="-1.197720"><ele>67</ele><time>2026-03-01T09:48:48Z</time></trkpt>
			<trkpt lat="47.556860" lon="-1.197360"><ele>67</ele><time>2026-03-01T09:49:00Z</time></trkpt>
			<trkpt lat="47.556840" lon="-1.197240"><ele>67</ele><time>2026-03-01T09:49:12Z</time></trkpt>
			<trkpt lat="47.556570" lon="-1.195820"><ele>69</ele><time>2026-03-01T09:49:24Z</time></trkpt>
			<trkpt lat="47.556530" lon="-1.195630"><ele>69</ele><time>2026-03-01T09:49:36Z</time></trkpt>
			<trkpt lat="47.556020" lon="-1.193030"><ele>72</ele><time>2026-03-01T09:49:48Z</time></trkpt>
			<trkpt lat="47.555770" lon="-1.191830"><ele>69</ele><time>2026-03-01T09:50:00Z</time></trkpt>
			<trkpt lat="47.555490" lon="-1.190750"><ele>65</ele><time>2026-03-01T09:50:12Z</time></trkpt>
			<trkpt lat="47.555410" lon="-1.190480"><ele>65</ele><time>2026-03-01T09:50:24Z</time></trkpt>
			<trkpt lat="47.555010" lon="-1.189090"><ele>66</ele><time>2026-03-01T09:50:36Z</time></trkpt>
			<trkpt lat="47.554960" lon="-1.188860"><ele>66</ele><time>2026-03-01T09:50:48Z</time></trkpt>
			<trkpt lat="47.554930" lon="-1.188590"><ele>66</ele><time>2026-03-01T09:51:00Z</time></trkpt>
			<trkpt lat="47.554920" lon="-1.188240"><ele>66</ele><time>2026-03-01T09:51:12Z</time></trkpt>
			<trkpt lat="47.555120" lon="-1.186310"><ele>68</ele><time>2026-03-01T09:51:24Z</time></trkpt>
			<trkpt lat="47.555170" lon="-1.185780"><ele>68</ele><time>2026-03-01T09:51:36Z</time></trkpt>
			<trkpt lat="47.554050" lon="-1.185600"><ele>72</ele><time>2026-03-01T09:51:48Z</time></trkpt>
			<trkpt lat="47.553680" lon="-1.185550"><ele>73</ele><time>2026-03-01T09:52:00Z</time></trkpt>
			<trkpt lat="47.553480" lon="-1.185530"><ele>73</ele><time>2026-03-01T09:52:12Z</time></trkpt>
			<trkpt lat="47.552860" lon="-1.185560"><ele>73</ele><time>2026-03-01T09:52:24Z</time></trkpt>
			<trkpt lat="47.552630" lon="-1.185580"><ele>72</ele><time>2026-03-01T09:52:36Z</time></trkpt>
			<trkpt lat="47.551860" lon="-1.185640"><ele>69</ele><time>2026-03-01T09:52:48Z</time></trkpt>
			<trkpt lat="47.549950" lon="-1.185770"><ele>58</ele><time>2026-03-01T09:53:00Z</time></trkpt>
			<trkpt lat="47.547350" lon="-1.185950"><ele>58</ele><time>2026-03-01T09:53:12Z</time></trkpt>
			<trkpt lat="47.546620" lon="-1.186000"><ele>61</ele><time>2026-03-01T09:53:24Z</time></trkpt>
			<trkpt lat="47.546510" lon="-1.186010"><ele>61</ele><time>2026-03-01T09:53:36Z</time></trkpt>
			<trkpt lat="47.544230" lon="-1.186170"><ele>77</ele><time>2026-03-01T09:53:48Z</time></trkpt>
			<trkpt lat="47.544210" lon="-1.186170"><ele>77</ele><time>2026-03-01T09:54:00Z</time></trkpt>
			<trkpt lat="47.540150" lon="-1.186580"><ele>50</ele><time>2026-03-01T09:54:12Z</time></trkpt>
			<trkpt lat="47.539870" lon="-1.186600"><ele>51</ele><time>2026-03-01T09:54:24Z</time></trkpt>
			<trkpt lat="47.539350" lon="-1.186660"><ele>52</ele><time>2026-03-01T09:54:36Z</time></trkpt>
			<trkpt lat="47.536420" lon="-1.186940"><ele>64</ele><time>2026-03-01T09:54:48Z</time></trkpt>
			<trkpt lat="47.536050" lon="-1.186930"><ele>63</ele><time>2026-03-01T09:55:00Z</time></trkpt>
			<trkpt lat="47.535770" lon="-1.186890"><ele>62</ele><time>2026-03-01T09:55:12Z</time></trkpt>
			<trkpt lat="47.535480" lon="-1.186830"><ele>60</ele><time>2026-03-01T09:55:24Z</time></trkpt>
			<trkpt lat="47.535220" lon="-1.186780"><ele>59</ele><time>2026-03-01T09:55:36Z</time></trkpt>
			<trkpt lat="47.534440" lon="-1.186620"><ele>55</ele><time>2026-03-01T09:55:48Z</time></trkpt>
			<trkpt lat="47.534250" lon="-1.186580"><ele>53</ele><time>2026-03-01T09:56:00Z</time></trkpt>
			<trkpt lat="47.534020" lon="-1.186500"><ele>52</ele><time>2026-03-01T09:56:12Z</time></trkpt>
			<trkpt lat="47.533800" lon="-1.186410"><ele>51</ele><time>2026-03-01T09:56:24Z</time></trkpt>
			<trkpt lat="47.533530" lon="-1.186280"><ele>49</ele><time>2026-03-01T09:56:36Z</time></trkpt>
			<trkpt lat="47.533420" lon="-1.186260"><ele>48</ele><time>2026-03-01T09:56:48Z</time></trkpt>
			<trkpt lat="47.533350" lon="-1.186330"><ele>48</ele><time>2026-03-01T09:57:00Z</time></trkpt>
			<trkpt lat="47.533270" lon="-1.186360"><ele>48</ele><time>2026-03-01T09:57:12Z</time></trkpt>
			<trkpt lat="47.533190" lon="-1.186340"><ele>47</ele><time>2026-03-01T09:57:24Z</time></trkpt>
			<trkpt lat="47.533130" lon="-1.186290"><ele>47</ele><time>2026-03-01T09:57:36Z</time></trkpt>
			<trkpt lat="47.533080" lon="-1.186220"><ele>47</ele><time>2026-03-01T09:57:48Z</time></trkpt>
			<trkpt lat="47.533050" lon="-1.186150"><ele>47</ele><time>2026-03-01T09:58:00Z</time></trkpt>
			<trkpt lat="47.532970" lon="-1.186120"><ele>46</ele><time>2026-03-01T09:58:12Z</time></trkpt>
			<trkpt lat="47.532690" lon="-1.186140"><ele>45</ele><time>2026-03-01T09:58:24Z</time></trkpt>
			<trkpt lat="47.532640" lon="-1.186150"><ele>44</ele><time>2026-03-01T09:58:36Z</time></trkpt>
			<trkpt lat="47.532590" lon="-1.186170"><ele>44</ele><time>2026-03-01T09:58:48Z</time></trkpt>
			<trkpt lat="47.532460" lon="-1.186180"><ele>44</ele><time>2026-03-01T09:59:00Z</time></trkpt>
			<trkpt lat="47.532320" lon="-1.186160"><ele>44</ele><time>2026-03-01T09:59:12Z</time></trkpt>
			<trkpt lat="47.530630" lon="-1.185800"><ele>39</ele><time>2026-03-01T09:59:24Z</time></trkpt>
			<trkpt lat="47.530180" lon="-1.185690"><ele>35</ele><time>2026-03-01T09:59:36Z</time></trkpt>
			<trkpt lat="47.530060" lon="-1.185670"><ele>34</ele><time>2026-03-01T09:59:48Z</time></trkpt>
			<trkpt lat="47.529940" lon="-1.185630"><ele>34</ele><time>2026-03-01T10:00:00Z</time></trkpt>
			<trkpt lat="47.529830" lon="-1.185620"><ele>34</ele><time>2026-03-01T10:00:12Z</time></trkpt>
			<trkpt lat="47.529790" lon="-1.185670"><ele>34</ele><time>2026-03-01T10:00:24Z</time></trkpt>
			<trkpt lat="47.529740" lon="-1.185700"><ele>34</ele><time>2026-03-01T10:00:36Z</time></trkpt>
			<trkpt lat="47.529680" lon="-1.185710"><ele>34</ele><time>2026-03-01T10:00:48Z</time></trkpt>
			<trkpt lat="47.529620" lon="-1.185690"><ele>34</ele><time>2026-03-01T10:01:00Z</time></trkpt>
			<trkpt lat="47.529570" lon="-1.185650"><ele>34</ele><time>2026-03-01T10:01:12Z</time></trkpt>
			<trkpt lat="47.529530" lon="-1.185580"><ele>34</ele><time>2026-03-01T10:01:24Z</time></trkpt>
			<trkpt lat="47.529370" lon="-1.185520"><ele>34</ele><time>2026-03-01T10:01:36Z</time></trkpt>
			<trkpt lat="47.528000" lon="-1.185230"><ele>36</ele><time>2026-03-01T10:01:48Z</time></trkpt>
			<trkpt lat="47.527870" lon="-1.185200"><ele>36</ele><time>2026-03-01T10:02:00Z</time></trkpt>
			<trkpt lat="47.526950" lon="-1.185010"><ele>34</ele><time>2026-03-01T10:02:12Z</time></trkpt>
			<trkpt lat="47.526920" lon="-1.185010"><ele>34</ele><time>2026-03-01T10:02:24Z</time></trkpt>
			<trkpt lat="47.526360" lon="-1.184880"><ele>32</ele><time>2026-03-01T10:02:36Z</time></trkpt>
			<trkpt lat="47.525140" lon="-1.184640"><ele>30</ele><time>2026-03-01T10:02:48Z</time></trkpt>
			<trkpt lat="47.524870" lon="-1.184580"><ele>29</ele><time>2026-03-01T10:03:00Z</time></trkpt>
			<trkpt lat="47.524540" lon="-1.184510"><ele>29</ele><time>2026-03-01T10:03:12Z</time></trkpt>
			<trkpt lat="47.524250" lon="-1.184420"><ele>29</ele><time>2026-03-01T10:03:24Z</time></trkpt>
			<trkpt lat="47.523940" lon="-1.184270"><ele>29</ele><time>2026-03-01T10:03:36Z</time></trkpt>
			<trkpt lat="47.523780" lon="-1.184760"><ele>29</ele><time>2026-03-01T10:03:48Z</time></trkpt>
			<trkpt lat="47.523730" lon="-1.184910"><ele>29</ele><time>2026-03-01T10:04:00Z</time></trkpt>
			<trkpt lat="47.523660" lon="-1.185120"><ele>29</ele><time>2026-03-01T10:04:12Z</time></trkpt>
			<trkpt lat="47.523610" lon="-1.185290"><ele>29</ele><time>2026-03-01T10:04:24Z</time></trkpt>
			<trkpt lat="47.523340" lon="-1.185150"><ele>29</ele><time>2026-03-01T10:04:36Z</time></trkpt>
			<trkpt lat="47.523330" lon="-1.185170"><ele>29</ele><time>2026-03-01T10:04:48Z</time></trkpt>
			<trkpt lat="47.523290" lon="-1.185190"><ele>29</ele><time>2026-03-01T10:05:00Z</time></trkpt>
			<trkpt lat="47.523270" lon="-1.185180"><ele>29</ele><time>2026-03-01T10:05:12Z</time></trkpt>
			<trkpt lat="47.523240" lon="-1.185140"><ele>29</ele><time>2026-03-01T10:05:24Z</time></trkpt>
			<trkpt lat="47.523240" lon="-1.185100"><ele>29</ele><time>2026-03-01T10:05:36Z</time></trkpt>
			<trkpt lat="47.523080" lon="-1.185000"><ele>29</ele><time>2026-03-01T10:05:48Z</time></trkpt>
			<trkpt lat="47.522760" lon="-1.184860"><ele>29</ele><time>2026-03-01T10:06:00Z</time></trkpt>
			<trkpt lat="47.522560" lon="-1.184760"><ele>28</ele><time>2026-03-01T10:06:12Z</time></trkpt>
			<trkpt lat="47.521930" lon="-1.184490"><ele>28</ele><time>2026-03-01T10:06:24Z</time></trkpt>
			<trkpt lat="47.521710" lon="-1.184370"><ele>28</ele><time>2026-03-01T10:06:36Z</time></trkpt>
			<trkpt lat="47.521170" lon="-1.184120"><ele>29</ele><time>2026-03-01T10:06:48Z</time></trkpt>
			<trkpt lat="47.521020" lon="-1.184070"><ele>29</ele><time>2026-03-01T10:07:00Z</time></trkpt>
			<trkpt lat="47.520920" lon="-1.184060"><ele>29</ele><time>2026-03-01T10:07:12Z</time></trkpt>
			<trkpt lat="47.520840" lon="-1.184040"><ele>29</ele><time>2026-03-01T10:07:24Z</time></trkpt>
			<trkpt lat="47.520780" lon="-1.184040"><ele>29</ele><time>2026-03-01T10:07:36Z</time></trkpt>
			<trkpt lat="47.520630" lon="-1.184080"><ele>29</ele><time>2026-03-01T10:07:48Z</time></trkpt>
			<trkpt lat="47.520580" lon="-1.184110"><ele>30</ele><time>2026-03-01T10:08:00Z</time></trkpt>
			<trkpt lat="47.520520" lon="-1.184170"><ele>30</ele><time>2026-03-01T10:08:12Z</time></trkpt>
			<trkpt lat="47.520450" lon="-1.184170"><ele>30</ele><time>2026-03-01T10:08:24Z</time></trkpt>
			<trkpt lat="47.520400" lon="-1.184140"><ele>30</ele><time>2026-03-01T10:08:36Z</time></trkpt>
			<trkpt lat="47.520370" lon="-1.184110"><ele>30</ele><time>2026-03-01T10:08:48Z</time></trkpt>
			<trkpt lat="47.520350" lon="-1.184080"><ele>30</ele><time>2026-03-01T10:09:00Z</time></trkpt>
			<trkpt lat="47.520330" lon="-1.184040"><ele>30</ele><time>2026-03-01T10:09:12Z</time></trkpt>
			<trkpt lat="47.520320" lon="-1.183990"><ele>30</ele><time>2026-03-01T10:09:24Z</time></trkpt>
			<trkpt lat="47.520330" lon="-1.183870"><ele>30</ele><time>2026-03-01T10:09:36Z</time></trkpt>
			<trkpt lat="47.520350" lon="-1.183830"><ele>30</ele><time>2026-03-01T10:09:48Z</time></trkpt>
			<trkpt lat="47.520360" lon="-1.183420"><ele>30</ele><time>2026-03-01T10:10:00Z</time></trkpt>
			<trkpt lat="47.520370" lon="-1.183000"><ele>30</ele><time>2026-03-01T10:10:12Z</time></trkpt>
			<trkpt lat="47.520360" lon="-1.182890"><ele>31</ele><time>2026-03-01T10:10:24Z</time></trkpt>
			<trkpt lat="47.520330" lon="-1.182830"><ele>31</ele><time>2026-03-01T10:10:36Z</time></trkpt>
			<trkpt lat="47.520290" lon="-1.182830"><ele>31</ele><time>2026-03-01T10:10:48Z</time></trkpt>
			<trkpt lat="47.520260" lon="-1.182820"><ele>31</ele><time>2026-03-01T10:11:00Z</time></trkpt>
			<trkpt lat="47.520230" lon="-1.182790"><ele>31</ele><time>2026-03-01T10:11:12Z</time></trkpt>
			<trkpt lat="47.520210" lon="-1.182760"><ele>31</ele><time>2026-03-01T10:11:24Z</time></trkpt>
			<trkpt lat="47.520190" lon="-1.182710"><ele>32</ele><time>2026-03-01T10:11:36Z</time></trkpt>
			<trkpt lat="47.520180" lon="-1.182650"><ele>32</ele><time>2026-03-01T10:11:48Z</time></trkpt>
			<trkpt lat="47.520190" lon="-1.182590"><ele>32</ele><time>2026-03-01T10:12:00Z</time></trkpt>
			<trkpt lat="47.520200" lon="-1.182540"><ele>32</ele><time>2026-03-01T10:12:12Z</time></trkpt>
			<trkpt lat="47.520230" lon="-1.182500"><ele>32</ele><time>2026-03-01T10:12:24Z</time></trkpt>
			<trkpt lat="47.520190" lon="-1.182370"><ele>32</ele><time>2026-03-01T10:12:36Z</time></trkpt>
			<trkpt lat="47.519420" lon="-1.180700"><ele>31</ele><time>2026-03-01T10:12:48Z</time></trkpt>
			<trkpt lat="47.519100" lon="-1.179990"><ele>33</ele><time>2026-03-01T10:13:00Z</time></trkpt>
			<trkpt lat="47.518810" lon="-1.179340"><ele>33</ele><time>2026-03-01T10:13:12Z</time></trkpt>
			<trkpt lat="47.518700" lon="-1.179130"><ele>34</ele><time>2026-03-01T10:13:24Z</time></trkpt>
			<trkpt lat="47.518510" lon="-1.178820"><ele>35</ele><time>2026-03-01T10:13:36Z</time></trkpt>
			<trkpt lat="47.518250" lon="-1.178440"><ele>36</ele><time>2026-03-01T10:13:48Z</time></trkpt>
			<trkpt lat="47.517950" lon="-1.178000"><ele>36</ele><time>2026-03-01T10:14:00Z</time></trkpt>
			<trkpt lat="47.517820" lon="-1.177810"><ele>36</ele><time>2026-03-01T10:14:12Z</time></trkpt>
			<trkpt lat="47.517750" lon="-1.177720"><ele>36</ele><time>2026-03-01T10:14:24Z</time></trkpt>
			<trkpt lat="47.517350" lon="-1.177140"><ele>37</ele><time>2026-03-01T10:14:36Z</time></trkpt>
			<trkpt lat="47.517290" lon="-1.177060"><ele>37</ele><time>2026-03-01T10:14:48Z</time></trkpt>
			<trkpt lat="47.517240" lon="-1.176980"><ele>38</ele><time>2026-03-01T10:15:00Z</time></trkpt>
			<trkpt lat="47.516970" lon="-1.176700"><ele>40</ele><time>2026-03-01T10:15:12Z</time></trkpt>
			<trkpt lat="47.516320" lon="-1.176120"><ele>43</ele><time>2026-03-01T10:15:24Z</time></trkpt>
			<trkpt lat="47.515770" lon="-1.175640"><ele>45</ele><time>2026-03-01T10:15:36Z</time></trkpt>
			<trkpt lat="47.515470" lon="-1.175340"><ele>47</ele><time>2026-03-01T10:15:48Z</time></trkpt>
			<trkpt lat="47.515270" lon="-1.175100"><ele>49</ele><time>2026-03-01T10:16:00Z</time></trkpt>
			<trkpt lat="47.515110" lon="-1.174850"><ele>50</ele><time>2026-03-01T10:16:12Z</time></trkpt>
			<trkpt lat="47.514850" lon="-1.174350"><ele>52</ele><time>2026-03-01T10:16:24Z</time></trkpt>
			<trkpt lat="47.514730" lon="-1.174050"><ele>53</ele><time>2026-03-01T10:16:36Z</time></trkpt>
			<trkpt lat="47.514610" lon="-1.173680"><ele>54</ele><time>2026-03-01T10:16:48Z</time></trkpt>
			<trkpt lat="47.513890" lon="-1.171240"><ele>64</ele><time>2026-03-01T10:17:00Z</time></trkpt>
			<trkpt lat="47.513270" lon="-1.169180"><ele>63</ele><time>2026-03-01T10:17:12Z</time></trkpt>
			<trkpt lat="47.513140" lon="-1.168790"><ele>64</ele><time>2026-03-01T10:17:24Z</time></trkpt>
			<trkpt lat="47.513010" lon="-1.168420"><ele>65</ele><time>2026-03-01T10:17:36Z</time></trkpt>
			<trkpt lat="47.512790" lon="-1.167960"><ele>65</ele><time>2026-03-01T10:17:48Z</time></trkpt>
			<trkpt lat="47.512600" lon="-1.167640"><ele>66</ele><time>2026-03-01T10:18:00Z</time></trkpt>
			<trkpt lat="47.510450" lon="-1.164290"><ele>66</ele><time>2026-03-01T10:18:12Z</time></trkpt>
			<trkpt lat="47.510140" lon="-1.163870"><ele>66</ele><time>2026-03-01T10:18:24Z</time></trkpt>
			<trkpt lat="47.509820" lon="-1.163470"><ele>66</ele><time>2026-03-01T10:18:36Z</time></trkpt>
			<trkpt lat="47.509560" lon="-1.163180"><ele>66</ele><time>2026-03-01T10:18:48Z</time></trkpt>
			<trkpt lat="47.509400" lon="-1.163020"><ele>66</ele><time>2026-03-01T10:19:00Z</time></trkpt>
			<trkpt lat="47.509060" lon="-1.162720"><ele>66</ele><time>2026-03-01T10:19:12Z</time></trkpt>
			<trkpt lat="47.508840" lon="-1.162540"><ele>66</ele><time>2026-03-01T10:19:24Z</time></trkpt>
			<trkpt lat="47.507820" lon="-1.161830"><ele>69</ele><time>2026-03-01T10:19:36Z</time></trkpt>
			<trkpt lat="47.507480" lon="-1.161590"><ele>70</ele><time>2026-03-01T10:19:48Z</time></trkpt>
			<trkpt lat="47.506130" lon="-1.160620"><ele>72</ele><time>2026-03-01T10:20:00Z</time></trkpt>
			<trkpt lat="47.504670" lon="-1.159590"><ele>75</ele><time>2026-03-01T10:20:12Z</time></trkpt>
			<trkpt lat="47.502600" lon="-1.158130"><ele>69</ele><time>2026-03-01T10:20:24Z</time></trkpt>
			<trkpt lat="47.498020" lon="-1.154900"><ele>66</ele><time>2026-03-01T10:20:36Z</time></trkpt>
			<trkpt lat="47.497210" lon="-1.154320"><ele>67</ele><time>2026-03-01T10:20:48Z</time></trkpt>
			<trkpt lat="47.494640" lon="-1.152510"><ele>70</ele><time>2026-03-01T10:21:00Z</time></trkpt>
			<trkpt lat="47.494370" lon="-1.152330"><ele>68</ele><time>2026-03-01T10:21:12Z</time></trkpt>
			<trkpt lat="47.493580" lon="-1.151740"><ele>66</ele><time>2026-03-01T10:21:24Z</time></trkpt>
			<trkpt lat="47.492280" lon="-1.150840"><ele>64</ele><time>2026-03-01T10:21:36Z</time></trkpt>
			<trkpt lat="47.491120" lon="-1.150040"><ele>61</ele><time>2026-03-01T10:21:48Z</time></trkpt>
			<trkpt lat="47.490430" lon="-1.149530"><ele>59</ele><time>2026-03-01T10:22:00Z</time></trkpt>
			<trkpt lat="47.488960" lon="-1.148510"><ele>51</ele><time>2026-03-01T10:22:12Z</time></trkpt>
			<trkpt lat="47.487200" lon="-1.147260"><ele>49</ele><time>2026-03-01T10:22:24Z</time></trkpt>
			<trkpt lat="47.487030" lon="-1.147090"><ele>49</ele><time>2026-03-01T10:22:36Z</time></trkpt>
			<trkpt lat="47.486930" lon="-1.146950"><ele>49</ele><time>2026-03-01T10:22:48Z</time></trkpt>
			<trkpt lat="47.486780" lon="-1.146830"><ele>49</ele><time>2026-03-01T10:23:00Z</time></trkpt>
			<trkpt lat="47.486700" lon="-1.146760"><ele>49</ele><time>2026-03-01T10:23:12Z</time></trkpt>
			<trkpt lat="47.486650" lon="-1.146690"><ele>49</ele><time>2026-03-01T10:23:24Z</time></trkpt>
			<trkpt lat="47.486610" lon="-1.146630"><ele>49</ele><time>2026-03-01T10:23:36Z</time></trkpt>
			<trkpt lat="47.486570" lon="-1.146540"><ele>50</ele><time>2026-03-01T10:23:48Z</time></trkpt>
			<trkpt lat="47.486540" lon="-1.146370"><ele>50</ele><time>2026-03-01T10:24:00Z</time></trkpt>
			<trkpt lat="47.486340" lon="-1.146400"><ele>50</ele><time>2026-03-01T10:24:12Z</time></trkpt>
			<trkpt lat="47.486090" lon="-1.146400"><ele>51</ele><time>2026-03-01T10:24:24Z</time></trkpt>
			<trkpt lat="47.485990" lon="-1.146370"><ele>51</ele><time>2026-03-01T10:24:36Z</time></trkpt>
			<trkpt lat="47.485880" lon="-1.146290"><ele>51</ele><time>2026-03-01T10:24:48Z</time></trkpt>
			<trkpt lat="47.484360" lon="-1.144780"><ele>58</ele><time>2026-03-01T10:25:00Z</time></trkpt>
			<trkpt lat="47.483360" lon="-1.143800"><ele>60</ele><time>2026-03-01T10:25:12Z</time></trkpt>
			<trkpt lat="47.483250" lon="-1.143710"><ele>59</ele><time>2026-03-01T10:25:24Z</time></trkpt>
			<trkpt lat="47.483110" lon="-1.143620"><ele>59</ele><time>2026-03-01T10:25:36Z</time></trkpt>
			<trkpt lat="47.482190" lon="-1.143120"><ele>58</ele><time>2026-03-01T10:25:48Z</time></trkpt>
			<trkpt lat="47.481140" lon="-1.142570"><ele>54</ele><time>2026-03-01T10:26:00Z</time></trkpt>
			<trkpt lat="47.480840" lon="-1.142420"><ele>52</ele><time>2026-03-01T10:26:12Z</time></trkpt>
			<trkpt lat="47.480210" lon="-1.142090"><ele>49</ele><time>2026-03-01T10:26:24Z</time></trkpt>
			<trkpt lat="47.480020" lon="-1.142020"><ele>48</ele><time>2026-03-01T10:26:36Z</time></trkpt>
			<trkpt lat="47.478940" lon="-1.141880"><ele>51</ele><time>2026-03-01T10:26:48Z</time></trkpt>
			<trkpt lat="47.478510" lon="-1.141850"><ele>51</ele><time>2026-03-01T10:27:00Z</time></trkpt>
			<trkpt lat="47.478340" lon="-1.141800"><ele>51</ele><time>2026-03-01T10:27:12Z</time></trkpt>
			<trkpt lat="47.478250" lon="-1.141690"><ele>51</ele><time>2026-03-01T10:27:24Z</time></trkpt>
			<trkpt lat="47.477790" lon="-1.140700"><ele>48</ele><time>2026-03-01T10:27:36Z</time></trkpt>
			<trkpt lat="47.477680" lon="-1.140520"><ele>46</ele><time>2026-03-01T10:27:48Z</time></trkpt>
			<trkpt lat="47.477570" lon="-1.140430"><ele>46</ele><time>2026-03-01T10:28:00Z</time></trkpt>
			<trkpt lat="47.476900" lon="-1.140330"><ele>43</ele><time>2026-03-01T10:28:12Z</time></trkpt>
			<trkpt lat="47.476500" lon="-1.140230"><ele>41</ele><time>2026-03-01T10:28:24Z</time></trkpt>
			<trkpt lat="47.475750" lon="-1.139780"><ele>36</ele><time>2026-03-01T10:28:36Z</time></trkpt>
			<trkpt lat="47.475320" lon="-1.139650"><ele>40</ele><time>2026-03-01T10:28:48Z</time></trkpt>
			<trkpt lat="47.475180" lon="-1.139710"><ele>41</ele><time>2026-03-01T10:29:00Z</time></trkpt>
			<trkpt lat="47.475090" lon="-1.139810"><ele>42</ele><time>2026-03-01T10:29:12Z</time></trkpt>
			<trkpt lat="47.474960" lon="-1.140290"><ele>42</ele><time>2026-03-01T10:29:24Z</time></trkpt>
			<trkpt lat="47.474830" lon="-1.140800"><ele>41</ele><time>2026-03-01T10:29:36Z</time></trkpt>
			<trkpt lat="47.474640" lon="-1.141130"><ele>42</ele><time>2026-03-01T10:29:48Z</time></trkpt>
			<trkpt lat="47.474480" lon="-1.141270"><ele>43</ele><time>2026-03-01T10:30:00Z</time></trkpt>
			<trkpt lat="47.474360" lon="-1.141320"><ele>44</ele><time>2026-03-01T10:30:12Z</time></trkpt>
			<trkpt lat="47.474230" lon="-1.141350"><ele>45</ele><time>2026-03-01T10:30:24Z</time></trkpt>
			<trkpt lat="47.474070" lon="-1.141330"><ele>46</ele><time>2026-03-01T10:30:36Z</time></trkpt>
			<trkpt lat="47.473880" lon="-1.141210"><ele>47</ele><time>2026-03-01T10:30:48Z</time></trkpt>
			<trkpt lat="47.473730" lon="-1.141060"><ele>48</ele><time>2026-03-01T10:31:00Z</time></trkpt>
			<trkpt lat="47.473640" lon="-1.140950"><ele>49</ele><time>2026-03-01T10:31:12Z</time></trkpt>
			<trkpt lat="47.473550" lon="-1.140760"><ele>50</ele><time>2026-03-01T10:31:24Z</time></trkpt>
			<trkpt lat="47.473520" lon="-1.140620"><ele>50</ele><time>2026-03-01T10:31:36Z</time></trkpt>
			<trkpt lat="47.473440" lon="-1.140140"><ele>52</ele><time>2026-03-01T10:31:48Z</time></trkpt>
			<trkpt lat="47.473390" lon="-1.139910"><ele>53</ele><time>2026-03-01T10:32:00Z</time></trkpt>
			<trkpt lat="47.473330" lon="-1.139720"><ele>53</ele><time>2026-03-01T10:32:12Z</time></trkpt>
			<trkpt lat="47.473250" lon="-1.139520"><ele>53</ele><time>2026-03-01T10:32:24Z</time></trkpt>
			<trkpt lat="47.473110" lon="-1.139290"><ele>54</ele><time>2026-03-01T10:32:36Z</time></trkpt>
			<trkpt lat="47.472050" lon="-1.138050"><ele>59</ele><time>2026-03-01T10:32:48Z</time></trkpt>
			<trkpt lat="47.470950" lon="-1.136790"><ele>63</ele><time>2026-03-01T10:33:00Z</time></trkpt>
			<trkpt lat="47.469850" lon="-1.135510"><ele>70</ele><time>2026-03-01T10:33:12Z</time></trkpt>
			<trkpt lat="47.469710" lon="-1.135380"><ele>70</ele><time>2026-03-01T10:33:24Z</time></trkpt>
			<trkpt lat="47.469510" lon="-1.135190"><ele>70</ele><time>2026-03-01T10:33:36Z</time></trkpt>
			<trkpt lat="47.469200" lon="-1.134970"><ele>71</ele><time>2026-03-01T10:33:48Z</time></trkpt>
			<trkpt lat="47.468350" lon="-1.134460"><ele>70</ele><time>2026-03-01T10:34:00Z</time></trkpt>
			<trkpt lat="47.468160" lon="-1.134300"><ele>70</ele><time>2026-03-01T10:34:12Z</time></trkpt>
			<trkpt lat="47.467910" lon="-1.134010"><ele>70</ele><time>2026-03-01T10:34:24Z</time></trkpt>
			<trkpt lat="47.467730" lon="-1.133840"><ele>70</ele><time>2026-03-01T10:34:36Z</time></trkpt>
			<trkpt lat="47.467430" lon="-1.133520"><ele>70</ele><time>2026-03-01T10:34:48Z</time></trkpt>
			<trkpt lat="47.466120" lon="-1.132150"><ele>73</ele><time>2026-03-01T10:35:00Z</time></trkpt>
			<trkpt lat="47.465590" lon="-1.131560"><ele>73</ele><time>2026-03-01T10:35:12Z</time></trkpt>
			<trkpt lat="47.465040" lon="-1.130990"><ele>70</ele><time>2026-03-01T10:35:24Z</time></trkpt>
			<trkpt lat="47.464840" lon="-1.130810"><ele>70</ele><time>2026-03-01T10:35:36Z</time></trkpt>
			<trkpt lat="47.464560" lon="-1.130590"><ele>69</ele><time>2026-03-01T10:35:48Z</time></trkpt>
			<trkpt lat="47.464410" lon="-1.130500"><ele>69</ele><time>2026-03-01T10:36:00Z</time></trkpt>
			<trkpt lat="47.464320" lon="-1.130470"><ele>69</ele><time>2026-03-01T10:36:12Z</time></trkpt>
			<trkpt lat="47.464140" lon="-1.130480"><ele>68</ele><time>2026-03-01T10:36:24Z</time></trkpt>
			<trkpt lat="47.464050" lon="-1.130520"><ele>68</ele><time>2026-03-01T10:36:36Z</time></trkpt>
			<trkpt lat="47.463950" lon="-1.130580"><ele>68</ele><time>2026-03-01T10:36:48Z</time></trkpt>
			<trkpt lat="47.463750" lon="-1.130820"><ele>67</ele><time>2026-03-01T10:37:00Z</time></trkpt>
			<trkpt lat="47.462990" lon="-1.132060"><ele>61</ele><time>2026-03-01T10:37:12Z</time></trkpt>
			<trkpt lat="47.461430" lon="-1.134580"><ele>53</ele><time>2026-03-01T10:37:24Z</time></trkpt>
			<trkpt lat="47.460180" lon="-1.136580"><ele>46</ele><time>2026-03-01T10:37:36Z</time></trkpt>
			<trkpt lat="47.459640" lon="-1.137470"><ele>46</ele><time>2026-03-01T10:37:48Z</time></trkpt>
			<trkpt lat="47.458530" lon="-1.139250"><ele>49</ele><time>2026-03-01T10:38:00Z</time></trkpt>
			<trkpt lat="47.458310" lon="-1.139700"><ele>50</ele><time>2026-03-01T10:38:12Z</time></trkpt>
			<trkpt lat="47.458270" lon="-1.139810"><ele>50</ele><time>2026-03-01T10:38:24Z</time></trkpt>
			<trkpt lat="47.458190" lon="-1.140090"><ele>50</ele><time>2026-03-01T10:38:36Z</time></trkpt>
			<trkpt lat="47.458160" lon="-1.140210"><ele>50</ele><time>2026-03-01T10:38:48Z</time></trkpt>
			<trkpt lat="47.458000" lon="-1.140660"><ele>48</ele><time>2026-03-01T10:39:00Z</time></trkpt>
			<trkpt lat="47.457880" lon="-1.140920"><ele>47</ele><time>2026-03-01T10:39:12Z</time></trkpt>
			<trkpt lat="47.457780" lon="-1.141060"><ele>47</ele><time>2026-03-01T10:39:24Z</time></trkpt>
			<trkpt lat="47.457560" lon="-1.141310"><ele>46</ele><time>2026-03-01T10:39:36Z</time></trkpt>
			<trkpt lat="47.457340" lon="-1.141490"><ele>46</ele><time>2026-03-01T10:39:48Z</time></trkpt>
			<trkpt lat="47.455680" lon="-1.142720"><ele>53</ele><time>2026-03-01T10:40:00Z</time></trkpt>
			<trkpt lat="47.455460" lon="-1.142940"><ele>53</ele><time>2026-03-01T10:40:12Z</time></trkpt>
			<trkpt lat="47.455240" lon="-1.143200"><ele>54</ele><time>2026-03-01T10:40:24Z</time></trkpt>
			<trkpt lat="47.455210" lon="-1.143230"><ele>54</ele><time>2026-03-01T10:40:36Z</time></trkpt>
			<trkpt lat="47.454540" lon="-1.143840"><ele>54</ele><time>2026-03-01T10:40:48Z</time></trkpt>
			<trkpt lat="47.454470" lon="-1.143900"><ele>54</ele><time>2026-03-01T10:41:00Z</time></trkpt>
			<trkpt lat="47.453620" lon="-1.144660"><ele>54</ele><time>2026-03-01T10:41:12Z</time></trkpt>
			<trkpt lat="47.453510" lon="-1.144730"><ele>54</ele><time>2026-03-01T10:41:24Z</time></trkpt>
			<trkpt lat="47.453280" lon="-1.144810"><ele>54</ele><time>2026-03-01T10:41:36Z</time></trkpt>
			<trkpt lat="47.453070" lon="-1.144810"><ele>55</ele><time>2026-03-01T10:41:48Z</time></trkpt>
			<trkpt lat="47.451790" lon="-1.144460"><ele>59</ele><time>2026-03-01T10:42:00Z</time></trkpt>
			<trkpt lat="47.451510" lon="-1.144420"><ele>60</ele><time>2026-03-01T10:42:12Z</time></trkpt>
			<trkpt lat="47.451290" lon="-1.144480"><ele>60</ele><time>2026-03-01T10:42:24Z</time></trkpt>
			<trkpt lat="47.451050" lon="-1.144640"><ele>61</ele><time>2026-03-01T10:42:36Z</time></trkpt>
			<trkpt lat="47.450860" lon="-1.144850"><ele>61</ele><time>2026-03-01T10:42:48Z</time></trkpt>
			<trkpt lat="47.450630" lon="-1.145250"><ele>62</ele><time>2026-03-01T10:43:00Z</time></trkpt>
			<trkpt lat="47.450460" lon="-1.145480"><ele>63</ele><time>2026-03-01T10:43:12Z</time></trkpt>
			<trkpt lat="47.450200" lon="-1.145770"><ele>64</ele><time>2026-03-01T10:43:24Z</time></trkpt>
			<trkpt lat="47.449810" lon="-1.146180"><ele>65</ele><time>2026-03-01T10:43:36Z</time></trkpt>
			<trkpt lat="47.449650" lon="-1.146420"><ele>65</ele><time>2026-03-01T10:43:48Z</time></trkpt>
			<trkpt lat="47.449210" lon="-1.147160"><ele>68</ele><time>2026-03-01T10:44:00Z</time></trkpt>
			<trkpt lat="47.449150" lon="-1.147190"><ele>69</ele><time>2026-03-01T10:44:12Z</time></trkpt>
			<trkpt lat="47.448450" lon="-1.146830"><ele>71</ele><time>2026-03-01T10:44:24Z</time></trkpt>
			<trkpt lat="47.447860" lon="-1.146530"><ele>73</ele><time>2026-03-01T10:44:36Z</time></trkpt>
			<trkpt lat="47.447830" lon="-1.146510"><ele>73</ele><time>2026-03-01T10:44:48Z</time></trkpt>
			<trkpt lat="47.446760" lon="-1.145950"><ele>76</ele><time>2026-03-01T10:45:00Z</time></trkpt>
			<trkpt lat="47.446620" lon="-1.145840"><ele>76</ele><time>2026-03-01T10:45:12Z</time></trkpt>
			<trkpt lat="47.446490" lon="-1.145730"><ele>76</ele><time>2026-03-01T10:45:24Z</time></trkpt>
			<trkpt lat="47.446360" lon="-1.145590"><ele>76</ele><time>2026-03-01T10:45:36Z</time></trkpt>
			<trkpt lat="47.445680" lon="-1.144630"><ele>74</ele><time>2026-03-01T10:45:48Z</time></trkpt>
			<trkpt lat="47.444020" lon="-1.142250"><ele>65</ele><time>2026-03-01T10:46:00Z</time></trkpt>
			<trkpt lat="47.443850" lon="-1.142050"><ele>65</ele><time>2026-03-01T10:46:12Z</time></trkpt>
			<trkpt lat="47.443670" lon="-1.141890"><ele>65</ele><time>2026-03-01T10:46:24Z</time></trkpt>
			<trkpt lat="47.443380" lon="-1.141740"><ele>64</ele><time>2026-03-01T10:46:36Z</time></trkpt>
			<trkpt lat="47.443280" lon="-1.141690"><ele>64</ele><time>2026-03-01T10:46:48Z</time></trkpt>
			<trkpt lat="47.442760" lon="-1.141430"><ele>65</ele><time>2026-03-01T10:47:00Z</time></trkpt>
			<trkpt lat="47.442230" lon="-1.141160"><ele>67</ele><time>2026-03-01T10:47:12Z</time></trkpt>
			<trkpt lat="47.442140" lon="-1.141110"><ele>68</ele><time>2026-03-01T10:47:24Z</time></trkpt>
			<trkpt lat="47.441820" lon="-1.140950"><ele>70</ele><time>2026-03-01T10:47:36Z</time></trkpt>
			<trkpt lat="47.441440" lon="-1.140760"><ele>72</ele><time>2026-03-01T10:47:48Z</time></trkpt>
			<trkpt lat="47.440690" lon="-1.140400"><ele>74</ele><time>2026-03-01T10:48:00Z</time></trkpt>
			<trkpt lat="47.440680" lon="-1.140760"><ele>74</ele><time>2026-03-01T10:48:12Z</time></trkpt>
			<trkpt lat="47.440670" lon="-1.141150"><ele>74</ele><time>2026-03-01T10:48:24Z</time></trkpt>
			<trkpt lat="47.440650" lon="-1.141240"><ele>74</ele><time>2026-03-01T10:48:36Z</time></trkpt>
			<trkpt lat="47.440620" lon="-1.141320"><ele>74</ele><time>2026-03-01T10:48:48Z</time></trkpt>
			<trkpt lat="47.440560" lon="-1.141410"><ele>73</ele><time>2026-03-01T10:49:00Z</time></trkpt>
			<trkpt lat="47.440520" lon="-1.141450"><ele>73</ele><time>2026-03-01T10:49:12Z</time></trkpt>
			<trkpt lat="47.440420" lon="-1.141530"><ele>73</ele><time>2026-03-01T10:49:24Z</time></trkpt>
			<trkpt lat="47.440260" lon="-1.141630"><ele>73</ele><time>2026-03-01T10:49:36Z</time></trkpt>
			<trkpt lat="47.440010" lon="-1.141810"><ele>72</ele><time>2026-03-01T10:49:48Z</time></trkpt>
			<trkpt lat="47.439850" lon="-1.141940"><ele>71</ele><time>2026-03-01T10:50:00Z</time></trkpt>
			<trkpt lat="47.439820" lon="-1.142000"><ele>71</ele><time>2026-03-01T10:50:12Z</time></trkpt>
			<trkpt lat="47.439750" lon="-1.142120"><ele>70</ele><time>2026-03-01T10:50:24Z</time></trkpt>
			<trkpt lat="47.439680" lon="-1.142270"><ele>70</ele><time>2026-03-01T10:50:36Z</time></trkpt>
			<trkpt lat="47.439620" lon="-1.142460"><ele>69</ele><time>2026-03-01T10:50:48Z</time></trkpt>
			<trkpt lat="47.439500" lon="-1.143050"><ele>67</ele><time>2026-03-01T10:51:00Z</time></trkpt>
			<trkpt lat="47.439450" lon="-1.143230"><ele>67</ele><time>2026-03-01T10:51:12Z</time></trkpt>
			<trkpt lat="47.438710" lon="-1.145580"><ele>61</ele><time>2026-03-01T10:51:24Z</time></trkpt>
			<trkpt lat="47.438700" lon="-1.145610"><ele>60</ele><time>2026-03-01T10:51:36Z</time></trkpt>
			<trkpt lat="47.438660" lon="-1.145600"><ele>60</ele><time>2026-03-01T10:51:48Z</time></trkpt>
			<trkpt lat="47.438560" lon="-1.145600"><ele>60</ele><time>2026-03-01T10:52:00Z</time></trkpt>
			<trkpt lat="47.438180" lon="-1.145640"><ele>59</ele><time>2026-03-01T10:52:12Z</time></trkpt>
			<trkpt lat="47.438010" lon="-1.145680"><ele>59</ele><time>2026-03-01T10:52:24Z</time></trkpt>
			<trkpt lat="47.437840" lon="-1.145800"><ele>58</ele><time>2026-03-01T10:52:36Z</time></trkpt>
			<trkpt lat="47.437720" lon="-1.145920"><ele>57</ele><time>2026-03-01T10:52:48Z</time></trkpt>
			<trkpt lat="47.437160" lon="-1.146820"><ele>55</ele><time>2026-03-01T10:53:00Z</time></trkpt>
			<trkpt lat="47.437050" lon="-1.147030"><ele>54</ele><time>2026-03-01T10:53:12Z</time></trkpt>
			<trkpt lat="47.436970" lon="-1.147250"><ele>54</ele><time>2026-03-01T10:53:24Z</time></trkpt>
			<trkpt lat="47.436860" lon="-1.147740"><ele>53</ele><time>2026-03-01T10:53:36Z</time></trkpt>
			<trkpt lat="47.436780" lon="-1.147950"><ele>53</ele><time>2026-03-01T10:53:48Z</time></trkpt>
			<trkpt lat="47.436680" lon="-1.148170"><ele>53</ele><time>2026-03-01T10:54:00Z</time></trkpt>
			<trkpt lat="47.436590" lon="-1.148300"><ele>53</ele><time>2026-03-01T10:54:12Z</time></trkpt>
			<trkpt lat="47.436450" lon="-1.148460"><ele>52</ele><time>2026-03-01T10:54:24Z</time></trkpt>
			<trkpt lat="47.435730" lon="-1.148960"><ele>49</ele><time>2026-03-01T10:54:36Z</time></trkpt>
			<trkpt lat="47.435440" lon="-1.149160"><ele>49</ele><time>2026-03-01T10:54:48Z</time></trkpt>
			<trkpt lat="47.435110" lon="-1.149430"><ele>48</ele><time>2026-03-01T10:55:00Z</time></trkpt>
			<trkpt lat="47.434580" lon="-1.149960"><ele>47</ele><time>2026-03-01T10:55:12Z</time></trkpt>
			<trkpt lat="47.434380" lon="-1.150120"><ele>46</ele><time>2026-03-01T10:55:24Z</time></trkpt>
			<trkpt lat="47.434180" lon="-1.150220"><ele>46</ele><time>2026-03-01T10:55:36Z</time></trkpt>
			<trkpt lat="47.433800" lon="-1.150380"><ele>46</ele><time>2026-03-01T10:55:48Z</time></trkpt>
			<trkpt lat="47.433550" lon="-1.150460"><ele>45</ele><time>2026-03-01T10:56:00Z</time></trkpt>
			<trkpt lat="47.433220" lon="-1.150600"><ele>45</ele><time>2026-03-01T10:56:12Z</time></trkpt>
			<trkpt lat="47.432980" lon="-1.150680"><ele>45</ele><time>2026-03-01T10:56:24Z</time></trkpt>
			<trkpt lat="47.432740" lon="-1.150740"><ele>44</ele><time>2026-03-01T10:56:36Z</time></trkpt>
			<trkpt lat="47.432570" lon="-1.150760"><ele>44</ele><time>2026-03-01T10:56:48Z</time></trkpt>
			<trkpt lat="47.432240" lon="-1.150700"><ele>44</ele><time>2026-03-01T10:57:00Z</time></trkpt>
			<trkpt lat="47.431720" lon="-1.150500"><ele>43</ele><time>2026-03-01T10:57:12Z</time></trkpt>
			<trkpt lat="47.431550" lon="-1.150480"><ele>43</ele><time>2026-03-01T10:57:24Z</time></trkpt>
			<trkpt lat="47.431250" lon="-1.150500"><ele>43</ele><time>2026-03-01T10:57:36Z</time></trkpt>
			<trkpt lat="47.431220" lon="-1.150500"><ele>43</ele><time>2026-03-01T10:57:48Z</time></trkpt>
			<trkpt lat="47.431010" lon="-1.150560"><ele>43</ele><time>2026-03-01T10:58:00Z</time></trkpt>
			<trkpt lat="47.430630" lon="-1.150730"><ele>42</ele><time>2026-03-01T10:58:12Z</time></trkpt>
			<trkpt lat="47.429620" lon="-1.151160"><ele>41</ele><time>2026-03-01T10:58:24Z</time></trkpt>
			<trkpt lat="47.429350" lon="-1.151230"><ele>41</ele><time>2026-03-01T10:58:36Z</time></trkpt>
			<trkpt lat="47.429070" lon="-1.151270"><ele>41</ele><time>2026-03-01T10:58:48Z</time></trkpt>
			<trkpt lat="47.427920" lon="-1.151220"><ele>41</ele><time>2026-03-01T10:59:00Z</time></trkpt>
			<trkpt lat="47.427690" lon="-1.151240"><ele>41</ele><time>2026-03-01T10:59:12Z</time></trkpt>
			<trkpt lat="47.426810" lon="-1.151450"><ele>42</ele><time>2026-03-01T10:59:24Z</time></trkpt>
			<trkpt lat="47.426640" lon="-1.151510"><ele>42</ele><time>2026-03-01T10:59:36Z</time></trkpt>
			<trkpt lat="47.426470" lon="-1.151640"><ele>42</ele><time>2026-03-01T10:59:48Z</time></trkpt>
			<trkpt lat="47.426320" lon="-1.151830"><ele>42</ele><time>2026-03-01T11:00:00Z</time></trkpt>
			<trkpt lat="47.426000" lon="-1.152310"><ele>41</ele><time>2026-03-01T11:00:12Z</time></trkpt>
			<trkpt lat="47.425950" lon="-1.152400"><ele>40</ele><time>2026-03-01T11:00:24Z</time></trkpt>
			<trkpt lat="47.423980" lon="-1.155240"><ele>37</ele><time>2026-03-01T11:00:36Z</time></trkpt>
			<trkpt lat="47.423510" lon="-1.155920"><ele>39</ele><time>2026-03-01T11:00:48Z</time></trkpt>
			<trkpt lat="47.423060" lon="-1.156560"><ele>38</ele><time>2026-03-01T11:01:00Z</time></trkpt>
			<trkpt lat="47.421490" lon="-1.158330"><ele>35</ele><time>2026-03-01T11:01:12Z</time></trkpt>
			<trkpt lat="47.421200" lon="-1.158700"><ele>34</ele><time>2026-03-01T11:01:24Z</time></trkpt>
			<trkpt lat="47.420940" lon="-1.159100"><ele>33</ele><time>2026-03-01T11:01:36Z</time></trkpt>
			<trkpt lat="47.420880" lon="-1.159180"><ele>33</ele><time>2026-03-01T11:01:48Z</time></trkpt>
			<trkpt lat="47.420300" lon="-1.160090"><ele>33</ele><time>2026-03-01T11:02:00Z</time></trkpt>
			<trkpt lat="47.419850" lon="-1.160790"><ele>31</ele><time>2026-03-01T11:02:12Z</time></trkpt>
			<trkpt lat="47.419710" lon="-1.160950"><ele>31</ele><time>2026-03-01T11:02:24Z</time></trkpt>
			<trkpt lat="47.419550" lon="-1.161070"><ele>31</ele><time>2026-03-01T11:02:36Z</time></trkpt>
			<trkpt lat="47.416860" lon="-1.162580"><ele>27</ele><time>2026-03-01T11:02:48Z</time></trkpt>
			<trkpt lat="47.415440" lon="-1.163380"><ele>24</ele><time>2026-03-01T11:03:00Z</time></trkpt>
			<trkpt lat="47.415290" lon="-1.163520"><ele>24</ele><time>2026-03-01T11:03:12Z</time></trkpt>
			<trkpt lat="47.415240" lon="-1.163600"><ele>24</ele><time>2026-03-01T11:03:24Z</time></trkpt>
			<trkpt lat="47.415200" lon="-1.163660"><ele>24</ele><time>2026-03-01T11:03:36Z</time></trkpt>
			<trkpt lat="47.415090" lon="-1.163840"><ele>24</ele><time>2026-03-01T11:03:48Z</time></trkpt>
			<trkpt lat="47.414560" lon="-1.165030"><ele>19</ele><time>2026-03-01T11:04:00Z</time></trkpt>
			<trkpt lat="47.414510" lon="-1.165190"><ele>18</ele><time>2026-03-01T11:04:12Z</time></trkpt>
			<trkpt lat="47.414500" lon="-1.165360"><ele>17</ele><time>2026-03-01T11:04:24Z</time></trkpt>
			<trkpt lat="47.414530" lon="-1.165520"><ele>16</ele><time>2026-03-01T11:04:36Z</time></trkpt>
			<trkpt lat="47.414590" lon="-1.165650"><ele>16</ele><time>2026-03-01T11:04:48Z</time></trkpt>
			<trkpt lat="47.414980" lon="-1.166130"><ele>19</ele><time>2026-03-01T11:05:00Z</time></trkpt>
			<trkpt lat="47.415050" lon="-1.166240"><ele>18</ele><time>2026-03-01T11:05:12Z</time></trkpt>
			<trkpt lat="47.415100" lon="-1.166370"><ele>18</ele><time>2026-03-01T11:05:24Z</time></trkpt>
			<trkpt lat="47.415120" lon="-1.166540"><ele>16</ele><time>2026-03-01T11:05:36Z</time></trkpt>
			<trkpt lat="47.415100" lon="-1.166690"><ele>15</ele><time>2026-03-01T11:05:48Z</time></trkpt>
			<trkpt lat="47.414890" lon="-1.167330"><ele>13</ele><time>2026-03-01T11:06:00Z</time></trkpt>
			<trkpt lat="47.414690" lon="-1.167850"><ele>13</ele><time>2026-03-01T11:06:12Z</time></trkpt>
			<trkpt lat="47.414210" lon="-1.169130"><ele>17</ele><time>2026-03-01T11:06:24Z</time></trkpt>
			<trkpt lat="47.414110" lon="-1.169310"><ele>18</ele><time>2026-03-01T11:06:36Z</time></trkpt>
			<trkpt lat="47.414010" lon="-1.169470"><ele>18</ele><time>2026-03-01T11:06:48Z</time></trkpt>
			<trkpt lat="47.413450" lon="-1.170040"><ele>20</ele><time>2026-03-01T11:07:00Z</time></trkpt>
			<trkpt lat="47.413310" lon="-1.170230"><ele>20</ele><time>2026-03-01T11:07:12Z</time></trkpt>
			<trkpt lat="47.413210" lon="-1.170410"><ele>21</ele><time>2026-03-01T11:07:24Z</time></trkpt>
			<trkpt lat="47.412890" lon="-1.171100"><ele>23</ele><time>2026-03-01T11:07:36Z</time></trkpt>
			<trkpt lat="47.412740" lon="-1.171390"><ele>25</ele><time>2026-03-01T11:07:48Z</time></trkpt>
			<trkpt lat="47.412680" lon="-1.171500"><ele>25</ele><time>2026-03-01T11:08:00Z</time></trkpt>
			<trkpt lat="47.412520" lon="-1.171740"><ele>26</ele><time>2026-03-01T11:08:12Z</time></trkpt>
			<trkpt lat="47.412440" lon="-1.171870"><ele>26</ele><time>2026-03-01T11:08:24Z</time></trkpt>
			<trkpt lat="47.412410" lon="-1.171830"><ele>26</ele><time>2026-03-01T11:08:36Z</time></trkpt>
			<trkpt lat="47.412290" lon="-1.171760"><ele>26</ele><time>2026-03-01T11:08:48Z</time></trkpt>
			<trkpt lat="47.412190" lon="-1.171660"><ele>26</ele><time>2026-03-01T11:09:00Z</time></trkpt>
			<trkpt lat="47.411110" lon="-1.169970"><ele>26</ele><time>2026-03-01T11:09:12Z</time></trkpt>
			<trkpt lat="47.410800" lon="-1.169470"><ele>25</ele><time>2026-03-01T11:09:24Z</time></trkpt>
			<trkpt lat="47.410640" lon="-1.169260"><ele>25</ele><time>2026-03-01T11:09:36Z</time></trkpt>
			<trkpt lat="47.410500" lon="-1.169120"><ele>25</ele><time>2026-03-01T11:09:48Z</time></trkpt>
			<trkpt lat="47.410270" lon="-1.168960"><ele>25</ele><time>2026-03-01T11:10:00Z</time></trkpt>
			<trkpt lat="47.409850" lon="-1.168740"><ele>23</ele><time>2026-03-01T11:10:12Z</time></trkpt>
			<trkpt lat="47.409420" lon="-1.168530"><ele>21</ele><time>2026-03-01T11:10:24Z</time></trkpt>
			<trkpt lat="47.409260" lon="-1.168460"><ele>21</ele><time>2026-03-01T11:10:36Z</time></trkpt>
			<trkpt lat="47.408760" lon="-1.168300"><ele>20</ele><time>2026-03-01T11:10:48Z</time></trkpt>
			<trkpt lat="47.408570" lon="-1.168260"><ele>20</ele><time>2026-03-01T11:11:00Z</time></trkpt>
			<trkpt lat="47.408470" lon="-1.168280"><ele>21</ele><time>2026-03-01T11:11:12Z</time></trkpt>
			<trkpt lat="47.408380" lon="-1.168330"><ele>21</ele><time>2026-03-01T11:11:24Z</time></trkpt>
			<trkpt lat="47.408320" lon="-1.168390"><ele>21</ele><time>2026-03-01T11:11:36Z</time></trkpt>
			<trkpt lat="47.408290" lon="-1.168440"><ele>21</ele><time>2026-03-01T11:11:48Z</time></trkpt>
			<trkpt lat="47.408260" lon="-1.168490"><ele>21</ele><time>2026-03-01T11:12:00Z</time></trkpt>
			<trkpt lat="47.408220" lon="-1.168670"><ele>21</ele><time>2026-03-01T11:12:12Z</time></trkpt>
			<trkpt lat="47.407150" lon="-1.173640"><ele>22</ele><time>2026-03-01T11:12:24Z</time></trkpt>
			<trkpt lat="47.407040" lon="-1.174080"><ele>23</ele><time>2026-03-01T11:12:36Z</time></trkpt>
			<trkpt lat="47.406990" lon="-1.174220"><ele>23</ele><time>2026-03-01T11:12:48Z</time></trkpt>
			<trkpt lat="47.406920" lon="-1.174320"><ele>23</ele><time>2026-03-01T11:13:00Z</time></trkpt>
			<trkpt lat="47.406810" lon="-1.174400"><ele>23</ele><time>2026-03-01T11:13:12Z</time></trkpt>
			<trkpt lat="47.406690" lon="-1.174460"><ele>23</ele><time>2026-03-01T11:13:24Z</time></trkpt>
			<trkpt lat="47.406570" lon="-1.174510"><ele>23</ele><time>2026-03-01T11:13:36Z</time></trkpt>
			<trkpt lat="47.406380" lon="-1.174570"><ele>23</ele><time>2026-03-01T11:13:48Z</time></trkpt>
			<trkpt lat="47.406230" lon="-1.174600"><ele>23</ele><time>2026-03-01T11:14:00Z</time></trkpt>
			<trkpt lat="47.405990" lon="-1.174610"><ele>23</ele><time>2026-03-01T11:14:12Z</time></trkpt>
			<trkpt lat="47.405510" lon="-1.174620"><ele>23</ele><time>2026-03-01T11:14:24Z</time></trkpt>
			<trkpt lat="47.404960" lon="-1.174610"><ele>22</ele><time>2026-03-01T11:14:36Z</time></trkpt>
			<trkpt lat="47.403790" lon="-1.174630"><ele>20</ele><time>2026-03-01T11:14:48Z</time></trkpt>
			<trkpt lat="47.403180" lon="-1.174640"><ele>19</ele><time>2026-03-01T11:15:00Z</time></trkpt>
			<trkpt lat="47.402970" lon="-1.174600"><ele>19</ele><time>2026-03-01T11:15:12Z</time></trkpt>
			<trkpt lat="47.402820" lon="-1.174540"><ele>19</ele><time>2026-03-01T11:15:24Z</time></trkpt>
			<trkpt lat="47.402610" lon="-1.174420"><ele>18</ele><time>2026-03-01T11:15:36Z</time></trkpt>
			<trkpt lat="47.402330" lon="-1.174260"><ele>18</ele><time>2026-03-01T11:15:48Z</time></trkpt>
			<trkpt lat="47.402230" lon="-1.174230"><ele>18</ele><time>2026-03-01T11:16:00Z</time></trkpt>
			<trkpt lat="47.402130" lon="-1.174200"><ele>18</ele><time>2026-03-01T11:16:12Z</time></trkpt>
			<trkpt lat="47.401980" lon="-1.174210"><ele>19</ele><time>2026-03-01T11:16:24Z</time></trkpt>
			<trkpt lat="47.401680" lon="-1.174310"><ele>19</ele><time>2026-03-01T11:16:36Z</time></trkpt>
			<trkpt lat="47.400730" lon="-1.174640"><ele>20</ele><time>2026-03-01T11:16:48Z</time></trkpt>
			<trkpt lat="47.400480" lon="-1.174760"><ele>22</ele><time>2026-03-01T11:17:00Z</time></trkpt>
			<trkpt lat="47.400400" lon="-1.174830"><ele>22</ele><time>2026-03-01T11:17:12Z</time></trkpt>
			<trkpt lat="47.400300" lon="-1.174930"><ele>23</ele><time>2026-03-01T11:17:24Z</time></trkpt>
			<trkpt lat="47.399580" lon="-1.175700"><ele>26</ele><time>2026-03-01T11:17:36Z</time></trkpt>
			<trkpt lat="47.399040" lon="-1.176260"><ele>27</ele><time>2026-03-01T11:17:48Z</time></trkpt>
			<trkpt lat="47.398970" lon="-1.176320"><ele>27</ele><time>2026-03-01T11:18:00Z</time></trkpt>
			<trkpt lat="47.398480" lon="-1.176640"><ele>27</ele><time>2026-03-01T11:18:12Z</time></trkpt>
			<trkpt lat="47.398330" lon="-1.176760"><ele>27</ele><time>2026-03-01T11:18:24Z</time></trkpt>
			<trkpt lat="47.398080" lon="-1.176950"><ele>26</ele><time>2026-03-01T11:18:36Z</time></trkpt>
			<trkpt lat="47.397680" lon="-1.177210"><ele>26</ele><time>2026-03-01T11:18:48Z</time></trkpt>
			<trkpt lat="47.397460" lon="-1.177370"><ele>26</ele><time>2026-03-01T11:19:00Z</time></trkpt>
			<trkpt lat="47.397400" lon="-1.177440"><ele>26</ele><time>2026-03-01T11:19:12Z</time></trkpt>
			<trkpt lat="47.397020" lon="-1.177890"><ele>24</ele><time>2026-03-01T11:19:24Z</time></trkpt>
			<trkpt lat="47.396900" lon="-1.178060"><ele>24</ele><time>2026-03-01T11:19:36Z</time></trkpt>
			<trkpt lat="47.396780" lon="-1.178220"><ele>23</ele><time>2026-03-01T11:19:48Z</time></trkpt>
			<trkpt lat="47.396490" lon="-1.178550"><ele>22</ele><time>2026-03-01T11:20:00Z</time></trkpt>
			<trkpt lat="47.396330" lon="-1.178710"><ele>21</ele><time>2026-03-01T11:20:12Z</time></trkpt>
			<trkpt lat="47.396060" lon="-1.178940"><ele>20</ele><time>2026-03-01T11:20:24Z</time></trkpt>
			<trkpt lat="47.395350" lon="-1.179580"><ele>16</ele><time>2026-03-01T11:20:36Z</time></trkpt>
			<trkpt lat="47.394960" lon="-1.179940"><ele>14</ele><time>2026-03-01T11:20:48Z</time></trkpt>
			<trkpt lat="47.394830" lon="-1.180090"><ele>14</ele><time>2026-03-01T11:21:00Z</time></trkpt>
			<trkpt lat="47.394530" lon="-1.180490"><ele>13</ele><time>2026-03-01T11:21:12Z</time></trkpt>
			<trkpt lat="47.394480" lon="-1.180440"><ele>13</ele><time>2026-03-01T11:21:24Z</time></trkpt>
			<trkpt lat="47.394040" lon="-1.180090"><ele>12</ele><time>2026-03-01T11:21:36Z</time></trkpt>
			<trkpt lat="47.393840" lon="-1.179970"><ele>11</ele><time>2026-03-01T11:21:48Z</time></trkpt>
			<trkpt lat="47.393640" lon="-1.179880"><ele>10</ele><time>2026-03-01T11:22:00Z</time></trkpt>
			<trkpt lat="47.393270" lon="-1.179740"><ele>9</ele><time>2026-03-01T11:22:12Z</time></trkpt>
			<trkpt lat="47.392870" lon="-1.179630"><ele>9</ele><time>2026-03-01T11:22:24Z</time></trkpt>
			<trkpt lat="47.392590" lon="-1.179700"><ele>9</ele><time>2026-03-01T11:22:36Z</time></trkpt>
			<trkpt lat="47.392430" lon="-1.179790"><ele>9</ele><time>2026-03-01T11:22:48Z</time></trkpt>
			<trkpt lat="47.391900" lon="-1.180030"><ele>11</ele><time>2026-03-01T11:23:00Z</time></trkpt>
			<trkpt lat="47.391660" lon="-1.180120"><ele>12</ele><time>2026-03-01T11:23:12Z</time></trkpt>
			<trkpt lat="47.391420" lon="-1.180260"><ele>13</ele><time>2026-03-01T11:23:24Z</time></trkpt>
			<trkpt lat="47.391380" lon="-1.180310"><ele>13</ele><time>2026-03-01T11:23:36Z</time></trkpt>
			<trkpt lat="47.391350" lon="-1.180340"><ele>13</ele><time>2026-03-01T11:23:48Z</time></trkpt>
			<trkpt lat="47.391310" lon="-1.180350"><ele>13</ele><time>2026-03-01T11:24:00Z</time></trkpt>
			<trkpt lat="47.391270" lon="-1.180350"><ele>14</ele><time>2026-03-01T11:24:12Z</time></trkpt>
			<trkpt lat="47.391230" lon="-1.180330"><ele>14</ele><time>2026-03-01T11:24:24Z</time></trkpt>
			<trkpt lat="47.391190" lon="-1.180280"><ele>14</ele><time>2026-03-01T11:24:36Z</time></trkpt>
			<trkpt lat="47.391090" lon="-1.180240"><ele>15</ele><time>2026-03-01T11:24:48Z</time></trkpt>
			<trkpt lat="47.390900" lon="-1.180220"><ele>16</ele><time>2026-03-01T11:25:00Z</time></trkpt>
			<trkpt lat="47.390660" lon="-1.180230"><ele>17</ele><time>2026-03-01T11:25:12Z</time></trkpt>
			<trkpt lat="47.390270" lon="-1.180220"><ele>18</ele><time>2026-03-01T11:25:24Z</time></trkpt>
			<trkpt lat="47.390040" lon="-1.180180"><ele>18</ele><time>2026-03-01T11:25:36Z</time></trkpt>
			<trkpt lat="47.389270" lon="-1.179990"><ele>20</ele><time>2026-03-01T11:25:48Z</time></trkpt>
			<trkpt lat="47.388980" lon="-1.179930"><ele>20</ele><time>2026-03-01T11:26:00Z</time></trkpt>
			<trkpt lat="47.388510" lon="-1.179910"><ele>21</ele><time>2026-03-01T11:26:12Z</time></trkpt>
			<trkpt lat="47.387760" lon="-1.179920"><ele>21</ele><time>2026-03-01T11:26:24Z</time></trkpt>
			<trkpt lat="47.387620" lon="-1.179920"><ele>21</ele><time>2026-03-01T11:26:36Z</time></trkpt>
			<trkpt lat="47.387240" lon="-1.179910"><ele>21</ele><time>2026-03-01T11:26:48Z</time></trkpt>
			<trkpt lat="47.386940" lon="-1.179900"><ele>21</ele><time>2026-03-01T11:27:00Z</time></trkpt>
			<trkpt lat="47.386810" lon="-1.179880"><ele>21</ele><time>2026-03-01T11:27:12Z</time></trkpt>
			<trkpt lat="47.386660" lon="-1.179860"><ele>21</ele><time>2026-03-01T11:27:24Z</time></trkpt>
			<trkpt lat="47.386500" lon="-1.179840"><ele>21</ele><time>2026-03-01T11:27:36Z</time></trkpt>
			<trkpt lat="47.386350" lon="-1.179820"><ele>21</ele><time>2026-03-01T11:27:48Z</time></trkpt>
			<trkpt lat="47.385920" lon="-1.179710"><ele>20</ele><time>2026-03-01T11:28:00Z</time></trkpt>
			<trkpt lat="47.385780" lon="-1.179670"><ele>20</ele><time>2026-03-01T11:28:12Z</time></trkpt>
			<trkpt lat="47.385560" lon="-1.179620"><ele>20</ele><time>2026-03-01T11:28:24Z</time></trkpt>
			<trkpt lat="47.385280" lon="-1.179550"><ele>20</ele><time>2026-03-01T11:28:36Z</time></trkpt>
			<trkpt lat="47.385050" lon="-1.179520"><ele>20</ele><time>2026-03-01T11:28:48Z</time></trkpt>
			<trkpt lat="47.384890" lon="-1.179500"><ele>20</ele><time>2026-03-01T11:29:00Z</time></trkpt>
			<trkpt lat="47.384620" lon="-1.179470"><ele>20</ele><time>2026-03-01T11:29:12Z</time></trkpt>
			<trkpt lat="47.384510" lon="-1.179460"><ele>20</ele><time>2026-03-01T11:29:24Z</time></trkpt>
			<trkpt lat="47.384280" lon="-1.179430"><ele>21</ele><time>2026-03-01T11:29:36Z</time></trkpt>
			<trkpt lat="47.383820" lon="-1.179370"><ele>20</ele><time>2026-03-01T11:29:48Z</time></trkpt>
			<trkpt lat="47.383180" lon="-1.179300"><ele>20</ele><time>2026-03-01T11:30:00Z</time></trkpt>
			<trkpt lat="47.382930" lon="-1.179270"><ele>20</ele><time>2026-03-01T11:30:12Z</time></trkpt>
			<trkpt lat="47.382790" lon="-1.179250"><ele>21</ele><time>2026-03-01T11:30:24Z</time></trkpt>
			<trkpt lat="47.382620" lon="-1.179240"><ele>21</ele><time>2026-03-01T11:30:36Z</time></trkpt>
			<trkpt lat="47.382090" lon="-1.179170"><ele>21</ele><time>2026-03-01T11:30:48Z</time></trkpt>
			<trkpt lat="47.381780" lon="-1.179150"><ele>20</ele><time>2026-03-01T11:31:00Z</time></trkpt>
			<trkpt lat="47.381600" lon="-1.179150"><ele>20</ele><time>2026-03-01T11:31:12Z</time></trkpt>
			<trkpt lat="47.381320" lon="-1.179210"><ele>21</ele><time>2026-03-01T11:31:24Z</time></trkpt>
			<trkpt lat="47.380830" lon="-1.179380"><ele>23</ele><time>2026-03-01T11:31:36Z</time></trkpt>
			<trkpt lat="47.380540" lon="-1.179470"><ele>23</ele><time>2026-03-01T11:31:48Z</time></trkpt>
			<trkpt lat="47.380180" lon="-1.179540"><ele>24</ele><time>2026-03-01T11:32:00Z</time></trkpt>
			<trkpt lat="47.379660" lon="-1.179520"><ele>24</ele><time>2026-03-01T11:32:12Z</time></trkpt>
			<trkpt lat="47.379510" lon="-1.179500"><ele>24</ele><time>2026-03-01T11:32:24Z</time></trkpt>
			<trkpt lat="47.379130" lon="-1.179430"><ele>23</ele><time>2026-03-01T11:32:36Z</time></trkpt>
			<trkpt lat="47.378653" lon="-1.179304"><ele>23</ele><time>2026-03-01T11:32:48Z</time></trkpt>
			<trkpt lat="47.377550" lon="-1.179471"><ele>23</ele><time>2026-03-01T11:33:00Z</time></trkpt>
			<trkpt lat="47.376447" lon="-1.179638"><ele>23</ele><time>2026-03-01T11:33:12Z</time></trkpt>
			<trkpt lat="47.375344" lon="-1.179804"><ele>23</ele><time>2026-03-01T11:33:24Z</time></trkpt>
			<trkpt lat="47.374241" lon="-1.179971"><ele>23</ele><time>2026-03-01T11:33:36Z</time></trkpt>
			<trkpt lat="47.373138" lon="-1.180138"><ele>23</ele><time>2026-03-01T11:33:48Z</time></trkpt>
			<trkpt lat="47.372035" lon="-1.180305"><ele>23</ele><time>2026-03-01T11:34:00Z</time></trkpt>
			<trkpt lat="47.370932" lon="-1.180472"><ele>23</ele><time>2026-03-01T11:34:12Z</time></trkpt>
			<trkpt lat="47.369829" lon="-1.180639"><ele>23</ele><time>2026-03-01T11:34:24Z</time></trkpt>
			<trkpt lat="47.368725" lon="-1.180806"><ele>23</ele><time>2026-03-01T11:34:36Z</time></trkpt>
			<trkpt lat="47.367622" lon="-1.180973"><ele>23</ele><time>2026-03-01T11:34:48Z</time></trkpt>
			<trkpt lat="47.366519" lon="-1.181139"><ele>23</ele><time>2026-03-01T11:35:00Z</time></trkpt>
			<trkpt lat="47.365416" lon="-1.181306"><ele>23</ele><time>2026-03-01T11:35:12Z</time></trkpt>
			<trkpt lat="47.364313" lon="-1.181473"><ele>23</ele><time>2026-03-01T11:35:24Z</time></trkpt>
			<trkpt lat="47.363210" lon="-1.181640"><ele>23</ele><time>2026-03-01T11:35:36Z</time></trkpt>
		</trkseg>
	</trk>
</gpx>
