<?xml version="1.0" encoding="UTF-8" ?>
<gpx version="1.1" xmlns:xsi="http://www.w3.org/2001/XMLSchema-instance"
    xmlns="http://www.topografix.com/GPX/1/1"
    xsi:schemaLocation="http://www.topografix.com/GPX/1/1 http://www.topografix.com/GPX/1/1/gpx.xsd"
    creator="Club'O'Clock — jeu de démonstration">
	<trk>
		<name>Grand Nord 85 km</name>
		<trkseg>
			<trkpt lat="47.363210" lon="-1.181640"><ele>22</ele><time>2026-03-01T08:00:00Z</time></trkpt>
			<trkpt lat="47.364221" lon="-1.182338"><ele>22</ele><time>2026-03-01T08:00:12Z</time></trkpt>
			<trkpt lat="47.365233" lon="-1.183035"><ele>22</ele><time>2026-03-01T08:00:24Z</time></trkpt>
			<trkpt lat="47.366244" lon="-1.183733"><ele>22</ele><time>2026-03-01T08:00:36Z</time></trkpt>
			<trkpt lat="47.367255" lon="-1.184430"><ele>22</ele><time>2026-03-01T08:00:48Z</time></trkpt>
			<trkpt lat="47.368266" lon="-1.185128"><ele>22</ele><time>2026-03-01T08:01:00Z</time></trkpt>
			<trkpt lat="47.369278" lon="-1.185825"><ele>22</ele><time>2026-03-01T08:01:12Z</time></trkpt>
			<trkpt lat="47.370289" lon="-1.186523"><ele>22</ele><time>2026-03-01T08:01:24Z</time></trkpt>
			<trkpt lat="47.371300" lon="-1.187220"><ele>22</ele><time>2026-03-01T08:01:36Z</time></trkpt>
			<trkpt lat="47.372311" lon="-1.187918"><ele>22</ele><time>2026-03-01T08:01:48Z</time></trkpt>
			<trkpt lat="47.373323" lon="-1.188615"><ele>22</ele><time>2026-03-01T08:02:00Z</time></trkpt>
			<trkpt lat="47.374334" lon="-1.189313"><ele>22</ele><time>2026-03-01T08:02:12Z</time></trkpt>
			<trkpt lat="47.375345" lon="-1.190010"><ele>22</ele><time>2026-03-01T08:02:24Z</time></trkpt>
			<trkpt lat="47.376356" lon="-1.190708"><ele>22</ele><time>2026-03-01T08:02:36Z</time></trkpt>
			<trkpt lat="47.377368" lon="-1.191405"><ele>22</ele><time>2026-03-01T08:02:48Z</time></trkpt>
			<trkpt lat="47.378379" lon="-1.192103"><ele>22</ele><time>2026-03-01T08:03:00Z</time></trkpt>
			<trkpt lat="47.379390" lon="-1.192800"><ele>22</ele><time>2026-03-01T08:03:12Z</time></trkpt>
			<trkpt lat="47.380401" lon="-1.193498"><ele>22</ele><time>2026-03-01T08:03:24Z</time></trkpt>
			<trkpt lat="47.380530" lon="-1.193640"><ele>22</ele><time>2026-03-01T08:03:36Z</time></trkpt>
			<trkpt lat="47.381040" lon="-1.194220"><ele>22</ele><time>2026-03-01T08:03:48Z</time></trkpt>
			<trkpt lat="47.382470" lon="-1.195790"><ele>20</ele><time>2026-03-01T08:04:00Z</time></trkpt>
			<trkpt lat="47.382630" lon="-1.195970"><ele>20</ele><time>2026-03-01T08:04:12Z</time></trkpt>
			<trkpt lat="47.382820" lon="-1.196150"><ele>20</ele><time>2026-03-01T08:04:24Z</time></trkpt>
			<trkpt lat="47.382840" lon="-1.196120"><ele>20</ele><time>2026-03-01T08:04:36Z</time></trkpt>
			<trkpt lat="47.382860" lon="-1.196100"><ele>20</ele><time>2026-03-01T08:04:48Z</time></trkpt>
			<trkpt lat="47.382900" lon="-1.196090"><ele>20</ele><time>2026-03-01T08:05:00Z</time></trkpt>
			<trkpt lat="47.382920" lon="-1.196100"><ele>20</ele><time>2026-03-01T08:05:12Z</time></trkpt>
			<trkpt lat="47.382950" lon="-1.196120"><ele>20</ele><time>2026-03-01T08:05:24Z</time></trkpt>
			<trkpt lat="47.382970" lon="-1.196150"><ele>20</ele><time>2026-03-01T08:05:36Z</time></trkpt>
			<trkpt lat="47.382990" lon="-1.196190"><ele>20</ele><time>2026-03-01T08:05:48Z</time></trkpt>
			<trkpt lat="47.382990" lon="-1.196240"><ele>20</ele><time>2026-03-01T08:06:00Z</time></trkpt>
			<trkpt lat="47.382980" lon="-1.196280"><ele>20</ele><time>2026-03-01T08:06:12Z</time></trkpt>
			<trkpt lat="47.382970" lon="-1.196320"><ele>20</ele><time>2026-03-01T08:06:24Z</time></trkpt>
			<trkpt lat="47.383070" lon="-1.196450"><ele>20</ele><time>2026-03-01T08:06:36Z</time></trkpt>
			<trkpt lat="47.383790" lon="-1.197260"><ele>18</ele><time>2026-03-01T08:06:48Z</time></trkpt>
			<trkpt lat="47.383920" lon="-1.197400"><ele>18</ele><time>2026-03-01T08:07:00Z</time></trkpt>
			<trkpt lat="47.384370" lon="-1.197890"><ele>17</ele><time>2026-03-01T08:07:12Z</time></trkpt>
			<trkpt lat="47.384520" lon="-1.198010"><ele>17</ele><time>2026-03-01T08:07:24Z</time></trkpt>
			<trkpt lat="47.384600" lon="-1.198080"><ele>17</ele><time>2026-03-01T08:07:36Z</time></trkpt>
			<trkpt lat="47.384650" lon="-1.198060"><ele>17</ele><time>2026-03-01T08:07:48Z</time></trkpt>
			<trkpt lat="47.384700" lon="-1.198080"><ele>17</ele><time>2026-03-01T08:08:00Z</time></trkpt>
			<trkpt lat="47.384730" lon="-1.198110"><ele>17</ele><time>2026-03-01T08:08:12Z</time></trkpt>
			<trkpt lat="47.384750" lon="-1.198160"><ele>17</ele><time>2026-03-01T08:08:24Z</time></trkpt>
			<trkpt lat="47.384750" lon="-1.198210"><ele>17</ele><time>2026-03-01T08:08:36Z</time></trkpt>
			<trkpt lat="47.384800" lon="-1.198290"><ele>16</ele><time>2026-03-01T08:08:48Z</time></trkpt>
			<trkpt lat="47.384970" lon="-1.198560"><ele>16</ele><time>2026-03-01T08:09:00Z</time></trkpt>
			<trkpt lat="47.385160" lon="-1.198770"><ele>16</ele><time>2026-03-01T08:09:12Z</time></trkpt>
			<trkpt lat="47.385380" lon="-1.198930"><ele>16</ele><time>2026-03-01T08:09:24Z</time></trkpt>
			<trkpt lat="47.385440" lon="-1.198960"><ele>16</ele><time>2026-03-01T08:09:36Z</time></trkpt>
			<trkpt lat="47.386120" lon="-1.199340"><ele>16</ele><time>2026-03-01T08:09:48Z</time></trkpt>
			<trkpt lat="47.386240" lon="-1.199430"><ele>17</ele><time>2026-03-01T08:10:00Z</time></trkpt>
			<trkpt lat="47.386310" lon="-1.199490"><ele>17</ele><time>2026-03-01T08:10:12Z</time></trkpt>
			<trkpt lat="47.386340" lon="-1.199550"><ele>17</ele><time>2026-03-01T08:10:24Z</time></trkpt>
			<trkpt lat="47.386390" lon="-1.199640"><ele>17</ele><time>2026-03-01T08:10:36Z</time></trkpt>
			<trkpt lat="47.386500" lon="-1.199900"><ele>18</ele><time>2026-03-01T08:10:48Z</time></trkpt>
			<trkpt lat="47.386570" lon="-1.200050"><ele>18</ele><time>2026-03-01T08:11:00Z</time></trkpt>
			<trkpt lat="47.386660" lon="-1.200170"><ele>18</ele><time>2026-03-01T08:11:12Z</time></trkpt>
			<trkpt lat="47.386740" lon="-1.200170"><ele>18</ele><time>2026-03-01T08:11:24Z</time></trkpt>
			<trkpt lat="47.386790" lon="-1.200180"><ele>19</ele><time>2026-03-01T08:11:36Z</time></trkpt>
			<trkpt lat="47.386870" lon="-1.200240"><ele>19</ele><time>2026-03-01T08:11:48Z</time></trkpt>
			<trkpt lat="47.386920" lon="-1.200300"><ele>19</ele><time>2026-03-01T08:12:00Z</time></trkpt>
			<trkpt lat="47.386960" lon="-1.200400"><ele>20</ele><time>2026-03-01T08:12:12Z</time></trkpt>
			<trkpt lat="47.386980" lon="-1.200520"><ele>20</ele><time>2026-03-01T08:12:24Z</time></trkpt>
			<trkpt lat="47.386980" lon="-1.200640"><ele>20</ele><time>2026-03-01T08:12:36Z</time></trkpt>
			<trkpt lat="47.386960" lon="-1.200700"><ele>20</ele><time>2026-03-01T08:12:48Z</time></trkpt>
			<trkpt lat="47.386960" lon="-1.200820"><ele>19</ele><time>2026-03-01T08:13:00Z</time></trkpt>
			<trkpt lat="47.387000" lon="-1.200940"><ele>20</ele><time>2026-03-01T08:13:12Z</time></trkpt>
			<trkpt lat="47.387070" lon="-1.201040"><ele>21</ele><time>2026-03-01T08:13:24Z</time></trkpt>
			<trkpt lat="47.387240" lon="-1.201110"><ele>22</ele><time>2026-03-01T08:13:36Z</time></trkpt>
			<trkpt lat="47.387530" lon="-1.201110"><ele>24</ele><time>2026-03-01T08:13:48Z</time></trkpt>
			<trkpt lat="47.387680" lon="-1.201090"><ele>25</ele><time>2026-03-01T08:14:00Z</time></trkpt>
			<trkpt lat="47.388540" lon="-1.200970"><ele>26</ele><time>2026-03-01T08:14:12Z</time></trkpt>
			<trkpt lat="47.388970" lon="-1.200920"><ele>28</ele><time>2026-03-01T08:14:24Z</time></trkpt>
			<trkpt lat="47.389180" lon="-1.200930"><ele>28</ele><time>2026-03-01T08:14:36Z</time></trkpt>
			<trkpt lat="47.389310" lon="-1.200950"><ele>28</ele><time>2026-03-01T08:14:48Z</time></trkpt>
			<trkpt lat="47.389430" lon="-1.200980"><ele>28</ele><time>2026-03-01T08:15:00Z</time></trkpt>
			<trkpt lat="47.389640" lon="-1.201070"><ele>29</ele><time>2026-03-01T08:15:12Z</time></trkpt>
			<trkpt lat="47.390910" lon="-1.201710"><ele>28</ele><time>2026-03-01T08:15:24Z</time></trkpt>
			<trkpt lat="47.391200" lon="-1.201910"><ele>27</ele><time>2026-03-01T08:15:36Z</time></trkpt>
			<trkpt lat="47.391350" lon="-1.202070"><ele>27</ele><time>2026-03-01T08:15:48Z</time></trkpt>
			<trkpt lat="47.391560" lon="-1.202310"><ele>27</ele><time>2026-03-01T08:16:00Z</time></trkpt>
			<trkpt lat="47.393660" lon="-1.205080"><ele>25</ele><time>2026-03-01T08:16:12Z</time></trkpt>
			<trkpt lat="47.394340" lon="-1.205970"><ele>25</ele><time>2026-03-01T08:16:24Z</time></trkpt>
			<trkpt lat="47.395120" lon="-1.206980"><ele>25</ele><time>2026-03-01T08:16:36Z</time></trkpt>
			<trkpt lat="47.395240" lon="-1.207190"><ele>24</ele><time>2026-03-01T08:16:48Z</time></trkpt>
			<trkpt lat="47.395330" lon="-1.207360"><ele>24</ele><time>2026-03-01T08:17:00Z</time></trkpt>
			<trkpt lat="47.395390" lon="-1.207480"><ele>24</ele><time>2026-03-01T08:17:12Z</time></trkpt>
			<trkpt lat="47.395530" lon="-1.207800"><ele>24</ele><time>2026-03-01T08:17:24Z</time></trkpt>
			<trkpt lat="47.395830" lon="-1.208550"><ele>24</ele><time>2026-03-01T08:17:36Z</time></trkpt>
			<trkpt lat="47.395940" lon="-1.208790"><ele>24</ele><time>2026-03-01T08:17:48Z</time></trkpt>
			<trkpt lat="47.396030" lon="-1.208930"><ele>24</ele><time>2026-03-01T08:18:00Z</time></trkpt>
			<trkpt lat="47.396220" lon="-1.209220"><ele>24</ele><time>2026-03-01T08:18:12Z</time></trkpt>
			<trkpt lat="47.396360" lon="-1.209370"><ele>24</ele><time>2026-03-01T08:18:24Z</time></trkpt>
			<trkpt lat="47.396590" lon="-1.209610"><ele>24</ele><time>2026-03-01T08:18:36Z</time></trkpt>
			<trkpt lat="47.397480" lon="-1.210350"><ele>23</ele><time>2026-03-01T08:18:48Z</time></trkpt>
			<trkpt lat="47.398280" lon="-1.210970"><ele>25</ele><time>2026-03-01T08:19:00Z</time></trkpt>
			<trkpt lat="47.399210" lon="-1.211680"><ele>25</ele><time>2026-03-01T08:19:12Z</time></trkpt>
			<trkpt lat="47.399230" lon="-1.211630"><ele>25</ele><time>2026-03-01T08:19:24Z</time></trkpt>
			<trkpt lat="47.399270" lon="-1.211600"><ele>25</ele><time>2026-03-01T08:19:36Z</time></trkpt>
			<trkpt lat="47.399310" lon="-1.211580"><ele>25</ele><time>2026-03-01T08:19:48Z</time></trkpt>
			<trkpt lat="47.399350" lon="-1.211590"><ele>26</ele><time>2026-03-01T08:20:00Z</time></trkpt>
			<trkpt lat="47.399380" lon="-1.211610"><ele>26</ele><time>2026-03-01T08:20:12Z</time></trkpt>
			<trkpt lat="47.399410" lon="-1.211640"><ele>26</ele><time>2026-03-01T08:20:24Z</time></trkpt>
			<trkpt lat="47.399420" lon="-1.211690"><ele>26</ele><time>2026-03-01T08:20:36Z</time></trkpt>
			<trkpt lat="47.399430" lon="-1.211730"><ele>26</ele><time>2026-03-01T08:20:48Z</time></trkpt>
			<trkpt lat="47.399430" lon="-1.211790"><ele>26</ele><time>2026-03-01T08:21:00Z</time></trkpt>
			<trkpt lat="47.399420" lon="-1.211830"><ele>26</ele><time>2026-03-01T08:21:12Z</time></trkpt>
			<trkpt lat="47.399400" lon="-1.211880"><ele>26</ele><time>2026-03-01T08:21:24Z</time></trkpt>
			<trkpt lat="47.399370" lon="-1.211910"><ele>26</ele><time>2026-03-01T08:21:36Z</time></trkpt>
			<trkpt lat="47.399330" lon="-1.211930"><ele>26</ele><time>2026-03-01T08:21:48Z</time></trkpt>
			<trkpt lat="47.399290" lon="-1.211930"><ele>26</ele><time>2026-03-01T08:22:00Z</time></trkpt>
			<trkpt lat="47.399260" lon="-1.211910"><ele>26</ele><time>2026-03-01T08:22:12Z</time></trkpt>
			<trkpt lat="47.399200" lon="-1.212040"><ele>26</ele><time>2026-03-01T08:22:24Z</time></trkpt>
			<trkpt lat="47.399280" lon="-1.212090"><ele>26</ele><time>2026-03-01T08:22:36Z</time></trkpt>
			<trkpt lat="47.399320" lon="-1.212090"><ele>27</ele><time>2026-03-01T08:22:48Z</time></trkpt>
			<trkpt lat="47.399350" lon="-1.212060"><ele>27</ele><time>2026-03-01T08:23:00Z</time></trkpt>
			<trkpt lat="47.399400" lon="-1.212030"><ele>27</ele><time>2026-03-01T08:23:12Z</time></trkpt>
			<trkpt lat="47.399430" lon="-1.212030"><ele>27</ele><time>2026-03-01T08:23:24Z</time></trkpt>
			<trkpt lat="47.399810" lon="-1.212220"><ele>29</ele><time>2026-03-01T08:23:36Z</time></trkpt>
			<trkpt lat="47.400000" lon="-1.212390"><ele>30</ele><time>2026-03-01T08:23:48Z</time></trkpt>
			<trkpt lat="47.400150" lon="-1.212440"><ele>30</ele><time>2026-03-01T08:24:00Z</time></trkpt>
			<trkpt lat="47.400790" lon="-1.212910"><ele>32</ele><time>2026-03-01T08:24:12Z</time></trkpt>
			<trkpt lat="47.401140" lon="-1.213170"><ele>32</ele><time>2026-03-01T08:24:24Z</time></trkpt>
			<trkpt lat="47.401160" lon="-1.213240"><ele>32</ele><time>2026-03-01T08:24:36Z</time></trkpt>
			<trkpt lat="47.403100" lon="-1.214660"><ele>29</ele><time>2026-03-01T08:24:48Z</time></trkpt>
			<trkpt lat="47.403110" lon="-1.214700"><ele>29</ele><time>2026-03-01T08:25:00Z</time></trkpt>
			<trkpt lat="47.403120" lon="-1.214760"><ele>29</ele><time>2026-03-01T08:25:12Z</time></trkpt>
			<trkpt lat="47.403170" lon="-1.214820"><ele>29</ele><time>2026-03-01T08:25:24Z</time></trkpt>
			<trkpt lat="47.403210" lon="-1.214860"><ele>29</ele><time>2026-03-01T08:25:36Z</time></trkpt>
			<trkpt lat="47.403240" lon="-1.214860"><ele>29</ele><time>2026-03-01T08:25:48Z</time></trkpt>
			<trkpt lat="47.403280" lon="-1.214840"><ele>29</ele><time>2026-03-01T08:26:00Z</time></trkpt>
			<trkpt lat="47.403320" lon="-1.214840"><ele>29</ele><time>2026-03-01T08:26:12Z</time></trkpt>
			<trkpt lat="47.403360" lon="-1.214860"><ele>29</ele><time>2026-03-01T08:26:24Z</time></trkpt>
			<trkpt lat="47.404150" lon="-1.215460"><ele>28</ele><time>2026-03-01T08:26:36Z</time></trkpt>
			<trkpt lat="47.404310" lon="-1.215590"><ele>27</ele><time>2026-03-01T08:26:48Z</time></trkpt>
			<trkpt lat="47.404580" lon="-1.215760"><ele>27</ele><time>2026-03-01T08:27:00Z</time></trkpt>
			<trkpt lat="47.404860" lon="-1.215980"><ele>28</ele><time>2026-03-01T08:27:12Z</time></trkpt>
			<trkpt lat="47.405450" lon="-1.216410"><ele>28</ele><time>2026-03-01T08:27:24Z</time></trkpt>
			<trkpt lat="47.405480" lon="-1.216470"><ele>28</ele><time>2026-03-01T08:27:36Z</time></trkpt>
			<trkpt lat="47.405530" lon="-1.216540"><ele>28</ele><time>2026-03-01T08:27:48Z</time></trkpt>
			<trkpt lat="47.405580" lon="-1.216580"><ele>28</ele><time>2026-03-01T08:28:00Z</time></trkpt>
			<trkpt lat="47.405620" lon="-1.216590"><ele>28</ele><time>2026-03-01T08:28:12Z</time></trkpt>
			<trkpt lat="47.405660" lon="-1.216570"><ele>28</ele><time>2026-03-01T08:28:24Z</time></trkpt>
			<trkpt lat="47.408890" lon="-1.218980"><ele>37</ele><time>2026-03-01T08:28:36Z</time></trkpt>
			<trkpt lat="47.408920" lon="-1.219030"><ele>37</ele><time>2026-03-01T08:28:48Z</time></trkpt>
			<trkpt lat="47.408920" lon="-1.219120"><ele>38</ele><time>2026-03-01T08:29:00Z</time></trkpt>
			<trkpt lat="47.408970" lon="-1.219190"><ele>38</ele><time>2026-03-01T08:29:12Z</time></trkpt>
			<trkpt lat="47.409050" lon="-1.218950"><ele>37</ele><time>2026-03-01T08:29:24Z</time></trkpt>
			<trkpt lat="47.410800" lon="-1.220260"><ele>43</ele><time>2026-03-01T08:29:36Z</time></trkpt>
			<trkpt lat="47.412130" lon="-1.221260"><ele>47</ele><time>2026-03-01T08:29:48Z</time></trkpt>
			<trkpt lat="47.412060" lon="-1.221420"><ele>47</ele><time>2026-03-01T08:30:00Z</time></trkpt>
			<trkpt lat="47.412120" lon="-1.221480"><ele>47</ele><time>2026-03-01T08:30:12Z</time></trkpt>
			<trkpt lat="47.412200" lon="-1.221450"><ele>47</ele><time>2026-03-01T08:30:24Z</time></trkpt>
			<trkpt lat="47.413780" lon="-1.222630"><ele>53</ele><time>2026-03-01T08:30:36Z</time></trkpt>
			<trkpt lat="47.413880" lon="-1.222650"><ele>53</ele><time>2026-03-01T08:30:48Z</time></trkpt>
			<trkpt lat="47.414570" lon="-1.223160"><ele>55</ele><time>2026-03-01T08:31:00Z</time></trkpt>
			<trkpt lat="47.414610" lon="-1.223240"><ele>55</ele><time>2026-03-01T08:31:12Z</time></trkpt>
			<trkpt lat="47.415240" lon="-1.223680"><ele>56</ele><time>2026-03-01T08:31:24Z</time></trkpt>
			<trkpt lat="47.415850" lon="-1.223970"><ele>57</ele><time>2026-03-01T08:31:36Z</time></trkpt>
			<trkpt lat="47.416320" lon="-1.224150"><ele>57</ele><time>2026-03-01T08:31:48Z</time></trkpt>
			<trkpt lat="47.416430" lon="-1.224130"><ele>57</ele><time>2026-03-01T08:32:00Z</time></trkpt>
			<trkpt lat="47.417200" lon="-1.224430"><ele>56</ele><time>2026-03-01T08:32:12Z</time></trkpt>
			<trkpt lat="47.417250" lon="-1.224500"><ele>56</ele><time>2026-03-01T08:32:24Z</time></trkpt>
			<trkpt lat="47.419070" lon="-1.225200"><ele>55</ele><time>2026-03-01T08:32:36Z</time></trkpt>
			<trkpt lat="47.419140" lon="-1.225240"><ele>55</ele><time>2026-03-01T08:32:48Z</time></trkpt>
			<trkpt lat="47.419160" lon="-1.225270"><ele>55</ele><time>2026-03-01T08:33:00Z</time></trkpt>
			<trkpt lat="47.419170" lon="-1.225320"><ele>55</ele><time>2026-03-01T08:33:12Z</time></trkpt>
			<trkpt lat="47.419240" lon="-1.225380"><ele>55</ele><time>2026-03-01T08:33:24Z</time></trkpt>
			<trkpt lat="47.419320" lon="-1.225430"><ele>55</ele><time>2026-03-01T08:33:36Z</time></trkpt>
			<trkpt lat="47.419320" lon="-1.225430"><ele>55</ele><time>2026-03-01T08:33:48Z</time></trkpt>
			<trkpt lat="47.419410" lon="-1.225360"><ele>54</ele><time>2026-03-01T08:34:00Z</time></trkpt>
			<trkpt lat="47.419500" lon="-1.225360"><ele>54</ele><time>2026-03-01T08:34:12Z</time></trkpt>
			<trkpt lat="47.420330" lon="-1.225680"><ele>51</ele><time>2026-03-01T08:34:24Z</time></trkpt>
			<trkpt lat="47.421100" lon="-1.225990"><ele>49</ele><time>2026-03-01T08:34:36Z</time></trkpt>
			<trkpt lat="47.421860" lon="-1.226250"><ele>49</ele><time>2026-03-01T08:34:48Z</time></trkpt>
			<trkpt lat="47.422610" lon="-1.226560"><ele>46</ele><time>2026-03-01T08:35:00Z</time></trkpt>
			<trkpt lat="47.425500" lon="-1.227660"><ele>41</ele><time>2026-03-01T08:35:12Z</time></trkpt>
			<trkpt lat="47.425610" lon="-1.227560"><ele>41</ele><time>2026-03-01T08:35:24Z</time></trkpt>
			<trkpt lat="47.425710" lon="-1.227610"><ele>41</ele><time>2026-03-01T08:35:36Z</time></trkpt>
			<trkpt lat="47.425940" lon="-1.227750"><ele>41</ele><time>2026-03-01T08:35:48Z</time></trkpt>
			<trkpt lat="47.426140" lon="-1.227910"><ele>41</ele><time>2026-03-01T08:36:00Z</time></trkpt>
			<trkpt lat="47.426530" lon="-1.228220"><ele>40</ele><time>2026-03-01T08:36:12Z</time></trkpt>
			<trkpt lat="47.426890" lon="-1.228530"><ele>40</ele><time>2026-03-01T08:36:24Z</time></trkpt>
			<trkpt lat="47.427380" lon="-1.228940"><ele>40</ele><time>2026-03-01T08:36:36Z</time></trkpt>
			<trkpt lat="47.427430" lon="-1.228960"><ele>40</ele><time>2026-03-01T08:36:48Z</time></trkpt>
			<trkpt lat="47.427660" lon="-1.229150"><ele>40</ele><time>2026-03-01T08:37:00Z</time></trkpt>
			<trkpt lat="47.427750" lon="-1.229240"><ele>40</ele><time>2026-03-01T08:37:12Z</time></trkpt>
			<trkpt lat="47.427920" lon="-1.229380"><ele>40</ele><time>2026-03-01T08:37:24Z</time></trkpt>
			<trkpt lat="47.428020" lon="-1.229470"><ele>40</ele><time>2026-03-01T08:37:36Z</time></trkpt>
			<trkpt lat="47.428230" lon="-1.229640"><ele>40</ele><time>2026-03-01T08:37:48Z</time></trkpt>
			<trkpt lat="47.428430" lon="-1.229800"><ele>40</ele><time>2026-03-01T08:38:00Z</time></trkpt>
			<trkpt lat="47.428540" lon="-1.229890"><ele>40</ele><time>2026-03-01T08:38:12Z</time></trkpt>
			<trkpt lat="47.428820" lon="-1.230120"><ele>40</ele><time>2026-03-01T08:38:24Z</time></trkpt>
			<trkpt lat="47.429150" lon="-1.230410"><ele>39</ele><time>2026-03-01T08:38:36Z</time></trkpt>
			<trkpt lat="47.429470" lon="-1.230680"><ele>40</ele><time>2026-03-01T08:38:48Z</time></trkpt>
			<trkpt lat="47.429890" lon="-1.230960"><ele>41</ele><time>2026-03-01T08:39:00Z</time></trkpt>
			<trkpt lat="47.430300" lon="-1.231160"><ele>39</ele><time>2026-03-01T08:39:12Z</time></trkpt>
			<trkpt lat="47.430430" lon="-1.231190"><ele>38</ele><time>2026-03-01T08:39:24Z</time></trkpt>
			<trkpt lat="47.430870" lon="-1.231240"><ele>36</ele><time>2026-03-01T08:39:36Z</time></trkpt>
			<trkpt lat="47.431160" lon="-1.231360"><ele>35</ele><time>2026-03-01T08:39:48Z</time></trkpt>
			<trkpt lat="47.431480" lon="-1.231490"><ele>35</ele><time>2026-03-01T08:40:00Z</time></trkpt>
			<trkpt lat="47.431560" lon="-1.231480"><ele>35</ele><time>2026-03-01T08:40:12Z</time></trkpt>
			<trkpt lat="47.432060" lon="-1.231320"><ele>35</ele><time>2026-03-01T08:40:24Z</time></trkpt>
			<trkpt lat="47.432200" lon="-1.231340"><ele>35</ele><time>2026-03-01T08:40:36Z</time></trkpt>
			<trkpt lat="47.432500" lon="-1.231660"><ele>34</ele><time>2026-03-01T08:40:48Z</time></trkpt>
			<trkpt lat="47.432650" lon="-1.231800"><ele>33</ele><time>2026-03-01T08:41:00Z</time></trkpt>
			<trkpt lat="47.433110" lon="-1.232340"><ele>31</ele><time>2026-03-01T08:41:12Z</time></trkpt>
			<trkpt lat="47.433230" lon="-1.232410"><ele>31</ele><time>2026-03-01T08:41:24Z</time></trkpt>
			<trkpt lat="47.433250" lon="-1.232340"><ele>31</ele><time>2026-03-01T08:41:36Z</time></trkpt>
			<trkpt lat="47.433270" lon="-1.232320"><ele>31</ele><time>2026-03-01T08:41:48Z</time></trkpt>
			<trkpt lat="47.433320" lon="-1.232310"><ele>31</ele><time>2026-03-01T08:42:00Z</time></trkpt>
			<trkpt lat="47.433340" lon="-1.232320"><ele>31</ele><time>2026-03-01T08:42:12Z</time></trkpt>
			<trkpt lat="47.433370" lon="-1.232370"><ele>31</ele><time>2026-03-01T08:42:24Z</time></trkpt>
			<trkpt lat="47.433380" lon="-1.232400"><ele>31</ele><time>2026-03-01T08:42:36Z</time></trkpt>
			<trkpt lat="47.433370" lon="-1.232470"><ele>31</ele><time>2026-03-01T08:42:48Z</time></trkpt>
			<trkpt lat="47.433340" lon="-1.232520"><ele>31</ele><time>2026-03-01T08:43:00Z</time></trkpt>
			<trkpt lat="47.433360" lon="-1.232620"><ele>31</ele><time>2026-03-01T08:43:12Z</time></trkpt>
			<trkpt lat="47.433480" lon="-1.232900"><ele>31</ele><time>2026-03-01T08:43:24Z</time></trkpt>
			<trkpt lat="47.433610" lon="-1.233190"><ele>31</ele><time>2026-03-01T08:43:36Z</time></trkpt>
			<trkpt lat="47.434010" lon="-1.234130"><ele>33</ele><time>2026-03-01T08:43:48Z</time></trkpt>
			<trkpt lat="47.434060" lon="-1.234250"><ele>33</ele><time>2026-03-01T08:44:00Z</time></trkpt>
			<trkpt lat="47.434230" lon="-1.234640"><ele>34</ele><time>2026-03-01T08:44:12Z</time></trkpt>
			<trkpt lat="47.434340" lon="-1.234900"><ele>35</ele><time>2026-03-01T08:44:24Z</time></trkpt>
			<trkpt lat="47.435150" lon="-1.236820"><ele>33</ele><time>2026-03-01T08:44:36Z</time></trkpt>
			<trkpt lat="47.435270" lon="-1.237120"><ele>33</ele><time>2026-03-01T08:44:48Z</time></trkpt>
			<trkpt lat="47.435750" lon="-1.238250"><ele>31</ele><time>2026-03-01T08:45:00Z</time></trkpt>
			<trkpt lat="47.435870" lon="-1.238540"><ele>31</ele><time>2026-03-01T08:45:12Z</time></trkpt>
			<trkpt lat="47.436060" lon="-1.238960"><ele>31</ele><time>2026-03-01T08:45:24Z</time></trkpt>
			<trkpt lat="47.436090" lon="-1.238960"><ele>32</ele><time>2026-03-01T08:45:36Z</time></trkpt>
			<trkpt lat="47.436140" lon="-1.238990"><ele>32</ele><time>2026-03-01T08:45:48Z</time></trkpt>
			<trkpt lat="47.436160" lon="-1.239020"><ele>32</ele><time>2026-03-01T08:46:00Z</time></trkpt>
			<trkpt lat="47.436180" lon="-1.239100"><ele>32</ele><time>2026-03-01T08:46:12Z</time></trkpt>
			<trkpt lat="47.436180" lon="-1.239170"><ele>32</ele><time>2026-03-01T08:46:24Z</time></trkpt>
			<trkpt lat="47.436170" lon="-1.239200"><ele>32</ele><time>2026-03-01T08:46:36Z</time></trkpt>
			<trkpt lat="47.436210" lon="-1.239320"><ele>32</ele><time>2026-03-01T08:46:48Z</time></trkpt>
			<trkpt lat="47.436320" lon="-1.239600"><ele>33</ele><time>2026-03-01T08:47:00Z</time></trkpt>
			<trkpt lat="47.437720" lon="-1.242910"><ele>35</ele><time>2026-03-01T08:47:12Z</time></trkpt>
			<trkpt lat="47.439350" lon="-1.246770"><ele>41</ele><time>2026-03-01T08:47:24Z</time></trkpt>
			<trkpt lat="47.439800" lon="-1.247840"><ele>44</ele><time>2026-03-01T08:47:36Z</time></trkpt>
			<trkpt lat="47.440550" lon="-1.249590"><ele>46</ele><time>2026-03-01T08:47:48Z</time></trkpt>
			<trkpt lat="47.440970" lon="-1.250530"><ele>45</ele><time>2026-03-01T08:48:00Z</time></trkpt>
			<trkpt lat="47.442500" lon="-1.253340"><ele>52</ele><time>2026-03-01T08:48:12Z</time></trkpt>
			<trkpt lat="47.443440" lon="-1.255110"><ele>54</ele><time>2026-03-01T08:48:24Z</time></trkpt>
			<trkpt lat="47.444180" lon="-1.256510"><ele>54</ele><time>2026-03-01T08:48:36Z</time></trkpt>
			<trkpt lat="47.446330" lon="-1.260550"><ele>49</ele><time>2026-03-01T08:48:48Z</time></trkpt>
			<trkpt lat="47.447560" lon="-1.262850"><ele>42</ele><time>2026-03-01T08:49:00Z</time></trkpt>
			<trkpt lat="47.447750" lon="-1.263220"><ele>41</ele><time>2026-03-01T08:49:12Z</time></trkpt>
			<trkpt lat="47.448300" lon="-1.264260"><ele>37</ele><time>2026-03-01T08:49:24Z</time></trkpt>
			<trkpt lat="47.448710" lon="-1.265020"><ele>36</ele><time>2026-03-01T08:49:36Z</time></trkpt>
			<trkpt lat="47.448840" lon="-1.265210"><ele>36</ele><time>2026-03-01T08:49:48Z</time></trkpt>
			<trkpt lat="47.449020" lon="-1.265420"><ele>36</ele><time>2026-03-01T08:50:00Z</time></trkpt>
			<trkpt lat="47.449130" lon="-1.265520"><ele>35</ele><time>2026-03-01T08:50:12Z</time></trkpt>
			<trkpt lat="47.449400" lon="-1.265710"><ele>35</ele><time>2026-03-01T08:50:24Z</time></trkpt>
			<trkpt lat="47.449600" lon="-1.265800"><ele>36</ele><time>2026-03-01T08:50:36Z</time></trkpt>
			<trkpt lat="47.449780" lon="-1.265850"><ele>36</ele><time>2026-03-01T08:50:48Z</time></trkpt>
			<trkpt lat="47.449920" lon="-1.265870"><ele>36</ele><time>2026-03-01T08:51:00Z</time></trkpt>
			<trkpt lat="47.450080" lon="-1.265880"><ele>36</ele><time>2026-03-01T08:51:12Z</time></trkpt>
			<trkpt lat="47.450450" lon="-1.265850"><ele>38</ele><time>2026-03-01T08:51:24Z</time></trkpt>
			<trkpt lat="47.450570" lon="-1.265860"><ele>38</ele><time>2026-03-01T08:51:36Z</time></trkpt>
			<trkpt lat="47.450680" lon="-1.265880"><ele>38</ele><time>2026-03-01T08:51:48Z</time></trkpt>
			<trkpt lat="47.450890" lon="-1.265960"><ele>39</ele><time>2026-03-01T08:52:00Z</time></trkpt>
			<trkpt lat="47.451110" lon="-1.266100"><ele>39</ele><time>2026-03-01T08:52:12Z</time></trkpt>
			<trkpt lat="47.451240" lon="-1.266250"><ele>39</ele><time>2026-03-01T08:52:24Z</time></trkpt>
			<trkpt lat="47.451370" lon="-1.266420"><ele>39</ele><time>2026-03-01T08:52:36Z</time></trkpt>
			<trkpt lat="47.452410" lon="-1.267810"><ele>37</ele><time>2026-03-01T08:52:48Z</time></trkpt>
			<trkpt lat="47.452930" lon="-1.268530"><ele>38</ele><time>2026-03-01T08:53:00Z</time></trkpt>
			<trkpt lat="47.453370" lon="-1.269130"><ele>39</ele><time>2026-03-01T08:53:12Z</time></trkpt>
			<trkpt lat="47.453760" lon="-1.269590"><ele>36</ele><time>2026-03-01T08:53:24Z</time></trkpt>
			<trkpt lat="47.453890" lon="-1.269730"><ele>36</ele><time>2026-03-01T08:53:36Z</time></trkpt>
			<trkpt lat="47.454080" lon="-1.269850"><ele>35</ele><time>2026-03-01T08:53:48Z</time></trkpt>
			<trkpt lat="47.454270" lon="-1.269920"><ele>34</ele><time>2026-03-01T08:54:00Z</time></trkpt>
			<trkpt lat="47.454440" lon="-1.269960"><ele>33</ele><time>2026-03-01T08:54:12Z</time></trkpt>
			<trkpt lat="47.454640" lon="-1.269940"><ele>32</ele><time>2026-03-01T08:54:24Z</time></trkpt>
			<trkpt lat="47.455220" lon="-1.269790"><ele>31</ele><time>2026-03-01T08:54:36Z</time></trkpt>
			<trkpt lat="47.456970" lon="-1.269230"><ele>34</ele><time>2026-03-01T08:54:48Z</time></trkpt>
			<trkpt lat="47.457130" lon="-1.269190"><ele>35</ele><time>2026-03-01T08:55:00Z</time></trkpt>
			<trkpt lat="47.457300" lon="-1.269190"><ele>36</ele><time>2026-03-01T08:55:12Z</time></trkpt>
			<trkpt lat="47.457420" lon="-1.269200"><ele>37</ele><time>2026-03-01T08:55:24Z</time></trkpt>
			<trkpt lat="47.457520" lon="-1.269220"><ele>37</ele><time>2026-03-01T08:55:36Z</time></trkpt>
			<trkpt lat="47.457630" lon="-1.269250"><ele>37</ele><time>2026-03-01T08:55:48Z</time></trkpt>
			<trkpt lat="47.457800" lon="-1.269340"><ele>38</ele><time>2026-03-01T08:56:00Z</time></trkpt>
			<trkpt lat="47.457920" lon="-1.269440"><ele>39</ele><time>2026-03-01T08:56:12Z</time></trkpt>
			<trkpt lat="47.458010" lon="-1.269530"><ele>39</ele><time>2026-03-01T08:56:24Z</time></trkpt>
			<trkpt lat="47.458180" lon="-1.269770"><ele>39</ele><time>2026-03-01T08:56:36Z</time></trkpt>
			<trkpt lat="47.458310" lon="-1.270010"><ele>40</ele><time>2026-03-01T08:56:48Z</time></trkpt>
			<trkpt lat="47.458370" lon="-1.270150"><ele>40</ele><time>2026-03-01T08:57:00Z</time></trkpt>
			<trkpt lat="47.458420" lon="-1.270300"><ele>40</ele><time>2026-03-01T08:57:12Z</time></trkpt>
			<trkpt lat="47.458530" lon="-1.270690"><ele>40</ele><time>2026-03-01T08:57:24Z</time></trkpt>
			<trkpt lat="47.458750" lon="-1.271610"><ele>36</ele><time>2026-03-01T08:57:36Z</time></trkpt>
			<trkpt lat="47.458870" lon="-1.272090"><ele>35</ele><time>2026-03-01T08:57:48Z</time></trkpt>
			<trkpt lat="47.459020" lon="-1.272520"><ele>34</ele><time>2026-03-01T08:58:00Z</time></trkpt>
			<trkpt lat="47.459170" lon="-1.273000"><ele>33</ele><time>2026-03-01T08:58:12Z</time></trkpt>
			<trkpt lat="47.459560" lon="-1.274120"><ele>30</ele><time>2026-03-01T08:58:24Z</time></trkpt>
			<trkpt lat="47.459630" lon="-1.274330"><ele>29</ele><time>2026-03-01T08:58:36Z</time></trkpt>
			<trkpt lat="47.459910" lon="-1.274780"><ele>27</ele><time>2026-03-01T08:58:48Z</time></trkpt>
			<trkpt lat="47.459990" lon="-1.274900"><ele>26</ele><time>2026-03-01T08:59:00Z</time></trkpt>
			<trkpt lat="47.460050" lon="-1.274970"><ele>26</ele><time>2026-03-01T08:59:12Z</time></trkpt>
			<trkpt lat="47.460280" lon="-1.275230"><ele>26</ele><time>2026-03-01T08:59:24Z</time></trkpt>
			<trkpt lat="47.460550" lon="-1.275460"><ele>26</ele><time>2026-03-01T08:59:36Z</time></trkpt>
			<trkpt lat="47.460650" lon="-1.275530"><ele>26</ele><time>2026-03-01T08:59:48Z</time></trkpt>
			<trkpt lat="47.460800" lon="-1.275610"><ele>26</ele><time>2026-03-01T09:00:00Z</time></trkpt>
			<trkpt lat="47.460970" lon="-1.275690"><ele>26</ele><time>2026-03-01T09:00:12Z</time></trkpt>
			<trkpt lat="47.461150" lon="-1.275750"><ele>26</ele><time>2026-03-01T09:00:24Z</time></trkpt>
			<trkpt lat="47.461430" lon="-1.275810"><ele>26</ele><time>2026-03-01T09:00:36Z</time></trkpt>
			<trkpt lat="47.461910" lon="-1.275770"><ele>26</ele><time>2026-03-01T09:00:48Z</time></trkpt>
			<trkpt lat="47.462120" lon="-1.275730"><ele>26</ele><time>2026-03-01T09:01:00Z</time></trkpt>
			<trkpt lat="47.462300" lon="-1.275690"><ele>25</ele><time>2026-03-01T09:01:12Z</time></trkpt>
			<trkpt lat="47.462470" lon="-1.275640"><ele>25</ele><time>2026-03-01T09:01:24Z</time></trkpt>
			<trkpt lat="47.462620" lon="-1.275570"><ele>25</ele><time>2026-03-01T09:01:36Z</time></trkpt>
			<trkpt lat="47.462810" lon="-1.275450"><ele>25</ele><time>2026-03-01T09:01:48Z</time></trkpt>
			<trkpt lat="47.463610" lon="-1.274920"><ele>24</ele><time>2026-03-01T09:02:00Z</time></trkpt>
			<trkpt lat="47.465110" lon="-1.273900"><ele>23</ele><time>2026-03-01T09:02:12Z</time></trkpt>
			<trkpt lat="47.466030" lon="-1.273300"><ele>21</ele><time>2026-03-01T09:02:24Z</time></trkpt>
			<trkpt lat="47.466360" lon="-1.273080"><ele>21</ele><time>2026-03-01T09:02:36Z</time></trkpt>
			<trkpt lat="47.466820" lon="-1.272740"><ele>22</ele><time>2026-03-01T09:02:48Z</time></trkpt>
			<trkpt lat="47.467000" lon="-1.272590"><ele>23</ele><time>2026-03-01T09:03:00Z</time></trkpt>
			<trkpt lat="47.467520" lon="-1.272070"><ele>25</ele><time>2026-03-01T09:03:12Z</time></trkpt>
			<trkpt lat="47.468110" lon="-1.271380"><ele>25</ele><time>2026-03-01T09:03:24Z</time></trkpt>
			<trkpt lat="47.468270" lon="-1.271160"><ele>25</ele><time>2026-03-01T09:03:36Z</time></trkpt>
			<trkpt lat="47.468440" lon="-1.270900"><ele>24</ele><time>2026-03-01T09:03:48Z</time></trkpt>
			<trkpt lat="47.468660" lon="-1.270520"><ele>24</ele><time>2026-03-01T09:04:00Z</time></trkpt>
			<trkpt lat="47.468800" lon="-1.270510"><ele>25</ele><time>2026-03-01T09:04:12Z</time></trkpt>
			<trkpt lat="47.468900" lon="-1.270530"><ele>25</ele><time>2026-03-01T09:04:24Z</time></trkpt>
			<trkpt lat="47.468960" lon="-1.270580"><ele>25</ele><time>2026-03-01T09:04:36Z</time></trkpt>
			<trkpt lat="47.469070" lon="-1.270630"><ele>26</ele><time>2026-03-01T09:04:48Z</time></trkpt>
			<trkpt lat="47.469350" lon="-1.270610"><ele>27</ele><time>2026-03-01T09:05:00Z</time></trkpt>
			<trkpt lat="47.469550" lon="-1.270640"><ele>27</ele><time>2026-03-01T09:05:12Z</time></trkpt>
			<trkpt lat="47.469720" lon="-1.270730"><ele>28</ele><time>2026-03-01T09:05:24Z</time></trkpt>
			<trkpt lat="47.469840" lon="-1.270820"><ele>28</ele><time>2026-03-01T09:05:36Z</time></trkpt>
			<trkpt lat="47.470590" lon="-1.271490"><ele>31</ele><time>2026-03-01T09:05:48Z</time></trkpt>
			<trkpt lat="47.471960" lon="-1.272660"><ele>36</ele><time>2026-03-01T09:06:00Z</time></trkpt>
			<trkpt lat="47.472100" lon="-1.272790"><ele>36</ele><time>2026-03-01T09:06:12Z</time></trkpt>
			<trkpt lat="47.473250" lon="-1.273770"><ele>38</ele><time>2026-03-01T09:06:24Z</time></trkpt>
			<trkpt lat="47.473470" lon="-1.273920"><ele>38</ele><time>2026-03-01T09:06:36Z</time></trkpt>
			<trkpt lat="47.473690" lon="-1.274040"><ele>37</ele><time>2026-03-01T09:06:48Z</time></trkpt>
			<trkpt lat="47.473950" lon="-1.274140"><ele>37</ele><time>2026-03-01T09:07:00Z</time></trkpt>
			<trkpt lat="47.475940" lon="-1.274690"><ele>38</ele><time>2026-03-01T09:07:12Z</time></trkpt>
			<trkpt lat="47.476810" lon="-1.274920"><ele>38</ele><time>2026-03-01T09:07:24Z</time></trkpt>
			<trkpt lat="47.479670" lon="-1.275710"><ele>43</ele><time>2026-03-01T09:07:36Z</time></trkpt>
			<trkpt lat="47.481650" lon="-1.276240"><ele>44</ele><time>2026-03-01T09:07:48Z</time></trkpt>
			<trkpt lat="47.482200" lon="-1.276480"><ele>45</ele><time>2026-03-01T09:08:00Z</time></trkpt>
			<trkpt lat="47.484950" lon="-1.277740"><ele>44</ele><time>2026-03-01T09:08:12Z</time></trkpt>
			<trkpt lat="47.485270" lon="-1.277860"><ele>44</ele><time>2026-03-01T09:08:24Z</time></trkpt>
			<trkpt lat="47.486050" lon="-1.278120"><ele>43</ele><time>2026-03-01T09:08:36Z</time></trkpt>
			<trkpt lat="47.487730" lon="-1.278670"><ele>43</ele><time>2026-03-01T09:08:48Z</time></trkpt>
			<trkpt lat="47.488050" lon="-1.278790"><ele>42</ele><time>2026-03-01T09:09:00Z</time></trkpt>
			<trkpt lat="47.488220" lon="-1.278900"><ele>41</ele><time>2026-03-01T09:09:12Z</time></trkpt>
			<trkpt lat="47.488420" lon="-1.279050"><ele>41</ele><time>2026-03-01T09:09:24Z</time></trkpt>
			<trkpt lat="47.491170" lon="-1.281380"><ele>43</ele><time>2026-03-01T09:09:36Z</time></trkpt>
			<trkpt lat="47.495220" lon="-1.284760"><ele>46</ele><time>2026-03-01T09:09:48Z</time></trkpt>
			<trkpt lat="47.497390" lon="-1.286560"><ele>52</ele><time>2026-03-01T09:10:00Z</time></trkpt>
			<trkpt lat="47.499250" lon="-1.288120"><ele>56</ele><time>2026-03-01T09:10:12Z</time></trkpt>
			<trkpt lat="47.499840" lon="-1.288600"><ele>56</ele><time>2026-03-01T09:10:24Z</time></trkpt>
			<trkpt lat="47.500040" lon="-1.288740"><ele>56</ele><time>2026-03-01T09:10:36Z</time></trkpt>
			<trkpt lat="47.500300" lon="-1.288860"><ele>56</ele><time>2026-03-01T09:10:48Z</time></trkpt>
			<trkpt lat="47.500540" lon="-1.288930"><ele>57</ele><time>2026-03-01T09:11:00Z</time></trkpt>
			<trkpt lat="47.500790" lon="-1.288970"><ele>57</ele><time>2026-03-01T09:11:12Z</time></trkpt>
			<trkpt lat="47.501000" lon="-1.288960"><ele>58</ele><time>2026-03-01T09:11:24Z</time></trkpt>
			<trkpt lat="47.501200" lon="-1.288940"><ele>58</ele><time>2026-03-01T09:11:36Z</time></trkpt>
			<trkpt lat="47.501550" lon="-1.288830"><ele>59</ele><time>2026-03-01T09:11:48Z</time></trkpt>
			<trkpt lat="47.502400" lon="-1.288500"><ele>60</ele><time>2026-03-01T09:12:00Z</time></trkpt>
			<trkpt lat="47.503590" lon="-1.288070"><ele>60</ele><time>2026-03-01T09:12:12Z</time></trkpt>
			<trkpt lat="47.503900" lon="-1.288020"><ele>59</ele><time>2026-03-01T09:12:24Z</time></trkpt>
			<trkpt lat="47.504120" lon="-1.288050"><ele>59</ele><time>2026-03-01T09:12:36Z</time></trkpt>
			<trkpt lat="47.504290" lon="-1.288120"><ele>58</ele><time>2026-03-01T09:12:48Z</time></trkpt>
			<trkpt lat="47.504540" lon="-1.288250"><ele>57</ele><time>2026-03-01T09:13:00Z</time></trkpt>
			<trkpt lat="47.504790" lon="-1.288330"><ele>55</ele><time>2026-03-01T09:13:12Z</time></trkpt>
			<trkpt lat="47.504940" lon="-1.288350"><ele>55</ele><time>2026-03-01T09:13:24Z</time></trkpt>
			<trkpt lat="47.505130" lon="-1.288320"><ele>54</ele><time>2026-03-01T09:13:36Z</time></trkpt>
			<trkpt lat="47.505320" lon="-1.288260"><ele>53</ele><time>2026-03-01T09:13:48Z</time></trkpt>
			<trkpt lat="47.505530" lon="-1.288170"><ele>52</ele><time>2026-03-01T09:14:00Z</time></trkpt>
			<trkpt lat="47.505700" lon="-1.288070"><ele>51</ele><time>2026-03-01T09:14:12Z</time></trkpt>
			<trkpt lat="47.505900" lon="-1.287930"><ele>49</ele><time>2026-03-01T09:14:24Z</time></trkpt>
			<trkpt lat="47.506100" lon="-1.287750"><ele>48</ele><time>2026-03-01T09:14:36Z</time></trkpt>
			<trkpt lat="47.506550" lon="-1.287300"><ele>45</ele><time>2026-03-01T09:14:48Z</time></trkpt>
			<trkpt lat="47.506630" lon="-1.287260"><ele>45</ele><time>2026-03-01T09:15:00Z</time></trkpt>
			<trkpt lat="47.506750" lon="-1.287230"><ele>44</ele><time>2026-03-01T09:15:12Z</time></trkpt>
			<trkpt lat="47.506840" lon="-1.287230"><ele>43</ele><time>2026-03-01T09:15:24Z</time></trkpt>
			<trkpt lat="47.506920" lon="-1.287260"><ele>43</ele><time>2026-03-01T09:15:36Z</time></trkpt>
			<trkpt lat="47.507000" lon="-1.287300"><ele>43</ele><time>2026-03-01T09:15:48Z</time></trkpt>
			<trkpt lat="47.507140" lon="-1.287460"><ele>42</ele><time>2026-03-01T09:16:00Z</time></trkpt>
			<trkpt lat="47.507200" lon="-1.287630"><ele>42</ele><time>2026-03-01T09:16:12Z</time></trkpt>
			<trkpt lat="47.507230" lon="-1.287800"><ele>42</ele><time>2026-03-01T09:16:24Z</time></trkpt>
			<trkpt lat="47.507260" lon="-1.288510"><ele>42</ele><time>2026-03-01T09:16:36Z</time></trkpt>
			<trkpt lat="47.507290" lon="-1.288730"><ele>41</ele><time>2026-03-01T09:16:48Z</time></trkpt>
			<trkpt lat="47.507340" lon="-1.288960"><ele>41</ele><time>2026-03-01T09:17:00Z</time></trkpt>
			<trkpt lat="47.507420" lon="-1.289170"><ele>40</ele><time>2026-03-01T09:17:12Z</time></trkpt>
			<trkpt lat="47.507510" lon="-1.289330"><ele>39</ele><time>2026-03-01T09:17:24Z</time></trkpt>
			<trkpt lat="47.507600" lon="-1.289460"><ele>38</ele><time>2026-03-01T09:17:36Z</time></trkpt>
			<trkpt lat="47.507680" lon="-1.289560"><ele>38</ele><time>2026-03-01T09:17:48Z</time></trkpt>
			<trkpt lat="47.507780" lon="-1.289650"><ele>37</ele><time>2026-03-01T09:18:00Z</time></trkpt>
			<trkpt lat="47.507930" lon="-1.289770"><ele>36</ele><time>2026-03-01T09:18:12Z</time></trkpt>
			<trkpt lat="47.508120" lon="-1.289840"><ele>35</ele><time>2026-03-01T09:18:24Z</time></trkpt>
			<trkpt lat="47.508760" lon="-1.289950"><ele>33</ele><time>2026-03-01T09:18:36Z</time></trkpt>
			<trkpt lat="47.510120" lon="-1.290140"><ele>29</ele><time>2026-03-01T09:18:48Z</time></trkpt>
			<trkpt lat="47.511200" lon="-1.290300"><ele>24</ele><time>2026-03-01T09:19:00Z</time></trkpt>
			<trkpt lat="47.511710" lon="-1.290380"><ele>23</ele><time>2026-03-01T09:19:12Z</time></trkpt>
			<trkpt lat="47.512490" lon="-1.290490"><ele>22</ele><time>2026-03-01T09:19:24Z</time></trkpt>
			<trkpt lat="47.512720" lon="-1.290510"><ele>23</ele><time>2026-03-01T09:19:36Z</time></trkpt>
			<trkpt lat="47.513760" lon="-1.290660"><ele>25</ele><time>2026-03-01T09:19:48Z</time></trkpt>
			<trkpt lat="47.514580" lon="-1.290790"><ele>27</ele><time>2026-03-01T09:20:00Z</time></trkpt>
			<trkpt lat="47.515310" lon="-1.290910"><ele>29</ele><time>2026-03-01T09:20:12Z</time></trkpt>
			<trkpt lat="47.515810" lon="-1.290980"><ele>31</ele><time>2026-03-01T09:20:24Z</time></trkpt>
			<trkpt lat="47.515940" lon="-1.291010"><ele>31</ele><time>2026-03-01T09:20:36Z</time></trkpt>
			<trkpt lat="47.516050" lon="-1.291080"><ele>32</ele><time>2026-03-01T09:20:48Z</time></trkpt>
			<trkpt lat="47.516160" lon="-1.291160"><ele>32</ele><time>2026-03-01T09:21:00Z</time></trkpt>
			<trkpt lat="47.516410" lon="-1.291510"><ele>33</ele><time>2026-03-01T09:21:12Z</time></trkpt>
			<trkpt lat="47.516470" lon="-1.291560"><ele>33</ele><time>2026-03-01T09:21:24Z</time></trkpt>
			<trkpt lat="47.516500" lon="-1.291570"><ele>33</ele><time>2026-03-01T09:21:36Z</time></trkpt>
			<trkpt lat="47.516520" lon="-1.291530"><ele>33</ele><time>2026-03-01T09:21:48Z</time></trkpt>
			<trkpt lat="47.516550" lon="-1.291510"><ele>33</ele><time>2026-03-01T09:22:00Z</time></trkpt>
			<trkpt lat="47.516580" lon="-1.291530"><ele>34</ele><time>2026-03-01T09:22:12Z</time></trkpt>
			<trkpt lat="47.516590" lon="-1.291550"><ele>34</ele><time>2026-03-01T09:22:24Z</time></trkpt>
			<trkpt lat="47.516600" lon="-1.291590"><ele>34</ele><time>2026-03-01T09:22:36Z</time></trkpt>
			<trkpt lat="47.516590" lon="-1.291610"><ele>34</ele><time>2026-03-01T09:22:48Z</time></trkpt>
			<trkpt lat="47.516640" lon="-1.291740"><ele>34</ele><time>2026-03-01T09:23:00Z</time></trkpt>
			<trkpt lat="47.516690" lon="-1.291880"><ele>34</ele><time>2026-03-01T09:23:12Z</time></trkpt>
			<trkpt lat="47.516700" lon="-1.291960"><ele>34</ele><time>2026-03-01T09:23:24Z</time></trkpt>
			<trkpt lat="47.516690" lon="-1.292200"><ele>35</ele><time>2026-03-01T09:23:36Z</time></trkpt>
			<trkpt lat="47.516840" lon="-1.293010"><ele>34</ele><time>2026-03-01T09:23:48Z</time></trkpt>
			<trkpt lat="47.516860" lon="-1.293130"><ele>34</ele><time>2026-03-01T09:24:00Z</time></trkpt>
			<trkpt lat="47.516900" lon="-1.293340"><ele>33</ele><time>2026-03-01T09:24:12Z</time></trkpt>
			<trkpt lat="47.516930" lon="-1.293510"><ele>33</ele><time>2026-03-01T09:24:24Z</time></trkpt>
			<trkpt lat="47.516950" lon="-1.293600"><ele>33</ele><time>2026-03-01T09:24:36Z</time></trkpt>
			<trkpt lat="47.517120" lon="-1.293600"><ele>35</ele><time>2026-03-01T09:24:48Z</time></trkpt>
			<trkpt lat="47.517180" lon="-1.293600"><ele>35</ele><time>2026-03-01T09:25:00Z</time></trkpt>
			<trkpt lat="47.517220" lon="-1.293600"><ele>35</ele><time>2026-03-01T09:25:12Z</time></trkpt>
			<trkpt lat="47.517420" lon="-1.293600"><ele>36</ele><time>2026-03-01T09:25:24Z</time></trkpt>
			<trkpt lat="47.517590" lon="-1.293600"><ele>38</ele><time>2026-03-01T09:25:36Z</time></trkpt>
			<trkpt lat="47.517710" lon="-1.293630"><ele>38</ele><time>2026-03-01T09:25:48Z</time></trkpt>
			<trkpt lat="47.517830" lon="-1.293700"><ele>39</ele><time>2026-03-01T09:26:00Z</time></trkpt>
			<trkpt lat="47.517950" lon="-1.293760"><ele>40</ele><time>2026-03-01T09:26:12Z</time></trkpt>
			<trkpt lat="47.518110" lon="-1.293940"><ele>42</ele><time>2026-03-01T09:26:24Z</time></trkpt>
			<trkpt lat="47.518640" lon="-1.294730"><ele>45</ele><time>2026-03-01T09:26:36Z</time></trkpt>
			<trkpt lat="47.519060" lon="-1.295310"><ele>47</ele><time>2026-03-01T09:26:48Z</time></trkpt>
			<trkpt lat="47.519210" lon="-1.295560"><ele>49</ele><time>2026-03-01T09:27:00Z</time></trkpt>
			<trkpt lat="47.519350" lon="-1.295810"><ele>50</ele><time>2026-03-01T09:27:12Z</time></trkpt>
			<trkpt lat="47.519450" lon="-1.296030"><ele>50</ele><time>2026-03-01T09:27:24Z</time></trkpt>
			<trkpt lat="47.519610" lon="-1.296370"><ele>49</ele><time>2026-03-01T09:27:36Z</time></trkpt>
			<trkpt lat="47.519660" lon="-1.296490"><ele>49</ele><time>2026-03-01T09:27:48Z</time></trkpt>
			<trkpt lat="47.519770" lon="-1.296700"><ele>49</ele><time>2026-03-01T09:28:00Z</time></trkpt>
			<trkpt lat="47.519940" lon="-1.297120"><ele>49</ele><time>2026-03-01T09:28:12Z</time></trkpt>
			<trkpt lat="47.520820" lon="-1.299090"><ele>50</ele><time>2026-03-01T09:28:24Z</time></trkpt>
			<trkpt lat="47.520870" lon="-1.299180"><ele>50</ele><time>2026-03-01T09:28:36Z</time></trkpt>
			<trkpt lat="47.521070" lon="-1.299500"><ele>51</ele><time>2026-03-01T09:28:48Z</time></trkpt>
			<trkpt lat="47.521110" lon="-1.299530"><ele>51</ele><time>2026-03-01T09:29:00Z</time></trkpt>
			<trkpt lat="47.521120" lon="-1.299560"><ele>51</ele><time>2026-03-01T09:29:12Z</time></trkpt>
			<trkpt lat="47.521350" lon="-1.299880"><ele>52</ele><time>2026-03-01T09:29:24Z</time></trkpt>
			<trkpt lat="47.521630" lon="-1.300200"><ele>53</ele><time>2026-03-01T09:29:36Z</time></trkpt>
			<trkpt lat="47.521900" lon="-1.300430"><ele>53</ele><time>2026-03-01T09:29:48Z</time></trkpt>
			<trkpt lat="47.522130" lon="-1.300590"><ele>53</ele><time>2026-03-01T09:30:00Z</time></trkpt>
			<trkpt lat="47.522440" lon="-1.300770"><ele>52</ele><time>2026-03-01T09:30:12Z</time></trkpt>
			<trkpt lat="47.522810" lon="-1.300890"><ele>52</ele><time>2026-03-01T09:30:24Z</time></trkpt>
			<trkpt lat="47.523410" lon="-1.301070"><ele>51</ele><time>2026-03-01T09:30:36Z</time></trkpt>
			<trkpt lat="47.524340" lon="-1.301350"><ele>50</ele><time>2026-03-01T09:30:48Z</time></trkpt>
			<trkpt lat="47.524480" lon="-1.301400"><ele>50</ele><time>2026-03-01T09:31:00Z</time></trkpt>
			<trkpt lat="47.526710" lon="-1.302040"><ele>46</ele><time>2026-03-01T09:31:12Z</time></trkpt>
			<trkpt lat="47.526920" lon="-1.302110"><ele>47</ele><time>2026-03-01T09:31:24Z</time></trkpt>
			<trkpt lat="47.527100" lon="-1.302190"><ele>47</ele><time>2026-03-01T09:31:36Z</time></trkpt>
			<trkpt lat="47.527320" lon="-1.302320"><ele>47</ele><time>2026-03-01T09:31:48Z</time></trkpt>
			<trkpt lat="47.527720" lon="-1.302620"><ele>48</ele><time>2026-03-01T09:32:00Z</time></trkpt>
			<trkpt lat="47.528440" lon="-1.303190"><ele>49</ele><time>2026-03-01T09:32:12Z</time></trkpt>
			<trkpt lat="47.531190" lon="-1.305420"><ele>48</ele><time>2026-03-01T09:32:24Z</time></trkpt>
			<trkpt lat="47.531290" lon="-1.305500"><ele>47</ele><time>2026-03-01T09:32:36Z</time></trkpt>
			<trkpt lat="47.532160" lon="-1.306230"><ele>45</ele><time>2026-03-01T09:32:48Z</time></trkpt>
			<trkpt lat="47.532390" lon="-1.306430"><ele>45</ele><time>2026-03-01T09:33:00Z</time></trkpt>
			<trkpt lat="47.532610" lon="-1.306560"><ele>45</ele><time>2026-03-01T09:33:12Z</time></trkpt>
			<trkpt lat="47.532890" lon="-1.306700"><ele>44</ele><time>2026-03-01T09:33:24Z</time></trkpt>
			<trkpt lat="47.533190" lon="-1.306850"><ele>43</ele><time>2026-03-01T09:33:36Z</time></trkpt>
			<trkpt lat="47.533280" lon="-1.306900"><ele>43</ele><time>2026-03-01T09:33:48Z</time></trkpt>
			<trkpt lat="47.533330" lon="-1.306950"><ele>43</ele><time>2026-03-01T09:34:00Z</time></trkpt>
			<trkpt lat="47.533450" lon="-1.307100"><ele>42</ele><time>2026-03-01T09:34:12Z</time></trkpt>
			<trkpt lat="47.533560" lon="-1.307280"><ele>42</ele><time>2026-03-01T09:34:24Z</time></trkpt>
			<trkpt lat="47.533780" lon="-1.307720"><ele>42</ele><time>2026-03-01T09:34:36Z</time></trkpt>
			<trkpt lat="47.534410" lon="-1.308840"><ele>44</ele><time>2026-03-01T09:34:48Z</time></trkpt>
			<trkpt lat="47.534520" lon="-1.309030"><ele>45</ele><time>2026-03-01T09:35:00Z</time></trkpt>
			<trkpt lat="47.534540" lon="-1.309060"><ele>45</ele><time>2026-03-01T09:35:12Z</time></trkpt>
			<trkpt lat="47.534550" lon="-1.309090"><ele>45</ele><time>2026-03-01T09:35:24Z</time></trkpt>
			<trkpt lat="47.534820" lon="-1.309550"><ele>47</ele><time>2026-03-01T09:35:36Z</time></trkpt>
			<trkpt lat="47.534910" lon="-1.309680"><ele>47</ele><time>2026-03-01T09:35:48Z</time></trkpt>
			<trkpt lat="47.535030" lon="-1.309830"><ele>47</ele><time>2026-03-01T09:36:00Z</time></trkpt>
			<trkpt lat="47.535170" lon="-1.309970"><ele>47</ele><time>2026-03-01T09:36:12Z</time></trkpt>
			<trkpt lat="47.535320" lon="-1.310110"><ele>47</ele><time>2026-03-01T09:36:24Z</time></trkpt>
			<trkpt lat="47.535530" lon="-1.310240"><ele>47</ele><time>2026-03-01T09:36:36Z</time></trkpt>
			<trkpt lat="47.539950" lon="-1.312680"><ele>59</ele><time>2026-03-01T09:36:48Z</time></trkpt>
			<trkpt lat="47.542740" lon="-1.314220"><ele>70</ele><time>2026-03-01T09:37:00Z</time></trkpt>
			<trkpt lat="47.547060" lon="-1.316610"><ele>69</ele><time>2026-03-01T09:37:12Z</time></trkpt>
			<trkpt lat="47.552330" lon="-1.319570"><ele>82</ele><time>2026-03-01T09:37:24Z</time></trkpt>
			<trkpt lat="47.552640" lon="-1.319710"><ele>81</ele><time>2026-03-01T09:37:36Z</time></trkpt>
			<trkpt lat="47.552870" lon="-1.319780"><ele>80</ele><time>2026-03-01T09:37:48Z</time></trkpt>
			<trkpt lat="47.553080" lon="-1.319800"><ele>79</ele><time>2026-03-01T09:38:00Z</time></trkpt>
			<trkpt lat="47.553830" lon="-1.319770"><ele>78</ele><time>2026-03-01T09:38:12Z</time></trkpt>
			<trkpt lat="47.555030" lon="-1.319700"><ele>79</ele><time>2026-03-01T09:38:24Z</time></trkpt>
			<trkpt lat="47.556160" lon="-1.319670"><ele>80</ele><time>2026-03-01T09:38:36Z</time></trkpt>
			<trkpt lat="47.560840" lon="-1.319450"><ele>62</ele><time>2026-03-01T09:38:48Z</time></trkpt>
			<trkpt lat="47.566150" lon="-1.319230"><ele>73</ele><time>2026-03-01T09:39:00Z</time></trkpt>
			<trkpt lat="47.567250" lon="-1.319180"><ele>73</ele><time>2026-03-01T09:39:12Z</time></trkpt>
			<trkpt lat="47.567670" lon="-1.319170"><ele>73</ele><time>2026-03-01T09:39:24Z</time></trkpt>
			<trkpt lat="47.570390" lon="-1.319040"><ele>64</ele><time>2026-03-01T09:39:36Z</time></trkpt>
			<trkpt lat="47.571180" lon="-1.319090"><ele>62</ele><time>2026-03-01T09:39:48Z</time></trkpt>
			<trkpt lat="47.571710" lon="-1.319150"><ele>60</ele><time>2026-03-01T09:40:00Z</time></trkpt>
			<trkpt lat="47.572320" lon="-1.319240"><ele>57</ele><time>2026-03-01T09:40:12Z</time></trkpt>
			<trkpt lat="47.572810" lon="-1.319330"><ele>56</ele><time>2026-03-01T09:40:24Z</time></trkpt>
			<trkpt lat="47.574580" lon="-1.319790"><ele>52</ele><time>2026-03-01T09:40:36Z</time></trkpt>
			<trkpt lat="47.574620" lon="-1.319800"><ele>51</ele><time>2026-03-01T09:40:48Z</time></trkpt>
			<trkpt lat="47.576510" lon="-1.320280"><ele>50</ele><time>2026-03-01T09:41:00Z</time></trkpt>
			<trkpt lat="47.576620" lon="-1.320310"><ele>50</ele><time>2026-03-01T09:41:12Z</time></trkpt>
			<trkpt lat="47.578790" lon="-1.320860"><ele>50</ele><time>2026-03-01T09:41:24Z</time></trkpt>
			<trkpt lat="47.578880" lon="-1.320880"><ele>50</ele><time>2026-03-01T09:41:36Z</time></trkpt>
			<trkpt lat="47.580330" lon="-1.321270"><ele>47</ele><time>2026-03-01T09:41:48Z</time></trkpt>
			<trkpt lat="47.581610" lon="-1.321590"><ele>49</ele><time>2026-03-01T09:42:00Z</time></trkpt>
			<trkpt lat="47.581960" lon="-1.321670"><ele>50</ele><time>2026-03-01T09:42:12Z</time></trkpt>
			<trkpt lat="47.582600" lon="-1.321840"><ele>53</ele><time>2026-03-01T09:42:24Z</time></trkpt>
			<trkpt lat="47.582680" lon="-1.321870"><ele>53</ele><time>2026-03-01T09:42:36Z</time></trkpt>
			<trkpt lat="47.582800" lon="-1.321930"><ele>54</ele><time>2026-03-01T09:42:48Z</time></trkpt>
			<trkpt lat="47.582920" lon="-1.322030"><ele>55</ele><time>2026-03-01T09:43:00Z</time></trkpt>
			<trkpt lat="47.583120" lon="-1.322250"><ele>56</ele><time>2026-03-01T09:43:12Z</time></trkpt>
			<trkpt lat="47.583230" lon="-1.322410"><ele>57</ele><time>2026-03-01T09:43:24Z</time></trkpt>
			<trkpt lat="47.583300" lon="-1.322550"><ele>58</ele><time>2026-03-01T09:43:36Z</time></trkpt>
			<trkpt lat="47.583410" lon="-1.322850"><ele>59</ele><time>2026-03-01T09:43:48Z</time></trkpt>
			<trkpt lat="47.583470" lon="-1.323080"><ele>59</ele><time>2026-03-01T09:44:00Z</time></trkpt>
			<trkpt lat="47.583660" lon="-1.323900"><ele>62</ele><time>2026-03-01T09:44:12Z</time></trkpt>
			<trkpt lat="47.583870" lon="-1.324810"><ele>63</ele><time>2026-03-01T09:44:24Z</time></trkpt>
			<trkpt lat="47.583950" lon="-1.325130"><ele>64</ele><time>2026-03-01T09:44:36Z</time></trkpt>
			<trkpt lat="47.584030" lon="-1.325370"><ele>65</ele><time>2026-03-01T09:44:48Z</time></trkpt>
			<trkpt lat="47.584150" lon="-1.325660"><ele>66</ele><time>2026-03-01T09:45:00Z</time></trkpt>
			<trkpt lat="47.584240" lon="-1.325840"><ele>66</ele><time>2026-03-01T09:45:12Z</time></trkpt>
			<trkpt lat="47.584400" lon="-1.326120"><ele>67</ele><time>2026-03-01T09:45:24Z</time></trkpt>
			<trkpt lat="47.584510" lon="-1.326260"><ele>68</ele><time>2026-03-01T09:45:36Z</time></trkpt>
			<trkpt lat="47.584720" lon="-1.326490"><ele>69</ele><time>2026-03-01T09:45:48Z</time></trkpt>
			<trkpt lat="47.584920" lon="-1.326650"><ele>70</ele><time>2026-03-01T09:46:00Z</time></trkpt>
			<trkpt lat="47.585110" lon="-1.326750"><ele>70</ele><time>2026-03-01T09:46:12Z</time></trkpt>
			<trkpt lat="47.585970" lon="-1.327110"><ele>70</ele><time>2026-03-01T09:46:24Z</time></trkpt>
			<trkpt lat="47.587540" lon="-1.327750"><ele>69</ele><time>2026-03-01T09:46:36Z</time></trkpt>
			<trkpt lat="47.587780" lon="-1.327840"><ele>68</ele><time>2026-03-01T09:46:48Z</time></trkpt>
			<trkpt lat="47.587790" lon="-1.327850"><ele>68</ele><time>2026-03-01T09:47:00Z</time></trkpt>
			<trkpt lat="47.588400" lon="-1.328100"><ele>67</ele><time>2026-03-01T09:47:12Z</time></trkpt>
			<trkpt lat="47.588910" lon="-1.328310"><ele>67</ele><time>2026-03-01T09:47:24Z</time></trkpt>
			<trkpt lat="47.589120" lon="-1.328430"><ele>67</ele><time>2026-03-01T09:47:36Z</time></trkpt>
			<trkpt lat="47.589360" lon="-1.328610"><ele>66</ele><time>2026-03-01T09:47:48Z</time></trkpt>
			<trkpt lat="47.589860" lon="-1.329110"><ele>64</ele><time>2026-03-01T09:48:00Z</time></trkpt>
			<trkpt lat="47.590530" lon="-1.329780"><ele>65</ele><time>2026-03-01T09:48:12Z</time></trkpt>
			<trkpt lat="47.590710" lon="-1.329980"><ele>66</ele><time>2026-03-01T09:48:24Z</time></trkpt>
			<trkpt lat="47.590810" lon="-1.330060"><ele>66</ele><time>2026-03-01T09:48:36Z</time></trkpt>
			<trkpt lat="47.590920" lon="-1.330130"><ele>66</ele><time>2026-03-01T09:48:48Z</time></trkpt>
			<trkpt lat="47.591100" lon="-1.330210"><ele>66</ele><time>2026-03-01T09:49:00Z</time></trkpt>
			<trkpt lat="47.591180" lon="-1.330210"><ele>65</ele><time>2026-03-01T09:49:12Z</time></trkpt>
			<trkpt lat="47.591280" lon="-1.330170"><ele>65</ele><time>2026-03-01T09:49:24Z</time></trkpt>
			<trkpt lat="47.591520" lon="-1.329750"><ele>65</ele><time>2026-03-01T09:49:36Z</time></trkpt>
			<trkpt lat="47.591600" lon="-1.329620"><ele>65</ele><time>2026-03-01T09:49:48Z</time></trkpt>
			<trkpt lat="47.591690" lon="-1.329510"><ele>64</ele><time>2026-03-01T09:50:00Z</time></trkpt>
			<trkpt lat="47.591770" lon="-1.329480"><ele>64</ele><time>2026-03-01T09:50:12Z</time></trkpt>
			<trkpt lat="47.591910" lon="-1.329460"><ele>63</ele><time>2026-03-01T09:50:24Z</time></trkpt>
			<trkpt lat="47.592080" lon="-1.329490"><ele>63</ele><time>2026-03-01T09:50:36Z</time></trkpt>
			<trkpt lat="47.592510" lon="-1.329560"><ele>61</ele><time>2026-03-01T09:50:48Z</time></trkpt>
			<trkpt lat="47.592760" lon="-1.329600"><ele>61</ele><time>2026-03-01T09:51:00Z</time></trkpt>
			<trkpt lat="47.593280" lon="-1.329690"><ele>60</ele><time>2026-03-01T09:51:12Z</time></trkpt>
			<trkpt lat="47.593870" lon="-1.329760"><ele>57</ele><time>2026-03-01T09:51:24Z</time></trkpt>
			<trkpt lat="47.594000" lon="-1.329780"><ele>57</ele><time>2026-03-01T09:51:36Z</time></trkpt>
			<trkpt lat="47.594370" lon="-1.329840"><ele>56</ele><time>2026-03-01T09:51:48Z</time></trkpt>
			<trkpt lat="47.594760" lon="-1.329880"><ele>56</ele><time>2026-03-01T09:52:00Z</time></trkpt>
			<trkpt lat="47.595030" lon="-1.329870"><ele>56</ele><time>2026-03-01T09:52:12Z</time></trkpt>
			<trkpt lat="47.595400" lon="-1.329830"><ele>56</ele><time>2026-03-01T09:52:24Z</time></trkpt>
			<trkpt lat="47.598690" lon="-1.329290"><ele>56</ele><time>2026-03-01T09:52:36Z</time></trkpt>
			<trkpt lat="47.599270" lon="-1.329190"><ele>57</ele><time>2026-03-01T09:52:48Z</time></trkpt>
			<trkpt lat="47.600590" lon="-1.328970"><ele>57</ele><time>2026-03-01T09:53:00Z</time></trkpt>
			<trkpt lat="47.600810" lon="-1.328930"><ele>58</ele><time>2026-03-01T09:53:12Z</time></trkpt>
			<trkpt lat="47.601260" lon="-1.328850"><ele>57</ele><time>2026-03-01T09:53:24Z</time></trkpt>
			<trkpt lat="47.603110" lon="-1.328560"><ele>54</ele><time>2026-03-01T09:53:36Z</time></trkpt>
			<trkpt lat="47.606420" lon="-1.328020"><ele>53</ele><time>2026-03-01T09:53:48Z</time></trkpt>
			<trkpt lat="47.606730" lon="-1.327950"><ele>53</ele><time>2026-03-01T09:54:00Z</time></trkpt>
			<trkpt lat="47.606990" lon="-1.327880"><ele>52</ele><time>2026-03-01T09:54:12Z</time></trkpt>
			<trkpt lat="47.607230" lon="-1.327780"><ele>52</ele><time>2026-03-01T09:54:24Z</time></trkpt>
			<trkpt lat="47.607460" lon="-1.327650"><ele>52</ele><time>2026-03-01T09:54:36Z</time></trkpt>
			<trkpt lat="47.607660" lon="-1.327520"><ele>52</ele><time>2026-03-01T09:54:48Z</time></trkpt>
			<trkpt lat="47.608860" lon="-1.326640"><ele>48</ele><time>2026-03-01T09:55:00Z</time></trkpt>
			<trkpt lat="47.608930" lon="-1.326600"><ele>48</ele><time>2026-03-01T09:55:12Z</time></trkpt>
			<trkpt lat="47.609050" lon="-1.326530"><ele>47</ele><time>2026-03-01T09:55:24Z</time></trkpt>
			<trkpt lat="47.609170" lon="-1.326450"><ele>47</ele><time>2026-03-01T09:55:36Z</time></trkpt>
			<trkpt lat="47.609380" lon="-1.326360"><ele>46</ele><time>2026-03-01T09:55:48Z</time></trkpt>
			<trkpt lat="47.609750" lon="-1.326230"><ele>43</ele><time>2026-03-01T09:56:00Z</time></trkpt>
			<trkpt lat="47.610090" lon="-1.326160"><ele>41</ele><time>2026-03-01T09:56:12Z</time></trkpt>
			<trkpt lat="47.610220" lon="-1.326140"><ele>41</ele><time>2026-03-01T09:56:24Z</time></trkpt>
			<trkpt lat="47.610980" lon="-1.326020"><ele>42</ele><time>2026-03-01T09:56:36Z</time></trkpt>
			<trkpt lat="47.611060" lon="-1.326000"><ele>43</ele><time>2026-03-01T09:56:48Z</time></trkpt>
			<trkpt lat="47.611240" lon="-1.325980"><ele>44</ele><time>2026-03-01T09:57:00Z</time></trkpt>
			<trkpt lat="47.612020" lon="-1.325850"><ele>48</ele><time>2026-03-01T09:57:12Z</time></trkpt>
			<trkpt lat="47.612410" lon="-1.325840"><ele>49</ele><time>2026-03-01T09:57:24Z</time></trkpt>
			<trkpt lat="47.612780" lon="-1.325870"><ele>50</ele><time>2026-03-01T09:57:36Z</time></trkpt>
			<trkpt lat="47.613140" lon="-1.325910"><ele>52</ele><time>2026-03-01T09:57:48Z</time></trkpt>
			<trkpt lat="47.613800" lon="-1.326080"><ele>55</ele><time>2026-03-01T09:58:00Z</time></trkpt>
			<trkpt lat="47.616090" lon="-1.326730"><ele>60</ele><time>2026-03-01T09:58:12Z</time></trkpt>
			<trkpt lat="47.617450" lon="-1.327120"><ele>62</ele><time>2026-03-01T09:58:24Z</time></trkpt>
			<trkpt lat="47.620210" lon="-1.327920"><ele>65</ele><time>2026-03-01T09:58:36Z</time></trkpt>
			<trkpt lat="47.620280" lon="-1.327940"><ele>65</ele><time>2026-03-01T09:58:48Z</time></trkpt>
			<trkpt lat="47.621950" lon="-1.328410"><ele>66</ele><time>2026-03-01T09:59:00Z</time></trkpt>
			<trkpt lat="47.624270" lon="-1.329090"><ele>68</ele><time>2026-03-01T09:59:12Z</time></trkpt>
			<trkpt lat="47.625040" lon="-1.329310"><ele>67</ele><time>2026-03-01T09:59:24Z</time></trkpt>
			<trkpt lat="47.625790" lon="-1.329490"><ele>67</ele><time>2026-03-01T09:59:36Z</time></trkpt>
			<trkpt lat="47.626030" lon="-1.329510"><ele>67</ele><time>2026-03-01T09:59:48Z</time></trkpt>
			<trkpt lat="47.626050" lon="-1.329560"><ele>68</ele><time>2026-03-01T10:00:00Z</time></trkpt>
			<trkpt lat="47.626080" lon="-1.329630"><ele>68</ele><time>2026-03-01T10:00:12Z</time></trkpt>
			<trkpt lat="47.626280" lon="-1.329770"><ele>68</ele><time>2026-03-01T10:00:24Z</time></trkpt>
			<trkpt lat="47.626540" lon="-1.329910"><ele>69</ele><time>2026-03-01T10:00:36Z</time></trkpt>
			<trkpt lat="47.626880" lon="-1.330040"><ele>69</ele><time>2026-03-01T10:00:48Z</time></trkpt>
			<trkpt lat="47.627370" lon="-1.330180"><ele>68</ele><time>2026-03-01T10:01:00Z</time></trkpt>
			<trkpt lat="47.628900" lon="-1.330580"><ele>68</ele><time>2026-03-01T10:01:12Z</time></trkpt>
			<trkpt lat="47.629620" lon="-1.330780"><ele>68</ele><time>2026-03-01T10:01:24Z</time></trkpt>
			<trkpt lat="47.633190" lon="-1.331740"><ele>57</ele><time>2026-03-01T10:01:36Z</time></trkpt>
			<trkpt lat="47.633280" lon="-1.331780"><ele>56</ele><time>2026-03-01T10:01:48Z</time></trkpt>
			<trkpt lat="47.633520" lon="-1.331120"><ele>57</ele><time>2026-03-01T10:02:00Z</time></trkpt>
			<trkpt lat="47.634000" lon="-1.329250"><ele>58</ele><time>2026-03-01T10:02:12Z</time></trkpt>
			<trkpt lat="47.634180" lon="-1.328550"><ele>59</ele><time>2026-03-01T10:02:24Z</time></trkpt>
			<trkpt lat="47.634280" lon="-1.328100"><ele>59</ele><time>2026-03-01T10:02:36Z</time></trkpt>
			<trkpt lat="47.634400" lon="-1.327350"><ele>60</ele><time>2026-03-01T10:02:48Z</time></trkpt>
			<trkpt lat="47.634500" lon="-1.326720"><ele>61</ele><time>2026-03-01T10:03:00Z</time></trkpt>
			<trkpt lat="47.634530" lon="-1.326560"><ele>61</ele><time>2026-03-01T10:03:12Z</time></trkpt>
			<trkpt lat="47.634530" lon="-1.326490"><ele>61</ele><time>2026-03-01T10:03:24Z</time></trkpt>
			<trkpt lat="47.634540" lon="-1.325630"><ele>63</ele><time>2026-03-01T10:03:36Z</time></trkpt>
			<trkpt lat="47.634660" lon="-1.317620"><ele>60</ele><time>2026-03-01T10:03:48Z</time></trkpt>
			<trkpt lat="47.634710" lon="-1.314340"><ele>54</ele><time>2026-03-01T10:04:00Z</time></trkpt>
			<trkpt lat="47.634720" lon="-1.312790"><ele>51</ele><time>2026-03-01T10:04:12Z</time></trkpt>
			<trkpt lat="47.634770" lon="-1.310050"><ele>45</ele><time>2026-03-01T10:04:24Z</time></trkpt>
			<trkpt lat="47.634850" lon="-1.304140"><ele>50</ele><time>2026-03-01T10:04:36Z</time></trkpt>
			<trkpt lat="47.634860" lon="-1.303880"><ele>50</ele><time>2026-03-01T10:04:48Z</time></trkpt>
			<trkpt lat="47.634910" lon="-1.303340"><ele>51</ele><time>2026-03-01T10:05:00Z</time></trkpt>
			<trkpt lat="47.634940" lon="-1.303080"><ele>51</ele><time>2026-03-01T10:05:12Z</time></trkpt>
			<trkpt lat="47.635130" lon="-1.302110"><ele>51</ele><time>2026-03-01T10:05:24Z</time></trkpt>
			<trkpt lat="47.635540" lon="-1.300000"><ele>56</ele><time>2026-03-01T10:05:36Z</time></trkpt>
			<trkpt lat="47.636450" lon="-1.295440"><ele>67</ele><time>2026-03-01T10:05:48Z</time></trkpt>
			<trkpt lat="47.636530" lon="-1.295060"><ele>67</ele><time>2026-03-01T10:06:00Z</time></trkpt>
			<trkpt lat="47.636550" lon="-1.294970"><ele>67</ele><time>2026-03-01T10:06:12Z</time></trkpt>
			<trkpt lat="47.636630" lon="-1.294550"><ele>68</ele><time>2026-03-01T10:06:24Z</time></trkpt>
			<trkpt lat="47.637130" lon="-1.292000"><ele>75</ele><time>2026-03-01T10:06:36Z</time></trkpt>
			<trkpt lat="47.637170" lon="-1.291770"><ele>76</ele><time>2026-03-01T10:06:48Z</time></trkpt>
			<trkpt lat="47.637230" lon="-1.291390"><ele>76</ele><time>2026-03-01T10:07:00Z</time></trkpt>
			<trkpt lat="47.637270" lon="-1.290940"><ele>77</ele><time>2026-03-01T10:07:12Z</time></trkpt>
			<trkpt lat="47.637270" lon="-1.290460"><ele>77</ele><time>2026-03-01T10:07:24Z</time></trkpt>
			<trkpt lat="47.637250" lon="-1.289990"><ele>77</ele><time>2026-03-01T10:07:36Z</time></trkpt>
			<trkpt lat="47.637190" lon="-1.289600"><ele>77</ele><time>2026-03-01T10:07:48Z</time></trkpt>
			<trkpt lat="47.637110" lon="-1.289180"><ele>77</ele><time>2026-03-01T10:08:00Z</time></trkpt>
			<trkpt lat="47.636890" lon="-1.288120"><ele>76</ele><time>2026-03-01T10:08:12Z</time></trkpt>
			<trkpt lat="47.636610" lon="-1.286770"><ele>75</ele><time>2026-03-01T10:08:24Z</time></trkpt>
			<trkpt lat="47.636550" lon="-1.286180"><ele>74</ele><time>2026-03-01T10:08:36Z</time></trkpt>
			<trkpt lat="47.636530" lon="-1.284820"><ele>73</ele><time>2026-03-01T10:08:48Z</time></trkpt>
			<trkpt lat="47.636510" lon="-1.282840"><ele>73</ele><time>2026-03-01T10:09:00Z</time></trkpt>
			<trkpt lat="47.636520" lon="-1.282500"><ele>73</ele><time>2026-03-01T10:09:12Z</time></trkpt>
			<trkpt lat="47.636530" lon="-1.282230"><ele>72</ele><time>2026-03-01T10:09:24Z</time></trkpt>
			<trkpt lat="47.636570" lon="-1.281890"><ele>72</ele><time>2026-03-01T10:09:36Z</time></trkpt>
			<trkpt lat="47.636610" lon="-1.281600"><ele>71</ele><time>2026-03-01T10:09:48Z</time></trkpt>
			<trkpt lat="47.636810" lon="-1.280730"><ele>71</ele><time>2026-03-01T10:10:00Z</time></trkpt>
			<trkpt lat="47.636830" lon="-1.280650"><ele>71</ele><time>2026-03-01T10:10:12Z</time></trkpt>
			<trkpt lat="47.636850" lon="-1.280570"><ele>71</ele><time>2026-03-01T10:10:24Z</time></trkpt>
			<trkpt lat="47.637160" lon="-1.279270"><ele>72</ele><time>2026-03-01T10:10:36Z</time></trkpt>
			<trkpt lat="47.637420" lon="-1.278150"><ele>72</ele><time>2026-03-01T10:10:48Z</time></trkpt>
			<trkpt lat="47.637600" lon="-1.277390"><ele>72</ele><time>2026-03-01T10:11:00Z</time></trkpt>
			<trkpt lat="47.637890" lon="-1.276160"><ele>73</ele><time>2026-03-01T10:11:12Z</time></trkpt>
			<trkpt lat="47.637980" lon="-1.275710"><ele>74</ele><time>2026-03-01T10:11:24Z</time></trkpt>
			<trkpt lat="47.638000" lon="-1.275520"><ele>74</ele><time>2026-03-01T10:11:36Z</time></trkpt>
			<trkpt lat="47.638030" lon="-1.275200"><ele>75</ele><time>2026-03-01T10:11:48Z</time></trkpt>
			<trkpt lat="47.638040" lon="-1.274930"><ele>75</ele><time>2026-03-01T10:12:00Z</time></trkpt>
			<trkpt lat="47.638000" lon="-1.272950"><ele>76</ele><time>2026-03-01T10:12:12Z</time></trkpt>
			<trkpt lat="47.637970" lon="-1.271080"><ele>75</ele><time>2026-03-01T10:12:24Z</time></trkpt>
			<trkpt lat="47.637930" lon="-1.269250"><ele>75</ele><time>2026-03-01T10:12:36Z</time></trkpt>
			<trkpt lat="47.637930" lon="-1.268820"><ele>75</ele><time>2026-03-01T10:12:48Z</time></trkpt>
			<trkpt lat="47.637960" lon="-1.268320"><ele>75</ele><time>2026-03-01T10:13:00Z</time></trkpt>
			<trkpt lat="47.637980" lon="-1.268130"><ele>75</ele><time>2026-03-01T10:13:12Z</time></trkpt>
			<trkpt lat="47.638080" lon="-1.267620"><ele>74</ele><time>2026-03-01T10:13:24Z</time></trkpt>
			<trkpt lat="47.638960" lon="-1.263780"><ele>72</ele><time>2026-03-01T10:13:36Z</time></trkpt>
			<trkpt lat="47.639330" lon="-1.262130"><ele>69</ele><time>2026-03-01T10:13:48Z</time></trkpt>
			<trkpt lat="47.639350" lon="-1.261970"><ele>69</ele><time>2026-03-01T10:14:00Z</time></trkpt>
			<trkpt lat="47.639380" lon="-1.261570"><ele>69</ele><time>2026-03-01T10:14:12Z</time></trkpt>
			<trkpt lat="47.639450" lon="-1.257610"><ele>68</ele><time>2026-03-01T10:14:24Z</time></trkpt>
			<trkpt lat="47.639520" lon="-1.256840"><ele>69</ele><time>2026-03-01T10:14:36Z</time></trkpt>
			<trkpt lat="47.639730" lon="-1.255120"><ele>69</ele><time>2026-03-01T10:14:48Z</time></trkpt>
			<trkpt lat="47.639770" lon="-1.254600"><ele>69</ele><time>2026-03-01T10:15:00Z</time></trkpt>
			<trkpt lat="47.639790" lon="-1.253790"><ele>70</ele><time>2026-03-01T10:15:12Z</time></trkpt>
			<trkpt lat="47.639780" lon="-1.253550"><ele>70</ele><time>2026-03-01T10:15:24Z</time></trkpt>
			<trkpt lat="47.639750" lon="-1.252930"><ele>69</ele><time>2026-03-01T10:15:36Z</time></trkpt>
			<trkpt lat="47.639590" lon="-1.250400"><ele>66</ele><time>2026-03-01T10:15:48Z</time></trkpt>
			<trkpt lat="47.639580" lon="-1.250100"><ele>66</ele><time>2026-03-01T10:16:00Z</time></trkpt>
			<trkpt lat="47.639600" lon="-1.249870"><ele>66</ele><time>2026-03-01T10:16:12Z</time></trkpt>
			<trkpt lat="47.639630" lon="-1.249610"><ele>66</ele><time>2026-03-01T10:16:24Z</time></trkpt>
			<trkpt lat="47.640230" lon="-1.247050"><ele>66</ele><time>2026-03-01T10:16:36Z</time></trkpt>
			<trkpt lat="47.640840" lon="-1.244450"><ele>69</ele><time>2026-03-01T10:16:48Z</time></trkpt>
			<trkpt lat="47.641460" lon="-1.241780"><ele>69</ele><time>2026-03-01T10:17:00Z</time></trkpt>
			<trkpt lat="47.641470" lon="-1.241720"><ele>69</ele><time>2026-03-01T10:17:12Z</time></trkpt>
			<trkpt lat="47.641620" lon="-1.241120"><ele>70</ele><time>2026-03-01T10:17:24Z</time></trkpt>
			<trkpt lat="47.641620" lon="-1.241030"><ele>70</ele><time>2026-03-01T10:17:36Z</time></trkpt>
			<trkpt lat="47.641600" lon="-1.240970"><ele>70</ele><time>2026-03-01T10:17:48Z</time></trkpt>
			<trkpt lat="47.641560" lon="-1.240900"><ele>70</ele><time>2026-03-01T10:18:00Z</time></trkpt>
			<trkpt lat="47.641830" lon="-1.240410"><ele>71</ele><time>2026-03-01T10:18:12Z</time></trkpt>
			<trkpt lat="47.641950" lon="-1.240220"><ele>71</ele><time>2026-03-01T10:18:24Z</time></trkpt>
			<trkpt lat="47.641970" lon="-1.240210"><ele>71</ele><time>2026-03-01T10:18:36Z</time></trkpt>
			<trkpt lat="47.641930" lon="-1.240040"><ele>71</ele><time>2026-03-01T10:18:48Z</time></trkpt>
			<trkpt lat="47.641900" lon="-1.239840"><ele>72</ele><time>2026-03-01T10:19:00Z</time></trkpt>
			<trkpt lat="47.641870" lon="-1.238970"><ele>73</ele><time>2026-03-01T10:19:12Z</time></trkpt>
			<trkpt lat="47.641870" lon="-1.238890"><ele>73</ele><time>2026-03-01T10:19:24Z</time></trkpt>
			<trkpt lat="47.641770" lon="-1.238140"><ele>73</ele><time>2026-03-01T10:19:36Z</time></trkpt>
			<trkpt lat="47.641720" lon="-1.237670"><ele>72</ele><time>2026-03-01T10:19:48Z</time></trkpt>
			<trkpt lat="47.641700" lon="-1.237180"><ele>69</ele><time>2026-03-01T10:20:00Z</time></trkpt>
			<trkpt lat="47.641680" lon="-1.236070"><ele>63</ele><time>2026-03-01T10:20:12Z</time></trkpt>
			<trkpt lat="47.641660" lon="-1.235400"><ele>60</ele><time>2026-03-01T10:20:24Z</time></trkpt>
			<trkpt lat="47.641650" lon="-1.234820"><ele>58</ele><time>2026-03-01T10:20:36Z</time></trkpt>
			<trkpt lat="47.641640" lon="-1.234320"><ele>57</ele><time>2026-03-01T10:20:48Z</time></trkpt>
			<trkpt lat="47.641620" lon="-1.233290"><ele>56</ele><time>2026-03-01T10:21:00Z</time></trkpt>
			<trkpt lat="47.641600" lon="-1.232200"><ele>58</ele><time>2026-03-01T10:21:12Z</time></trkpt>
			<trkpt lat="47.641590" lon="-1.231800"><ele>60</ele><time>2026-03-01T10:21:24Z</time></trkpt>
			<trkpt lat="47.641580" lon="-1.231390"><ele>62</ele><time>2026-03-01T10:21:36Z</time></trkpt>
			<trkpt lat="47.641560" lon="-1.231180"><ele>63</ele><time>2026-03-01T10:21:48Z</time></trkpt>
			<trkpt lat="47.641550" lon="-1.231090"><ele>63</ele><time>2026-03-01T10:22:00Z</time></trkpt>
			<trkpt lat="47.641500" lon="-1.230840"><ele>65</ele><time>2026-03-01T10:22:12Z</time></trkpt>
			<trkpt lat="47.641390" lon="-1.230540"><ele>66</ele><time>2026-03-01T10:22:24Z</time></trkpt>
			<trkpt lat="47.641240" lon="-1.230260"><ele>67</ele><time>2026-03-01T10:22:36Z</time></trkpt>
			<trkpt lat="47.640770" lon="-1.229520"><ele>69</ele><time>2026-03-01T10:22:48Z</time></trkpt>
			<trkpt lat="47.640600" lon="-1.229220"><ele>69</ele><time>2026-03-01T10:23:00Z</time></trkpt>
			<trkpt lat="47.640330" lon="-1.228740"><ele>70</ele><time>2026-03-01T10:23:12Z</time></trkpt>
			<trkpt lat="47.640210" lon="-1.228510"><ele>70</ele><time>2026-03-01T10:23:24Z</time></trkpt>
			<trkpt lat="47.639890" lon="-1.227750"><ele>71</ele><time>2026-03-01T10:23:36Z</time></trkpt>
			<trkpt lat="47.639650" lon="-1.227050"><ele>71</ele><time>2026-03-01T10:23:48Z</time></trkpt>
			<trkpt lat="47.639520" lon="-1.226630"><ele>71</ele><time>2026-03-01T10:24:00Z</time></trkpt>
			<trkpt lat="47.638930" lon="-1.224860"><ele>73</ele><time>2026-03-01T10:24:12Z</time></trkpt>
			<trkpt lat="47.638240" lon="-1.222840"><ele>75</ele><time>2026-03-01T10:24:24Z</time></trkpt>
			<trkpt lat="47.637780" lon="-1.221490"><ele>78</ele><time>2026-03-01T10:24:36Z</time></trkpt>
			<trkpt lat="47.636040" lon="-1.216350"><ele>78</ele><time>2026-03-01T10:24:48Z</time></trkpt>
			<trkpt lat="47.635980" lon="-1.216180"><ele>78</ele><time>2026-03-01T10:25:00Z</time></trkpt>
			<trkpt lat="47.635900" lon="-1.215950"><ele>78</ele><time>2026-03-01T10:25:12Z</time></trkpt>
			<trkpt lat="47.635810" lon="-1.215760"><ele>78</ele><time>2026-03-01T10:25:24Z</time></trkpt>
			<trkpt lat="47.635630" lon="-1.215420"><ele>78</ele><time>2026-03-01T10:25:36Z</time></trkpt>
			<trkpt lat="47.634790" lon="-1.213890"><ele>79</ele><time>2026-03-01T10:25:48Z</time></trkpt>
			<trkpt lat="47.633390" lon="-1.211410"><ele>78</ele><time>2026-03-01T10:26:00Z</time></trkpt>
			<trkpt lat="47.632470" lon="-1.209740"><ele>75</ele><time>2026-03-01T10:26:12Z</time></trkpt>
			<trkpt lat="47.632420" lon="-1.209660"><ele>75</ele><time>2026-03-01T10:26:24Z</time></trkpt>
			<trkpt lat="47.630330" lon="-1.205900"><ele>69</ele><time>2026-03-01T10:26:36Z</time></trkpt>
			<trkpt lat="47.628990" lon="-1.203480"><ele>66</ele><time>2026-03-01T10:26:48Z</time></trkpt>
			<trkpt lat="47.628540" lon="-1.202680"><ele>65</ele><time>2026-03-01T10:27:00Z</time></trkpt>
			<trkpt lat="47.628150" lon="-1.201990"><ele>64</ele><time>2026-03-01T10:27:12Z</time></trkpt>
			<trkpt lat="47.627890" lon="-1.201590"><ele>63</ele><time>2026-03-01T10:27:24Z</time></trkpt>
			<trkpt lat="47.627550" lon="-1.201120"><ele>63</ele><time>2026-03-01T10:27:36Z</time></trkpt>
			<trkpt lat="47.626880" lon="-1.200300"><ele>65</ele><time>2026-03-01T10:27:48Z</time></trkpt>
			<trkpt lat="47.626620" lon="-1.200030"><ele>65</ele><time>2026-03-01T10:28:00Z</time></trkpt>
			<trkpt lat="47.626470" lon="-1.199860"><ele>65</ele><time>2026-03-01T10:28:12Z</time></trkpt>
			<trkpt lat="47.625020" lon="-1.198330"><ele>62</ele><time>2026-03-01T10:28:24Z</time></trkpt>
			<trkpt lat="47.624630" lon="-1.197900"><ele>62</ele><time>2026-03-01T10:28:36Z</time></trkpt>
			<trkpt lat="47.624570" lon="-1.197860"><ele>62</ele><time>2026-03-01T10:28:48Z</time></trkpt>
			<trkpt lat="47.624380" lon="-1.197760"><ele>61</ele><time>2026-03-01T10:29:00Z</time></trkpt>
			<trkpt lat="47.624240" lon="-1.197720"><ele>61</ele><time>2026-03-01T10:29:12Z</time></trkpt>
			<trkpt lat="47.623740" lon="-1.197640"><ele>62</ele><time>2026-03-01T10:29:24Z</time></trkpt>
			<trkpt lat="47.623690" lon="-1.197620"><ele>62</ele><time>2026-03-01T10:29:36Z</time></trkpt>
			<trkpt lat="47.623610" lon="-1.197580"><ele>62</ele><time>2026-03-01T10:29:48Z</time></trkpt>
			<trkpt lat="47.623490" lon="-1.197550"><ele>63</ele><time>2026-03-01T10:30:00Z</time></trkpt>
			<trkpt lat="47.623430" lon="-1.197520"><ele>63</ele><time>2026-03-01T10:30:12Z</time></trkpt>
			<trkpt lat="47.623380" lon="-1.197550"><ele>63</ele><time>2026-03-01T10:30:24Z</time></trkpt>
			<trkpt lat="47.623350" lon="-1.197590"><ele>63</ele><time>2026-03-01T10:30:36Z</time></trkpt>
			<trkpt lat="47.623260" lon="-1.197620"><ele>63</ele><time>2026-03-01T10:30:48Z</time></trkpt>
			<trkpt lat="47.622730" lon="-1.197710"><ele>62</ele><time>2026-03-01T10:31:00Z</time></trkpt>
			<trkpt lat="47.621950" lon="-1.197800"><ele>63</ele><time>2026-03-01T10:31:12Z</time></trkpt>
			<trkpt lat="47.621710" lon="-1.197810"><ele>63</ele><time>2026-03-01T10:31:24Z</time></trkpt>
			<trkpt lat="47.621510" lon="-1.197840"><ele>64</ele><time>2026-03-01T10:31:36Z</time></trkpt>
			<trkpt lat="47.621280" lon="-1.197890"><ele>65</ele><time>2026-03-01T10:31:48Z</time></trkpt>
			<trkpt lat="47.621190" lon="-1.197910"><ele>66</ele><time>2026-03-01T10:32:00Z</time></trkpt>
			<trkpt lat="47.621070" lon="-1.197910"><ele>66</ele><time>2026-03-01T10:32:12Z</time></trkpt>
			<trkpt lat="47.620470" lon="-1.197990"><ele>68</ele><time>2026-03-01T10:32:24Z</time></trkpt>
			<trkpt lat="47.620050" lon="-1.198060"><ele>68</ele><time>2026-03-01T10:32:36Z</time></trkpt>
			<trkpt lat="47.618460" lon="-1.198260"><ele>69</ele><time>2026-03-01T10:32:48Z</time></trkpt>
			<trkpt lat="47.617690" lon="-1.198370"><ele>68</ele><time>2026-03-01T10:33:00Z</time></trkpt>
			<trkpt lat="47.616610" lon="-1.198500"><ele>70</ele><time>2026-03-01T10:33:12Z</time></trkpt>
			<trkpt lat="47.616530" lon="-1.198520"><ele>70</ele><time>2026-03-01T10:33:24Z</time></trkpt>
			<trkpt lat="47.615480" lon="-1.198660"><ele>71</ele><time>2026-03-01T10:33:36Z</time></trkpt>
			<trkpt lat="47.614960" lon="-1.198760"><ele>70</ele><time>2026-03-01T10:33:48Z</time></trkpt>
			<trkpt lat="47.614730" lon="-1.198850"><ele>69</ele><time>2026-03-01T10:34:00Z</time></trkpt>
			<trkpt lat="47.614530" lon="-1.198960"><ele>69</ele><time>2026-03-01T10:34:12Z</time></trkpt>
			<trkpt lat="47.614460" lon="-1.199000"><ele>69</ele><time>2026-03-01T10:34:24Z</time></trkpt>
			<trkpt lat="47.614150" lon="-1.199250"><ele>68</ele><time>2026-03-01T10:34:36Z</time></trkpt>
			<trkpt lat="47.613590" lon="-1.199810"><ele>65</ele><time>2026-03-01T10:34:48Z</time></trkpt>
			<trkpt lat="47.612760" lon="-1.200660"><ele>60</ele><time>2026-03-01T10:35:00Z</time></trkpt>
			<trkpt lat="47.612160" lon="-1.201260"><ele>57</ele><time>2026-03-01T10:35:12Z</time></trkpt>
			<trkpt lat="47.611920" lon="-1.201480"><ele>55</ele><time>2026-03-01T10:35:24Z</time></trkpt>
			<trkpt lat="47.611630" lon="-1.201690"><ele>54</ele><time>2026-03-01T10:35:36Z</time></trkpt>
			<trkpt lat="47.611360" lon="-1.201850"><ele>54</ele><time>2026-03-01T10:35:48Z</time></trkpt>
			<trkpt lat="47.611110" lon="-1.201980"><ele>54</ele><time>2026-03-01T10:36:00Z</time></trkpt>
			<trkpt lat="47.610750" lon="-1.202130"><ele>54</ele><time>2026-03-01T10:36:12Z</time></trkpt>
			<trkpt lat="47.610500" lon="-1.202200"><ele>54</ele><time>2026-03-01T10:36:24Z</time></trkpt>
			<trkpt lat="47.610370" lon="-1.202220"><ele>54</ele><time>2026-03-01T10:36:36Z</time></trkpt>
			<trkpt lat="47.609940" lon="-1.202270"><ele>55</ele><time>2026-03-01T10:36:48Z</time></trkpt>
			<trkpt lat="47.609740" lon="-1.202270"><ele>55</ele><time>2026-03-01T10:37:00Z</time></trkpt>
			<trkpt lat="47.609500" lon="-1.202260"><ele>56</ele><time>2026-03-01T10:37:12Z</time></trkpt>
			<trkpt lat="47.609230" lon="-1.202220"><ele>57</ele><time>2026-03-01T10:37:24Z</time></trkpt>
			<trkpt lat="47.608910" lon="-1.202150"><ele>58</ele><time>2026-03-01T10:37:36Z</time></trkpt>
			<trkpt lat="47.608340" lon="-1.201970"><ele>59</ele><time>2026-03-01T10:37:48Z</time></trkpt>
			<trkpt lat="47.607950" lon="-1.201880"><ele>59</ele><time>2026-03-01T10:38:00Z</time></trkpt>
			<trkpt lat="47.607390" lon="-1.201770"><ele>59</ele><time>2026-03-01T10:38:12Z</time></trkpt>
			<trkpt lat="47.607010" lon="-1.201740"><ele>59</ele><time>2026-03-01T10:38:24Z</time></trkpt>
			<trkpt lat="47.606450" lon="-1.201730"><ele>61</ele><time>2026-03-01T10:38:36Z</time></trkpt>
			<trkpt lat="47.606090" lon="-1.201750"><ele>61</ele><time>2026-03-01T10:38:48Z</time></trkpt>
			<trkpt lat="47.605050" lon="-1.201830"><ele>64</ele><time>2026-03-01T10:39:00Z</time></trkpt>
			<trkpt lat="47.604900" lon="-1.201840"><ele>64</ele><time>2026-03-01T10:39:12Z</time></trkpt>
			<trkpt lat="47.604730" lon="-1.201860"><ele>64</ele><time>2026-03-01T10:39:24Z</time></trkpt>
			<trkpt lat="47.602860" lon="-1.201960"><ele>66</ele><time>2026-03-01T10:39:36Z</time></trkpt>
			<trkpt lat="47.602690" lon="-1.201960"><ele>67</ele><time>2026-03-01T10:39:48Z</time></trkpt>
			<trkpt lat="47.602440" lon="-1.201930"><ele>67</ele><time>2026-03-01T10:40:00Z</time></trkpt>
			<trkpt lat="47.602130" lon="-1.201840"><ele>68</ele><time>2026-03-01T10:40:12Z</time></trkpt>
			<trkpt lat="47.601910" lon="-1.201750"><ele>68</ele><time>2026-03-01T10:40:24Z</time></trkpt>
			<trkpt lat="47.601700" lon="-1.201650"><ele>69</ele><time>2026-03-01T10:40:36Z</time></trkpt>
			<trkpt lat="47.601360" lon="-1.201420"><ele>69</ele><time>2026-03-01T10:40:48Z</time></trkpt>
			<trkpt lat="47.601080" lon="-1.201190"><ele>69</ele><time>2026-03-01T10:41:00Z</time></trkpt>
			<trkpt lat="47.599150" lon="-1.199460"><ele>70</ele><time>2026-03-01T10:41:12Z</time></trkpt>
			<trkpt lat="47.598240" lon="-1.198670"><ele>74</ele><time>2026-03-01T10:41:24Z</time></trkpt>
			<trkpt lat="47.598130" lon="-1.198560"><ele>75</ele><time>2026-03-01T10:41:36Z</time></trkpt>
			<trkpt lat="47.598190" lon="-1.198290"><ele>76</ele><time>2026-03-01T10:41:48Z</time></trkpt>
			<trkpt lat="47.598200" lon="-1.198210"><ele>76</ele><time>2026-03-01T10:42:00Z</time></trkpt>
			<trkpt lat="47.598190" lon="-1.198080"><ele>77</ele><time>2026-03-01T10:42:12Z</time></trkpt>
			<trkpt lat="47.597910" lon="-1.196840"><ele>78</ele><time>2026-03-01T10:42:24Z</time></trkpt>
			<trkpt lat="47.597100" lon="-1.192980"><ele>76</ele><time>2026-03-01T10:42:36Z</time></trkpt>
			<trkpt lat="47.596970" lon="-1.192370"><ele>77</ele><time>2026-03-01T10:42:48Z</time></trkpt>
			<trkpt lat="47.596760" lon="-1.191360"><ele>77</ele><time>2026-03-01T10:43:00Z</time></trkpt>
			<trkpt lat="47.596610" lon="-1.190600"><ele>76</ele><time>2026-03-01T10:43:12Z</time></trkpt>
			<trkpt lat="47.596510" lon="-1.190000"><ele>76</ele><time>2026-03-01T10:43:24Z</time></trkpt>
			<trkpt lat="47.596320" lon="-1.188720"><ele>75</ele><time>2026-03-01T10:43:36Z</time></trkpt>
			<trkpt lat="47.596260" lon="-1.188190"><ele>75</ele><time>2026-03-01T10:43:48Z</time></trkpt>
			<trkpt lat="47.595470" lon="-1.181850"><ele>75</ele><time>2026-03-01T10:44:00Z</time></trkpt>
			<trkpt lat="47.595470" lon="-1.181800"><ele>75</ele><time>2026-03-01T10:44:12Z</time></trkpt>
			<trkpt lat="47.595280" lon="-1.180420"><ele>74</ele><time>2026-03-01T10:44:24Z</time></trkpt>
			<trkpt lat="47.595120" lon="-1.179570"><ele>75</ele><time>2026-03-01T10:44:36Z</time></trkpt>
			<trkpt lat="47.595010" lon="-1.179090"><ele>75</ele><time>2026-03-01T10:44:48Z</time></trkpt>
			<trkpt lat="47.594950" lon="-1.178870"><ele>75</ele><time>2026-03-01T10:45:00Z</time></trkpt>
			<trkpt lat="47.594370" lon="-1.176910"><ele>75</ele><time>2026-03-01T10:45:12Z</time></trkpt>
			<trkpt lat="47.594250" lon="-1.176540"><ele>75</ele><time>2026-03-01T10:45:24Z</time></trkpt>
			<trkpt lat="47.594170" lon="-1.176340"><ele>75</ele><time>2026-03-01T10:45:36Z</time></trkpt>
			<trkpt lat="47.594090" lon="-1.176180"><ele>76</ele><time>2026-03-01T10:45:48Z</time></trkpt>
			<trkpt lat="47.593950" lon="-1.175930"><ele>76</ele><time>2026-03-01T10:46:00Z</time></trkpt>
			<trkpt lat="47.593420" lon="-1.175130"><ele>75</ele><time>2026-03-01T10:46:12Z</time></trkpt>
			<trkpt lat="47.593270" lon="-1.174850"><ele>75</ele><time>2026-03-01T10:46:24Z</time></trkpt>
			<trkpt lat="47.593200" lon="-1.174680"><ele>75</ele><time>2026-03-01T10:46:36Z</time></trkpt>
			<trkpt lat="47.593140" lon="-1.174480"><ele>75</ele><time>2026-03-01T10:46:48Z</time></trkpt>
			<trkpt lat="47.592890" lon="-1.173580"><ele>74</ele><time>2026-03-01T10:47:00Z</time></trkpt>
			<trkpt lat="47.592670" lon="-1.172800"><ele>73</ele><time>2026-03-01T10:47:12Z</time></trkpt>
			<trkpt lat="47.592550" lon="-1.172340"><ele>72</ele><time>2026-03-01T10:47:24Z</time></trkpt>
			<trkpt lat="47.592510" lon="-1.172160"><ele>72</ele><time>2026-03-01T10:47:36Z</time></trkpt>
			<trkpt lat="47.592480" lon="-1.171900"><ele>71</ele><time>2026-03-01T10:47:48Z</time></trkpt>
			<trkpt lat="47.592470" lon="-1.171640"><ele>71</ele><time>2026-03-01T10:48:00Z</time></trkpt>
			<trkpt lat="47.592600" lon="-1.168290"><ele>68</ele><time>2026-03-01T10:48:12Z</time></trkpt>
			<trkpt lat="47.592680" lon="-1.166110"><ele>74</ele><time>2026-03-01T10:48:24Z</time></trkpt>
			<trkpt lat="47.592680" lon="-1.165860"><ele>75</ele><time>2026-03-01T10:48:36Z</time></trkpt>
			<trkpt lat="47.592670" lon="-1.165520"><ele>75</ele><time>2026-03-01T10:48:48Z</time></trkpt>
			<trkpt lat="47.592650" lon="-1.165190"><ele>76</ele><time>2026-03-01T10:49:00Z</time></trkpt>
			<trkpt lat="47.592600" lon="-1.164750"><ele>77</ele><time>2026-03-01T10:49:12Z</time></trkpt>
			<trkpt lat="47.592520" lon="-1.164160"><ele>78</ele><time>2026-03-01T10:49:24Z</time></trkpt>
			<trkpt lat="47.592330" lon="-1.163280"><ele>78</ele><time>2026-03-01T10:49:36Z</time></trkpt>
			<trkpt lat="47.591940" lon="-1.161420"><ele>79</ele><time>2026-03-01T10:49:48Z</time></trkpt>
			<trkpt lat="47.591920" lon="-1.161370"><ele>79</ele><time>2026-03-01T10:50:00Z</time></trkpt>
			<trkpt lat="47.591760" lon="-1.160580"><ele>79</ele><time>2026-03-01T10:50:12Z</time></trkpt>
			<trkpt lat="47.591720" lon="-1.160360"><ele>78</ele><time>2026-03-01T10:50:24Z</time></trkpt>
			<trkpt lat="47.591440" lon="-1.159020"><ele>77</ele><time>2026-03-01T10:50:36Z</time></trkpt>
			<trkpt lat="47.591360" lon="-1.158670"><ele>78</ele><time>2026-03-01T10:50:48Z</time></trkpt>
			<trkpt lat="47.591290" lon="-1.158310"><ele>77</ele><time>2026-03-01T10:51:00Z</time></trkpt>
			<trkpt lat="47.591210" lon="-1.157930"><ele>78</ele><time>2026-03-01T10:51:12Z</time></trkpt>
			<trkpt lat="47.591150" lon="-1.157660"><ele>78</ele><time>2026-03-01T10:51:24Z</time></trkpt>
			<trkpt lat="47.591080" lon="-1.157450"><ele>78</ele><time>2026-03-01T10:51:36Z</time></trkpt>
			<trkpt lat="47.590990" lon="-1.157230"><ele>77</ele><time>2026-03-01T10:51:48Z</time></trkpt>
			<trkpt lat="47.590890" lon="-1.157000"><ele>77</ele><time>2026-03-01T10:52:00Z</time></trkpt>
			<trkpt lat="47.590830" lon="-1.156860"><ele>77</ele><time>2026-03-01T10:52:12Z</time></trkpt>
			<trkpt lat="47.590750" lon="-1.156660"><ele>77</ele><time>2026-03-01T10:52:24Z</time></trkpt>
			<trkpt lat="47.590510" lon="-1.156080"><ele>77</ele><time>2026-03-01T10:52:36Z</time></trkpt>
			<trkpt lat="47.590170" lon="-1.155290"><ele>77</ele><time>2026-03-01T10:52:48Z</time></trkpt>
			<trkpt lat="47.590130" lon="-1.155190"><ele>77</ele><time>2026-03-01T10:53:00Z</time></trkpt>
			<trkpt lat="47.590130" lon="-1.155160"><ele>77</ele><time>2026-03-01T10:53:12Z</time></trkpt>
			<trkpt lat="47.590120" lon="-1.155130"><ele>77</ele><time>2026-03-01T10:53:24Z</time></trkpt>
			<trkpt lat="47.590130" lon="-1.155070"><ele>77</ele><time>2026-03-01T10:53:36Z</time></trkpt>
			<trkpt lat="47.589790" lon="-1.154840"><ele>77</ele><time>2026-03-01T10:53:48Z</time></trkpt>
			<trkpt lat="47.589530" lon="-1.154650"><ele>76</ele><time>2026-03-01T10:54:00Z</time></trkpt>
			<trkpt lat="47.589200" lon="-1.154380"><ele>76</ele><time>2026-03-01T10:54:12Z</time></trkpt>
			<trkpt lat="47.589120" lon="-1.154320"><ele>76</ele><time>2026-03-01T10:54:24Z</time></trkpt>
			<trkpt lat="47.589020" lon="-1.154230"><ele>76</ele><time>2026-03-01T10:54:36Z</time></trkpt>
			<trkpt lat="47.588920" lon="-1.154160"><ele>75</ele><time>2026-03-01T10:54:48Z</time></trkpt>
			<trkpt lat="47.588760" lon="-1.154060"><ele>75</ele><time>2026-03-01T10:55:00Z</time></trkpt>
			<trkpt lat="47.588710" lon="-1.154010"><ele>75</ele><time>2026-03-01T10:55:12Z</time></trkpt>
			<trkpt lat="47.588690" lon="-1.153970"><ele>75</ele><time>2026-03-01T10:55:24Z</time></trkpt>
			<trkpt lat="47.588620" lon="-1.153760"><ele>75</ele><time>2026-03-01T10:55:36Z</time></trkpt>
			<trkpt lat="47.588590" lon="-1.153670"><ele>75</ele><time>2026-03-01T10:55:48Z</time></trkpt>
			<trkpt lat="47.588580" lon="-1.153520"><ele>75</ele><time>2026-03-01T10:56:00Z</time></trkpt>
			<trkpt lat="47.588470" lon="-1.153340"><ele>74</ele><time>2026-03-01T10:56:12Z</time></trkpt>
			<trkpt lat="47.588330" lon="-1.153120"><ele>73</ele><time>2026-03-01T10:56:24Z</time></trkpt>
			<trkpt lat="47.588260" lon="-1.152860"><ele>73</ele><time>2026-03-01T10:56:36Z</time></trkpt>
			<trkpt lat="47.588140" lon="-1.152340"><ele>71</ele><time>2026-03-01T10:56:48Z</time></trkpt>
			<trkpt lat="47.588130" lon="-1.152300"><ele>71</ele><time>2026-03-01T10:57:00Z</time></trkpt>
			<trkpt lat="47.588130" lon="-1.152260"><ele>71</ele><time>2026-03-01T10:57:12Z</time></trkpt>
			<trkpt lat="47.588040" lon="-1.151670"><ele>71</ele><time>2026-03-01T10:57:24Z</time></trkpt>
			<trkpt lat="47.588040" lon="-1.151640"><ele>71</ele><time>2026-03-01T10:57:36Z</time></trkpt>
			<trkpt lat="47.587940" lon="-1.150950"><ele>72</ele><time>2026-03-01T10:57:48Z</time></trkpt>
			<trkpt lat="47.587910" lon="-1.150800"><ele>72</ele><time>2026-03-01T10:58:00Z</time></trkpt>
			<trkpt lat="47.587870" lon="-1.150480"><ele>72</ele><time>2026-03-01T10:58:12Z</time></trkpt>
			<trkpt lat="47.587860" lon="-1.150450"><ele>72</ele><time>2026-03-01T10:58:24Z</time></trkpt>
			<trkpt lat="47.587850" lon="-1.150390"><ele>72</ele><time>2026-03-01T10:58:36Z</time></trkpt>
			<trkpt lat="47.587850" lon="-1.150350"><ele>72</ele><time>2026-03-01T10:58:48Z</time></trkpt>
			<trkpt lat="47.587800" lon="-1.150070"><ele>72</ele><time>2026-03-01T10:59:00Z</time></trkpt>
			<trkpt lat="47.587780" lon="-1.149880"><ele>72</ele><time>2026-03-01T10:59:12Z</time></trkpt>
			<trkpt lat="47.587760" lon="-1.149770"><ele>72</ele><time>2026-03-01T10:59:24Z</time></trkpt>
			<trkpt lat="47.587720" lon="-1.149530"><ele>73</ele><time>2026-03-01T10:59:36Z</time></trkpt>
			<trkpt lat="47.587650" lon="-1.149260"><ele>73</ele><time>2026-03-01T10:59:48Z</time></trkpt>
			<trkpt lat="47.587560" lon="-1.148970"><ele>73</ele><time>2026-03-01T11:00:00Z</time></trkpt>
			<trkpt lat="47.587480" lon="-1.148730"><ele>73</ele><time>2026-03-01T11:00:12Z</time></trkpt>
			<trkpt lat="47.587330" lon="-1.148270"><ele>72</ele><time>2026-03-01T11:00:24Z</time></trkpt>
			<trkpt lat="47.587280" lon="-1.148140"><ele>71</ele><time>2026-03-01T11:00:36Z</time></trkpt>
			<trkpt lat="47.587100" lon="-1.147610"><ele>71</ele><time>2026-03-01T11:00:48Z</time></trkpt>
			<trkpt lat="47.587090" lon="-1.147560"><ele>70</ele><time>2026-03-01T11:01:00Z</time></trkpt>
			<trkpt lat="47.587030" lon="-1.147390"><ele>70</ele><time>2026-03-01T11:01:12Z</time></trkpt>
			<trkpt lat="47.586910" lon="-1.147050"><ele>69</ele><time>2026-03-01T11:01:24Z</time></trkpt>
			<trkpt lat="47.586780" lon="-1.146600"><ele>69</ele><time>2026-03-01T11:01:36Z</time></trkpt>
			<trkpt lat="47.586560" lon="-1.145840"><ele>68</ele><time>2026-03-01T11:01:48Z</time></trkpt>
			<trkpt lat="47.586470" lon="-1.145610"><ele>67</ele><time>2026-03-01T11:02:00Z</time></trkpt>
			<trkpt lat="47.586390" lon="-1.145450"><ele>66</ele><time>2026-03-01T11:02:12Z</time></trkpt>
			<trkpt lat="47.586310" lon="-1.145300"><ele>65</ele><time>2026-03-01T11:02:24Z</time></trkpt>
			<trkpt lat="47.586180" lon="-1.145110"><ele>64</ele><time>2026-03-01T11:02:36Z</time></trkpt>
			<trkpt lat="47.585800" lon="-1.144620"><ele>62</ele><time>2026-03-01T11:02:48Z</time></trkpt>
			<trkpt lat="47.585740" lon="-1.144520"><ele>62</ele><time>2026-03-01T11:03:00Z</time></trkpt>
			<trkpt lat="47.585560" lon="-1.144170"><ele>62</ele><time>2026-03-01T11:03:12Z</time></trkpt>
			<trkpt lat="47.584940" lon="-1.142670"><ele>59</ele><time>2026-03-01T11:03:24Z</time></trkpt>
			<trkpt lat="47.584850" lon="-1.142430"><ele>59</ele><time>2026-03-01T11:03:36Z</time></trkpt>
			<trkpt lat="47.584780" lon="-1.142190"><ele>59</ele><time>2026-03-01T11:03:48Z</time></trkpt>
			<trkpt lat="47.584700" lon="-1.141790"><ele>59</ele><time>2026-03-01T11:04:00Z</time></trkpt>
			<trkpt lat="47.584670" lon="-1.141600"><ele>59</ele><time>2026-03-01T11:04:12Z</time></trkpt>
			<trkpt lat="47.584440" lon="-1.139970"><ele>62</ele><time>2026-03-01T11:04:24Z</time></trkpt>
			<trkpt lat="47.584190" lon="-1.138170"><ele>62</ele><time>2026-03-01T11:04:36Z</time></trkpt>
			<trkpt lat="47.584100" lon="-1.137690"><ele>62</ele><time>2026-03-01T11:04:48Z</time></trkpt>
			<trkpt lat="47.584030" lon="-1.137470"><ele>62</ele><time>2026-03-01T11:05:00Z</time></trkpt>
			<trkpt lat="47.584010" lon="-1.137400"><ele>62</ele><time>2026-03-01T11:05:12Z</time></trkpt>
			<trkpt lat="47.583870" lon="-1.137090"><ele>63</ele><time>2026-03-01T11:05:24Z</time></trkpt>
			<trkpt lat="47.583420" lon="-1.136130"><ele>63</ele><time>2026-03-01T11:05:36Z</time></trkpt>
			<trkpt lat="47.583100" lon="-1.135580"><ele>64</ele><time>2026-03-01T11:05:48Z</time></trkpt>
			<trkpt lat="47.582880" lon="-1.135230"><ele>65</ele><time>2026-03-01T11:06:00Z</time></trkpt>
			<trkpt lat="47.582400" lon="-1.134460"><ele>66</ele><time>2026-03-01T11:06:12Z</time></trkpt>
			<trkpt lat="47.582260" lon="-1.134250"><ele>66</ele><time>2026-03-01T11:06:24Z</time></trkpt>
			<trkpt lat="47.582100" lon="-1.134090"><ele>66</ele><time>2026-03-01T11:06:36Z</time></trkpt>
			<trkpt lat="47.581980" lon="-1.133990"><ele>65</ele><time>2026-03-01T11:06:48Z</time></trkpt>
			<trkpt lat="47.581620" lon="-1.133770"><ele>64</ele><time>2026-03-01T11:07:00Z</time></trkpt>
			<trkpt lat="47.581060" lon="-1.133470"><ele>61</ele><time>2026-03-01T11:07:12Z</time></trkpt>
			<trkpt lat="47.580900" lon="-1.133340"><ele>60</ele><time>2026-03-01T11:07:24Z</time></trkpt>
			<trkpt lat="47.580830" lon="-1.133270"><ele>60</ele><time>2026-03-01T11:07:36Z</time></trkpt>
			<trkpt lat="47.580690" lon="-1.133040"><ele>59</ele><time>2026-03-01T11:07:48Z</time></trkpt>
			<trkpt lat="47.580560" lon="-1.132680"><ele>58</ele><time>2026-03-01T11:08:00Z</time></trkpt>
			<trkpt lat="47.580310" lon="-1.131660"><ele>55</ele><time>2026-03-01T11:08:12Z</time></trkpt>
			<trkpt lat="47.580100" lon="-1.130830"><ele>52</ele><time>2026-03-01T11:08:24Z</time></trkpt>
			<trkpt lat="47.580020" lon="-1.130540"><ele>52</ele><time>2026-03-01T11:08:36Z</time></trkpt>
			<trkpt lat="47.579950" lon="-1.130310"><ele>51</ele><time>2026-03-01T11:08:48Z</time></trkpt>
			<trkpt lat="47.579880" lon="-1.130120"><ele>51</ele><time>2026-03-01T11:09:00Z</time></trkpt>
			<trkpt lat="47.579790" lon="-1.129940"><ele>51</ele><time>2026-03-01T11:09:12Z</time></trkpt>
			<trkpt lat="47.579560" lon="-1.129530"><ele>51</ele><time>2026-03-01T11:09:24Z</time></trkpt>
			<trkpt lat="47.578530" lon="-1.127830"><ele>48</ele><time>2026-03-01T11:09:36Z</time></trkpt>
			<trkpt lat="47.578380" lon="-1.127550"><ele>48</ele><time>2026-03-01T11:09:48Z</time></trkpt>
			<trkpt lat="47.578290" lon="-1.127350"><ele>48</ele><time>2026-03-01T11:10:00Z</time></trkpt>
			<trkpt lat="47.578170" lon="-1.127040"><ele>47</ele><time>2026-03-01T11:10:12Z</time></trkpt>
			<trkpt lat="47.577640" lon="-1.125650"><ele>45</ele><time>2026-03-01T11:10:24Z</time></trkpt>
			<trkpt lat="47.577520" lon="-1.125370"><ele>45</ele><time>2026-03-01T11:10:36Z</time></trkpt>
			<trkpt lat="47.577440" lon="-1.125230"><ele>45</ele><time>2026-03-01T11:10:48Z</time></trkpt>
			<trkpt lat="47.577400" lon="-1.125160"><ele>45</ele><time>2026-03-01T11:11:00Z</time></trkpt>
			<trkpt lat="47.577310" lon="-1.125050"><ele>45</ele><time>2026-03-01T11:11:12Z</time></trkpt>
			<trkpt lat="47.577210" lon="-1.124950"><ele>45</ele><time>2026-03-01T11:11:24Z</time></trkpt>
			<trkpt lat="47.575890" lon="-1.123780"><ele>44</ele><time>2026-03-01T11:11:36Z</time></trkpt>
			<trkpt lat="47.575560" lon="-1.123440"><ele>43</ele><time>2026-03-01T11:11:48Z</time></trkpt>
			<trkpt lat="47.575230" lon="-1.123020"><ele>43</ele><time>2026-03-01T11:12:00Z</time></trkpt>
			<trkpt lat="47.575010" lon="-1.122760"><ele>43</ele><time>2026-03-01T11:12:12Z</time></trkpt>
			<trkpt lat="47.574760" lon="-1.122510"><ele>42</ele><time>2026-03-01T11:12:24Z</time></trkpt>
			<trkpt lat="47.574580" lon="-1.122360"><ele>42</ele><time>2026-03-01T11:12:36Z</time></trkpt>
			<trkpt lat="47.573200" lon="-1.121430"><ele>45</ele><time>2026-03-01T11:12:48Z</time></trkpt>
			<trkpt lat="47.573090" lon="-1.121270"><ele>46</ele><time>2026-03-01T11:13:00Z</time></trkpt>
			<trkpt lat="47.573030" lon="-1.121140"><ele>47</ele><time>2026-03-01T11:13:12Z</time></trkpt>
			<trkpt lat="47.572980" lon="-1.121000"><ele>47</ele><time>2026-03-01T11:13:24Z</time></trkpt>
			<trkpt lat="47.572870" lon="-1.120620"><ele>48</ele><time>2026-03-01T11:13:36Z</time></trkpt>
			<trkpt lat="47.572770" lon="-1.120350"><ele>48</ele><time>2026-03-01T11:13:48Z</time></trkpt>
			<trkpt lat="47.572700" lon="-1.120210"><ele>49</ele><time>2026-03-01T11:14:00Z</time></trkpt>
			<trkpt lat="47.572630" lon="-1.120100"><ele>49</ele><time>2026-03-01T11:14:12Z</time></trkpt>
			<trkpt lat="47.572580" lon="-1.120040"><ele>49</ele><time>2026-03-01T11:14:24Z</time></trkpt>
			<trkpt lat="47.572470" lon="-1.119950"><ele>50</ele><time>2026-03-01T11:14:36Z</time></trkpt>
			<trkpt lat="47.572420" lon="-1.119930"><ele>50</ele><time>2026-03-01T11:14:48Z</time></trkpt>
			<trkpt lat="47.572290" lon="-1.119880"><ele>50</ele><time>2026-03-01T11:15:00Z</time></trkpt>
			<trkpt lat="47.572160" lon="-1.119860"><ele>50</ele><time>2026-03-01T11:15:12Z</time></trkpt>
			<trkpt lat="47.572030" lon="-1.119860"><ele>51</ele><time>2026-03-01T11:15:24Z</time></trkpt>
			<trkpt lat="47.571910" lon="-1.119880"><ele>51</ele><time>2026-03-01T11:15:36Z</time></trkpt>
			<trkpt lat="47.571820" lon="-1.119900"><ele>51</ele><time>2026-03-01T11:15:48Z</time></trkpt>
			<trkpt lat="47.571740" lon="-1.119940"><ele>52</ele><time>2026-03-01T11:16:00Z</time></trkpt>
			<trkpt lat="47.571660" lon="-1.120010"><ele>52</ele><time>2026-03-01T11:16:12Z</time></trkpt>
			<trkpt lat="47.571600" lon="-1.120080"><ele>52</ele><time>2026-03-01T11:16:24Z</time></trkpt>
			<trkpt lat="47.571440" lon="-1.120320"><ele>54</ele><time>2026-03-01T11:16:36Z</time></trkpt>
			<trkpt lat="47.571310" lon="-1.120480"><ele>54</ele><time>2026-03-01T11:16:48Z</time></trkpt>
			<trkpt lat="47.571240" lon="-1.120550"><ele>55</ele><time>2026-03-01T11:17:00Z</time></trkpt>
			<trkpt lat="47.571170" lon="-1.120590"><ele>55</ele><time>2026-03-01T11:17:12Z</time></trkpt>
			<trkpt lat="47.571060" lon="-1.120620"><ele>56</ele><time>2026-03-01T11:17:24Z</time></trkpt>
			<trkpt lat="47.570970" lon="-1.120620"><ele>56</ele><time>2026-03-01T11:17:36Z</time></trkpt>
			<trkpt lat="47.570860" lon="-1.120590"><ele>56</ele><time>2026-03-01T11:17:48Z</time></trkpt>
			<trkpt lat="47.570720" lon="-1.120510"><ele>56</ele><time>2026-03-01T11:18:00Z</time></trkpt>
			<trkpt lat="47.570530" lon="-1.120390"><ele>55</ele><time>2026-03-01T11:18:12Z</time></trkpt>
			<trkpt lat="47.570340" lon="-1.120250"><ele>55</ele><time>2026-03-01T11:18:24Z</time></trkpt>
			<trkpt lat="47.569820" lon="-1.119920"><ele>57</ele><time>2026-03-01T11:18:36Z</time></trkpt>
			<trkpt lat="47.569630" lon="-1.119780"><ele>58</ele><time>2026-03-01T11:18:48Z</time></trkpt>
			<trkpt lat="47.569490" lon="-1.119650"><ele>58</ele><time>2026-03-01T11:19:00Z</time></trkpt>
			<trkpt lat="47.569370" lon="-1.119500"><ele>59</ele><time>2026-03-01T11:19:12Z</time></trkpt>
			<trkpt lat="47.569310" lon="-1.119400"><ele>59</ele><time>2026-03-01T11:19:24Z</time></trkpt>
			<trkpt lat="47.569190" lon="-1.119180"><ele>60</ele><time>2026-03-01T11:19:36Z</time></trkpt>
			<trkpt lat="47.569150" lon="-1.119090"><ele>60</ele><time>2026-03-01T11:19:48Z</time></trkpt>
			<trkpt lat="47.568640" lon="-1.117730"><ele>58</ele><time>2026-03-01T11:20:00Z</time></trkpt>
			<trkpt lat="47.568620" lon="-1.117690"><ele>58</ele><time>2026-03-01T11:20:12Z</time></trkpt>
			<trkpt lat="47.568430" lon="-1.117170"><ele>57</ele><time>2026-03-01T11:20:24Z</time></trkpt>
			<trkpt lat="47.568380" lon="-1.116850"><ele>57</ele><time>2026-03-01T11:20:36Z</time></trkpt>
			<trkpt lat="47.568320" lon="-1.116500"><ele>57</ele><time>2026-03-01T11:20:48Z</time></trkpt>
			<trkpt lat="47.568200" lon="-1.115680"><ele>57</ele><time>2026-03-01T11:21:00Z</time></trkpt>
			<trkpt lat="47.567970" lon="-1.115750"><ele>57</ele><time>2026-03-01T11:21:12Z</time></trkpt>
			<trkpt lat="47.567670" lon="-1.116020"><ele>56</ele><time>2026-03-01T11:21:24Z</time></trkpt>
			<trkpt lat="47.567280" lon="-1.116270"><ele>55</ele><time>2026-03-01T11:21:36Z</time></trkpt>
			<trkpt lat="47.566850" lon="-1.116550"><ele>54</ele><time>2026-03-01T11:21:48Z</time></trkpt>
			<trkpt lat="47.566750" lon="-1.116600"><ele>54</ele><time>2026-03-01T11:22:00Z</time></trkpt>
			<trkpt lat="47.566700" lon="-1.116600"><ele>54</ele><time>2026-03-01T11:22:12Z</time></trkpt>
			<trkpt lat="47.566620" lon="-1.116610"><ele>54</ele><time>2026-03-01T11:22:24Z</time></trkpt>
			<trkpt lat="47.566540" lon="-1.116590"><ele>54</ele><time>2026-03-01T11:22:36Z</time></trkpt>
			<trkpt lat="47.565780" lon="-1.116390"><ele>51</ele><time>2026-03-01T11:22:48Z</time></trkpt>
			<trkpt lat="47.564820" lon="-1.116140"><ele>49</ele><time>2026-03-01T11:23:00Z</time></trkpt>
			<trkpt lat="47.564460" lon="-1.116020"><ele>49</ele><time>2026-03-01T11:23:12Z</time></trkpt>
			<trkpt lat="47.563480" lon="-1.115550"><ele>51</ele><time>2026-03-01T11:23:24Z</time></trkpt>
			<trkpt lat="47.563250" lon="-1.115480"><ele>52</ele><time>2026-03-01T11:23:36Z</time></trkpt>
			<trkpt lat="47.563080" lon="-1.115460"><ele>52</ele><time>2026-03-01T11:23:48Z</time></trkpt>
			<trkpt lat="47.562860" lon="-1.115450"><ele>52</ele><time>2026-03-01T11:24:00Z</time></trkpt>
			<trkpt lat="47.562270" lon="-1.115450"><ele>53</ele><time>2026-03-01T11:24:12Z</time></trkpt>
			<trkpt lat="47.562020" lon="-1.115460"><ele>53</ele><time>2026-03-01T11:24:24Z</time></trkpt>
			<trkpt lat="47.561680" lon="-1.115530"><ele>54</ele><time>2026-03-01T11:24:36Z</time></trkpt>
			<trkpt lat="47.561290" lon="-1.115650"><ele>55</ele><time>2026-03-01T11:24:48Z</time></trkpt>
			<trkpt lat="47.559030" lon="-1.116290"><ele>56</ele><time>2026-03-01T11:25:00Z</time></trkpt>
			<trkpt lat="47.557920" lon="-1.116590"><ele>57</ele><time>2026-03-01T11:25:12Z</time></trkpt>
			<trkpt lat="47.556600" lon="-1.116950"><ele>55</ele><time>2026-03-01T11:25:24Z</time></trkpt>
			<trkpt lat="47.556280" lon="-1.117040"><ele>53</ele><time>2026-03-01T11:25:36Z</time></trkpt>
			<trkpt lat="47.556170" lon="-1.117080"><ele>52</ele><time>2026-03-01T11:25:48Z</time></trkpt>
			<trkpt lat="47.555950" lon="-1.117220"><ele>51</ele><time>2026-03-01T11:26:00Z</time></trkpt>
			<trkpt lat="47.555900" lon="-1.117260"><ele>51</ele><time>2026-03-01T11:26:12Z</time></trkpt>
			<trkpt lat="47.555300" lon="-1.117800"><ele>46</ele><time>2026-03-01T11:26:24Z</time></trkpt>
			<trkpt lat="47.555080" lon="-1.117970"><ele>45</ele><time>2026-03-01T11:26:36Z</time></trkpt>
			<trkpt lat="47.555010" lon="-1.118010"><ele>44</ele><time>2026-03-01T11:26:48Z</time></trkpt>
			<trkpt lat="47.554560" lon="-1.118210"><ele>40</ele><time>2026-03-01T11:27:00Z</time></trkpt>
			<trkpt lat="47.554430" lon="-1.118280"><ele>39</ele><time>2026-03-01T11:27:12Z</time></trkpt>
			<trkpt lat="47.554310" lon="-1.118370"><ele>38</ele><time>2026-03-01T11:27:24Z</time></trkpt>
			<trkpt lat="47.554190" lon="-1.118490"><ele>38</ele><time>2026-03-01T11:27:36Z</time></trkpt>
			<trkpt lat="47.554170" lon="-1.118470"><ele>37</ele><time>2026-03-01T11:27:48Z</time></trkpt>
			<trkpt lat="47.554070" lon="-1.118710"><ele>37</ele><time>2026-03-01T11:28:00Z</time></trkpt>
			<trkpt lat="47.553860" lon="-1.119270"><ele>37</ele><time>2026-03-01T11:28:12Z</time></trkpt>
			<trkpt lat="47.553760" lon="-1.119490"><ele>37</ele><time>2026-03-01T11:28:24Z</time></trkpt>
			<trkpt lat="47.553700" lon="-1.119580"><ele>36</ele><time>2026-03-01T11:28:36Z</time></trkpt>
			<trkpt lat="47.553530" lon="-1.119880"><ele>36</ele><time>2026-03-01T11:28:48Z</time></trkpt>
			<trkpt lat="47.553310" lon="-1.120270"><ele>35</ele><time>2026-03-01T11:29:00Z</time></trkpt>
			<trkpt lat="47.553260" lon="-1.120350"><ele>35</ele><time>2026-03-01T11:29:12Z</time></trkpt>
			<trkpt lat="47.553090" lon="-1.120550"><ele>35</ele><time>2026-03-01T11:29:24Z</time></trkpt>
			<trkpt lat="47.552990" lon="-1.120640"><ele>35</ele><time>2026-03-01T11:29:36Z</time></trkpt>
			<trkpt lat="47.552750" lon="-1.120740"><ele>34</ele><time>2026-03-01T11:29:48Z</time></trkpt>
			<trkpt lat="47.552620" lon="-1.120780"><ele>33</ele><time>2026-03-01T11:30:00Z</time></trkpt>
			<trkpt lat="47.552550" lon="-1.120790"><ele>33</ele><time>2026-03-01T11:30:12Z</time></trkpt>
			<trkpt lat="47.552440" lon="-1.120790"><ele>33</ele><time>2026-03-01T11:30:24Z</time></trkpt>
			<trkpt lat="47.552200" lon="-1.120760"><ele>34</ele><time>2026-03-01T11:30:36Z</time></trkpt>
			<trkpt lat="47.551950" lon="-1.120720"><ele>34</ele><time>2026-03-01T11:30:48Z</time></trkpt>
			<trkpt lat="47.551660" lon="-1.120710"><ele>35</ele><time>2026-03-01T11:31:00Z</time></trkpt>
			<trkpt lat="47.551540" lon="-1.120680"><ele>36</ele><time>2026-03-01T11:31:12Z</time></trkpt>
			<trkpt lat="47.551240" lon="-1.120630"><ele>38</ele><time>2026-03-01T11:31:24Z</time></trkpt>
			<trkpt lat="47.551080" lon="-1.120650"><ele>39</ele><time>2026-03-01T11:31:36Z</time></trkpt>
			<trkpt lat="47.550520" lon="-1.120880"><ele>42</ele><time>2026-03-01T11:31:48Z</time></trkpt>
			<trkpt lat="47.550150" lon="-1.121040"><ele>44</ele><time>2026-03-01T11:32:00Z</time></trkpt>
			<trkpt lat="47.550060" lon="-1.121080"><ele>44</ele><time>2026-03-01T11:32:12Z</time></trkpt>
			<trkpt lat="47.549640" lon="-1.121280"><ele>46</ele><time>2026-03-01T11:32:24Z</time></trkpt>
			<trkpt lat="47.549570" lon="-1.121280"><ele>47</ele><time>2026-03-01T11:32:36Z</time></trkpt>
			<trkpt lat="47.549320" lon="-1.121240"><ele>48</ele><time>2026-03-01T11:32:48Z</time></trkpt>
			<trkpt lat="47.548840" lon="-1.121150"><ele>49</ele><time>2026-03-01T11:33:00Z</time></trkpt>
			<trkpt lat="47.548870" lon="-1.120850"><ele>49</ele><time>2026-03-01T11:33:12Z</time></trkpt>
			<trkpt lat="47.548950" lon="-1.119990"><ele>50</ele><time>2026-03-01T11:33:24Z</time></trkpt>
			<trkpt lat="47.548390" lon="-1.119920"><ele>49</ele><time>2026-03-01T11:33:36Z</time></trkpt>
			<trkpt lat="47.547730" lon="-1.119850"><ele>47</ele><time>2026-03-01T11:33:48Z</time></trkpt>
			<trkpt lat="47.547650" lon="-1.119860"><ele>47</ele><time>2026-03-01T11:34:00Z</time></trkpt>
			<trkpt lat="47.547610" lon="-1.119890"><ele>47</ele><time>2026-03-01T11:34:12Z</time></trkpt>
			<trkpt lat="47.546970" lon="-1.118430"><ele>47</ele><time>2026-03-01T11:34:24Z</time></trkpt>
			<trkpt lat="47.546610" lon="-1.117600"><ele>49</ele><time>2026-03-01T11:34:36Z</time></trkpt>
			<trkpt lat="47.545220" lon="-1.114390"><ele>46</ele><time>2026-03-01T11:34:48Z</time></trkpt>
			<trkpt lat="47.544400" lon="-1.112510"><ele>45</ele><time>2026-03-01T11:35:00Z</time></trkpt>
			<trkpt lat="47.544020" lon="-1.111650"><ele>45</ele><time>2026-03-01T11:35:12Z</time></trkpt>
			<trkpt lat="47.543330" lon="-1.110080"><ele>43</ele><time>2026-03-01T11:35:24Z</time></trkpt>
			<trkpt lat="47.543290" lon="-1.109950"><ele>43</ele><time>2026-03-01T11:35:36Z</time></trkpt>
			<trkpt lat="47.543260" lon="-1.109820"><ele>43</ele><time>2026-03-01T11:35:48Z</time></trkpt>
			<trkpt lat="47.543240" lon="-1.109690"><ele>43</ele><time>2026-03-01T11:36:00Z</time></trkpt>
			<trkpt lat="47.543230" lon="-1.109540"><ele>44</ele><time>2026-03-01T11:36:12Z</time></trkpt>
			<trkpt lat="47.543230" lon="-1.109240"><ele>44</ele><time>2026-03-01T11:36:24Z</time></trkpt>
			<trkpt lat="47.543300" lon="-1.103930"><ele>45</ele><time>2026-03-01T11:36:36Z</time></trkpt>
			<trkpt lat="47.543320" lon="-1.103150"><ele>45</ele><time>2026-03-01T11:36:48Z</time></trkpt>
			<trkpt lat="47.543380" lon="-1.102150"><ele>45</ele><time>2026-03-01T11:37:00Z</time></trkpt>
			<trkpt lat="47.543390" lon="-1.102010"><ele>46</ele><time>2026-03-01T11:37:12Z</time></trkpt>
			<trkpt lat="47.543380" lon="-1.101900"><ele>46</ele><time>2026-03-01T11:37:24Z</time></trkpt>
			<trkpt lat="47.543320" lon="-1.101750"><ele>46</ele><time>2026-03-01T11:37:36Z</time></trkpt>
			<trkpt lat="47.543180" lon="-1.101470"><ele>45</ele><time>2026-03-01T11:37:48Z</time></trkpt>
			<trkpt lat="47.543110" lon="-1.101370"><ele>45</ele><time>2026-03-01T11:38:00Z</time></trkpt>
			<trkpt lat="47.543040" lon="-1.101330"><ele>44</ele><time>2026-03-01T11:38:12Z</time></trkpt>
			<trkpt lat="47.542970" lon="-1.101300"><ele>44</ele><time>2026-03-01T11:38:24Z</time></trkpt>
			<trkpt lat="47.542850" lon="-1.101290"><ele>43</ele><time>2026-03-01T11:38:36Z</time></trkpt>
			<trkpt lat="47.542550" lon="-1.101300"><ele>42</ele><time>2026-03-01T11:38:48Z</time></trkpt>
			<trkpt lat="47.542470" lon="-1.101300"><ele>41</ele><time>2026-03-01T11:39:00Z</time></trkpt>
			<trkpt lat="47.542030" lon="-1.101320"><ele>42</ele><time>2026-03-01T11:39:12Z</time></trkpt>
			<trkpt lat="47.541940" lon="-1.101310"><ele>42</ele><time>2026-03-01T11:39:24Z</time></trkpt>
			<trkpt lat="47.541860" lon="-1.101280"><ele>43</ele><time>2026-03-01T11:39:36Z</time></trkpt>
			<trkpt lat="47.541780" lon="-1.101240"><ele>43</ele><time>2026-03-01T11:39:48Z</time></trkpt>
			<trkpt lat="47.541580" lon="-1.101040"><ele>44</ele><time>2026-03-01T11:40:00Z</time></trkpt>
			<trkpt lat="47.541490" lon="-1.100870"><ele>45</ele><time>2026-03-01T11:40:12Z</time></trkpt>
			<trkpt lat="47.541390" lon="-1.100590"><ele>46</ele><time>2026-03-01T11:40:24Z</time></trkpt>
			<trkpt lat="47.538950" lon="-1.093350"><ele>52</ele><time>2026-03-01T11:40:36Z</time></trkpt>
			<trkpt lat="47.538870" lon="-1.093150"><ele>52</ele><time>2026-03-01T11:40:48Z</time></trkpt>
			<trkpt lat="47.538800" lon="-1.093010"><ele>52</ele><time>2026-03-01T11:41:00Z</time></trkpt>
			<trkpt lat="47.538710" lon="-1.092890"><ele>52</ele><time>2026-03-01T11:41:12Z</time></trkpt>
			<trkpt lat="47.538630" lon="-1.092820"><ele>52</ele><time>2026-03-01T11:41:24Z</time></trkpt>
			<trkpt lat="47.538510" lon="-1.092750"><ele>52</ele><time>2026-03-01T11:41:36Z</time></trkpt>
			<trkpt lat="47.536030" lon="-1.091990"><ele>47</ele><time>2026-03-01T11:41:48Z</time></trkpt>
			<trkpt lat="47.534980" lon="-1.091630"><ele>48</ele><time>2026-03-01T11:42:00Z</time></trkpt>
			<trkpt lat="47.534080" lon="-1.091320"><ele>51</ele><time>2026-03-01T11:42:12Z</time></trkpt>
			<trkpt lat="47.533790" lon="-1.091210"><ele>53</ele><time>2026-03-01T11:42:24Z</time></trkpt>
			<trkpt lat="47.532800" lon="-1.090720"><ele>58</ele><time>2026-03-01T11:42:36Z</time></trkpt>
			<trkpt lat="47.532700" lon="-1.090650"><ele>59</ele><time>2026-03-01T11:42:48Z</time></trkpt>
			<trkpt lat="47.532600" lon="-1.090570"><ele>59</ele><time>2026-03-01T11:43:00Z</time></trkpt>
			<trkpt lat="47.531760" lon="-1.089750"><ele>56</ele><time>2026-03-01T11:43:12Z</time></trkpt>
			<trkpt lat="47.531630" lon="-1.089630"><ele>56</ele><time>2026-03-01T11:43:24Z</time></trkpt>
			<trkpt lat="47.531560" lon="-1.089530"><ele>55</ele><time>2026-03-01T11:43:36Z</time></trkpt>
			<trkpt lat="47.531460" lon="-1.089360"><ele>55</ele><time>2026-03-01T11:43:48Z</time></trkpt>
			<trkpt lat="47.531360" lon="-1.089140"><ele>54</ele><time>2026-03-01T11:44:00Z</time></trkpt>
			<trkpt lat="47.531190" lon="-1.088730"><ele>53</ele><time>2026-03-01T11:44:12Z</time></trkpt>
			<trkpt lat="47.530830" lon="-1.087790"><ele>49</ele><time>2026-03-01T11:44:24Z</time></trkpt>
			<trkpt lat="47.530410" lon="-1.086790"><ele>47</ele><time>2026-03-01T11:44:36Z</time></trkpt>
			<trkpt lat="47.530280" lon="-1.086470"><ele>46</ele><time>2026-03-01T11:44:48Z</time></trkpt>
			<trkpt lat="47.530060" lon="-1.085960"><ele>44</ele><time>2026-03-01T11:45:00Z</time></trkpt>
			<trkpt lat="47.529830" lon="-1.085450"><ele>43</ele><time>2026-03-01T11:45:12Z</time></trkpt>
			<trkpt lat="47.529800" lon="-1.085370"><ele>43</ele><time>2026-03-01T11:45:24Z</time></trkpt>
			<trkpt lat="47.529670" lon="-1.085160"><ele>42</ele><time>2026-03-01T11:45:36Z</time></trkpt>
			<trkpt lat="47.529610" lon="-1.085060"><ele>42</ele><time>2026-03-01T11:45:48Z</time></trkpt>
			<trkpt lat="47.529540" lon="-1.084980"><ele>42</ele><time>2026-03-01T11:46:00Z</time></trkpt>
			<trkpt lat="47.529520" lon="-1.084930"><ele>42</ele><time>2026-03-01T11:46:12Z</time></trkpt>
			<trkpt lat="47.529460" lon="-1.084660"><ele>41</ele><time>2026-03-01T11:46:24Z</time></trkpt>
			<trkpt lat="47.529370" lon="-1.084350"><ele>40</ele><time>2026-03-01T11:46:36Z</time></trkpt>
			<trkpt lat="47.528960" lon="-1.083400"><ele>41</ele><time>2026-03-01T11:46:48Z</time></trkpt>
			<trkpt lat="47.528190" lon="-1.081610"><ele>41</ele><time>2026-03-01T11:47:00Z</time></trkpt>
			<trkpt lat="47.525080" lon="-1.074430"><ele>42</ele><time>2026-03-01T11:47:12Z</time></trkpt>
			<trkpt lat="47.524970" lon="-1.074210"><ele>42</ele><time>2026-03-01T11:47:24Z</time></trkpt>
			<trkpt lat="47.524860" lon="-1.074030"><ele>42</ele><time>2026-03-01T11:47:36Z</time></trkpt>
			<trkpt lat="47.524500" lon="-1.073470"><ele>41</ele><time>2026-03-01T11:47:48Z</time></trkpt>
			<trkpt lat="47.524310" lon="-1.073180"><ele>41</ele><time>2026-03-01T11:48:00Z</time></trkpt>
			<trkpt lat="47.523960" lon="-1.072670"><ele>40</ele><time>2026-03-01T11:48:12Z</time></trkpt>
			<trkpt lat="47.523890" lon="-1.072580"><ele>39</ele><time>2026-03-01T11:48:24Z</time></trkpt>
			<trkpt lat="47.523810" lon="-1.072540"><ele>39</ele><time>2026-03-01T11:48:36Z</time></trkpt>
			<trkpt lat="47.523710" lon="-1.072500"><ele>39</ele><time>2026-03-01T11:48:48Z</time></trkpt>
			<trkpt lat="47.523450" lon="-1.072480"><ele>38</ele><time>2026-03-01T11:49:00Z</time></trkpt>
			<trkpt lat="47.523120" lon="-1.072500"><ele>38</ele><time>2026-03-01T11:49:12Z</time></trkpt>
			<trkpt lat="47.523010" lon="-1.072520"><ele>38</ele><time>2026-03-01T11:49:24Z</time></trkpt>
			<trkpt lat="47.522780" lon="-1.072600"><ele>38</ele><time>2026-03-01T11:49:36Z</time></trkpt>
			<trkpt lat="47.522550" lon="-1.072700"><ele>38</ele><time>2026-03-01T11:49:48Z</time></trkpt>
			<trkpt lat="47.522410" lon="-1.072780"><ele>38</ele><time>2026-03-01T11:50:00Z</time></trkpt>
			<trkpt lat="47.522100" lon="-1.072980"><ele>38</ele><time>2026-03-01T11:50:12Z</time></trkpt>
			<trkpt lat="47.521870" lon="-1.073140"><ele>39</ele><time>2026-03-01T11:50:24Z</time></trkpt>
			<trkpt lat="47.521800" lon="-1.073200"><ele>39</ele><time>2026-03-01T11:50:36Z</time></trkpt>
			<trkpt lat="47.521620" lon="-1.073380"><ele>39</ele><time>2026-03-01T11:50:48Z</time></trkpt>
			<trkpt lat="47.521610" lon="-1.073500"><ele>39</ele><time>2026-03-01T11:51:00Z</time></trkpt>
			<trkpt lat="47.521580" lon="-1.073610"><ele>39</ele><time>2026-03-01T11:51:12Z</time></trkpt>
			<trkpt lat="47.519890" lon="-1.077390"><ele>42</ele><time>2026-03-01T11:51:24Z</time></trkpt>
			<trkpt lat="47.519260" lon="-1.078790"><ele>44</ele><time>2026-03-01T11:51:36Z</time></trkpt>
			<trkpt lat="47.519070" lon="-1.079270"><ele>44</ele><time>2026-03-01T11:51:48Z</time></trkpt>
			<trkpt lat="47.519000" lon="-1.079520"><ele>44</ele><time>2026-03-01T11:52:00Z</time></trkpt>
			<trkpt lat="47.518810" lon="-1.080510"><ele>43</ele><time>2026-03-01T11:52:12Z</time></trkpt>
			<trkpt lat="47.518790" lon="-1.080600"><ele>43</ele><time>2026-03-01T11:52:24Z</time></trkpt>
			<trkpt lat="47.518690" lon="-1.080830"><ele>43</ele><time>2026-03-01T11:52:36Z</time></trkpt>
			<trkpt lat="47.518650" lon="-1.080900"><ele>43</ele><time>2026-03-01T11:52:48Z</time></trkpt>
			<trkpt lat="47.518580" lon="-1.080980"><ele>43</ele><time>2026-03-01T11:53:00Z</time></trkpt>
			<trkpt lat="47.518450" lon="-1.081070"><ele>43</ele><time>2026-03-01T11:53:12Z</time></trkpt>
			<trkpt lat="47.518260" lon="-1.081140"><ele>43</ele><time>2026-03-01T11:53:24Z</time></trkpt>
			<trkpt lat="47.517650" lon="-1.081360"><ele>44</ele><time>2026-03-01T11:53:36Z</time></trkpt>
			<trkpt lat="47.516960" lon="-1.081860"><ele>46</ele><time>2026-03-01T11:53:48Z</time></trkpt>
			<trkpt lat="47.516240" lon="-1.082400"><ele>48</ele><time>2026-03-01T11:54:00Z</time></trkpt>
			<trkpt lat="47.515810" lon="-1.082720"><ele>49</ele><time>2026-03-01T11:54:12Z</time></trkpt>
			<trkpt lat="47.514330" lon="-1.083910"><ele>56</ele><time>2026-03-01T11:54:24Z</time></trkpt>
			<trkpt lat="47.514100" lon="-1.084090"><ele>57</ele><time>2026-03-01T11:54:36Z</time></trkpt>
			<trkpt lat="47.514020" lon="-1.084130"><ele>58</ele><time>2026-03-01T11:54:48Z</time></trkpt>
			<trkpt lat="47.513850" lon="-1.084170"><ele>59</ele><time>2026-03-01T11:55:00Z</time></trkpt>
			<trkpt lat="47.513760" lon="-1.084170"><ele>60</ele><time>2026-03-01T11:55:12Z</time></trkpt>
			<trkpt lat="47.513550" lon="-1.084110"><ele>63</ele><time>2026-03-01T11:55:24Z</time></trkpt>
			<trkpt lat="47.513010" lon="-1.083900"><ele>67</ele><time>2026-03-01T11:55:36Z</time></trkpt>
			<trkpt lat="47.512780" lon="-1.083830"><ele>68</ele><time>2026-03-01T11:55:48Z</time></trkpt>
			<trkpt lat="47.512640" lon="-1.083800"><ele>69</ele><time>2026-03-01T11:56:00Z</time></trkpt>
			<trkpt lat="47.512460" lon="-1.083830"><ele>69</ele><time>2026-03-01T11:56:12Z</time></trkpt>
			<trkpt lat="47.512250" lon="-1.083940"><ele>69</ele><time>2026-03-01T11:56:24Z</time></trkpt>
			<trkpt lat="47.512060" lon="-1.084010"><ele>70</ele><time>2026-03-01T11:56:36Z</time></trkpt>
			<trkpt lat="47.511940" lon="-1.084030"><ele>70</ele><time>2026-03-01T11:56:48Z</time></trkpt>
			<trkpt lat="47.511780" lon="-1.084030"><ele>70</ele><time>2026-03-01T11:57:00Z</time></trkpt>
			<trkpt lat="47.510560" lon="-1.083890"><ele>71</ele><time>2026-03-01T11:57:12Z</time></trkpt>
			<trkpt lat="47.510220" lon="-1.083900"><ele>72</ele><time>2026-03-01T11:57:24Z</time></trkpt>
			<trkpt lat="47.509680" lon="-1.083990"><ele>74</ele><time>2026-03-01T11:57:36Z</time></trkpt>
			<trkpt lat="47.509340" lon="-1.084030"><ele>75</ele><time>2026-03-01T11:57:48Z</time></trkpt>
			<trkpt lat="47.509200" lon="-1.084030"><ele>75</ele><time>2026-03-01T11:58:00Z</time></trkpt>
			<trkpt lat="47.509020" lon="-1.084020"><ele>75</ele><time>2026-03-01T11:58:12Z</time></trkpt>
			<trkpt lat="47.507920" lon="-1.083870"><ele>76</ele><time>2026-03-01T11:58:24Z</time></trkpt>
			<trkpt lat="47.507610" lon="-1.083850"><ele>76</ele><time>2026-03-01T11:58:36Z</time></trkpt>
			<trkpt lat="47.506700" lon="-1.083870"><ele>76</ele><time>2026-03-01T11:58:48Z</time></trkpt>
			<trkpt lat="47.506510" lon="-1.083900"><ele>76</ele><time>2026-03-01T11:59:00Z</time></trkpt>
			<trkpt lat="47.506240" lon="-1.084010"><ele>77</ele><time>2026-03-01T11:59:12Z</time></trkpt>
			<trkpt lat="47.504040" lon="-1.085210"><ele>78</ele><time>2026-03-01T11:59:24Z</time></trkpt>
			<trkpt lat="47.503410" lon="-1.085540"><ele>79</ele><time>2026-03-01T11:59:36Z</time></trkpt>
			<trkpt lat="47.502820" lon="-1.085880"><ele>78</ele><time>2026-03-01T11:59:48Z</time></trkpt>
			<trkpt lat="47.502720" lon="-1.085950"><ele>78</ele><time>2026-03-01T12:00:00Z</time></trkpt>
			<trkpt lat="47.502680" lon="-1.085990"><ele>78</ele><time>2026-03-01T12:00:12Z</time></trkpt>
			<trkpt lat="47.502600" lon="-1.086070"><ele>79</ele><time>2026-03-01T12:00:24Z</time></trkpt>
			<trkpt lat="47.502280" lon="-1.086420"><ele>79</ele><time>2026-03-01T12:00:36Z</time></trkpt>
			<trkpt lat="47.500210" lon="-1.088890"><ele>78</ele><time>2026-03-01T12:00:48Z</time></trkpt>
			<trkpt lat="47.499680" lon="-1.089500"><ele>78</ele><time>2026-03-01T12:01:00Z</time></trkpt>
			<trkpt lat="47.499470" lon="-1.089700"><ele>78</ele><time>2026-03-01T12:01:12Z</time></trkpt>
			<trkpt lat="47.498900" lon="-1.090260"><ele>78</ele><time>2026-03-01T12:01:24Z</time></trkpt>
			<trkpt lat="47.498660" lon="-1.090460"><ele>78</ele><time>2026-03-01T12:01:36Z</time></trkpt>
			<trkpt lat="47.498140" lon="-1.090820"><ele>77</ele><time>2026-03-01T12:01:48Z</time></trkpt>
			<trkpt lat="47.496950" lon="-1.091590"><ele>74</ele><time>2026-03-01T12:02:00Z</time></trkpt>
			<trkpt lat="47.496880" lon="-1.091650"><ele>74</ele><time>2026-03-01T12:02:12Z</time></trkpt>
			<trkpt lat="47.496700" lon="-1.091880"><ele>73</ele><time>2026-03-01T12:02:24Z</time></trkpt>
			<trkpt lat="47.496000" lon="-1.092900"><ele>69</ele><time>2026-03-01T12:02:36Z</time></trkpt>
			<trkpt lat="47.495350" lon="-1.093900"><ele>63</ele><time>2026-03-01T12:02:48Z</time></trkpt>
			<trkpt lat="47.495140" lon="-1.094190"><ele>61</ele><time>2026-03-01T12:03:00Z</time></trkpt>
			<trkpt lat="47.495050" lon="-1.094280"><ele>60</ele><time>2026-03-01T12:03:12Z</time></trkpt>
			<trkpt lat="47.494890" lon="-1.094380"><ele>60</ele><time>2026-03-01T12:03:24Z</time></trkpt>
			<trkpt lat="47.494430" lon="-1.094580"><ele>57</ele><time>2026-03-01T12:03:36Z</time></trkpt>
			<trkpt lat="47.493560" lon="-1.094880"><ele>56</ele><time>2026-03-01T12:03:48Z</time></trkpt>
			<trkpt lat="47.493360" lon="-1.094920"><ele>56</ele><time>2026-03-01T12:04:00Z</time></trkpt>
			<trkpt lat="47.493270" lon="-1.094930"><ele>57</ele><time>2026-03-01T12:04:12Z</time></trkpt>
			<trkpt lat="47.492630" lon="-1.094950"><ele>62</ele><time>2026-03-01T12:04:24Z</time></trkpt>
			<trkpt lat="47.492460" lon="-1.094960"><ele>63</ele><time>2026-03-01T12:04:36Z</time></trkpt>
			<trkpt lat="47.492300" lon="-1.094990"><ele>64</ele><time>2026-03-01T12:04:48Z</time></trkpt>
			<trkpt lat="47.492090" lon="-1.095060"><ele>65</ele><time>2026-03-01T12:05:00Z</time></trkpt>
			<trkpt lat="47.491980" lon="-1.095100"><ele>65</ele><time>2026-03-01T12:05:12Z</time></trkpt>
			<trkpt lat="47.491860" lon="-1.095160"><ele>66</ele><time>2026-03-01T12:05:24Z</time></trkpt>
			<trkpt lat="47.491640" lon="-1.095300"><ele>67</ele><time>2026-03-01T12:05:36Z</time></trkpt>
			<trkpt lat="47.491200" lon="-1.095480"><ele>69</ele><time>2026-03-01T12:05:48Z</time></trkpt>
			<trkpt lat="47.490810" lon="-1.095690"><ele>70</ele><time>2026-03-01T12:06:00Z</time></trkpt>
			<trkpt lat="47.490630" lon="-1.095840"><ele>71</ele><time>2026-03-01T12:06:12Z</time></trkpt>
			<trkpt lat="47.489550" lon="-1.097110"><ele>74</ele><time>2026-03-01T12:06:24Z</time></trkpt>
			<trkpt lat="47.489230" lon="-1.097450"><ele>75</ele><time>2026-03-01T12:06:36Z</time></trkpt>
			<trkpt lat="47.488920" lon="-1.097730"><ele>75</ele><time>2026-03-01T12:06:48Z</time></trkpt>
			<trkpt lat="47.488720" lon="-1.097880"><ele>74</ele><time>2026-03-01T12:07:00Z</time></trkpt>
			<trkpt lat="47.488430" lon="-1.098000"><ele>73</ele><time>2026-03-01T12:07:12Z</time></trkpt>
			<trkpt lat="47.487460" lon="-1.098210"><ele>68</ele><time>2026-03-01T12:07:24Z</time></trkpt>
			<trkpt lat="47.486590" lon="-1.098380"><ele>64</ele><time>2026-03-01T12:07:36Z</time></trkpt>
			<trkpt lat="47.486280" lon="-1.098460"><ele>61</ele><time>2026-03-01T12:07:48Z</time></trkpt>
			<trkpt lat="47.486020" lon="-1.098560"><ele>59</ele><time>2026-03-01T12:08:00Z</time></trkpt>
			<trkpt lat="47.485800" lon="-1.098660"><ele>58</ele><time>2026-03-01T12:08:12Z</time></trkpt>
			<trkpt lat="47.485350" lon="-1.098940"><ele>55</ele><time>2026-03-01T12:08:24Z</time></trkpt>
			<trkpt lat="47.484750" lon="-1.099290"><ele>53</ele><time>2026-03-01T12:08:36Z</time></trkpt>
			<trkpt lat="47.483110" lon="-1.100270"><ele>48</ele><time>2026-03-01T12:08:48Z</time></trkpt>
			<trkpt lat="47.483090" lon="-1.100450"><ele>48</ele><time>2026-03-01T12:09:00Z</time></trkpt>
			<trkpt lat="47.483060" lon="-1.100780"><ele>48</ele><time>2026-03-01T12:09:12Z</time></trkpt>
			<trkpt lat="47.482860" lon="-1.102450"><ele>47</ele><time>2026-03-01T12:09:24Z</time></trkpt>
			<trkpt lat="47.482750" lon="-1.103340"><ele>49</ele><time>2026-03-01T12:09:36Z</time></trkpt>
			<trkpt lat="47.482630" lon="-1.104470"><ele>51</ele><time>2026-03-01T12:09:48Z</time></trkpt>
			<trkpt lat="47.482610" lon="-1.104620"><ele>51</ele><time>2026-03-01T12:10:00Z</time></trkpt>
			<trkpt lat="47.482590" lon="-1.104690"><ele>51</ele><time>2026-03-01T12:10:12Z</time></trkpt>
			<trkpt lat="47.482590" lon="-1.104770"><ele>51</ele><time>2026-03-01T12:10:24Z</time></trkpt>
			<trkpt lat="47.482580" lon="-1.104860"><ele>52</ele><time>2026-03-01T12:10:36Z</time></trkpt>
			<trkpt lat="47.482530" lon="-1.104960"><ele>52</ele><time>2026-03-01T12:10:48Z</time></trkpt>
			<trkpt lat="47.482400" lon="-1.105200"><ele>52</ele><time>2026-03-01T12:11:00Z</time></trkpt>
			<trkpt lat="47.482360" lon="-1.105380"><ele>52</ele><time>2026-03-01T12:11:12Z</time></trkpt>
			<trkpt lat="47.482360" lon="-1.105670"><ele>52</ele><time>2026-03-01T12:11:24Z</time></trkpt>
			<trkpt lat="47.482360" lon="-1.105840"><ele>52</ele><time>2026-03-01T12:11:36Z</time></trkpt>
			<trkpt lat="47.482380" lon="-1.105930"><ele>52</ele><time>2026-03-01T12:11:48Z</time></trkpt>
			<trkpt lat="47.482410" lon="-1.105950"><ele>52</ele><time>2026-03-01T12:12:00Z</time></trkpt>
			<trkpt lat="47.482430" lon="-1.105980"><ele>52</ele><time>2026-03-01T12:12:12Z</time></trkpt>
			<trkpt lat="47.482430" lon="-1.106020"><ele>52</ele><time>2026-03-01T12:12:24Z</time></trkpt>
			<trkpt lat="47.482420" lon="-1.106060"><ele>52</ele><time>2026-03-01T12:12:36Z</time></trkpt>
			<trkpt lat="47.482390" lon="-1.106080"><ele>52</ele><time>2026-03-01T12:12:48Z</time></trkpt>
			<trkpt lat="47.482370" lon="-1.106080"><ele>52</ele><time>2026-03-01T12:13:00Z</time></trkpt>
			<trkpt lat="47.482350" lon="-1.106050"><ele>52</ele><time>2026-03-01T12:13:12Z</time></trkpt>
			<trkpt lat="47.482080" lon="-1.106190"><ele>53</ele><time>2026-03-01T12:13:24Z</time></trkpt>
			<trkpt lat="47.481520" lon="-1.106570"><ele>54</ele><time>2026-03-01T12:13:36Z</time></trkpt>
			<trkpt lat="47.481300" lon="-1.106700"><ele>55</ele><time>2026-03-01T12:13:48Z</time></trkpt>
			<trkpt lat="47.481130" lon="-1.106800"><ele>56</ele><time>2026-03-01T12:14:00Z</time></trkpt>
			<trkpt lat="47.481030" lon="-1.106860"><ele>56</ele><time>2026-03-01T12:14:12Z</time></trkpt>
			<trkpt lat="47.480630" lon="-1.107100"><ele>57</ele><time>2026-03-01T12:14:24Z</time></trkpt>
			<trkpt lat="47.480490" lon="-1.107190"><ele>57</ele><time>2026-03-01T12:14:36Z</time></trkpt>
			<trkpt lat="47.480390" lon="-1.107280"><ele>57</ele><time>2026-03-01T12:14:48Z</time></trkpt>
			<trkpt lat="47.479670" lon="-1.107730"><ele>58</ele><time>2026-03-01T12:15:00Z</time></trkpt>
			<trkpt lat="47.478310" lon="-1.108630"><ele>59</ele><time>2026-03-01T12:15:12Z</time></trkpt>
			<trkpt lat="47.478330" lon="-1.110220"><ele>59</ele><time>2026-03-01T12:15:24Z</time></trkpt>
			<trkpt lat="47.478320" lon="-1.110660"><ele>58</ele><time>2026-03-01T12:15:36Z</time></trkpt>
			<trkpt lat="47.478280" lon="-1.111080"><ele>58</ele><time>2026-03-01T12:15:48Z</time></trkpt>
			<trkpt lat="47.478200" lon="-1.111470"><ele>59</ele><time>2026-03-01T12:16:00Z</time></trkpt>
			<trkpt lat="47.478110" lon="-1.111800"><ele>60</ele><time>2026-03-01T12:16:12Z</time></trkpt>
			<trkpt lat="47.477970" lon="-1.112220"><ele>61</ele><time>2026-03-01T12:16:24Z</time></trkpt>
			<trkpt lat="47.477760" lon="-1.112630"><ele>61</ele><time>2026-03-01T12:16:36Z</time></trkpt>
			<trkpt lat="47.477550" lon="-1.112920"><ele>61</ele><time>2026-03-01T12:16:48Z</time></trkpt>
			<trkpt lat="47.477360" lon="-1.113140"><ele>62</ele><time>2026-03-01T12:17:00Z</time></trkpt>
			<trkpt lat="47.475970" lon="-1.114550"><ele>63</ele><time>2026-03-01T12:17:12Z</time></trkpt>
			<trkpt lat="47.475860" lon="-1.114690"><ele>64</ele><time>2026-03-01T12:17:24Z</time></trkpt>
			<trkpt lat="47.475770" lon="-1.114820"><ele>64</ele><time>2026-03-01T12:17:36Z</time></trkpt>
			<trkpt lat="47.475250" lon="-1.116090"><ele>64</ele><time>2026-03-01T12:17:48Z</time></trkpt>
			<trkpt lat="47.474830" lon="-1.117080"><ele>63</ele><time>2026-03-01T12:18:00Z</time></trkpt>
			<trkpt lat="47.474590" lon="-1.117760"><ele>61</ele><time>2026-03-01T12:18:12Z</time></trkpt>
			<trkpt lat="47.474450" lon="-1.118210"><ele>61</ele><time>2026-03-01T12:18:24Z</time></trkpt>
			<trkpt lat="47.474380" lon="-1.118410"><ele>60</ele><time>2026-03-01T12:18:36Z</time></trkpt>
			<trkpt lat="47.474200" lon="-1.118750"><ele>60</ele><time>2026-03-01T12:18:48Z</time></trkpt>
			<trkpt lat="47.474070" lon="-1.118970"><ele>59</ele><time>2026-03-01T12:19:00Z</time></trkpt>
			<trkpt lat="47.473640" lon="-1.119530"><ele>59</ele><time>2026-03-01T12:19:12Z</time></trkpt>
			<trkpt lat="47.473120" lon="-1.120110"><ele>59</ele><time>2026-03-01T12:19:24Z</time></trkpt>
			<trkpt lat="47.472760" lon="-1.120580"><ele>57</ele><time>2026-03-01T12:19:36Z</time></trkpt>
			<trkpt lat="47.472720" lon="-1.120630"><ele>56</ele><time>2026-03-01T12:19:48Z</time></trkpt>
			<trkpt lat="47.472510" lon="-1.120840"><ele>55</ele><time>2026-03-01T12:20:00Z</time></trkpt>
			<trkpt lat="47.472030" lon="-1.121140"><ele>53</ele><time>2026-03-01T12:20:12Z</time></trkpt>
			<trkpt lat="47.471620" lon="-1.121370"><ele>51</ele><time>2026-03-01T12:20:24Z</time></trkpt>
			<trkpt lat="47.471280" lon="-1.121610"><ele>52</ele><time>2026-03-01T12:20:36Z</time></trkpt>
			<trkpt lat="47.471180" lon="-1.121730"><ele>52</ele><time>2026-03-01T12:20:48Z</time></trkpt>
			<trkpt lat="47.471090" lon="-1.121890"><ele>53</ele><time>2026-03-01T12:21:00Z</time></trkpt>
			<trkpt lat="47.471040" lon="-1.122020"><ele>53</ele><time>2026-03-01T12:21:12Z</time></trkpt>
			<trkpt lat="47.470810" lon="-1.122970"><ele>56</ele><time>2026-03-01T12:21:24Z</time></trkpt>
			<trkpt lat="47.470630" lon="-1.123690"><ele>56</ele><time>2026-03-01T12:21:36Z</time></trkpt>
			<trkpt lat="47.470600" lon="-1.123960"><ele>56</ele><time>2026-03-01T12:21:48Z</time></trkpt>
			<trkpt lat="47.470600" lon="-1.124320"><ele>55</ele><time>2026-03-01T12:22:00Z</time></trkpt>
			<trkpt lat="47.470620" lon="-1.124860"><ele>55</ele><time>2026-03-01T12:22:12Z</time></trkpt>
			<trkpt lat="47.470680" lon="-1.125200"><ele>55</ele><time>2026-03-01T12:22:24Z</time></trkpt>
			<trkpt lat="47.470890" lon="-1.125780"><ele>56</ele><time>2026-03-01T12:22:36Z</time></trkpt>
			<trkpt lat="47.470940" lon="-1.126040"><ele>56</ele><time>2026-03-01T12:22:48Z</time></trkpt>
			<trkpt lat="47.470960" lon="-1.126210"><ele>57</ele><time>2026-03-01T12:23:00Z</time></trkpt>
			<trkpt lat="47.470930" lon="-1.126470"><ele>58</ele><time>2026-03-01T12:23:12Z</time></trkpt>
			<trkpt lat="47.470890" lon="-1.126610"><ele>58</ele><time>2026-03-01T12:23:24Z</time></trkpt>
			<trkpt lat="47.470550" lon="-1.127420"><ele>61</ele><time>2026-03-01T12:23:36Z</time></trkpt>
			<trkpt lat="47.470380" lon="-1.127770"><ele>62</ele><time>2026-03-01T12:23:48Z</time></trkpt>
			<trkpt lat="47.470150" lon="-1.128060"><ele>64</ele><time>2026-03-01T12:24:00Z</time></trkpt>
			<trkpt lat="47.469620" lon="-1.128530"><ele>66</ele><time>2026-03-01T12:24:12Z</time></trkpt>
			<trkpt lat="47.469500" lon="-1.128640"><ele>67</ele><time>2026-03-01T12:24:24Z</time></trkpt>
			<trkpt lat="47.468900" lon="-1.129550"><ele>67</ele><time>2026-03-01T12:24:36Z</time></trkpt>
			<trkpt lat="47.468600" lon="-1.130040"><ele>68</ele><time>2026-03-01T12:24:48Z</time></trkpt>
			<trkpt lat="47.468460" lon="-1.130280"><ele>68</ele><time>2026-03-01T12:25:00Z</time></trkpt>
			<trkpt lat="47.468400" lon="-1.130450"><ele>68</ele><time>2026-03-01T12:25:12Z</time></trkpt>
			<trkpt lat="47.467430" lon="-1.133520"><ele>70</ele><time>2026-03-01T12:25:24Z</time></trkpt>
			<trkpt lat="47.466120" lon="-1.132150"><ele>73</ele><time>2026-03-01T12:25:36Z</time></trkpt>
			<trkpt lat="47.465590" lon="-1.131560"><ele>73</ele><time>2026-03-01T12:25:48Z</time></trkpt>
			<trkpt lat="47.465040" lon="-1.130990"><ele>70</ele><time>2026-03-01T12:26:00Z</time></trkpt>
			<trkpt lat="47.464840" lon="-1.130810"><ele>70</ele><time>2026-03-01T12:26:12Z</time></trkpt>
			<trkpt lat="47.464560" lon="-1.130590"><ele>69</ele><time>2026-03-01T12:26:24Z</time></trkpt>
			<trkpt lat="47.464410" lon="-1.130500"><ele>69</ele><time>2026-03-01T12:26:36Z</time></trkpt>
			<trkpt lat="47.464320" lon="-1.130470"><ele>69</ele><time>2026-03-01T12:26:48Z</time></trkpt>
			<trkpt lat="47.464140" lon="-1.130480"><ele>68</ele><time>2026-03-01T12:27:00Z</time></trkpt>
			<trkpt lat="47.464050" lon="-1.130520"><ele>68</ele><time>2026-03-01T12:27:12Z</time></trkpt>
			<trkpt lat="47.463950" lon="-1.130580"><ele>68</ele><time>2026-03-01T12:27:24Z</time></trkpt>
			<trkpt lat="47.463750" lon="-1.130820"><ele>67</ele><time>2026-03-01T12:27:36Z</time></trkpt>
			<trkpt lat="47.461430" lon="-1.134580"><ele>53</ele><time>2026-03-01T12:27:48Z</time></trkpt>
			<trkpt lat="47.460180" lon="-1.136580"><ele>46</ele><time>2026-03-01T12:28:00Z</time></trkpt>
			<trkpt lat="47.459570" lon="-1.137570"><ele>46</ele><time>2026-03-01T12:28:12Z</time></trkpt>
			<trkpt lat="47.458530" lon="-1.139250"><ele>49</ele><time>2026-03-01T12:28:24Z</time></trkpt>
			<trkpt lat="47.458310" lon="-1.139700"><ele>50</ele><time>2026-03-01T12:28:36Z</time></trkpt>
			<trkpt lat="47.458270" lon="-1.139810"><ele>50</ele><time>2026-03-01T12:28:48Z</time></trkpt>
			<trkpt lat="47.458190" lon="-1.140090"><ele>50</ele><time>2026-03-01T12:29:00Z</time></trkpt>
			<trkpt lat="47.458160" lon="-1.140210"><ele>50</ele><time>2026-03-01T12:29:12Z</time></trkpt>
			<trkpt lat="47.458000" lon="-1.140660"><ele>48</ele><time>2026-03-01T12:29:24Z</time></trkpt>
			<trkpt lat="47.457880" lon="-1.140920"><ele>47</ele><time>2026-03-01T12:29:36Z</time></trkpt>
			<trkpt lat="47.457780" lon="-1.141060"><ele>47</ele><time>2026-03-01T12:29:48Z</time></trkpt>
			<trkpt lat="47.457560" lon="-1.141310"><ele>46</ele><time>2026-03-01T12:30:00Z</time></trkpt>
			<trkpt lat="47.457340" lon="-1.141490"><ele>46</ele><time>2026-03-01T12:30:12Z</time></trkpt>
			<trkpt lat="47.455680" lon="-1.142720"><ele>53</ele><time>2026-03-01T12:30:24Z</time></trkpt>
			<trkpt lat="47.455460" lon="-1.142940"><ele>53</ele><time>2026-03-01T12:30:36Z</time></trkpt>
			<trkpt lat="47.455240" lon="-1.143200"><ele>54</ele><time>2026-03-01T12:30:48Z</time></trkpt>
			<trkpt lat="47.455210" lon="-1.143230"><ele>54</ele><time>2026-03-01T12:31:00Z</time></trkpt>
			<trkpt lat="47.454540" lon="-1.143840"><ele>54</ele><time>2026-03-01T12:31:12Z</time></trkpt>
			<trkpt lat="47.454470" lon="-1.143900"><ele>54</ele><time>2026-03-01T12:31:24Z</time></trkpt>
			<trkpt lat="47.453620" lon="-1.144660"><ele>54</ele><time>2026-03-01T12:31:36Z</time></trkpt>
			<trkpt lat="47.453510" lon="-1.144730"><ele>54</ele><time>2026-03-01T12:31:48Z</time></trkpt>
			<trkpt lat="47.453280" lon="-1.144810"><ele>54</ele><time>2026-03-01T12:32:00Z</time></trkpt>
			<trkpt lat="47.453070" lon="-1.144810"><ele>55</ele><time>2026-03-01T12:32:12Z</time></trkpt>
			<trkpt lat="47.451790" lon="-1.144460"><ele>59</ele><time>2026-03-01T12:32:24Z</time></trkpt>
			<trkpt lat="47.451510" lon="-1.144420"><ele>60</ele><time>2026-03-01T12:32:36Z</time></trkpt>
			<trkpt lat="47.451290" lon="-1.144480"><ele>60</ele><time>2026-03-01T12:32:48Z</time></trkpt>
			<trkpt lat="47.451050" lon="-1.144640"><ele>61</ele><time>2026-03-01T12:33:00Z</time></trkpt>
			<trkpt lat="47.450860" lon="-1.144850"><ele>61</ele><time>2026-03-01T12:33:12Z</time></trkpt>
			<trkpt lat="47.450630" lon="-1.145250"><ele>62</ele><time>2026-03-01T12:33:24Z</time></trkpt>
			<trkpt lat="47.450460" lon="-1.145480"><ele>63</ele><time>2026-03-01T12:33:36Z</time></trkpt>
			<trkpt lat="47.450200" lon="-1.145770"><ele>64</ele><time>2026-03-01T12:33:48Z</time></trkpt>
			<trkpt lat="47.449810" lon="-1.146180"><ele>65</ele><time>2026-03-01T12:34:00Z</time></trkpt>
			<trkpt lat="47.449650" lon="-1.146420"><ele>65</ele><time>2026-03-01T12:34:12Z</time></trkpt>
			<trkpt lat="47.449210" lon="-1.147160"><ele>68</ele><time>2026-03-01T12:34:24Z</time></trkpt>
			<trkpt lat="47.449150" lon="-1.147190"><ele>69</ele><time>2026-03-01T12:34:36Z</time></trkpt>
			<trkpt lat="47.447860" lon="-1.146530"><ele>73</ele><time>2026-03-01T12:34:48Z</time></trkpt>
			<trkpt lat="47.447830" lon="-1.146510"><ele>73</ele><time>2026-03-01T12:35:00Z</time></trkpt>
			<trkpt lat="47.446760" lon="-1.145950"><ele>76</ele><time>2026-03-01T12:35:12Z</time></trkpt>
			<trkpt lat="47.446620" lon="-1.145840"><ele>76</ele><time>2026-03-01T12:35:24Z</time></trkpt>
			<trkpt lat="47.446490" lon="-1.145730"><ele>76</ele><time>2026-03-01T12:35:36Z</time></trkpt>
			<trkpt lat="47.446360" lon="-1.145590"><ele>76</ele><time>2026-03-01T12:35:48Z</time></trkpt>
			<trkpt lat="47.445890" lon="-1.144930"><ele>75</ele><time>2026-03-01T12:36:00Z</time></trkpt>
			<trkpt lat="47.445680" lon="-1.144630"><ele>74</ele><time>2026-03-01T12:36:12Z</time></trkpt>
			<trkpt lat="47.444020" lon="-1.142250"><ele>65</ele><time>2026-03-01T12:36:24Z</time></trkpt>
			<trkpt lat="47.443850" lon="-1.142050"><ele>65</ele><time>2026-03-01T12:36:36Z</time></trkpt>
			<trkpt lat="47.443670" lon="-1.141890"><ele>65</ele><time>2026-03-01T12:36:48Z</time></trkpt>
			<trkpt lat="47.443380" lon="-1.141740"><ele>64</ele><time>2026-03-01T12:37:00Z</time></trkpt>
			<trkpt lat="47.443280" lon="-1.141690"><ele>64</ele><time>2026-03-01T12:37:12Z</time></trkpt>
			<trkpt lat="47.442760" lon="-1.141430"><ele>65</ele><time>2026-03-01T12:37:24Z</time></trkpt>
			<trkpt lat="47.442230" lon="-1.141160"><ele>67</ele><time>2026-03-01T12:37:36Z</time></trkpt>
			<trkpt lat="47.442140" lon="-1.141110"><ele>68</ele><time>2026-03-01T12:37:48Z</time></trkpt>
			<trkpt lat="47.441820" lon="-1.140950"><ele>70</ele><time>2026-03-01T12:38:00Z</time></trkpt>
			<trkpt lat="47.441440" lon="-1.140760"><ele>72</ele><time>2026-03-01T12:38:12Z</time></trkpt>
			<trkpt lat="47.440690" lon="-1.140400"><ele>74</ele><time>2026-03-01T12:38:24Z</time></trkpt>
			<trkpt lat="47.440680" lon="-1.140610"><ele>74</ele><time>2026-03-01T12:38:36Z</time></trkpt>
			<trkpt lat="47.440670" lon="-1.141150"><ele>74</ele><time>2026-03-01T12:38:48Z</time></trkpt>
			<trkpt lat="47.440650" lon="-1.141240"><ele>74</ele><time>2026-03-01T12:39:00Z</time></trkpt>
			<trkpt lat="47.440620" lon="-1.141320"><ele>74</ele><time>2026-03-01T12:39:12Z</time></trkpt>
			<trkpt lat="47.440560" lon="-1.141410"><ele>73</ele><time>2026-03-01T12:39:24Z</time></trkpt>
			<trkpt lat="47.440520" lon="-1.141450"><ele>73</ele><time>2026-03-01T12:39:36Z</time></trkpt>
			<trkpt lat="47.440420" lon="-1.141530"><ele>73</ele><time>2026-03-01T12:39:48Z</time></trkpt>
			<trkpt lat="47.440260" lon="-1.141630"><ele>73</ele><time>2026-03-01T12:40:00Z</time></trkpt>
			<trkpt lat="47.440010" lon="-1.141810"><ele>72</ele><time>2026-03-01T12:40:12Z</time></trkpt>
			<trkpt lat="47.439850" lon="-1.141940"><ele>71</ele><time>2026-03-01T12:40:24Z</time></trkpt>
			<trkpt lat="47.439820" lon="-1.142000"><ele>71</ele><time>2026-03-01T12:40:36Z</time></trkpt>
			<trkpt lat="47.439750" lon="-1.142120"><ele>70</ele><time>2026-03-01T12:40:48Z</time></trkpt>
			<trkpt lat="47.439680" lon="-1.142270"><ele>70</ele><time>2026-03-01T12:41:00Z</time></trkpt>
			<trkpt lat="47.439620" lon="-1.142460"><ele>69</ele><time>2026-03-01T12:41:12Z</time></trkpt>
			<trkpt lat="47.439500" lon="-1.143050"><ele>67</ele><time>2026-03-01T12:41:24Z</time></trkpt>
			<trkpt lat="47.439450" lon="-1.143230"><ele>67</ele><time>2026-03-01T12:41:36Z</time></trkpt>
			<trkpt lat="47.438710" lon="-1.145580"><ele>61</ele><time>2026-03-01T12:41:48Z</time></trkpt>
			<trkpt lat="47.438700" lon="-1.145610"><ele>60</ele><time>2026-03-01T12:42:00Z</time></trkpt>
			<trkpt lat="47.438660" lon="-1.145600"><ele>60</ele><time>2026-03-01T12:42:12Z</time></trkpt>
			<trkpt lat="47.438560" lon="-1.145600"><ele>60</ele><time>2026-03-01T12:42:24Z</time></trkpt>
			<trkpt lat="47.438180" lon="-1.145640"><ele>59</ele><time>2026-03-01T12:42:36Z</time></trkpt>
			<trkpt lat="47.438010" lon="-1.145680"><ele>59</ele><time>2026-03-01T12:42:48Z</time></trkpt>
			<trkpt lat="47.437840" lon="-1.145800"><ele>58</ele><time>2026-03-01T12:43:00Z</time></trkpt>
			<trkpt lat="47.437720" lon="-1.145920"><ele>57</ele><time>2026-03-01T12:43:12Z</time></trkpt>
			<trkpt lat="47.437160" lon="-1.146820"><ele>55</ele><time>2026-03-01T12:43:24Z</time></trkpt>
			<trkpt lat="47.437050" lon="-1.147030"><ele>54</ele><time>2026-03-01T12:43:36Z</time></trkpt>
			<trkpt lat="47.436970" lon="-1.147250"><ele>54</ele><time>2026-03-01T12:43:48Z</time></trkpt>
			<trkpt lat="47.436860" lon="-1.147740"><ele>53</ele><time>2026-03-01T12:44:00Z</time></trkpt>
			<trkpt lat="47.436780" lon="-1.147950"><ele>53</ele><time>2026-03-01T12:44:12Z</time></trkpt>
			<trkpt lat="47.436680" lon="-1.148170"><ele>53</ele><time>2026-03-01T12:44:24Z</time></trkpt>
			<trkpt lat="47.436590" lon="-1.148300"><ele>53</ele><time>2026-03-01T12:44:36Z</time></trkpt>
			<trkpt lat="47.436450" lon="-1.148460"><ele>52</ele><time>2026-03-01T12:44:48Z</time></trkpt>
			<trkpt lat="47.435440" lon="-1.149160"><ele>49</ele><time>2026-03-01T12:45:00Z</time></trkpt>
			<trkpt lat="47.435110" lon="-1.149430"><ele>48</ele><time>2026-03-01T12:45:12Z</time></trkpt>
			<trkpt lat="47.434580" lon="-1.149960"><ele>47</ele><time>2026-03-01T12:45:24Z</time></trkpt>
			<trkpt lat="47.434380" lon="-1.150120"><ele>46</ele><time>2026-03-01T12:45:36Z</time></trkpt>
			<trkpt lat="47.434180" lon="-1.150220"><ele>46</ele><time>2026-03-01T12:45:48Z</time></trkpt>
			<trkpt lat="47.433800" lon="-1.150380"><ele>46</ele><time>2026-03-01T12:46:00Z</time></trkpt>
			<trkpt lat="47.433550" lon="-1.150460"><ele>45</ele><time>2026-03-01T12:46:12Z</time></trkpt>
			<trkpt lat="47.433220" lon="-1.150600"><ele>45</ele><time>2026-03-01T12:46:24Z</time></trkpt>
			<trkpt lat="47.432980" lon="-1.150680"><ele>45</ele><time>2026-03-01T12:46:36Z</time></trkpt>
			<trkpt lat="47.432740" lon="-1.150740"><ele>44</ele><time>2026-03-01T12:46:48Z</time></trkpt>
			<trkpt lat="47.432570" lon="-1.150760"><ele>44</ele><time>2026-03-01T12:47:00Z</time></trkpt>
			<trkpt lat="47.432240" lon="-1.150700"><ele>44</ele><time>2026-03-01T12:47:12Z</time></trkpt>
			<trkpt lat="47.431720" lon="-1.150500"><ele>43</ele><time>2026-03-01T12:47:24Z</time></trkpt>
			<trkpt lat="47.431550" lon="-1.150480"><ele>43</ele><time>2026-03-01T12:47:36Z</time></trkpt>
			<trkpt lat="47.431250" lon="-1.150500"><ele>43</ele><time>2026-03-01T12:47:48Z</time></trkpt>
			<trkpt lat="47.431220" lon="-1.150500"><ele>43</ele><time>2026-03-01T12:48:00Z</time></trkpt>
			<trkpt lat="47.431010" lon="-1.150560"><ele>43</ele><time>2026-03-01T12:48:12Z</time></trkpt>
			<trkpt lat="47.430630" lon="-1.150730"><ele>42</ele><time>2026-03-01T12:48:24Z</time></trkpt>
			<trkpt lat="47.429620" lon="-1.151160"><ele>41</ele><time>2026-03-01T12:48:36Z</time></trkpt>
			<trkpt lat="47.429350" lon="-1.151230"><ele>41</ele><time>2026-03-01T12:48:48Z</time></trkpt>
			<trkpt lat="47.429070" lon="-1.151270"><ele>41</ele><time>2026-03-01T12:49:00Z</time></trkpt>
			<trkpt lat="47.427920" lon="-1.151220"><ele>41</ele><time>2026-03-01T12:49:12Z</time></trkpt>
			<trkpt lat="47.427690" lon="-1.151240"><ele>41</ele><time>2026-03-01T12:49:24Z</time></trkpt>
			<trkpt lat="47.426810" lon="-1.151450"><ele>42</ele><time>2026-03-01T12:49:36Z</time></trkpt>
			<trkpt lat="47.426640" lon="-1.151510"><ele>42</ele><time>2026-03-01T12:49:48Z</time></trkpt>
			<trkpt lat="47.426470" lon="-1.151640"><ele>42</ele><time>2026-03-01T12:50:00Z</time></trkpt>
			<trkpt lat="47.426320" lon="-1.151830"><ele>42</ele><time>2026-03-01T12:50:12Z</time></trkpt>
			<trkpt lat="47.426000" lon="-1.152310"><ele>41</ele><time>2026-03-01T12:50:24Z</time></trkpt>
			<trkpt lat="47.425950" lon="-1.152400"><ele>40</ele><time>2026-03-01T12:50:36Z</time></trkpt>
			<trkpt lat="47.423980" lon="-1.155240"><ele>37</ele><time>2026-03-01T12:50:48Z</time></trkpt>
			<trkpt lat="47.423510" lon="-1.155920"><ele>39</ele><time>2026-03-01T12:51:00Z</time></trkpt>
			<trkpt lat="47.423060" lon="-1.156560"><ele>38</ele><time>2026-03-01T12:51:12Z</time></trkpt>
			<trkpt lat="47.421490" lon="-1.158330"><ele>35</ele><time>2026-03-01T12:51:24Z</time></trkpt>
			<trkpt lat="47.421200" lon="-1.158700"><ele>34</ele><time>2026-03-01T12:51:36Z</time></trkpt>
			<trkpt lat="47.420940" lon="-1.159100"><ele>33</ele><time>2026-03-01T12:51:48Z</time></trkpt>
			<trkpt lat="47.420880" lon="-1.159180"><ele>33</ele><time>2026-03-01T12:52:00Z</time></trkpt>
			<trkpt lat="47.420020" lon="-1.160540"><ele>31</ele><time>2026-03-01T12:52:12Z</time></trkpt>
			<trkpt lat="47.419850" lon="-1.160790"><ele>31</ele><time>2026-03-01T12:52:24Z</time></trkpt>
			<trkpt lat="47.419710" lon="-1.160950"><ele>31</ele><time>2026-03-01T12:52:36Z</time></trkpt>
			<trkpt lat="47.419550" lon="-1.161070"><ele>31</ele><time>2026-03-01T12:52:48Z</time></trkpt>
			<trkpt lat="47.416860" lon="-1.162580"><ele>27</ele><time>2026-03-01T12:53:00Z</time></trkpt>
			<trkpt lat="47.415440" lon="-1.163380"><ele>24</ele><time>2026-03-01T12:53:12Z</time></trkpt>
			<trkpt lat="47.415290" lon="-1.163520"><ele>24</ele><time>2026-03-01T12:53:24Z</time></trkpt>
			<trkpt lat="47.415240" lon="-1.163600"><ele>24</ele><time>2026-03-01T12:53:36Z</time></trkpt>
			<trkpt lat="47.415200" lon="-1.163660"><ele>24</ele><time>2026-03-01T12:53:48Z</time></trkpt>
			<trkpt lat="47.415090" lon="-1.163840"><ele>24</ele><time>2026-03-01T12:54:00Z</time></trkpt>
			<trkpt lat="47.414560" lon="-1.165030"><ele>19</ele><time>2026-03-01T12:54:12Z</time></trkpt>
			<trkpt lat="47.414510" lon="-1.165190"><ele>18</ele><time>2026-03-01T12:54:24Z</time></trkpt>
			<trkpt lat="47.414500" lon="-1.165360"><ele>17</ele><time>2026-03-01T12:54:36Z</time></trkpt>
			<trkpt lat="47.414530" lon="-1.165520"><ele>16</ele><time>2026-03-01T12:54:48Z</time></trkpt>
			<trkpt lat="47.414590" lon="-1.165650"><ele>16</ele><time>2026-03-01T12:55:00Z</time></trkpt>
			<trkpt lat="47.414980" lon="-1.166130"><ele>19</ele><time>2026-03-01T12:55:12Z</time></trkpt>
			<trkpt lat="47.415050" lon="-1.166240"><ele>18</ele><time>2026-03-01T12:55:24Z</time></trkpt>
			<trkpt lat="47.415100" lon="-1.166370"><ele>18</ele><time>2026-03-01T12:55:36Z</time></trkpt>
			<trkpt lat="47.415120" lon="-1.166540"><ele>16</ele><time>2026-03-01T12:55:48Z</time></trkpt>
			<trkpt lat="47.415100" lon="-1.166690"><ele>15</ele><time>2026-03-01T12:56:00Z</time></trkpt>
			<trkpt lat="47.414890" lon="-1.167330"><ele>13</ele><time>2026-03-01T12:56:12Z</time></trkpt>
			<trkpt lat="47.414690" lon="-1.167850"><ele>13</ele><time>2026-03-01T12:56:24Z</time></trkpt>
			<trkpt lat="47.414210" lon="-1.169130"><ele>17</ele><time>2026-03-01T12:56:36Z</time></trkpt>
			<trkpt lat="47.414110" lon="-1.169310"><ele>18</ele><time>2026-03-01T12:56:48Z</time></trkpt>
			<trkpt lat="47.414010" lon="-1.169470"><ele>18</ele><time>2026-03-01T12:57:00Z</time></trkpt>
			<trkpt lat="47.413450" lon="-1.170040"><ele>20</ele><time>2026-03-01T12:57:12Z</time></trkpt>
			<trkpt lat="47.413310" lon="-1.170230"><ele>20</ele><time>2026-03-01T12:57:24Z</time></trkpt>
			<trkpt lat="47.413210" lon="-1.170410"><ele>21</ele><time>2026-03-01T12:57:36Z</time></trkpt>
			<trkpt lat="47.413020" lon="-1.170810"><ele>22</ele><time>2026-03-01T12:57:48Z</time></trkpt>
			<trkpt lat="47.412740" lon="-1.171390"><ele>25</ele><time>2026-03-01T12:58:00Z</time></trkpt>
			<trkpt lat="47.412680" lon="-1.171500"><ele>25</ele><time>2026-03-01T12:58:12Z</time></trkpt>
			<trkpt lat="47.412520" lon="-1.171740"><ele>26</ele><time>2026-03-01T12:58:24Z</time></trkpt>
			<trkpt lat="47.412440" lon="-1.171870"><ele>26</ele><time>2026-03-01T12:58:36Z</time></trkpt>
			<trkpt lat="47.412410" lon="-1.171830"><ele>26</ele><time>2026-03-01T12:58:48Z</time></trkpt>
			<trkpt lat="47.412290" lon="-1.171760"><ele>26</ele><time>2026-03-01T12:59:00Z</time></trkpt>
			<trkpt lat="47.412190" lon="-1.171660"><ele>26</ele><time>2026-03-01T12:59:12Z</time></trkpt>
			<trkpt lat="47.410800" lon="-1.169470"><ele>25</ele><time>2026-03-01T12:59:24Z</time></trkpt>
			<trkpt lat="47.410640" lon="-1.169260"><ele>25</ele><time>2026-03-01T12:59:36Z</time></trkpt>
			<trkpt lat="47.410500" lon="-1.169120"><ele>25</ele><time>2026-03-01T12:59:48Z</time></trkpt>
			<trkpt lat="47.410270" lon="-1.168960"><ele>25</ele><time>2026-03-01T13:00:00Z</time></trkpt>
			<trkpt lat="47.409850" lon="-1.168740"><ele>23</ele><time>2026-03-01T13:00:12Z</time></trkpt>
			<trkpt lat="47.409420" lon="-1.168530"><ele>21</ele><time>2026-03-01T13:00:24Z</time></trkpt>
			<trkpt lat="47.409260" lon="-1.168460"><ele>21</ele><time>2026-03-01T13:00:36Z</time></trkpt>
			<trkpt lat="47.408760" lon="-1.168300"><ele>20</ele><time>2026-03-01T13:00:48Z</time></trkpt>
			<trkpt lat="47.408570" lon="-1.168260"><ele>20</ele><time>2026-03-01T13:01:00Z</time></trkpt>
			<trkpt lat="47.408470" lon="-1.168280"><ele>21</ele><time>2026-03-01T13:01:12Z</time></trkpt>
			<trkpt lat="47.408380" lon="-1.168330"><ele>21</ele><time>2026-03-01T13:01:24Z</time></trkpt>
			<trkpt lat="47.408320" lon="-1.168390"><ele>21</ele><time>2026-03-01T13:01:36Z</time></trkpt>
			<trkpt lat="47.408290" lon="-1.168440"><ele>21</ele><time>2026-03-01T13:01:48Z</time></trkpt>
			<trkpt lat="47.408260" lon="-1.168490"><ele>21</ele><time>2026-03-01T13:02:00Z</time></trkpt>
			<trkpt lat="47.408220" lon="-1.168670"><ele>21</ele><time>2026-03-01T13:02:12Z</time></trkpt>
			<trkpt lat="47.407150" lon="-1.173640"><ele>22</ele><time>2026-03-01T13:02:24Z</time></trkpt>
			<trkpt lat="47.407040" lon="-1.174080"><ele>23</ele><time>2026-03-01T13:02:36Z</time></trkpt>
			<trkpt lat="47.406990" lon="-1.174220"><ele>23</ele><time>2026-03-01T13:02:48Z</time></trkpt>
			<trkpt lat="47.406920" lon="-1.174320"><ele>23</ele><time>2026-03-01T13:03:00Z</time></trkpt>
			<trkpt lat="47.406810" lon="-1.174400"><ele>23</ele><time>2026-03-01T13:03:12Z</time></trkpt>
			<trkpt lat="47.406690" lon="-1.174460"><ele>23</ele><time>2026-03-01T13:03:24Z</time></trkpt>
			<trkpt lat="47.406570" lon="-1.174510"><ele>23</ele><time>2026-03-01T13:03:36Z</time></trkpt>
			<trkpt lat="47.406380" lon="-1.174570"><ele>23</ele><time>2026-03-01T13:03:48Z</time></trkpt>
			<trkpt lat="47.406230" lon="-1.174600"><ele>23</ele><time>2026-03-01T13:04:00Z</time></trkpt>
			<trkpt lat="47.405990" lon="-1.174610"><ele>23</ele><time>2026-03-01T13:04:12Z</time></trkpt>
			<trkpt lat="47.405510" lon="-1.174620"><ele>23</ele><time>2026-03-01T13:04:24Z</time></trkpt>
			<trkpt lat="47.404960" lon="-1.174610"><ele>22</ele><time>2026-03-01T13:04:36Z</time></trkpt>
			<trkpt lat="47.403790" lon="-1.174630"><ele>20</ele><time>2026-03-01T13:04:48Z</time></trkpt>
			<trkpt lat="47.403180" lon="-1.174640"><ele>19</ele><time>2026-03-01T13:05:00Z</time></trkpt>
			<trkpt lat="47.402970" lon="-1.174600"><ele>19</ele><time>2026-03-01T13:05:12Z</time></trkpt>
			<trkpt lat="47.402820" lon="-1.174540"><ele>19</ele><time>2026-03-01T13:05:24Z</time></trkpt>
			<trkpt lat="47.402610" lon="-1.174420"><ele>18</ele><time>2026-03-01T13:05:36Z</time></trkpt>
			<trkpt lat="47.402330" lon="-1.174260"><ele>18</ele><time>2026-03-01T13:05:48Z</time></trkpt>
			<trkpt lat="47.402230" lon="-1.174230"><ele>18</ele><time>2026-03-01T13:06:00Z</time></trkpt>
			<trkpt lat="47.402130" lon="-1.174200"><ele>18</ele><time>2026-03-01T13:06:12Z</time></trkpt>
			<trkpt lat="47.401980" lon="-1.174210"><ele>19</ele><time>2026-03-01T13:06:24Z</time></trkpt>
			<trkpt lat="47.401680" lon="-1.174310"><ele>19</ele><time>2026-03-01T13:06:36Z</time></trkpt>
			<trkpt lat="47.400730" lon="-1.174640"><ele>20</ele><time>2026-03-01T13:06:48Z</time></trkpt>
			<trkpt lat="47.400480" lon="-1.174760"><ele>22</ele><time>2026-03-01T13:07:00Z</time></trkpt>
			<trkpt lat="47.400400" lon="-1.174830"><ele>22</ele><time>2026-03-01T13:07:12Z</time></trkpt>
			<trkpt lat="47.400300" lon="-1.174930"><ele>23</ele><time>2026-03-01T13:07:24Z</time></trkpt>
			<trkpt lat="47.399580" lon="-1.175700"><ele>26</ele><time>2026-03-01T13:07:36Z</time></trkpt>
			<trkpt lat="47.399040" lon="-1.176260"><ele>27</ele><time>2026-03-01T13:07:48Z</time></trkpt>
			<trkpt lat="47.398970" lon="-1.176320"><ele>27</ele><time>2026-03-01T13:08:00Z</time></trkpt>
			<trkpt lat="47.398480" lon="-1.176640"><ele>27</ele><time>2026-03-01T13:08:12Z</time></trkpt>
			<trkpt lat="47.398330" lon="-1.176760"><ele>27</ele><time>2026-03-01T13:08:24Z</time></trkpt>
			<trkpt lat="47.398080" lon="-1.176950"><ele>26</ele><time>2026-03-01T13:08:36Z</time></trkpt>
			<trkpt lat="47.397680" lon="-1.177210"><ele>26</ele><time>2026-03-01T13:08:48Z</time></trkpt>
			<trkpt lat="47.397460" lon="-1.177370"><ele>26</ele><time>2026-03-01T13:09:00Z</time></trkpt>
			<trkpt lat="47.397400" lon="-1.177440"><ele>26</ele><time>2026-03-01T13:09:12Z</time></trkpt>
			<trkpt lat="47.397020" lon="-1.177890"><ele>24</ele><time>2026-03-01T13:09:24Z</time></trkpt>
			<trkpt lat="47.396900" lon="-1.178060"><ele>24</ele><time>2026-03-01T13:09:36Z</time></trkpt>
			<trkpt lat="47.396780" lon="-1.178220"><ele>23</ele><time>2026-03-01T13:09:48Z</time></trkpt>
			<trkpt lat="47.396490" lon="-1.178550"><ele>22</ele><time>2026-03-01T13:10:00Z</time></trkpt>
			<trkpt lat="47.396330" lon="-1.178710"><ele>21</ele><time>2026-03-01T13:10:12Z</time></trkpt>
			<trkpt lat="47.396060" lon="-1.178940"><ele>20</ele><time>2026-03-01T13:10:24Z</time></trkpt>
			<trkpt lat="47.395350" lon="-1.179580"><ele>16</ele><time>2026-03-01T13:10:36Z</time></trkpt>
			<trkpt lat="47.394960" lon="-1.179940"><ele>14</ele><time>2026-03-01T13:10:48Z</time></trkpt>
			<trkpt lat="47.394830" lon="-1.180090"><ele>14</ele><time>2026-03-01T13:11:00Z</time></trkpt>
			<trkpt lat="47.394530" lon="-1.180490"><ele>13</ele><time>2026-03-01T13:11:12Z</time></trkpt>
			<trkpt lat="47.394480" lon="-1.180440"><ele>13</ele><time>2026-03-01T13:11:24Z</time></trkpt>
			<trkpt lat="47.394040" lon="-1.180090"><ele>12</ele><time>2026-03-01T13:11:36Z</time></trkpt>
			<trkpt lat="47.393840" lon="-1.179970"><ele>11</ele><time>2026-03-01T13:11:48Z</time></trkpt>
			<trkpt lat="47.393640" lon="-1.179880"><ele>10</ele><time>2026-03-01T13:12:00Z</time></trkpt>
			<trkpt lat="47.393360" lon="-1.179780"><ele>9</ele><time>2026-03-01T13:12:12Z</time></trkpt>
			<trkpt lat="47.393270" lon="-1.179740"><ele>9</ele><time>2026-03-01T13:12:24Z</time></trkpt>
			<trkpt lat="47.392870" lon="-1.179630"><ele>9</ele><time>2026-03-01T13:12:36Z</time></trkpt>
			<trkpt lat="47.392590" lon="-1.179700"><ele>9</ele><time>2026-03-01T13:12:48Z</time></trkpt>
			<trkpt lat="47.392430" lon="-1.179790"><ele>9</ele><time>2026-03-01T13:13:00Z</time></trkpt>
			<trkpt lat="47.391900" lon="-1.180030"><ele>11</ele><time>2026-03-01T13:13:12Z</time></trkpt>
			<trkpt lat="47.391660" lon="-1.180120"><ele>12</ele><time>2026-03-01T13:13:24Z</time></trkpt>
			<trkpt lat="47.391420" lon="-1.180260"><ele>13</ele><time>2026-03-01T13:13:36Z</time></trkpt>
			<trkpt lat="47.391380" lon="-1.180310"><ele>13</ele><time>2026-03-01T13:13:48Z</time></trkpt>
			<trkpt lat="47.391350" lon="-1.180340"><ele>13</ele><time>2026-03-01T13:14:00Z</time></trkpt>
			<trkpt lat="47.391310" lon="-1.180350"><ele>13</ele><time>2026-03-01T13:14:12Z</time></trkpt>
			<trkpt lat="47.391270" lon="-1.180350"><ele>14</ele><time>2026-03-01T13:14:24Z</time></trkpt>
			<trkpt lat="47.391230" lon="-1.180330"><ele>14</ele><time>2026-03-01T13:14:36Z</time></trkpt>
			<trkpt lat="47.391190" lon="-1.180280"><ele>14</ele><time>2026-03-01T13:14:48Z</time></trkpt>
			<trkpt lat="47.391090" lon="-1.180240"><ele>15</ele><time>2026-03-01T13:15:00Z</time></trkpt>
			<trkpt lat="47.390900" lon="-1.180220"><ele>16</ele><time>2026-03-01T13:15:12Z</time></trkpt>
			<trkpt lat="47.390660" lon="-1.180230"><ele>17</ele><time>2026-03-01T13:15:24Z</time></trkpt>
			<trkpt lat="47.390270" lon="-1.180220"><ele>18</ele><time>2026-03-01T13:15:36Z</time></trkpt>
			<trkpt lat="47.390040" lon="-1.180180"><ele>18</ele><time>2026-03-01T13:15:48Z</time></trkpt>
			<trkpt lat="47.389270" lon="-1.179990"><ele>20</ele><time>2026-03-01T13:16:00Z</time></trkpt>
			<trkpt lat="47.388980" lon="-1.179930"><ele>20</ele><time>2026-03-01T13:16:12Z</time></trkpt>
			<trkpt lat="47.388510" lon="-1.179910"><ele>21</ele><time>2026-03-01T13:16:24Z</time></trkpt>
			<trkpt lat="47.387760" lon="-1.179920"><ele>21</ele><time>2026-03-01T13:16:36Z</time></trkpt>
			<trkpt lat="47.387620" lon="-1.179920"><ele>21</ele><time>2026-03-01T13:16:48Z</time></trkpt>
			<trkpt lat="47.387240" lon="-1.179910"><ele>21</ele><time>2026-03-01T13:17:00Z</time></trkpt>
			<trkpt lat="47.386940" lon="-1.179900"><ele>21</ele><time>2026-03-01T13:17:12Z</time></trkpt>
			<trkpt lat="47.386810" lon="-1.179880"><ele>21</ele><time>2026-03-01T13:17:24Z</time></trkpt>
			<trkpt lat="47.386660" lon="-1.179860"><ele>21</ele><time>2026-03-01T13:17:36Z</time></trkpt>
			<trkpt lat="47.386500" lon="-1.179840"><ele>21</ele><time>2026-03-01T13:17:48Z</time></trkpt>
			<trkpt lat="47.386350" lon="-1.179820"><ele>21</ele><time>2026-03-01T13:18:00Z</time></trkpt>
			<trkpt lat="47.385920" lon="-1.179710"><ele>20</ele><time>2026-03-01T13:18:12Z</time></trkpt>
			<trkpt lat="47.385780" lon="-1.179670"><ele>20</ele><time>2026-03-01T13:18:24Z</time></trkpt>
			<trkpt lat="47.385560" lon="-1.179620"><ele>20</ele><time>2026-03-01T13:18:36Z</time></trkpt>
			<trkpt lat="47.385280" lon="-1.179550"><ele>20</ele><time>2026-03-01T13:18:48Z</time></trkpt>
			<trkpt lat="47.384890" lon="-1.179500"><ele>20</ele><time>2026-03-01T13:19:00Z</time></trkpt>
			<trkpt lat="47.384620" lon="-1.179470"><ele>20</ele><time>2026-03-01T13:19:12Z</time></trkpt>
			<trkpt lat="47.384510" lon="-1.179460"><ele>20</ele><time>2026-03-01T13:19:24Z</time></trkpt>
			<trkpt lat="47.384280" lon="-1.179430"><ele>21</ele><time>2026-03-01T13:19:36Z</time></trkpt>
			<trkpt lat="47.383820" lon="-1.179370"><ele>20</ele><time>2026-03-01T13:19:48Z</time></trkpt>
			<trkpt lat="47.383180" lon="-1.179300"><ele>20</ele><time>2026-03-01T13:20:00Z</time></trkpt>
			<trkpt lat="47.382930" lon="-1.179270"><ele>20</ele><time>2026-03-01T13:20:12Z</time></trkpt>
			<trkpt lat="47.382790" lon="-1.179250"><ele>21</ele><time>2026-03-01T13:20:24Z</time></trkpt>
			<trkpt lat="47.382620" lon="-1.179240"><ele>21</ele><time>2026-03-01T13:20:36Z</time></trkpt>
			<trkpt lat="47.382090" lon="-1.179170"><ele>21</ele><time>2026-03-01T13:20:48Z</time></trkpt>
			<trkpt lat="47.381780" lon="-1.179150"><ele>20</ele><time>2026-03-01T13:21:00Z</time></trkpt>
			<trkpt lat="47.381600" lon="-1.179150"><ele>20</ele><time>2026-03-01T13:21:12Z</time></trkpt>
			<trkpt lat="47.381320" lon="-1.179210"><ele>21</ele><time>2026-03-01T13:21:24Z</time></trkpt>
			<trkpt lat="47.380830" lon="-1.179380"><ele>23</ele><time>2026-03-01T13:21:36Z</time></trkpt>
			<trkpt lat="47.380540" lon="-1.179470"><ele>23</ele><time>2026-03-01T13:21:48Z</time></trkpt>
			<trkpt lat="47.380180" lon="-1.179540"><ele>24</ele><time>2026-03-01T13:22:00Z</time></trkpt>
			<trkpt lat="47.379660" lon="-1.179520"><ele>24</ele><time>2026-03-01T13:22:12Z</time></trkpt>
			<trkpt lat="47.379510" lon="-1.179500"><ele>24</ele><time>2026-03-01T13:22:24Z</time></trkpt>
			<trkpt lat="47.379130" lon="-1.179430"><ele>23</ele><time>2026-03-01T13:22:36Z</time></trkpt>
			<trkpt lat="47.378693" lon="-1.179314"><ele>23</ele><time>2026-03-01T13:22:48Z</time></trkpt>
			<trkpt lat="47.377587" lon="-1.179480"><ele>23</ele><time>2026-03-01T13:23:00Z</time></trkpt>
			<trkpt lat="47.376481" lon="-1.179647"><ele>23</ele><time>2026-03-01T13:23:12Z</time></trkpt>
			<trkpt lat="47.375375" lon="-1.179813"><ele>23</ele><time>2026-03-01T13:23:24Z</time></trkpt>
			<trkpt lat="47.374269" lon="-1.179979"><ele>23</ele><time>2026-03-01T13:23:36Z</time></trkpt>
			<trkpt lat="47.373163" lon="-1.180145"><ele>23</ele><time>2026-03-01T13:23:48Z</time></trkpt>
			<trkpt lat="47.372057" lon="-1.180311"><ele>23</ele><time>2026-03-01T13:24:00Z</time></trkpt>
			<trkpt lat="47.370951" lon="-1.180477"><ele>23</ele><time>2026-03-01T13:24:12Z</time></trkpt>
			<trkpt lat="47.369846" lon="-1.180643"><ele>23</ele><time>2026-03-01T13:24:24Z</time></trkpt>
			<trkpt lat="47.368740" lon="-1.180809"><ele>23</ele><time>2026-03-01T13:24:36Z</time></trkpt>
			<trkpt lat="47.367634" lon="-1.180976"><ele>23</ele><time>2026-03-01T13:24:48Z</time></trkpt>
			<trkpt lat="47.366528" lon="-1.181142"><ele>23</ele><time>2026-03-01T13:25:00Z</time></trkpt>
			<trkpt lat="47.365422" lon="-1.181308"><ele>23</ele><time>2026-03-01T13:25:12Z</time></trkpt>
			<trkpt lat="47.364316" lon="-1.181474"><ele>23</ele><time>2026-03-01T13:25:24Z</time></trkpt>
			<trkpt lat="47.363210" lon="-1.181640"><ele>23</ele><time>2026-03-01T13:25:36Z</time></trkpt>
		</trkseg>
	</trk>
</gpx>
