<?xml version="1.0" encoding="UTF-8" ?>
<gpx version="1.1" xmlns:xsi="http://www.w3.org/2001/XMLSchema-instance"
    xmlns="http://www.topografix.com/GPX/1/1"
    xsi:schemaLocation="http://www.topografix.com/GPX/1/1 http://www.topografix.com/GPX/1/1/gpx.xsd"
    creator="Club'O'Clock — jeu de démonstration">
	<trk>
		<name>Nord-Est 50 km</name>
		<trkseg>
			<trkpt lat="47.363210" lon="-1.181640"><ele>23</ele><time>2026-03-01T08:00:00Z</time></trkpt>
			<trkpt lat="47.364354" lon="-1.181483"><ele>23</ele><time>2026-03-01T08:00:12Z</time></trkpt>
			<trkpt lat="47.365498" lon="-1.181327"><ele>23</ele><time>2026-03-01T08:00:24Z</time></trkpt>
			<trkpt lat="47.366641" lon="-1.181170"><ele>23</ele><time>2026-03-01T08:00:36Z</time></trkpt>
			<trkpt lat="47.367785" lon="-1.181013"><ele>23</ele><time>2026-03-01T08:00:48Z</time></trkpt>
			<trkpt lat="47.368929" lon="-1.180857"><ele>23</ele><time>2026-03-01T08:01:00Z</time></trkpt>
			<trkpt lat="47.370073" lon="-1.180700"><ele>23</ele><time>2026-03-01T08:01:12Z</time></trkpt>
			<trkpt lat="47.371217" lon="-1.180544"><ele>23</ele><time>2026-03-01T08:01:24Z</time></trkpt>
			<trkpt lat="47.372360" lon="-1.180387"><ele>23</ele><time>2026-03-01T08:01:36Z</time></trkpt>
			<trkpt lat="47.373504" lon="-1.180230"><ele>23</ele><time>2026-03-01T08:01:48Z</time></trkpt>
			<trkpt lat="47.374648" lon="-1.180074"><ele>23</ele><time>2026-03-01T08:02:00Z</time></trkpt>
			<trkpt lat="47.375792" lon="-1.179917"><ele>23</ele><time>2026-03-01T08:02:12Z</time></trkpt>
			<trkpt lat="47.376935" lon="-1.179760"><ele>23</ele><time>2026-03-01T08:02:24Z</time></trkpt>
			<trkpt lat="47.378079" lon="-1.179604"><ele>23</ele><time>2026-03-01T08:02:36Z</time></trkpt>
			<trkpt lat="47.379223" lon="-1.179447"><ele>23</ele><time>2026-03-01T08:02:48Z</time></trkpt>
			<trkpt lat="47.379510" lon="-1.179500"><ele>24</ele><time>2026-03-01T08:03:00Z</time></trkpt>
			<trkpt lat="47.379660" lon="-1.179520"><ele>24</ele><time>2026-03-01T08:03:12Z</time></trkpt>
			<trkpt lat="47.380180" lon="-1.179540"><ele>24</ele><time>2026-03-01T08:03:24Z</time></trkpt>
			<trkpt lat="47.380540" lon="-1.179470"><ele>23</ele><time>2026-03-01T08:03:36Z</time></trkpt>
			<trkpt lat="47.380830" lon="-1.179380"><ele>23</ele><time>2026-03-01T08:03:48Z</time></trkpt>
			<trkpt lat="47.381320" lon="-1.179210"><ele>21</ele><time>2026-03-01T08:04:00Z</time></trkpt>
			<trkpt lat="47.381600" lon="-1.179150"><ele>20</ele><time>2026-03-01T08:04:12Z</time></trkpt>
			<trkpt lat="47.381780" lon="-1.179150"><ele>20</ele><time>2026-03-01T08:04:24Z</time></trkpt>
			<trkpt lat="47.382090" lon="-1.179170"><ele>21</ele><time>2026-03-01T08:04:36Z</time></trkpt>
			<trkpt lat="47.382620" lon="-1.179240"><ele>21</ele><time>2026-03-01T08:04:48Z</time></trkpt>
			<trkpt lat="47.382790" lon="-1.179250"><ele>21</ele><time>2026-03-01T08:05:00Z</time></trkpt>
			<trkpt lat="47.382930" lon="-1.179270"><ele>20</ele><time>2026-03-01T08:05:12Z</time></trkpt>
			<trkpt lat="47.383180" lon="-1.179300"><ele>20</ele><time>2026-03-01T08:05:24Z</time></trkpt>
			<trkpt lat="47.383820" lon="-1.179370"><ele>20</ele><time>2026-03-01T08:05:36Z</time></trkpt>
			<trkpt lat="47.384280" lon="-1.179430"><ele>21</ele><time>2026-03-01T08:05:48Z</time></trkpt>
			<trkpt lat="47.384510" lon="-1.179460"><ele>20</ele><time>2026-03-01T08:06:00Z</time></trkpt>
			<trkpt lat="47.384620" lon="-1.179470"><ele>20</ele><time>2026-03-01T08:06:12Z</time></trkpt>
			<trkpt lat="47.384890" lon="-1.179500"><ele>20</ele><time>2026-03-01T08:06:24Z</time></trkpt>
			<trkpt lat="47.385280" lon="-1.179550"><ele>20</ele><time>2026-03-01T08:06:36Z</time></trkpt>
			<trkpt lat="47.385560" lon="-1.179620"><ele>20</ele><time>2026-03-01T08:06:48Z</time></trkpt>
			<trkpt lat="47.385780" lon="-1.179670"><ele>20</ele><time>2026-03-01T08:07:00Z</time></trkpt>
			<trkpt lat="47.385920" lon="-1.179710"><ele>20</ele><time>2026-03-01T08:07:12Z</time></trkpt>
			<trkpt lat="47.386350" lon="-1.179820"><ele>21</ele><time>2026-03-01T08:07:24Z</time></trkpt>
			<trkpt lat="47.386500" lon="-1.179840"><ele>21</ele><time>2026-03-01T08:07:36Z</time></trkpt>
			<trkpt lat="47.386660" lon="-1.179860"><ele>21</ele><time>2026-03-01T08:07:48Z</time></trkpt>
			<trkpt lat="47.386810" lon="-1.179880"><ele>21</ele><time>2026-03-01T08:08:00Z</time></trkpt>
			<trkpt lat="47.386940" lon="-1.179900"><ele>21</ele><time>2026-03-01T08:08:12Z</time></trkpt>
			<trkpt lat="47.387240" lon="-1.179910"><ele>21</ele><time>2026-03-01T08:08:24Z</time></trkpt>
			<trkpt lat="47.387620" lon="-1.179920"><ele>21</ele><time>2026-03-01T08:08:36Z</time></trkpt>
			<trkpt lat="47.387760" lon="-1.179920"><ele>21</ele><time>2026-03-01T08:08:48Z</time></trkpt>
			<trkpt lat="47.388510" lon="-1.179910"><ele>21</ele><time>2026-03-01T08:09:00Z</time></trkpt>
			<trkpt lat="47.388980" lon="-1.179930"><ele>20</ele><time>2026-03-01T08:09:12Z</time></trkpt>
			<trkpt lat="47.389270" lon="-1.179990"><ele>20</ele><time>2026-03-01T08:09:24Z</time></trkpt>
			<trkpt lat="47.390040" lon="-1.180180"><ele>18</ele><time>2026-03-01T08:09:36Z</time></trkpt>
			<trkpt lat="47.390270" lon="-1.180220"><ele>18</ele><time>2026-03-01T08:09:48Z</time></trkpt>
			<trkpt lat="47.390660" lon="-1.180230"><ele>17</ele><time>2026-03-01T08:10:00Z</time></trkpt>
			<trkpt lat="47.390900" lon="-1.180220"><ele>16</ele><time>2026-03-01T08:10:12Z</time></trkpt>
			<trkpt lat="47.391060" lon="-1.180140"><ele>15</ele><time>2026-03-01T08:10:24Z</time></trkpt>
			<trkpt lat="47.391110" lon="-1.180010"><ele>15</ele><time>2026-03-01T08:10:36Z</time></trkpt>
			<trkpt lat="47.391180" lon="-1.179870"><ele>14</ele><time>2026-03-01T08:10:48Z</time></trkpt>
			<trkpt lat="47.391220" lon="-1.179770"><ele>14</ele><time>2026-03-01T08:11:00Z</time></trkpt>
			<trkpt lat="47.391260" lon="-1.179760"><ele>14</ele><time>2026-03-01T08:11:12Z</time></trkpt>
			<trkpt lat="47.391330" lon="-1.179760"><ele>14</ele><time>2026-03-01T08:11:24Z</time></trkpt>
			<trkpt lat="47.391350" lon="-1.179870"><ele>14</ele><time>2026-03-01T08:11:36Z</time></trkpt>
			<trkpt lat="47.391380" lon="-1.179940"><ele>13</ele><time>2026-03-01T08:11:48Z</time></trkpt>
			<trkpt lat="47.391420" lon="-1.180010"><ele>13</ele><time>2026-03-01T08:12:00Z</time></trkpt>
			<trkpt lat="47.391440" lon="-1.180050"><ele>13</ele><time>2026-03-01T08:12:12Z</time></trkpt>
			<trkpt lat="47.391550" lon="-1.180120"><ele>12</ele><time>2026-03-01T08:12:24Z</time></trkpt>
			<trkpt lat="47.391660" lon="-1.180120"><ele>12</ele><time>2026-03-01T08:12:36Z</time></trkpt>
			<trkpt lat="47.391900" lon="-1.180030"><ele>11</ele><time>2026-03-01T08:12:48Z</time></trkpt>
			<trkpt lat="47.392430" lon="-1.179790"><ele>9</ele><time>2026-03-01T08:13:00Z</time></trkpt>
			<trkpt lat="47.392590" lon="-1.179700"><ele>9</ele><time>2026-03-01T08:13:12Z</time></trkpt>
			<trkpt lat="47.392870" lon="-1.179630"><ele>9</ele><time>2026-03-01T08:13:24Z</time></trkpt>
			<trkpt lat="47.393270" lon="-1.179740"><ele>9</ele><time>2026-03-01T08:13:36Z</time></trkpt>
			<trkpt lat="47.393640" lon="-1.179880"><ele>10</ele><time>2026-03-01T08:13:48Z</time></trkpt>
			<trkpt lat="47.393840" lon="-1.179970"><ele>11</ele><time>2026-03-01T08:14:00Z</time></trkpt>
			<trkpt lat="47.394040" lon="-1.180090"><ele>12</ele><time>2026-03-01T08:14:12Z</time></trkpt>
			<trkpt lat="47.394480" lon="-1.180440"><ele>13</ele><time>2026-03-01T08:14:24Z</time></trkpt>
			<trkpt lat="47.394530" lon="-1.180490"><ele>13</ele><time>2026-03-01T08:14:36Z</time></trkpt>
			<trkpt lat="47.394830" lon="-1.180090"><ele>14</ele><time>2026-03-01T08:14:48Z</time></trkpt>
			<trkpt lat="47.394960" lon="-1.179940"><ele>14</ele><time>2026-03-01T08:15:00Z</time></trkpt>
			<trkpt lat="47.395350" lon="-1.179580"><ele>16</ele><time>2026-03-01T08:15:12Z</time></trkpt>
			<trkpt lat="47.396060" lon="-1.178940"><ele>20</ele><time>2026-03-01T08:15:24Z</time></trkpt>
			<trkpt lat="47.396330" lon="-1.178710"><ele>21</ele><time>2026-03-01T08:15:36Z</time></trkpt>
			<trkpt lat="47.396490" lon="-1.178550"><ele>22</ele><time>2026-03-01T08:15:48Z</time></trkpt>
			<trkpt lat="47.396780" lon="-1.178220"><ele>23</ele><time>2026-03-01T08:16:00Z</time></trkpt>
			<trkpt lat="47.396900" lon="-1.178060"><ele>24</ele><time>2026-03-01T08:16:12Z</time></trkpt>
			<trkpt lat="47.397020" lon="-1.177890"><ele>24</ele><time>2026-03-01T08:16:24Z</time></trkpt>
			<trkpt lat="47.397400" lon="-1.177440"><ele>26</ele><time>2026-03-01T08:16:36Z</time></trkpt>
			<trkpt lat="47.397460" lon="-1.177370"><ele>26</ele><time>2026-03-01T08:16:48Z</time></trkpt>
			<trkpt lat="47.397680" lon="-1.177210"><ele>26</ele><time>2026-03-01T08:17:00Z</time></trkpt>
			<trkpt lat="47.398080" lon="-1.176950"><ele>26</ele><time>2026-03-01T08:17:12Z</time></trkpt>
			<trkpt lat="47.398330" lon="-1.176760"><ele>27</ele><time>2026-03-01T08:17:24Z</time></trkpt>
			<trkpt lat="47.398480" lon="-1.176640"><ele>27</ele><time>2026-03-01T08:17:36Z</time></trkpt>
			<trkpt lat="47.398970" lon="-1.176320"><ele>27</ele><time>2026-03-01T08:17:48Z</time></trkpt>
			<trkpt lat="47.399040" lon="-1.176260"><ele>27</ele><time>2026-03-01T08:18:00Z</time></trkpt>
			<trkpt lat="47.399580" lon="-1.175700"><ele>26</ele><time>2026-03-01T08:18:12Z</time></trkpt>
			<trkpt lat="47.400300" lon="-1.174930"><ele>23</ele><time>2026-03-01T08:18:24Z</time></trkpt>
			<trkpt lat="47.400400" lon="-1.174830"><ele>22</ele><time>2026-03-01T08:18:36Z</time></trkpt>
			<trkpt lat="47.400480" lon="-1.174760"><ele>22</ele><time>2026-03-01T08:18:48Z</time></trkpt>
			<trkpt lat="47.400730" lon="-1.174640"><ele>20</ele><time>2026-03-01T08:19:00Z</time></trkpt>
			<trkpt lat="47.401680" lon="-1.174310"><ele>19</ele><time>2026-03-01T08:19:12Z</time></trkpt>
			<trkpt lat="47.401980" lon="-1.174210"><ele>19</ele><time>2026-03-01T08:19:24Z</time></trkpt>
			<trkpt lat="47.402130" lon="-1.174200"><ele>18</ele><time>2026-03-01T08:19:36Z</time></trkpt>
			<trkpt lat="47.402230" lon="-1.174230"><ele>18</ele><time>2026-03-01T08:19:48Z</time></trkpt>
			<trkpt lat="47.402330" lon="-1.174260"><ele>18</ele><time>2026-03-01T08:20:00Z</time></trkpt>
			<trkpt lat="47.402610" lon="-1.174420"><ele>18</ele><time>2026-03-01T08:20:12Z</time></trkpt>
			<trkpt lat="47.402820" lon="-1.174540"><ele>19</ele><time>2026-03-01T08:20:24Z</time></trkpt>
			<trkpt lat="47.402970" lon="-1.174600"><ele>19</ele><time>2026-03-01T08:20:36Z</time></trkpt>
			<trkpt lat="47.403180" lon="-1.174640"><ele>19</ele><time>2026-03-01T08:20:48Z</time></trkpt>
			<trkpt lat="47.403790" lon="-1.174630"><ele>20</ele><time>2026-03-01T08:21:00Z</time></trkpt>
			<trkpt lat="47.404960" lon="-1.174610"><ele>22</ele><time>2026-03-01T08:21:12Z</time></trkpt>
			<trkpt lat="47.405220" lon="-1.174620"><ele>22</ele><time>2026-03-01T08:21:24Z</time></trkpt>
			<trkpt lat="47.405510" lon="-1.174620"><ele>23</ele><time>2026-03-01T08:21:36Z</time></trkpt>
			<trkpt lat="47.405990" lon="-1.174610"><ele>23</ele><time>2026-03-01T08:21:48Z</time></trkpt>
			<trkpt lat="47.406230" lon="-1.174600"><ele>23</ele><time>2026-03-01T08:22:00Z</time></trkpt>
			<trkpt lat="47.406380" lon="-1.174570"><ele>23</ele><time>2026-03-01T08:22:12Z</time></trkpt>
			<trkpt lat="47.406570" lon="-1.174510"><ele>23</ele><time>2026-03-01T08:22:24Z</time></trkpt>
			<trkpt lat="47.406690" lon="-1.174460"><ele>23</ele><time>2026-03-01T08:22:36Z</time></trkpt>
			<trkpt lat="47.406810" lon="-1.174400"><ele>23</ele><time>2026-03-01T08:22:48Z</time></trkpt>
			<trkpt lat="47.406920" lon="-1.174320"><ele>23</ele><time>2026-03-01T08:23:00Z</time></trkpt>
			<trkpt lat="47.406990" lon="-1.174220"><ele>23</ele><time>2026-03-01T08:23:12Z</time></trkpt>
			<trkpt lat="47.407040" lon="-1.174080"><ele>23</ele><time>2026-03-01T08:23:24Z</time></trkpt>
			<trkpt lat="47.407150" lon="-1.173640"><ele>22</ele><time>2026-03-01T08:23:36Z</time></trkpt>
			<trkpt lat="47.408220" lon="-1.168670"><ele>21</ele><time>2026-03-01T08:23:48Z</time></trkpt>
			<trkpt lat="47.408260" lon="-1.168490"><ele>21</ele><time>2026-03-01T08:24:00Z</time></trkpt>
			<trkpt lat="47.408290" lon="-1.168440"><ele>21</ele><time>2026-03-01T08:24:12Z</time></trkpt>
			<trkpt lat="47.408320" lon="-1.168390"><ele>21</ele><time>2026-03-01T08:24:24Z</time></trkpt>
			<trkpt lat="47.408380" lon="-1.168330"><ele>21</ele><time>2026-03-01T08:24:36Z</time></trkpt>
			<trkpt lat="47.408470" lon="-1.168280"><ele>21</ele><time>2026-03-01T08:24:48Z</time></trkpt>
			<trkpt lat="47.408570" lon="-1.168260"><ele>20</ele><time>2026-03-01T08:25:00Z</time></trkpt>
			<trkpt lat="47.408760" lon="-1.168300"><ele>20</ele><time>2026-03-01T08:25:12Z</time></trkpt>
			<trkpt lat="47.409260" lon="-1.168460"><ele>21</ele><time>2026-03-01T08:25:24Z</time></trkpt>
			<trkpt lat="47.409420" lon="-1.168530"><ele>21</ele><time>2026-03-01T08:25:36Z</time></trkpt>
			<trkpt lat="47.409850" lon="-1.168740"><ele>23</ele><time>2026-03-01T08:25:48Z</time></trkpt>
			<trkpt lat="47.410270" lon="-1.168960"><ele>25</ele><time>2026-03-01T08:26:00Z</time></trkpt>
			<trkpt lat="47.410500" lon="-1.169120"><ele>25</ele><time>2026-03-01T08:26:12Z</time></trkpt>
			<trkpt lat="47.410640" lon="-1.169260"><ele>25</ele><time>2026-03-01T08:26:24Z</time></trkpt>
			<trkpt lat="47.410800" lon="-1.169470"><ele>25</ele><time>2026-03-01T08:26:36Z</time></trkpt>
			<trkpt lat="47.412210" lon="-1.171670"><ele>26</ele><time>2026-03-01T08:26:48Z</time></trkpt>
			<trkpt lat="47.412290" lon="-1.171760"><ele>26</ele><time>2026-03-01T08:27:00Z</time></trkpt>
			<trkpt lat="47.412410" lon="-1.171830"><ele>26</ele><time>2026-03-01T08:27:12Z</time></trkpt>
			<trkpt lat="47.412440" lon="-1.171870"><ele>26</ele><time>2026-03-01T08:27:24Z</time></trkpt>
			<trkpt lat="47.412520" lon="-1.171740"><ele>26</ele><time>2026-03-01T08:27:36Z</time></trkpt>
			<trkpt lat="47.412560" lon="-1.171770"><ele>26</ele><time>2026-03-01T08:27:48Z</time></trkpt>
			<trkpt lat="47.412690" lon="-1.171790"><ele>25</ele><time>2026-03-01T08:28:00Z</time></trkpt>
			<trkpt lat="47.413840" lon="-1.171740"><ele>23</ele><time>2026-03-01T08:28:12Z</time></trkpt>
			<trkpt lat="47.414020" lon="-1.171760"><ele>24</ele><time>2026-03-01T08:28:24Z</time></trkpt>
			<trkpt lat="47.414100" lon="-1.171790"><ele>24</ele><time>2026-03-01T08:28:36Z</time></trkpt>
			<trkpt lat="47.414210" lon="-1.171850"><ele>25</ele><time>2026-03-01T08:28:48Z</time></trkpt>
			<trkpt lat="47.414860" lon="-1.172240"><ele>30</ele><time>2026-03-01T08:29:00Z</time></trkpt>
			<trkpt lat="47.415050" lon="-1.172330"><ele>31</ele><time>2026-03-01T08:29:12Z</time></trkpt>
			<trkpt lat="47.415790" lon="-1.172630"><ele>35</ele><time>2026-03-01T08:29:24Z</time></trkpt>
			<trkpt lat="47.415840" lon="-1.172660"><ele>36</ele><time>2026-03-01T08:29:36Z</time></trkpt>
			<trkpt lat="47.415900" lon="-1.172710"><ele>36</ele><time>2026-03-01T08:29:48Z</time></trkpt>
			<trkpt lat="47.415960" lon="-1.172800"><ele>36</ele><time>2026-03-01T08:30:00Z</time></trkpt>
			<trkpt lat="47.416040" lon="-1.172790"><ele>36</ele><time>2026-03-01T08:30:12Z</time></trkpt>
			<trkpt lat="47.416160" lon="-1.172790"><ele>36</ele><time>2026-03-01T08:30:24Z</time></trkpt>
			<trkpt lat="47.417590" lon="-1.172470"><ele>31</ele><time>2026-03-01T08:30:36Z</time></trkpt>
			<trkpt lat="47.417830" lon="-1.172430"><ele>30</ele><time>2026-03-01T08:30:48Z</time></trkpt>
			<trkpt lat="47.417950" lon="-1.172430"><ele>29</ele><time>2026-03-01T08:31:00Z</time></trkpt>
			<trkpt lat="47.418030" lon="-1.172460"><ele>29</ele><time>2026-03-01T08:31:12Z</time></trkpt>
			<trkpt lat="47.418290" lon="-1.172630"><ele>29</ele><time>2026-03-01T08:31:24Z</time></trkpt>
			<trkpt lat="47.420250" lon="-1.174060"><ele>27</ele><time>2026-03-01T08:31:36Z</time></trkpt>
			<trkpt lat="47.421810" lon="-1.175170"><ele>18</ele><time>2026-03-01T08:31:48Z</time></trkpt>
			<trkpt lat="47.422220" lon="-1.175280"><ele>19</ele><time>2026-03-01T08:32:00Z</time></trkpt>
			<trkpt lat="47.422910" lon="-1.175410"><ele>21</ele><time>2026-03-01T08:32:12Z</time></trkpt>
			<trkpt lat="47.423660" lon="-1.175560"><ele>23</ele><time>2026-03-01T08:32:24Z</time></trkpt>
			<trkpt lat="47.424450" lon="-1.175440"><ele>26</ele><time>2026-03-01T08:32:36Z</time></trkpt>
			<trkpt lat="47.426880" lon="-1.175000"><ele>32</ele><time>2026-03-01T08:32:48Z</time></trkpt>
			<trkpt lat="47.426940" lon="-1.174990"><ele>32</ele><time>2026-03-01T08:33:00Z</time></trkpt>
			<trkpt lat="47.427050" lon="-1.174940"><ele>32</ele><time>2026-03-01T08:33:12Z</time></trkpt>
			<trkpt lat="47.427530" lon="-1.174690"><ele>32</ele><time>2026-03-01T08:33:24Z</time></trkpt>
			<trkpt lat="47.429650" lon="-1.173640"><ele>24</ele><time>2026-03-01T08:33:36Z</time></trkpt>
			<trkpt lat="47.429560" lon="-1.173030"><ele>22</ele><time>2026-03-01T08:33:48Z</time></trkpt>
			<trkpt lat="47.429540" lon="-1.172780"><ele>22</ele><time>2026-03-01T08:34:00Z</time></trkpt>
			<trkpt lat="47.429550" lon="-1.172580"><ele>21</ele><time>2026-03-01T08:34:12Z</time></trkpt>
			<trkpt lat="47.429590" lon="-1.172410"><ele>21</ele><time>2026-03-01T08:34:24Z</time></trkpt>
			<trkpt lat="47.429650" lon="-1.172260"><ele>20</ele><time>2026-03-01T08:34:36Z</time></trkpt>
			<trkpt lat="47.429710" lon="-1.172200"><ele>20</ele><time>2026-03-01T08:34:48Z</time></trkpt>
			<trkpt lat="47.429800" lon="-1.172130"><ele>19</ele><time>2026-03-01T08:35:00Z</time></trkpt>
			<trkpt lat="47.429880" lon="-1.172110"><ele>19</ele><time>2026-03-01T08:35:12Z</time></trkpt>
			<trkpt lat="47.430180" lon="-1.172130"><ele>20</ele><time>2026-03-01T08:35:24Z</time></trkpt>
			<trkpt lat="47.430280" lon="-1.172110"><ele>21</ele><time>2026-03-01T08:35:36Z</time></trkpt>
			<trkpt lat="47.430390" lon="-1.172030"><ele>20</ele><time>2026-03-01T08:35:48Z</time></trkpt>
			<trkpt lat="47.430460" lon="-1.171920"><ele>20</ele><time>2026-03-01T08:36:00Z</time></trkpt>
			<trkpt lat="47.430500" lon="-1.171820"><ele>20</ele><time>2026-03-01T08:36:12Z</time></trkpt>
			<trkpt lat="47.430560" lon="-1.171620"><ele>19</ele><time>2026-03-01T08:36:24Z</time></trkpt>
			<trkpt lat="47.430620" lon="-1.171500"><ele>18</ele><time>2026-03-01T08:36:36Z</time></trkpt>
			<trkpt lat="47.430680" lon="-1.171430"><ele>19</ele><time>2026-03-01T08:36:48Z</time></trkpt>
			<trkpt lat="47.430780" lon="-1.171390"><ele>19</ele><time>2026-03-01T08:37:00Z</time></trkpt>
			<trkpt lat="47.430920" lon="-1.171380"><ele>20</ele><time>2026-03-01T08:37:12Z</time></trkpt>
			<trkpt lat="47.431110" lon="-1.171320"><ele>20</ele><time>2026-03-01T08:37:24Z</time></trkpt>
			<trkpt lat="47.431170" lon="-1.171260"><ele>21</ele><time>2026-03-01T08:37:36Z</time></trkpt>
			<trkpt lat="47.431240" lon="-1.171160"><ele>21</ele><time>2026-03-01T08:37:48Z</time></trkpt>
			<trkpt lat="47.431290" lon="-1.171030"><ele>22</ele><time>2026-03-01T08:38:00Z</time></trkpt>
			<trkpt lat="47.431360" lon="-1.170820"><ele>23</ele><time>2026-03-01T08:38:12Z</time></trkpt>
			<trkpt lat="47.431400" lon="-1.170630"><ele>24</ele><time>2026-03-01T08:38:24Z</time></trkpt>
			<trkpt lat="47.431400" lon="-1.170450"><ele>25</ele><time>2026-03-01T08:38:36Z</time></trkpt>
			<trkpt lat="47.431370" lon="-1.170210"><ele>27</ele><time>2026-03-01T08:38:48Z</time></trkpt>
			<trkpt lat="47.431320" lon="-1.169960"><ele>28</ele><time>2026-03-01T08:39:00Z</time></trkpt>
			<trkpt lat="47.431310" lon="-1.169830"><ele>28</ele><time>2026-03-01T08:39:12Z</time></trkpt>
			<trkpt lat="47.431310" lon="-1.169660"><ele>28</ele><time>2026-03-01T08:39:24Z</time></trkpt>
			<trkpt lat="47.431330" lon="-1.169540"><ele>29</ele><time>2026-03-01T08:39:36Z</time></trkpt>
			<trkpt lat="47.431380" lon="-1.169380"><ele>29</ele><time>2026-03-01T08:39:48Z</time></trkpt>
			<trkpt lat="47.431730" lon="-1.168490"><ele>31</ele><time>2026-03-01T08:40:00Z</time></trkpt>
			<trkpt lat="47.431770" lon="-1.168330"><ele>31</ele><time>2026-03-01T08:40:12Z</time></trkpt>
			<trkpt lat="47.431810" lon="-1.168160"><ele>32</ele><time>2026-03-01T08:40:24Z</time></trkpt>
			<trkpt lat="47.432170" lon="-1.166010"><ele>38</ele><time>2026-03-01T08:40:36Z</time></trkpt>
			<trkpt lat="47.432220" lon="-1.165820"><ele>39</ele><time>2026-03-01T08:40:48Z</time></trkpt>
			<trkpt lat="47.432270" lon="-1.165640"><ele>39</ele><time>2026-03-01T08:41:00Z</time></trkpt>
			<trkpt lat="47.432330" lon="-1.165490"><ele>40</ele><time>2026-03-01T08:41:12Z</time></trkpt>
			<trkpt lat="47.432400" lon="-1.165360"><ele>40</ele><time>2026-03-01T08:41:24Z</time></trkpt>
			<trkpt lat="47.432510" lon="-1.165200"><ele>41</ele><time>2026-03-01T08:41:36Z</time></trkpt>
			<trkpt lat="47.435120" lon="-1.161810"><ele>43</ele><time>2026-03-01T08:41:48Z</time></trkpt>
			<trkpt lat="47.435190" lon="-1.161710"><ele>43</ele><time>2026-03-01T08:42:00Z</time></trkpt>
			<trkpt lat="47.435250" lon="-1.161610"><ele>43</ele><time>2026-03-01T08:42:12Z</time></trkpt>
			<trkpt lat="47.435340" lon="-1.161410"><ele>43</ele><time>2026-03-01T08:42:24Z</time></trkpt>
			<trkpt lat="47.435400" lon="-1.161270"><ele>43</ele><time>2026-03-01T08:42:36Z</time></trkpt>
			<trkpt lat="47.435430" lon="-1.161160"><ele>42</ele><time>2026-03-01T08:42:48Z</time></trkpt>
			<trkpt lat="47.436050" lon="-1.159180"><ele>40</ele><time>2026-03-01T08:43:00Z</time></trkpt>
			<trkpt lat="47.437180" lon="-1.155540"><ele>39</ele><time>2026-03-01T08:43:12Z</time></trkpt>
			<trkpt lat="47.438010" lon="-1.156100"><ele>37</ele><time>2026-03-01T08:43:24Z</time></trkpt>
			<trkpt lat="47.438140" lon="-1.156160"><ele>37</ele><time>2026-03-01T08:43:36Z</time></trkpt>
			<trkpt lat="47.438280" lon="-1.156150"><ele>37</ele><time>2026-03-01T08:43:48Z</time></trkpt>
			<trkpt lat="47.439110" lon="-1.155900"><ele>43</ele><time>2026-03-01T08:44:00Z</time></trkpt>
			<trkpt lat="47.440300" lon="-1.155570"><ele>46</ele><time>2026-03-01T08:44:12Z</time></trkpt>
			<trkpt lat="47.441330" lon="-1.155250"><ele>51</ele><time>2026-03-01T08:44:24Z</time></trkpt>
			<trkpt lat="47.442730" lon="-1.154850"><ele>53</ele><time>2026-03-01T08:44:36Z</time></trkpt>
			<trkpt lat="47.443410" lon="-1.154660"><ele>56</ele><time>2026-03-01T08:44:48Z</time></trkpt>
			<trkpt lat="47.444140" lon="-1.154430"><ele>61</ele><time>2026-03-01T08:45:00Z</time></trkpt>
			<trkpt lat="47.444470" lon="-1.154270"><ele>63</ele><time>2026-03-01T08:45:12Z</time></trkpt>
			<trkpt lat="47.444940" lon="-1.153950"><ele>65</ele><time>2026-03-01T08:45:24Z</time></trkpt>
			<trkpt lat="47.444980" lon="-1.153920"><ele>65</ele><time>2026-03-01T08:45:36Z</time></trkpt>
			<trkpt lat="47.445050" lon="-1.153830"><ele>65</ele><time>2026-03-01T08:45:48Z</time></trkpt>
			<trkpt lat="47.445180" lon="-1.153760"><ele>66</ele><time>2026-03-01T08:46:00Z</time></trkpt>
			<trkpt lat="47.445480" lon="-1.153630"><ele>67</ele><time>2026-03-01T08:46:12Z</time></trkpt>
			<trkpt lat="47.445780" lon="-1.153530"><ele>68</ele><time>2026-03-01T08:46:24Z</time></trkpt>
			<trkpt lat="47.446020" lon="-1.153440"><ele>68</ele><time>2026-03-01T08:46:36Z</time></trkpt>
			<trkpt lat="47.446110" lon="-1.153310"><ele>68</ele><time>2026-03-01T08:46:48Z</time></trkpt>
			<trkpt lat="47.446150" lon="-1.153130"><ele>69</ele><time>2026-03-01T08:47:00Z</time></trkpt>
			<trkpt lat="47.446130" lon="-1.152930"><ele>69</ele><time>2026-03-01T08:47:12Z</time></trkpt>
			<trkpt lat="47.446080" lon="-1.152430"><ele>69</ele><time>2026-03-01T08:47:24Z</time></trkpt>
			<trkpt lat="47.446110" lon="-1.152150"><ele>70</ele><time>2026-03-01T08:47:36Z</time></trkpt>
			<trkpt lat="47.446150" lon="-1.152020"><ele>70</ele><time>2026-03-01T08:47:48Z</time></trkpt>
			<trkpt lat="47.446170" lon="-1.151950"><ele>70</ele><time>2026-03-01T08:48:00Z</time></trkpt>
			<trkpt lat="47.446240" lon="-1.151800"><ele>70</ele><time>2026-03-01T08:48:12Z</time></trkpt>
			<trkpt lat="47.446630" lon="-1.151000"><ele>72</ele><time>2026-03-01T08:48:24Z</time></trkpt>
			<trkpt lat="47.446700" lon="-1.150780"><ele>72</ele><time>2026-03-01T08:48:36Z</time></trkpt>
			<trkpt lat="47.446750" lon="-1.150520"><ele>72</ele><time>2026-03-01T08:48:48Z</time></trkpt>
			<trkpt lat="47.446790" lon="-1.150080"><ele>72</ele><time>2026-03-01T08:49:00Z</time></trkpt>
			<trkpt lat="47.446820" lon="-1.149520"><ele>72</ele><time>2026-03-01T08:49:12Z</time></trkpt>
			<trkpt lat="47.446900" lon="-1.149030"><ele>73</ele><time>2026-03-01T08:49:24Z</time></trkpt>
			<trkpt lat="47.446950" lon="-1.148820"><ele>73</ele><time>2026-03-01T08:49:36Z</time></trkpt>
			<trkpt lat="47.447280" lon="-1.148120"><ele>72</ele><time>2026-03-01T08:49:48Z</time></trkpt>
			<trkpt lat="47.447400" lon="-1.147870"><ele>72</ele><time>2026-03-01T08:50:00Z</time></trkpt>
			<trkpt lat="47.447580" lon="-1.147370"><ele>73</ele><time>2026-03-01T08:50:12Z</time></trkpt>
			<trkpt lat="47.447740" lon="-1.146930"><ele>73</ele><time>2026-03-01T08:50:24Z</time></trkpt>
			<trkpt lat="47.447840" lon="-1.146570"><ele>73</ele><time>2026-03-01T08:50:36Z</time></trkpt>
			<trkpt lat="47.447860" lon="-1.146530"><ele>73</ele><time>2026-03-01T08:50:48Z</time></trkpt>
			<trkpt lat="47.449150" lon="-1.147190"><ele>69</ele><time>2026-03-01T08:51:00Z</time></trkpt>
			<trkpt lat="47.449210" lon="-1.147160"><ele>68</ele><time>2026-03-01T08:51:12Z</time></trkpt>
			<trkpt lat="47.449650" lon="-1.146420"><ele>65</ele><time>2026-03-01T08:51:24Z</time></trkpt>
			<trkpt lat="47.449810" lon="-1.146180"><ele>65</ele><time>2026-03-01T08:51:36Z</time></trkpt>
			<trkpt lat="47.450200" lon="-1.145770"><ele>64</ele><time>2026-03-01T08:51:48Z</time></trkpt>
			<trkpt lat="47.450460" lon="-1.145480"><ele>63</ele><time>2026-03-01T08:52:00Z</time></trkpt>
			<trkpt lat="47.450630" lon="-1.145250"><ele>62</ele><time>2026-03-01T08:52:12Z</time></trkpt>
			<trkpt lat="47.450860" lon="-1.144850"><ele>61</ele><time>2026-03-01T08:52:24Z</time></trkpt>
			<trkpt lat="47.451050" lon="-1.144640"><ele>61</ele><time>2026-03-01T08:52:36Z</time></trkpt>
			<trkpt lat="47.451290" lon="-1.144480"><ele>60</ele><time>2026-03-01T08:52:48Z</time></trkpt>
			<trkpt lat="47.451510" lon="-1.144420"><ele>60</ele><time>2026-03-01T08:53:00Z</time></trkpt>
			<trkpt lat="47.451790" lon="-1.144460"><ele>59</ele><time>2026-03-01T08:53:12Z</time></trkpt>
			<trkpt lat="47.453070" lon="-1.144810"><ele>55</ele><time>2026-03-01T08:53:24Z</time></trkpt>
			<trkpt lat="47.453280" lon="-1.144810"><ele>54</ele><time>2026-03-01T08:53:36Z</time></trkpt>
			<trkpt lat="47.453510" lon="-1.144730"><ele>54</ele><time>2026-03-01T08:53:48Z</time></trkpt>
			<trkpt lat="47.453620" lon="-1.144660"><ele>54</ele><time>2026-03-01T08:54:00Z</time></trkpt>
			<trkpt lat="47.454470" lon="-1.143900"><ele>54</ele><time>2026-03-01T08:54:12Z</time></trkpt>
			<trkpt lat="47.454540" lon="-1.143840"><ele>54</ele><time>2026-03-01T08:54:24Z</time></trkpt>
			<trkpt lat="47.455210" lon="-1.143230"><ele>54</ele><time>2026-03-01T08:54:36Z</time></trkpt>
			<trkpt lat="47.455240" lon="-1.143200"><ele>54</ele><time>2026-03-01T08:54:48Z</time></trkpt>
			<trkpt lat="47.455460" lon="-1.142940"><ele>53</ele><time>2026-03-01T08:55:00Z</time></trkpt>
			<trkpt lat="47.455680" lon="-1.142720"><ele>53</ele><time>2026-03-01T08:55:12Z</time></trkpt>
			<trkpt lat="47.457340" lon="-1.141490"><ele>46</ele><time>2026-03-01T08:55:24Z</time></trkpt>
			<trkpt lat="47.457560" lon="-1.141310"><ele>46</ele><time>2026-03-01T08:55:36Z</time></trkpt>
			<trkpt lat="47.457780" lon="-1.141060"><ele>47</ele><time>2026-03-01T08:55:48Z</time></trkpt>
			<trkpt lat="47.457880" lon="-1.140920"><ele>47</ele><time>2026-03-01T08:56:00Z</time></trkpt>
			<trkpt lat="47.458000" lon="-1.140660"><ele>48</ele><time>2026-03-01T08:56:12Z</time></trkpt>
			<trkpt lat="47.458160" lon="-1.140210"><ele>50</ele><time>2026-03-01T08:56:24Z</time></trkpt>
			<trkpt lat="47.458190" lon="-1.140090"><ele>50</ele><time>2026-03-01T08:56:36Z</time></trkpt>
			<trkpt lat="47.458270" lon="-1.139810"><ele>50</ele><time>2026-03-01T08:56:48Z</time></trkpt>
			<trkpt lat="47.458310" lon="-1.139700"><ele>50</ele><time>2026-03-01T08:57:00Z</time></trkpt>
			<trkpt lat="47.458530" lon="-1.139250"><ele>49</ele><time>2026-03-01T08:57:12Z</time></trkpt>
			<trkpt lat="47.459640" lon="-1.137470"><ele>46</ele><time>2026-03-01T08:57:24Z</time></trkpt>
			<trkpt lat="47.460180" lon="-1.136580"><ele>46</ele><time>2026-03-01T08:57:36Z</time></trkpt>
			<trkpt lat="47.461430" lon="-1.134580"><ele>53</ele><time>2026-03-01T08:57:48Z</time></trkpt>
			<trkpt lat="47.463750" lon="-1.130820"><ele>67</ele><time>2026-03-01T08:58:00Z</time></trkpt>
			<trkpt lat="47.463950" lon="-1.130580"><ele>68</ele><time>2026-03-01T08:58:12Z</time></trkpt>
			<trkpt lat="47.464050" lon="-1.130520"><ele>68</ele><time>2026-03-01T08:58:24Z</time></trkpt>
			<trkpt lat="47.464140" lon="-1.130480"><ele>68</ele><time>2026-03-01T08:58:36Z</time></trkpt>
			<trkpt lat="47.464320" lon="-1.130470"><ele>69</ele><time>2026-03-01T08:58:48Z</time></trkpt>
			<trkpt lat="47.464410" lon="-1.130500"><ele>69</ele><time>2026-03-01T08:59:00Z</time></trkpt>
			<trkpt lat="47.464560" lon="-1.130590"><ele>69</ele><time>2026-03-01T08:59:12Z</time></trkpt>
			<trkpt lat="47.464840" lon="-1.130810"><ele>70</ele><time>2026-03-01T08:59:24Z</time></trkpt>
			<trkpt lat="47.465040" lon="-1.130990"><ele>70</ele><time>2026-03-01T08:59:36Z</time></trkpt>
			<trkpt lat="47.465590" lon="-1.131560"><ele>73</ele><time>2026-03-01T08:59:48Z</time></trkpt>
			<trkpt lat="47.466120" lon="-1.132150"><ele>73</ele><time>2026-03-01T09:00:00Z</time></trkpt>
			<trkpt lat="47.467220" lon="-1.133300"><ele>69</ele><time>2026-03-01T09:00:12Z</time></trkpt>
			<trkpt lat="47.467430" lon="-1.133520"><ele>70</ele><time>2026-03-01T09:00:24Z</time></trkpt>
			<trkpt lat="47.468400" lon="-1.130450"><ele>68</ele><time>2026-03-01T09:00:36Z</time></trkpt>
			<trkpt lat="47.468460" lon="-1.130280"><ele>68</ele><time>2026-03-01T09:00:48Z</time></trkpt>
			<trkpt lat="47.468600" lon="-1.130040"><ele>68</ele><time>2026-03-01T09:01:00Z</time></trkpt>
			<trkpt lat="47.468900" lon="-1.129550"><ele>67</ele><time>2026-03-01T09:01:12Z</time></trkpt>
			<trkpt lat="47.469500" lon="-1.128640"><ele>67</ele><time>2026-03-01T09:01:24Z</time></trkpt>
			<trkpt lat="47.469620" lon="-1.128530"><ele>66</ele><time>2026-03-01T09:01:36Z</time></trkpt>
			<trkpt lat="47.470150" lon="-1.128060"><ele>64</ele><time>2026-03-01T09:01:48Z</time></trkpt>
			<trkpt lat="47.470380" lon="-1.127770"><ele>62</ele><time>2026-03-01T09:02:00Z</time></trkpt>
			<trkpt lat="47.470550" lon="-1.127420"><ele>61</ele><time>2026-03-01T09:02:12Z</time></trkpt>
			<trkpt lat="47.470890" lon="-1.126610"><ele>58</ele><time>2026-03-01T09:02:24Z</time></trkpt>
			<trkpt lat="47.470930" lon="-1.126470"><ele>58</ele><time>2026-03-01T09:02:36Z</time></trkpt>
			<trkpt lat="47.470960" lon="-1.126210"><ele>57</ele><time>2026-03-01T09:02:48Z</time></trkpt>
			<trkpt lat="47.470940" lon="-1.126040"><ele>56</ele><time>2026-03-01T09:03:00Z</time></trkpt>
			<trkpt lat="47.470890" lon="-1.125780"><ele>56</ele><time>2026-03-01T09:03:12Z</time></trkpt>
			<trkpt lat="47.470680" lon="-1.125200"><ele>55</ele><time>2026-03-01T09:03:24Z</time></trkpt>
			<trkpt lat="47.470620" lon="-1.124860"><ele>55</ele><time>2026-03-01T09:03:36Z</time></trkpt>
			<trkpt lat="47.470600" lon="-1.124320"><ele>55</ele><time>2026-03-01T09:03:48Z</time></trkpt>
			<trkpt lat="47.470600" lon="-1.123960"><ele>56</ele><time>2026-03-01T09:04:00Z</time></trkpt>
			<trkpt lat="47.470630" lon="-1.123690"><ele>56</ele><time>2026-03-01T09:04:12Z</time></trkpt>
			<trkpt lat="47.470810" lon="-1.122970"><ele>56</ele><time>2026-03-01T09:04:24Z</time></trkpt>
			<trkpt lat="47.471040" lon="-1.122020"><ele>53</ele><time>2026-03-01T09:04:36Z</time></trkpt>
			<trkpt lat="47.471090" lon="-1.121890"><ele>53</ele><time>2026-03-01T09:04:48Z</time></trkpt>
			<trkpt lat="47.471180" lon="-1.121730"><ele>52</ele><time>2026-03-01T09:05:00Z</time></trkpt>
			<trkpt lat="47.471280" lon="-1.121610"><ele>52</ele><time>2026-03-01T09:05:12Z</time></trkpt>
			<trkpt lat="47.471620" lon="-1.121370"><ele>51</ele><time>2026-03-01T09:05:24Z</time></trkpt>
			<trkpt lat="47.472030" lon="-1.121140"><ele>53</ele><time>2026-03-01T09:05:36Z</time></trkpt>
			<trkpt lat="47.472510" lon="-1.120840"><ele>55</ele><time>2026-03-01T09:05:48Z</time></trkpt>
			<trkpt lat="47.472720" lon="-1.120630"><ele>56</ele><time>2026-03-01T09:06:00Z</time></trkpt>
			<trkpt lat="47.472760" lon="-1.120580"><ele>57</ele><time>2026-03-01T09:06:12Z</time></trkpt>
			<trkpt lat="47.473120" lon="-1.120110"><ele>59</ele><time>2026-03-01T09:06:24Z</time></trkpt>
			<trkpt lat="47.473640" lon="-1.119530"><ele>59</ele><time>2026-03-01T09:06:36Z</time></trkpt>
			<trkpt lat="47.474070" lon="-1.118970"><ele>59</ele><time>2026-03-01T09:06:48Z</time></trkpt>
			<trkpt lat="47.474200" lon="-1.118750"><ele>60</ele><time>2026-03-01T09:07:00Z</time></trkpt>
			<trkpt lat="47.474380" lon="-1.118410"><ele>60</ele><time>2026-03-01T09:07:12Z</time></trkpt>
			<trkpt lat="47.474430" lon="-1.118280"><ele>61</ele><time>2026-03-01T09:07:24Z</time></trkpt>
			<trkpt lat="47.474590" lon="-1.117760"><ele>61</ele><time>2026-03-01T09:07:36Z</time></trkpt>
			<trkpt lat="47.474830" lon="-1.117080"><ele>63</ele><time>2026-03-01T09:07:48Z</time></trkpt>
			<trkpt lat="47.475250" lon="-1.116090"><ele>64</ele><time>2026-03-01T09:08:00Z</time></trkpt>
			<trkpt lat="47.475770" lon="-1.114820"><ele>64</ele><time>2026-03-01T09:08:12Z</time></trkpt>
			<trkpt lat="47.475860" lon="-1.114690"><ele>64</ele><time>2026-03-01T09:08:24Z</time></trkpt>
			<trkpt lat="47.475970" lon="-1.114550"><ele>63</ele><time>2026-03-01T09:08:36Z</time></trkpt>
			<trkpt lat="47.477360" lon="-1.113140"><ele>62</ele><time>2026-03-01T09:08:48Z</time></trkpt>
			<trkpt lat="47.477550" lon="-1.112920"><ele>61</ele><time>2026-03-01T09:09:00Z</time></trkpt>
			<trkpt lat="47.477760" lon="-1.112630"><ele>61</ele><time>2026-03-01T09:09:12Z</time></trkpt>
			<trkpt lat="47.477970" lon="-1.112220"><ele>61</ele><time>2026-03-01T09:09:24Z</time></trkpt>
			<trkpt lat="47.478110" lon="-1.111800"><ele>60</ele><time>2026-03-01T09:09:36Z</time></trkpt>
			<trkpt lat="47.478200" lon="-1.111470"><ele>59</ele><time>2026-03-01T09:09:48Z</time></trkpt>
			<trkpt lat="47.478280" lon="-1.111080"><ele>58</ele><time>2026-03-01T09:10:00Z</time></trkpt>
			<trkpt lat="47.478320" lon="-1.110660"><ele>58</ele><time>2026-03-01T09:10:12Z</time></trkpt>
			<trkpt lat="47.478330" lon="-1.110220"><ele>59</ele><time>2026-03-01T09:10:24Z</time></trkpt>
			<trkpt lat="47.478310" lon="-1.108630"><ele>59</ele><time>2026-03-01T09:10:36Z</time></trkpt>
			<trkpt lat="47.479670" lon="-1.107730"><ele>58</ele><time>2026-03-01T09:10:48Z</time></trkpt>
			<trkpt lat="47.480390" lon="-1.107280"><ele>57</ele><time>2026-03-01T09:11:00Z</time></trkpt>
			<trkpt lat="47.480490" lon="-1.107190"><ele>57</ele><time>2026-03-01T09:11:12Z</time></trkpt>
			<trkpt lat="47.480630" lon="-1.107100"><ele>57</ele><time>2026-03-01T09:11:24Z</time></trkpt>
			<trkpt lat="47.481030" lon="-1.106860"><ele>56</ele><time>2026-03-01T09:11:36Z</time></trkpt>
			<trkpt lat="47.481130" lon="-1.106800"><ele>56</ele><time>2026-03-01T09:11:48Z</time></trkpt>
			<trkpt lat="47.481300" lon="-1.106700"><ele>55</ele><time>2026-03-01T09:12:00Z</time></trkpt>
			<trkpt lat="47.481520" lon="-1.106570"><ele>54</ele><time>2026-03-01T09:12:12Z</time></trkpt>
			<trkpt lat="47.481830" lon="-1.106360"><ele>53</ele><time>2026-03-01T09:12:24Z</time></trkpt>
			<trkpt lat="47.482080" lon="-1.106190"><ele>53</ele><time>2026-03-01T09:12:36Z</time></trkpt>
			<trkpt lat="47.482350" lon="-1.106050"><ele>52</ele><time>2026-03-01T09:12:48Z</time></trkpt>
			<trkpt lat="47.482330" lon="-1.106020"><ele>52</ele><time>2026-03-01T09:13:00Z</time></trkpt>
			<trkpt lat="47.482340" lon="-1.105980"><ele>52</ele><time>2026-03-01T09:13:12Z</time></trkpt>
			<trkpt lat="47.482350" lon="-1.105950"><ele>52</ele><time>2026-03-01T09:13:24Z</time></trkpt>
			<trkpt lat="47.482380" lon="-1.105930"><ele>52</ele><time>2026-03-01T09:13:36Z</time></trkpt>
			<trkpt lat="47.482360" lon="-1.105840"><ele>52</ele><time>2026-03-01T09:13:48Z</time></trkpt>
			<trkpt lat="47.482360" lon="-1.105670"><ele>52</ele><time>2026-03-01T09:14:00Z</time></trkpt>
			<trkpt lat="47.482360" lon="-1.105380"><ele>52</ele><time>2026-03-01T09:14:12Z</time></trkpt>
			<trkpt lat="47.482400" lon="-1.105200"><ele>52</ele><time>2026-03-01T09:14:24Z</time></trkpt>
			<trkpt lat="47.482530" lon="-1.104960"><ele>52</ele><time>2026-03-01T09:14:36Z</time></trkpt>
			<trkpt lat="47.482580" lon="-1.104860"><ele>52</ele><time>2026-03-01T09:14:48Z</time></trkpt>
			<trkpt lat="47.482590" lon="-1.104770"><ele>51</ele><time>2026-03-01T09:15:00Z</time></trkpt>
			<trkpt lat="47.482590" lon="-1.104690"><ele>51</ele><time>2026-03-01T09:15:12Z</time></trkpt>
			<trkpt lat="47.482480" lon="-1.104590"><ele>52</ele><time>2026-03-01T09:15:24Z</time></trkpt>
			<trkpt lat="47.481560" lon="-1.103630"><ele>51</ele><time>2026-03-01T09:15:36Z</time></trkpt>
			<trkpt lat="47.481470" lon="-1.103540"><ele>51</ele><time>2026-03-01T09:15:48Z</time></trkpt>
			<trkpt lat="47.481370" lon="-1.103440"><ele>50</ele><time>2026-03-01T09:16:00Z</time></trkpt>
			<trkpt lat="47.481090" lon="-1.103150"><ele>51</ele><time>2026-03-01T09:16:12Z</time></trkpt>
			<trkpt lat="47.480030" lon="-1.102060"><ele>55</ele><time>2026-03-01T09:16:24Z</time></trkpt>
			<trkpt lat="47.479200" lon="-1.101210"><ele>58</ele><time>2026-03-01T09:16:36Z</time></trkpt>
			<trkpt lat="47.477900" lon="-1.099870"><ele>62</ele><time>2026-03-01T09:16:48Z</time></trkpt>
			<trkpt lat="47.477070" lon="-1.099030"><ele>63</ele><time>2026-03-01T09:17:00Z</time></trkpt>
			<trkpt lat="47.475220" lon="-1.097240"><ele>62</ele><time>2026-03-01T09:17:12Z</time></trkpt>
			<trkpt lat="47.474120" lon="-1.096160"><ele>64</ele><time>2026-03-01T09:17:24Z</time></trkpt>
			<trkpt lat="47.473640" lon="-1.095690"><ele>65</ele><time>2026-03-01T09:17:36Z</time></trkpt>
			<trkpt lat="47.472160" lon="-1.094130"><ele>64</ele><time>2026-03-01T09:17:48Z</time></trkpt>
			<trkpt lat="47.469500" lon="-1.091370"><ele>74</ele><time>2026-03-01T09:18:00Z</time></trkpt>
			<trkpt lat="47.467820" lon="-1.089620"><ele>71</ele><time>2026-03-01T09:18:12Z</time></trkpt>
			<trkpt lat="47.466010" lon="-1.087730"><ele>73</ele><time>2026-03-01T09:18:24Z</time></trkpt>
			<trkpt lat="47.465850" lon="-1.087570"><ele>73</ele><time>2026-03-01T09:18:36Z</time></trkpt>
			<trkpt lat="47.464130" lon="-1.085790"><ele>74</ele><time>2026-03-01T09:18:48Z</time></trkpt>
			<trkpt lat="47.462670" lon="-1.084280"><ele>71</ele><time>2026-03-01T09:19:00Z</time></trkpt>
			<trkpt lat="47.462580" lon="-1.084180"><ele>71</ele><time>2026-03-01T09:19:12Z</time></trkpt>
			<trkpt lat="47.462230" lon="-1.083840"><ele>71</ele><time>2026-03-01T09:19:24Z</time></trkpt>
			<trkpt lat="47.461820" lon="-1.083410"><ele>70</ele><time>2026-03-01T09:19:36Z</time></trkpt>
			<trkpt lat="47.460980" lon="-1.082550"><ele>74</ele><time>2026-03-01T09:19:48Z</time></trkpt>
			<trkpt lat="47.460570" lon="-1.082140"><ele>73</ele><time>2026-03-01T09:20:00Z</time></trkpt>
			<trkpt lat="47.456510" lon="-1.077940"><ele>74</ele><time>2026-03-01T09:20:12Z</time></trkpt>
			<trkpt lat="47.456430" lon="-1.077860"><ele>74</ele><time>2026-03-01T09:20:24Z</time></trkpt>
			<trkpt lat="47.455730" lon="-1.077160"><ele>72</ele><time>2026-03-01T09:20:36Z</time></trkpt>
			<trkpt lat="47.454490" lon="-1.075870"><ele>67</ele><time>2026-03-01T09:20:48Z</time></trkpt>
			<trkpt lat="47.452830" lon="-1.074170"><ele>67</ele><time>2026-03-01T09:21:00Z</time></trkpt>
			<trkpt lat="47.452690" lon="-1.073960"><ele>67</ele><time>2026-03-01T09:21:12Z</time></trkpt>
			<trkpt lat="47.452610" lon="-1.073820"><ele>67</ele><time>2026-03-01T09:21:24Z</time></trkpt>
			<trkpt lat="47.452510" lon="-1.073580"><ele>67</ele><time>2026-03-01T09:21:36Z</time></trkpt>
			<trkpt lat="47.452420" lon="-1.073210"><ele>67</ele><time>2026-03-01T09:21:48Z</time></trkpt>
			<trkpt lat="47.452350" lon="-1.072850"><ele>66</ele><time>2026-03-01T09:22:00Z</time></trkpt>
			<trkpt lat="47.452220" lon="-1.072040"><ele>64</ele><time>2026-03-01T09:22:12Z</time></trkpt>
			<trkpt lat="47.452120" lon="-1.071700"><ele>63</ele><time>2026-03-01T09:22:24Z</time></trkpt>
			<trkpt lat="47.452060" lon="-1.071600"><ele>62</ele><time>2026-03-01T09:22:36Z</time></trkpt>
			<trkpt lat="47.451990" lon="-1.071500"><ele>62</ele><time>2026-03-01T09:22:48Z</time></trkpt>
			<trkpt lat="47.451900" lon="-1.071420"><ele>61</ele><time>2026-03-01T09:23:00Z</time></trkpt>
			<trkpt lat="47.451770" lon="-1.071350"><ele>61</ele><time>2026-03-01T09:23:12Z</time></trkpt>
			<trkpt lat="47.451530" lon="-1.071270"><ele>60</ele><time>2026-03-01T09:23:24Z</time></trkpt>
			<trkpt lat="47.449430" lon="-1.070640"><ele>43</ele><time>2026-03-01T09:23:36Z</time></trkpt>
			<trkpt lat="47.449150" lon="-1.070540"><ele>41</ele><time>2026-03-01T09:23:48Z</time></trkpt>
			<trkpt lat="47.448860" lon="-1.070380"><ele>43</ele><time>2026-03-01T09:24:00Z</time></trkpt>
			<trkpt lat="47.447680" lon="-1.069650"><ele>52</ele><time>2026-03-01T09:24:12Z</time></trkpt>
			<trkpt lat="47.447030" lon="-1.069250"><ele>55</ele><time>2026-03-01T09:24:24Z</time></trkpt>
			<trkpt lat="47.446860" lon="-1.069150"><ele>56</ele><time>2026-03-01T09:24:36Z</time></trkpt>
			<trkpt lat="47.444940" lon="-1.067960"><ele>62</ele><time>2026-03-01T09:24:48Z</time></trkpt>
			<trkpt lat="47.444890" lon="-1.067930"><ele>62</ele><time>2026-03-01T09:25:00Z</time></trkpt>
			<trkpt lat="47.444800" lon="-1.067890"><ele>62</ele><time>2026-03-01T09:25:12Z</time></trkpt>
			<trkpt lat="47.444630" lon="-1.067830"><ele>62</ele><time>2026-03-01T09:25:24Z</time></trkpt>
			<trkpt lat="47.444540" lon="-1.067720"><ele>62</ele><time>2026-03-01T09:25:36Z</time></trkpt>
			<trkpt lat="47.443810" lon="-1.067280"><ele>63</ele><time>2026-03-01T09:25:48Z</time></trkpt>
			<trkpt lat="47.443150" lon="-1.066890"><ele>62</ele><time>2026-03-01T09:26:00Z</time></trkpt>
			<trkpt lat="47.442960" lon="-1.066850"><ele>60</ele><time>2026-03-01T09:26:12Z</time></trkpt>
			<trkpt lat="47.442970" lon="-1.066900"><ele>61</ele><time>2026-03-01T09:26:24Z</time></trkpt>
			<trkpt lat="47.442830" lon="-1.066850"><ele>60</ele><time>2026-03-01T09:26:36Z</time></trkpt>
			<trkpt lat="47.442440" lon="-1.066930"><ele>57</ele><time>2026-03-01T09:26:48Z</time></trkpt>
			<trkpt lat="47.442350" lon="-1.066950"><ele>56</ele><time>2026-03-01T09:27:00Z</time></trkpt>
			<trkpt lat="47.441710" lon="-1.067100"><ele>51</ele><time>2026-03-01T09:27:12Z</time></trkpt>
			<trkpt lat="47.441630" lon="-1.067020"><ele>51</ele><time>2026-03-01T09:27:24Z</time></trkpt>
			<trkpt lat="47.441530" lon="-1.067120"><ele>51</ele><time>2026-03-01T09:27:36Z</time></trkpt>
			<trkpt lat="47.441390" lon="-1.067250"><ele>50</ele><time>2026-03-01T09:27:48Z</time></trkpt>
			<trkpt lat="47.441350" lon="-1.067270"><ele>50</ele><time>2026-03-01T09:28:00Z</time></trkpt>
			<trkpt lat="47.441260" lon="-1.067300"><ele>50</ele><time>2026-03-01T09:28:12Z</time></trkpt>
			<trkpt lat="47.441180" lon="-1.067250"><ele>50</ele><time>2026-03-01T09:28:24Z</time></trkpt>
			<trkpt lat="47.441090" lon="-1.067160"><ele>50</ele><time>2026-03-01T09:28:36Z</time></trkpt>
			<trkpt lat="47.440410" lon="-1.066300"><ele>51</ele><time>2026-03-01T09:28:48Z</time></trkpt>
			<trkpt lat="47.440340" lon="-1.066250"><ele>51</ele><time>2026-03-01T09:29:00Z</time></trkpt>
			<trkpt lat="47.440240" lon="-1.066120"><ele>51</ele><time>2026-03-01T09:29:12Z</time></trkpt>
			<trkpt lat="47.440140" lon="-1.065970"><ele>50</ele><time>2026-03-01T09:29:24Z</time></trkpt>
			<trkpt lat="47.438170" lon="-1.063490"><ele>55</ele><time>2026-03-01T09:29:36Z</time></trkpt>
			<trkpt lat="47.437950" lon="-1.063210"><ele>56</ele><time>2026-03-01T09:29:48Z</time></trkpt>
			<trkpt lat="47.437740" lon="-1.062950"><ele>57</ele><time>2026-03-01T09:30:00Z</time></trkpt>
			<trkpt lat="47.437550" lon="-1.062780"><ele>58</ele><time>2026-03-01T09:30:12Z</time></trkpt>
			<trkpt lat="47.437240" lon="-1.062580"><ele>60</ele><time>2026-03-01T09:30:24Z</time></trkpt>
			<trkpt lat="47.435140" lon="-1.061580"><ele>64</ele><time>2026-03-01T09:30:36Z</time></trkpt>
			<trkpt lat="47.434700" lon="-1.061370"><ele>63</ele><time>2026-03-01T09:30:48Z</time></trkpt>
			<trkpt lat="47.434510" lon="-1.061290"><ele>63</ele><time>2026-03-01T09:31:00Z</time></trkpt>
			<trkpt lat="47.434340" lon="-1.061240"><ele>63</ele><time>2026-03-01T09:31:12Z</time></trkpt>
			<trkpt lat="47.433760" lon="-1.061130"><ele>62</ele><time>2026-03-01T09:31:24Z</time></trkpt>
			<trkpt lat="47.433610" lon="-1.061080"><ele>61</ele><time>2026-03-01T09:31:36Z</time></trkpt>
			<trkpt lat="47.433480" lon="-1.061000"><ele>60</ele><time>2026-03-01T09:31:48Z</time></trkpt>
			<trkpt lat="47.433390" lon="-1.060940"><ele>60</ele><time>2026-03-01T09:32:00Z</time></trkpt>
			<trkpt lat="47.432520" lon="-1.060100"><ele>59</ele><time>2026-03-01T09:32:12Z</time></trkpt>
			<trkpt lat="47.432240" lon="-1.059820"><ele>59</ele><time>2026-03-01T09:32:24Z</time></trkpt>
			<trkpt lat="47.431920" lon="-1.059500"><ele>60</ele><time>2026-03-01T09:32:36Z</time></trkpt>
			<trkpt lat="47.431790" lon="-1.059340"><ele>60</ele><time>2026-03-01T09:32:48Z</time></trkpt>
			<trkpt lat="47.431670" lon="-1.059140"><ele>60</ele><time>2026-03-01T09:33:00Z</time></trkpt>
			<trkpt lat="47.431490" lon="-1.058730"><ele>60</ele><time>2026-03-01T09:33:12Z</time></trkpt>
			<trkpt lat="47.431390" lon="-1.058510"><ele>60</ele><time>2026-03-01T09:33:24Z</time></trkpt>
			<trkpt lat="47.430720" lon="-1.056910"><ele>59</ele><time>2026-03-01T09:33:36Z</time></trkpt>
			<trkpt lat="47.430620" lon="-1.056600"><ele>59</ele><time>2026-03-01T09:33:48Z</time></trkpt>
			<trkpt lat="47.430570" lon="-1.056400"><ele>60</ele><time>2026-03-01T09:34:00Z</time></trkpt>
			<trkpt lat="47.430550" lon="-1.056210"><ele>60</ele><time>2026-03-01T09:34:12Z</time></trkpt>
			<trkpt lat="47.430550" lon="-1.055990"><ele>61</ele><time>2026-03-01T09:34:24Z</time></trkpt>
			<trkpt lat="47.430590" lon="-1.055400"><ele>60</ele><time>2026-03-01T09:34:36Z</time></trkpt>
			<trkpt lat="47.430610" lon="-1.054940"><ele>60</ele><time>2026-03-01T09:34:48Z</time></trkpt>
			<trkpt lat="47.430620" lon="-1.054860"><ele>60</ele><time>2026-03-01T09:35:00Z</time></trkpt>
			<trkpt lat="47.430610" lon="-1.054780"><ele>60</ele><time>2026-03-01T09:35:12Z</time></trkpt>
			<trkpt lat="47.430600" lon="-1.054670"><ele>60</ele><time>2026-03-01T09:35:24Z</time></trkpt>
			<trkpt lat="47.430580" lon="-1.054510"><ele>60</ele><time>2026-03-01T09:35:36Z</time></trkpt>
			<trkpt lat="47.430540" lon="-1.054360"><ele>60</ele><time>2026-03-01T09:35:48Z</time></trkpt>
			<trkpt lat="47.430500" lon="-1.054220"><ele>60</ele><time>2026-03-01T09:36:00Z</time></trkpt>
			<trkpt lat="47.430140" lon="-1.053340"><ele>60</ele><time>2026-03-01T09:36:12Z</time></trkpt>
			<trkpt lat="47.430050" lon="-1.053130"><ele>61</ele><time>2026-03-01T09:36:24Z</time></trkpt>
			<trkpt lat="47.429740" lon="-1.052370"><ele>61</ele><time>2026-03-01T09:36:36Z</time></trkpt>
			<trkpt lat="47.429650" lon="-1.052100"><ele>61</ele><time>2026-03-01T09:36:48Z</time></trkpt>
			<trkpt lat="47.429570" lon="-1.051810"><ele>61</ele><time>2026-03-01T09:37:00Z</time></trkpt>
			<trkpt lat="47.428930" lon="-1.049180"><ele>61</ele><time>2026-03-01T09:37:12Z</time></trkpt>
			<trkpt lat="47.428780" lon="-1.048610"><ele>61</ele><time>2026-03-01T09:37:24Z</time></trkpt>
			<trkpt lat="47.428700" lon="-1.048250"><ele>60</ele><time>2026-03-01T09:37:36Z</time></trkpt>
			<trkpt lat="47.428630" lon="-1.048030"><ele>60</ele><time>2026-03-01T09:37:48Z</time></trkpt>
			<trkpt lat="47.428580" lon="-1.047910"><ele>60</ele><time>2026-03-01T09:38:00Z</time></trkpt>
			<trkpt lat="47.428610" lon="-1.047830"><ele>60</ele><time>2026-03-01T09:38:12Z</time></trkpt>
			<trkpt lat="47.428630" lon="-1.047740"><ele>60</ele><time>2026-03-01T09:38:24Z</time></trkpt>
			<trkpt lat="47.428640" lon="-1.047670"><ele>60</ele><time>2026-03-01T09:38:36Z</time></trkpt>
			<trkpt lat="47.428670" lon="-1.046950"><ele>61</ele><time>2026-03-01T09:38:48Z</time></trkpt>
			<trkpt lat="47.428690" lon="-1.046590"><ele>61</ele><time>2026-03-01T09:39:00Z</time></trkpt>
			<trkpt lat="47.428730" lon="-1.045770"><ele>61</ele><time>2026-03-01T09:39:12Z</time></trkpt>
			<trkpt lat="47.428730" lon="-1.045320"><ele>61</ele><time>2026-03-01T09:39:24Z</time></trkpt>
			<trkpt lat="47.428720" lon="-1.045020"><ele>61</ele><time>2026-03-01T09:39:36Z</time></trkpt>
			<trkpt lat="47.428700" lon="-1.044650"><ele>61</ele><time>2026-03-01T09:39:48Z</time></trkpt>
			<trkpt lat="47.428650" lon="-1.044260"><ele>62</ele><time>2026-03-01T09:40:00Z</time></trkpt>
			<trkpt lat="47.428550" lon="-1.043690"><ele>62</ele><time>2026-03-01T09:40:12Z</time></trkpt>
			<trkpt lat="47.428330" lon="-1.042630"><ele>62</ele><time>2026-03-01T09:40:24Z</time></trkpt>
			<trkpt lat="47.428250" lon="-1.042150"><ele>62</ele><time>2026-03-01T09:40:36Z</time></trkpt>
			<trkpt lat="47.428210" lon="-1.041660"><ele>62</ele><time>2026-03-01T09:40:48Z</time></trkpt>
			<trkpt lat="47.428200" lon="-1.041060"><ele>63</ele><time>2026-03-01T09:41:00Z</time></trkpt>
			<trkpt lat="47.428180" lon="-1.040770"><ele>63</ele><time>2026-03-01T09:41:12Z</time></trkpt>
			<trkpt lat="47.428140" lon="-1.040440"><ele>63</ele><time>2026-03-01T09:41:24Z</time></trkpt>
			<trkpt lat="47.427940" lon="-1.039310"><ele>63</ele><time>2026-03-01T09:41:36Z</time></trkpt>
			<trkpt lat="47.427830" lon="-1.038650"><ele>63</ele><time>2026-03-01T09:41:48Z</time></trkpt>
			<trkpt lat="47.427660" lon="-1.037560"><ele>63</ele><time>2026-03-01T09:42:00Z</time></trkpt>
			<trkpt lat="47.427620" lon="-1.037150"><ele>63</ele><time>2026-03-01T09:42:12Z</time></trkpt>
			<trkpt lat="47.427540" lon="-1.035630"><ele>64</ele><time>2026-03-01T09:42:24Z</time></trkpt>
			<trkpt lat="47.427460" lon="-1.035080"><ele>64</ele><time>2026-03-01T09:42:36Z</time></trkpt>
			<trkpt lat="47.427040" lon="-1.032440"><ele>64</ele><time>2026-03-01T09:42:48Z</time></trkpt>
			<trkpt lat="47.427040" lon="-1.032370"><ele>63</ele><time>2026-03-01T09:43:00Z</time></trkpt>
			<trkpt lat="47.427020" lon="-1.032300"><ele>63</ele><time>2026-03-01T09:43:12Z</time></trkpt>
			<trkpt lat="47.427020" lon="-1.032180"><ele>63</ele><time>2026-03-01T09:43:24Z</time></trkpt>
			<trkpt lat="47.426980" lon="-1.031550"><ele>63</ele><time>2026-03-01T09:43:36Z</time></trkpt>
			<trkpt lat="47.426910" lon="-1.030110"><ele>63</ele><time>2026-03-01T09:43:48Z</time></trkpt>
			<trkpt lat="47.426880" lon="-1.029270"><ele>63</ele><time>2026-03-01T09:44:00Z</time></trkpt>
			<trkpt lat="47.426890" lon="-1.028640"><ele>64</ele><time>2026-03-01T09:44:12Z</time></trkpt>
			<trkpt lat="47.426930" lon="-1.027980"><ele>66</ele><time>2026-03-01T09:44:24Z</time></trkpt>
			<trkpt lat="47.426960" lon="-1.027810"><ele>66</ele><time>2026-03-01T09:44:36Z</time></trkpt>
			<trkpt lat="47.427080" lon="-1.027280"><ele>66</ele><time>2026-03-01T09:44:48Z</time></trkpt>
			<trkpt lat="47.427140" lon="-1.027030"><ele>66</ele><time>2026-03-01T09:45:00Z</time></trkpt>
			<trkpt lat="47.427180" lon="-1.026680"><ele>65</ele><time>2026-03-01T09:45:12Z</time></trkpt>
			<trkpt lat="47.427160" lon="-1.026360"><ele>65</ele><time>2026-03-01T09:45:24Z</time></trkpt>
			<trkpt lat="47.426990" lon="-1.025250"><ele>65</ele><time>2026-03-01T09:45:36Z</time></trkpt>
			<trkpt lat="47.426950" lon="-1.025040"><ele>65</ele><time>2026-03-01T09:45:48Z</time></trkpt>
			<trkpt lat="47.426890" lon="-1.024830"><ele>65</ele><time>2026-03-01T09:46:00Z</time></trkpt>
			<trkpt lat="47.426880" lon="-1.024770"><ele>65</ele><time>2026-03-01T09:46:12Z</time></trkpt>
			<trkpt lat="47.426840" lon="-1.024650"><ele>65</ele><time>2026-03-01T09:46:24Z</time></trkpt>
			<trkpt lat="47.426310" lon="-1.023410"><ele>68</ele><time>2026-03-01T09:46:36Z</time></trkpt>
			<trkpt lat="47.426240" lon="-1.023190"><ele>69</ele><time>2026-03-01T09:46:48Z</time></trkpt>
			<trkpt lat="47.426190" lon="-1.022930"><ele>69</ele><time>2026-03-01T09:47:00Z</time></trkpt>
			<trkpt lat="47.426170" lon="-1.022630"><ele>70</ele><time>2026-03-01T09:47:12Z</time></trkpt>
			<trkpt lat="47.426190" lon="-1.022070"><ele>70</ele><time>2026-03-01T09:47:24Z</time></trkpt>
			<trkpt lat="47.426220" lon="-1.021590"><ele>70</ele><time>2026-03-01T09:47:36Z</time></trkpt>
			<trkpt lat="47.426300" lon="-1.019480"><ele>68</ele><time>2026-03-01T09:47:48Z</time></trkpt>
			<trkpt lat="47.426280" lon="-1.019320"><ele>68</ele><time>2026-03-01T09:48:00Z</time></trkpt>
			<trkpt lat="47.426220" lon="-1.019200"><ele>68</ele><time>2026-03-01T09:48:12Z</time></trkpt>
			<trkpt lat="47.425420" lon="-1.018390"><ele>67</ele><time>2026-03-01T09:48:24Z</time></trkpt>
			<trkpt lat="47.425610" lon="-1.018020"><ele>67</ele><time>2026-03-01T09:48:36Z</time></trkpt>
			<trkpt lat="47.425600" lon="-1.017930"><ele>67</ele><time>2026-03-01T09:48:48Z</time></trkpt>
			<trkpt lat="47.425540" lon="-1.017080"><ele>66</ele><time>2026-03-01T09:49:00Z</time></trkpt>
			<trkpt lat="47.425540" lon="-1.016980"><ele>66</ele><time>2026-03-01T09:49:12Z</time></trkpt>
			<trkpt lat="47.425520" lon="-1.016760"><ele>66</ele><time>2026-03-01T09:49:24Z</time></trkpt>
			<trkpt lat="47.425510" lon="-1.016530"><ele>66</ele><time>2026-03-01T09:49:36Z</time></trkpt>
			<trkpt lat="47.425460" lon="-1.015800"><ele>66</ele><time>2026-03-01T09:49:48Z</time></trkpt>
			<trkpt lat="47.425350" lon="-1.014140"><ele>65</ele><time>2026-03-01T09:50:00Z</time></trkpt>
			<trkpt lat="47.425260" lon="-1.012900"><ele>64</ele><time>2026-03-01T09:50:12Z</time></trkpt>
			<trkpt lat="47.425190" lon="-1.011960"><ele>64</ele><time>2026-03-01T09:50:24Z</time></trkpt>
			<trkpt lat="47.425120" lon="-1.011230"><ele>63</ele><time>2026-03-01T09:50:36Z</time></trkpt>
			<trkpt lat="47.425080" lon="-1.010920"><ele>62</ele><time>2026-03-01T09:50:48Z</time></trkpt>
			<trkpt lat="47.424870" lon="-1.009800"><ele>63</ele><time>2026-03-01T09:51:00Z</time></trkpt>
			<trkpt lat="47.424830" lon="-1.009350"><ele>62</ele><time>2026-03-01T09:51:12Z</time></trkpt>
			<trkpt lat="47.424800" lon="-1.008930"><ele>62</ele><time>2026-03-01T09:51:24Z</time></trkpt>
			<trkpt lat="47.424860" lon="-1.007100"><ele>62</ele><time>2026-03-01T09:51:36Z</time></trkpt>
			<trkpt lat="47.424860" lon="-1.006810"><ele>62</ele><time>2026-03-01T09:51:48Z</time></trkpt>
			<trkpt lat="47.424850" lon="-1.006590"><ele>62</ele><time>2026-03-01T09:52:00Z</time></trkpt>
			<trkpt lat="47.424830" lon="-1.006470"><ele>62</ele><time>2026-03-01T09:52:12Z</time></trkpt>
			<trkpt lat="47.424790" lon="-1.006380"><ele>62</ele><time>2026-03-01T09:52:24Z</time></trkpt>
			<trkpt lat="47.424690" lon="-1.006220"><ele>62</ele><time>2026-03-01T09:52:36Z</time></trkpt>
			<trkpt lat="47.424250" lon="-1.005650"><ele>62</ele><time>2026-03-01T09:52:48Z</time></trkpt>
			<trkpt lat="47.424100" lon="-1.005370"><ele>63</ele><time>2026-03-01T09:53:00Z</time></trkpt>
			<trkpt lat="47.423990" lon="-1.005150"><ele>63</ele><time>2026-03-01T09:53:12Z</time></trkpt>
			<trkpt lat="47.423880" lon="-1.004800"><ele>63</ele><time>2026-03-01T09:53:24Z</time></trkpt>
			<trkpt lat="47.423440" lon="-1.003230"><ele>63</ele><time>2026-03-01T09:53:36Z</time></trkpt>
			<trkpt lat="47.423250" lon="-1.002560"><ele>60</ele><time>2026-03-01T09:53:48Z</time></trkpt>
			<trkpt lat="47.423010" lon="-1.001860"><ele>57</ele><time>2026-03-01T09:54:00Z</time></trkpt>
			<trkpt lat="47.422330" lon="-0.999980"><ele>54</ele><time>2026-03-01T09:54:12Z</time></trkpt>
			<trkpt lat="47.420590" lon="-1.000820"><ele>59</ele><time>2026-03-01T09:54:24Z</time></trkpt>
			<trkpt lat="47.420200" lon="-1.001020"><ele>58</ele><time>2026-03-01T09:54:36Z</time></trkpt>
			<trkpt lat="47.419890" lon="-1.001160"><ele>58</ele><time>2026-03-01T09:54:48Z</time></trkpt>
			<trkpt lat="47.418990" lon="-1.001600"><ele>59</ele><time>2026-03-01T09:55:00Z</time></trkpt>
			<trkpt lat="47.418720" lon="-1.001710"><ele>59</ele><time>2026-03-01T09:55:12Z</time></trkpt>
			<trkpt lat="47.417830" lon="-1.002060"><ele>59</ele><time>2026-03-01T09:55:24Z</time></trkpt>
			<trkpt lat="47.417350" lon="-1.002250"><ele>59</ele><time>2026-03-01T09:55:36Z</time></trkpt>
			<trkpt lat="47.417140" lon="-1.002330"><ele>60</ele><time>2026-03-01T09:55:48Z</time></trkpt>
			<trkpt lat="47.416910" lon="-1.002460"><ele>60</ele><time>2026-03-01T09:56:00Z</time></trkpt>
			<trkpt lat="47.416630" lon="-1.002680"><ele>61</ele><time>2026-03-01T09:56:12Z</time></trkpt>
			<trkpt lat="47.416400" lon="-1.002940"><ele>62</ele><time>2026-03-01T09:56:24Z</time></trkpt>
			<trkpt lat="47.416140" lon="-1.003290"><ele>62</ele><time>2026-03-01T09:56:36Z</time></trkpt>
			<trkpt lat="47.415860" lon="-1.003670"><ele>62</ele><time>2026-03-01T09:56:48Z</time></trkpt>
			<trkpt lat="47.415610" lon="-1.003960"><ele>61</ele><time>2026-03-01T09:57:00Z</time></trkpt>
			<trkpt lat="47.415530" lon="-1.004060"><ele>61</ele><time>2026-03-01T09:57:12Z</time></trkpt>
			<trkpt lat="47.414860" lon="-1.004820"><ele>59</ele><time>2026-03-01T09:57:24Z</time></trkpt>
			<trkpt lat="47.413890" lon="-1.005900"><ele>59</ele><time>2026-03-01T09:57:36Z</time></trkpt>
			<trkpt lat="47.413620" lon="-1.006160"><ele>59</ele><time>2026-03-01T09:57:48Z</time></trkpt>
			<trkpt lat="47.413340" lon="-1.006380"><ele>59</ele><time>2026-03-01T09:58:00Z</time></trkpt>
			<trkpt lat="47.413130" lon="-1.006510"><ele>58</ele><time>2026-03-01T09:58:12Z</time></trkpt>
			<trkpt lat="47.412870" lon="-1.006650"><ele>58</ele><time>2026-03-01T09:58:24Z</time></trkpt>
			<trkpt lat="47.411850" lon="-1.007130"><ele>56</ele><time>2026-03-01T09:58:36Z</time></trkpt>
			<trkpt lat="47.411350" lon="-1.007410"><ele>55</ele><time>2026-03-01T09:58:48Z</time></trkpt>
			<trkpt lat="47.411130" lon="-1.007570"><ele>55</ele><time>2026-03-01T09:59:00Z</time></trkpt>
			<trkpt lat="47.409200" lon="-1.009180"><ele>51</ele><time>2026-03-01T09:59:12Z</time></trkpt>
			<trkpt lat="47.409040" lon="-1.009310"><ele>51</ele><time>2026-03-01T09:59:24Z</time></trkpt>
			<trkpt lat="47.408880" lon="-1.009410"><ele>50</ele><time>2026-03-01T09:59:36Z</time></trkpt>
			<trkpt lat="47.408620" lon="-1.009550"><ele>49</ele><time>2026-03-01T09:59:48Z</time></trkpt>
			<trkpt lat="47.408340" lon="-1.009650"><ele>49</ele><time>2026-03-01T10:00:00Z</time></trkpt>
			<trkpt lat="47.407670" lon="-1.009890"><ele>47</ele><time>2026-03-01T10:00:12Z</time></trkpt>
			<trkpt lat="47.407490" lon="-1.009980"><ele>47</ele><time>2026-03-01T10:00:24Z</time></trkpt>
			<trkpt lat="47.407310" lon="-1.010110"><ele>47</ele><time>2026-03-01T10:00:36Z</time></trkpt>
			<trkpt lat="47.407130" lon="-1.010250"><ele>47</ele><time>2026-03-01T10:00:48Z</time></trkpt>
			<trkpt lat="47.406930" lon="-1.010500"><ele>47</ele><time>2026-03-01T10:01:00Z</time></trkpt>
			<trkpt lat="47.406120" lon="-1.011600"><ele>47</ele><time>2026-03-01T10:01:12Z</time></trkpt>
			<trkpt lat="47.405450" lon="-1.012540"><ele>46</ele><time>2026-03-01T10:01:24Z</time></trkpt>
			<trkpt lat="47.404730" lon="-1.013690"><ele>46</ele><time>2026-03-01T10:01:36Z</time></trkpt>
			<trkpt lat="47.404590" lon="-1.013940"><ele>47</ele><time>2026-03-01T10:01:48Z</time></trkpt>
			<trkpt lat="47.404420" lon="-1.014180"><ele>47</ele><time>2026-03-01T10:02:00Z</time></trkpt>
			<trkpt lat="47.404250" lon="-1.014380"><ele>48</ele><time>2026-03-01T10:02:12Z</time></trkpt>
			<trkpt lat="47.404070" lon="-1.014570"><ele>48</ele><time>2026-03-01T10:02:24Z</time></trkpt>
			<trkpt lat="47.403880" lon="-1.014740"><ele>48</ele><time>2026-03-01T10:02:36Z</time></trkpt>
			<trkpt lat="47.403650" lon="-1.014910"><ele>48</ele><time>2026-03-01T10:02:48Z</time></trkpt>
			<trkpt lat="47.403380" lon="-1.015040"><ele>48</ele><time>2026-03-01T10:03:00Z</time></trkpt>
			<trkpt lat="47.403030" lon="-1.015170"><ele>46</ele><time>2026-03-01T10:03:12Z</time></trkpt>
			<trkpt lat="47.402770" lon="-1.015240"><ele>45</ele><time>2026-03-01T10:03:24Z</time></trkpt>
			<trkpt lat="47.402650" lon="-1.015270"><ele>44</ele><time>2026-03-01T10:03:36Z</time></trkpt>
			<trkpt lat="47.401960" lon="-1.015440"><ele>42</ele><time>2026-03-01T10:03:48Z</time></trkpt>
			<trkpt lat="47.399350" lon="-1.016080"><ele>35</ele><time>2026-03-01T10:04:00Z</time></trkpt>
			<trkpt lat="47.398780" lon="-1.016170"><ele>34</ele><time>2026-03-01T10:04:12Z</time></trkpt>
			<trkpt lat="47.398070" lon="-1.016290"><ele>33</ele><time>2026-03-01T10:04:24Z</time></trkpt>
			<trkpt lat="47.397170" lon="-1.016410"><ele>32</ele><time>2026-03-01T10:04:36Z</time></trkpt>
			<trkpt lat="47.395930" lon="-1.016570"><ele>29</ele><time>2026-03-01T10:04:48Z</time></trkpt>
			<trkpt lat="47.395790" lon="-1.016610"><ele>29</ele><time>2026-03-01T10:05:00Z</time></trkpt>
			<trkpt lat="47.395590" lon="-1.016670"><ele>28</ele><time>2026-03-01T10:05:12Z</time></trkpt>
			<trkpt lat="47.395300" lon="-1.016810"><ele>27</ele><time>2026-03-01T10:05:24Z</time></trkpt>
			<trkpt lat="47.394340" lon="-1.017320"><ele>25</ele><time>2026-03-01T10:05:36Z</time></trkpt>
			<trkpt lat="47.393370" lon="-1.017810"><ele>23</ele><time>2026-03-01T10:05:48Z</time></trkpt>
			<trkpt lat="47.392010" lon="-1.018510"><ele>23</ele><time>2026-03-01T10:06:00Z</time></trkpt>
			<trkpt lat="47.391910" lon="-1.018540"><ele>22</ele><time>2026-03-01T10:06:12Z</time></trkpt>
			<trkpt lat="47.391820" lon="-1.018560"><ele>22</ele><time>2026-03-01T10:06:24Z</time></trkpt>
			<trkpt lat="47.391760" lon="-1.018560"><ele>22</ele><time>2026-03-01T10:06:36Z</time></trkpt>
			<trkpt lat="47.391610" lon="-1.018510"><ele>21</ele><time>2026-03-01T10:06:48Z</time></trkpt>
			<trkpt lat="47.391440" lon="-1.018430"><ele>21</ele><time>2026-03-01T10:07:00Z</time></trkpt>
			<trkpt lat="47.391400" lon="-1.018390"><ele>20</ele><time>2026-03-01T10:07:12Z</time></trkpt>
			<trkpt lat="47.391270" lon="-1.018680"><ele>20</ele><time>2026-03-01T10:07:24Z</time></trkpt>
			<trkpt lat="47.391090" lon="-1.019040"><ele>20</ele><time>2026-03-01T10:07:36Z</time></trkpt>
			<trkpt lat="47.390840" lon="-1.019480"><ele>21</ele><time>2026-03-01T10:07:48Z</time></trkpt>
			<trkpt lat="47.390440" lon="-1.020140"><ele>22</ele><time>2026-03-01T10:08:00Z</time></trkpt>
			<trkpt lat="47.389860" lon="-1.020980"><ele>25</ele><time>2026-03-01T10:08:12Z</time></trkpt>
			<trkpt lat="47.389460" lon="-1.021560"><ele>26</ele><time>2026-03-01T10:08:24Z</time></trkpt>
			<trkpt lat="47.389350" lon="-1.021730"><ele>27</ele><time>2026-03-01T10:08:36Z</time></trkpt>
			<trkpt lat="47.389380" lon="-1.021810"><ele>27</ele><time>2026-03-01T10:08:48Z</time></trkpt>
			<trkpt lat="47.389390" lon="-1.021890"><ele>27</ele><time>2026-03-01T10:09:00Z</time></trkpt>
			<trkpt lat="47.389390" lon="-1.021990"><ele>27</ele><time>2026-03-01T10:09:12Z</time></trkpt>
			<trkpt lat="47.389370" lon="-1.022070"><ele>27</ele><time>2026-03-01T10:09:24Z</time></trkpt>
			<trkpt lat="47.389340" lon="-1.022130"><ele>27</ele><time>2026-03-01T10:09:36Z</time></trkpt>
			<trkpt lat="47.389280" lon="-1.022190"><ele>28</ele><time>2026-03-01T10:09:48Z</time></trkpt>
			<trkpt lat="47.389220" lon="-1.022210"><ele>28</ele><time>2026-03-01T10:10:00Z</time></trkpt>
			<trkpt lat="47.389160" lon="-1.022200"><ele>28</ele><time>2026-03-01T10:10:12Z</time></trkpt>
			<trkpt lat="47.389100" lon="-1.022170"><ele>28</ele><time>2026-03-01T10:10:24Z</time></trkpt>
			<trkpt lat="47.389060" lon="-1.022120"><ele>28</ele><time>2026-03-01T10:10:36Z</time></trkpt>
			<trkpt lat="47.388980" lon="-1.022250"><ele>28</ele><time>2026-03-01T10:10:48Z</time></trkpt>
			<trkpt lat="47.388310" lon="-1.023200"><ele>30</ele><time>2026-03-01T10:11:00Z</time></trkpt>
			<trkpt lat="47.387860" lon="-1.023830"><ele>31</ele><time>2026-03-01T10:11:12Z</time></trkpt>
			<trkpt lat="47.387550" lon="-1.024290"><ele>32</ele><time>2026-03-01T10:11:24Z</time></trkpt>
			<trkpt lat="47.387410" lon="-1.024500"><ele>32</ele><time>2026-03-01T10:11:36Z</time></trkpt>
			<trkpt lat="47.387300" lon="-1.024660"><ele>32</ele><time>2026-03-01T10:11:48Z</time></trkpt>
			<trkpt lat="47.386990" lon="-1.025090"><ele>33</ele><time>2026-03-01T10:12:00Z</time></trkpt>
			<trkpt lat="47.386850" lon="-1.025300"><ele>33</ele><time>2026-03-01T10:12:12Z</time></trkpt>
			<trkpt lat="47.386770" lon="-1.025410"><ele>33</ele><time>2026-03-01T10:12:24Z</time></trkpt>
			<trkpt lat="47.386530" lon="-1.025750"><ele>32</ele><time>2026-03-01T10:12:36Z</time></trkpt>
			<trkpt lat="47.386410" lon="-1.025930"><ele>31</ele><time>2026-03-01T10:12:48Z</time></trkpt>
			<trkpt lat="47.386080" lon="-1.026400"><ele>30</ele><time>2026-03-01T10:13:00Z</time></trkpt>
			<trkpt lat="47.385330" lon="-1.027490"><ele>31</ele><time>2026-03-01T10:13:12Z</time></trkpt>
			<trkpt lat="47.385220" lon="-1.027640"><ele>31</ele><time>2026-03-01T10:13:24Z</time></trkpt>
			<trkpt lat="47.385180" lon="-1.027730"><ele>31</ele><time>2026-03-01T10:13:36Z</time></trkpt>
			<trkpt lat="47.385170" lon="-1.027760"><ele>31</ele><time>2026-03-01T10:13:48Z</time></trkpt>
			<trkpt lat="47.385080" lon="-1.028010"><ele>31</ele><time>2026-03-01T10:14:00Z</time></trkpt>
			<trkpt lat="47.385010" lon="-1.028310"><ele>32</ele><time>2026-03-01T10:14:12Z</time></trkpt>
			<trkpt lat="47.384970" lon="-1.028530"><ele>32</ele><time>2026-03-01T10:14:24Z</time></trkpt>
			<trkpt lat="47.384950" lon="-1.028600"><ele>32</ele><time>2026-03-01T10:14:36Z</time></trkpt>
			<trkpt lat="47.384890" lon="-1.028800"><ele>33</ele><time>2026-03-01T10:14:48Z</time></trkpt>
			<trkpt lat="47.384860" lon="-1.028970"><ele>33</ele><time>2026-03-01T10:15:00Z</time></trkpt>
			<trkpt lat="47.384840" lon="-1.029130"><ele>33</ele><time>2026-03-01T10:15:12Z</time></trkpt>
			<trkpt lat="47.384710" lon="-1.029050"><ele>33</ele><time>2026-03-01T10:15:24Z</time></trkpt>
			<trkpt lat="47.384650" lon="-1.029010"><ele>32</ele><time>2026-03-01T10:15:36Z</time></trkpt>
			<trkpt lat="47.384610" lon="-1.029100"><ele>32</ele><time>2026-03-01T10:15:48Z</time></trkpt>
			<trkpt lat="47.384540" lon="-1.029270"><ele>33</ele><time>2026-03-01T10:16:00Z</time></trkpt>
			<trkpt lat="47.384490" lon="-1.029500"><ele>33</ele><time>2026-03-01T10:16:12Z</time></trkpt>
			<trkpt lat="47.384430" lon="-1.029640"><ele>32</ele><time>2026-03-01T10:16:24Z</time></trkpt>
			<trkpt lat="47.384380" lon="-1.029750"><ele>32</ele><time>2026-03-01T10:16:36Z</time></trkpt>
			<trkpt lat="47.384270" lon="-1.030010"><ele>32</ele><time>2026-03-01T10:16:48Z</time></trkpt>
			<trkpt lat="47.384270" lon="-1.030070"><ele>32</ele><time>2026-03-01T10:17:00Z</time></trkpt>
			<trkpt lat="47.384150" lon="-1.030130"><ele>31</ele><time>2026-03-01T10:17:12Z</time></trkpt>
			<trkpt lat="47.383830" lon="-1.030310"><ele>27</ele><time>2026-03-01T10:17:24Z</time></trkpt>
			<trkpt lat="47.383460" lon="-1.030520"><ele>23</ele><time>2026-03-01T10:17:36Z</time></trkpt>
			<trkpt lat="47.383290" lon="-1.030650"><ele>21</ele><time>2026-03-01T10:17:48Z</time></trkpt>
			<trkpt lat="47.383260" lon="-1.030670"><ele>21</ele><time>2026-03-01T10:18:00Z</time></trkpt>
			<trkpt lat="47.383140" lon="-1.030790"><ele>19</ele><time>2026-03-01T10:18:12Z</time></trkpt>
			<trkpt lat="47.382810" lon="-1.031050"><ele>16</ele><time>2026-03-01T10:18:24Z</time></trkpt>
			<trkpt lat="47.382520" lon="-1.031200"><ele>13</ele><time>2026-03-01T10:18:36Z</time></trkpt>
			<trkpt lat="47.382120" lon="-1.031410"><ele>11</ele><time>2026-03-01T10:18:48Z</time></trkpt>
			<trkpt lat="47.381840" lon="-1.031640"><ele>10</ele><time>2026-03-01T10:19:00Z</time></trkpt>
			<trkpt lat="47.381810" lon="-1.031650"><ele>10</ele><time>2026-03-01T10:19:12Z</time></trkpt>
			<trkpt lat="47.381350" lon="-1.031810"><ele>10</ele><time>2026-03-01T10:19:24Z</time></trkpt>
			<trkpt lat="47.381270" lon="-1.031840"><ele>10</ele><time>2026-03-01T10:19:36Z</time></trkpt>
			<trkpt lat="47.379980" lon="-1.032320"><ele>8</ele><time>2026-03-01T10:19:48Z</time></trkpt>
			<trkpt lat="47.380160" lon="-1.033970"><ele>8</ele><time>2026-03-01T10:20:00Z</time></trkpt>
			<trkpt lat="47.380500" lon="-1.037040"><ele>9</ele><time>2026-03-01T10:20:12Z</time></trkpt>
			<trkpt lat="47.380490" lon="-1.037190"><ele>9</ele><time>2026-03-01T10:20:24Z</time></trkpt>
			<trkpt lat="47.380450" lon="-1.037240"><ele>9</ele><time>2026-03-01T10:20:36Z</time></trkpt>
			<trkpt lat="47.380420" lon="-1.037280"><ele>9</ele><time>2026-03-01T10:20:48Z</time></trkpt>
			<trkpt lat="47.380290" lon="-1.037330"><ele>9</ele><time>2026-03-01T10:21:00Z</time></trkpt>
			<trkpt lat="47.377130" lon="-1.037610"><ele>10</ele><time>2026-03-01T10:21:12Z</time></trkpt>
			<trkpt lat="47.376980" lon="-1.037660"><ele>10</ele><time>2026-03-01T10:21:24Z</time></trkpt>
			<trkpt lat="47.376540" lon="-1.037580"><ele>10</ele><time>2026-03-01T10:21:36Z</time></trkpt>
			<trkpt lat="47.376400" lon="-1.037560"><ele>10</ele><time>2026-03-01T10:21:48Z</time></trkpt>
			<trkpt lat="47.376280" lon="-1.037560"><ele>9</ele><time>2026-03-01T10:22:00Z</time></trkpt>
			<trkpt lat="47.375260" lon="-1.037720"><ele>8</ele><time>2026-03-01T10:22:12Z</time></trkpt>
			<trkpt lat="47.375240" lon="-1.037720"><ele>9</ele><time>2026-03-01T10:22:24Z</time></trkpt>
			<trkpt lat="47.374760" lon="-1.037820"><ele>9</ele><time>2026-03-01T10:22:36Z</time></trkpt>
			<trkpt lat="47.374730" lon="-1.037820"><ele>9</ele><time>2026-03-01T10:22:48Z</time></trkpt>
			<trkpt lat="47.374480" lon="-1.037860"><ele>8</ele><time>2026-03-01T10:23:00Z</time></trkpt>
			<trkpt lat="47.374240" lon="-1.037930"><ele>8</ele><time>2026-03-01T10:23:12Z</time></trkpt>
			<trkpt lat="47.374170" lon="-1.037950"><ele>8</ele><time>2026-03-01T10:23:24Z</time></trkpt>
			<trkpt lat="47.374170" lon="-1.037990"><ele>8</ele><time>2026-03-01T10:23:36Z</time></trkpt>
			<trkpt lat="47.374170" lon="-1.038080"><ele>8</ele><time>2026-03-01T10:23:48Z</time></trkpt>
			<trkpt lat="47.374110" lon="-1.039690"><ele>8</ele><time>2026-03-01T10:24:00Z</time></trkpt>
			<trkpt lat="47.374060" lon="-1.040940"><ele>8</ele><time>2026-03-01T10:24:12Z</time></trkpt>
			<trkpt lat="47.374060" lon="-1.041220"><ele>8</ele><time>2026-03-01T10:24:24Z</time></trkpt>
			<trkpt lat="47.374070" lon="-1.041660"><ele>9</ele><time>2026-03-01T10:24:36Z</time></trkpt>
			<trkpt lat="47.374180" lon="-1.044200"><ele>8</ele><time>2026-03-01T10:24:48Z</time></trkpt>
			<trkpt lat="47.374170" lon="-1.044410"><ele>8</ele><time>2026-03-01T10:25:00Z</time></trkpt>
			<trkpt lat="47.374090" lon="-1.044880"><ele>8</ele><time>2026-03-01T10:25:12Z</time></trkpt>
			<trkpt lat="47.373970" lon="-1.045390"><ele>9</ele><time>2026-03-01T10:25:24Z</time></trkpt>
			<trkpt lat="47.373920" lon="-1.045600"><ele>9</ele><time>2026-03-01T10:25:36Z</time></trkpt>
			<trkpt lat="47.373910" lon="-1.045790"><ele>9</ele><time>2026-03-01T10:25:48Z</time></trkpt>
			<trkpt lat="47.373910" lon="-1.046050"><ele>9</ele><time>2026-03-01T10:26:00Z</time></trkpt>
			<trkpt lat="47.373980" lon="-1.049050"><ele>8</ele><time>2026-03-01T10:26:12Z</time></trkpt>
			<trkpt lat="47.374030" lon="-1.051530"><ele>8</ele><time>2026-03-01T10:26:24Z</time></trkpt>
			<trkpt lat="47.374050" lon="-1.052010"><ele>8</ele><time>2026-03-01T10:26:36Z</time></trkpt>
			<trkpt lat="47.374060" lon="-1.052610"><ele>8</ele><time>2026-03-01T10:26:48Z</time></trkpt>
			<trkpt lat="47.374120" lon="-1.054600"><ele>9</ele><time>2026-03-01T10:27:00Z</time></trkpt>
			<trkpt lat="47.374130" lon="-1.055280"><ele>9</ele><time>2026-03-01T10:27:12Z</time></trkpt>
			<trkpt lat="47.374120" lon="-1.055460"><ele>10</ele><time>2026-03-01T10:27:24Z</time></trkpt>
			<trkpt lat="47.374100" lon="-1.055570"><ele>10</ele><time>2026-03-01T10:27:36Z</time></trkpt>
			<trkpt lat="47.374060" lon="-1.055650"><ele>10</ele><time>2026-03-01T10:27:48Z</time></trkpt>
			<trkpt lat="47.374020" lon="-1.055700"><ele>10</ele><time>2026-03-01T10:28:00Z</time></trkpt>
			<trkpt lat="47.373970" lon="-1.055740"><ele>10</ele><time>2026-03-01T10:28:12Z</time></trkpt>
			<trkpt lat="47.373920" lon="-1.055760"><ele>10</ele><time>2026-03-01T10:28:24Z</time></trkpt>
			<trkpt lat="47.373810" lon="-1.055760"><ele>10</ele><time>2026-03-01T10:28:36Z</time></trkpt>
			<trkpt lat="47.373700" lon="-1.055770"><ele>11</ele><time>2026-03-01T10:28:48Z</time></trkpt>
			<trkpt lat="47.373240" lon="-1.055750"><ele>11</ele><time>2026-03-01T10:29:00Z</time></trkpt>
			<trkpt lat="47.373190" lon="-1.055760"><ele>11</ele><time>2026-03-01T10:29:12Z</time></trkpt>
			<trkpt lat="47.373140" lon="-1.055790"><ele>11</ele><time>2026-03-01T10:29:24Z</time></trkpt>
			<trkpt lat="47.373080" lon="-1.055870"><ele>11</ele><time>2026-03-01T10:29:36Z</time></trkpt>
			<trkpt lat="47.373030" lon="-1.055990"><ele>11</ele><time>2026-03-01T10:29:48Z</time></trkpt>
			<trkpt lat="47.373010" lon="-1.056060"><ele>11</ele><time>2026-03-01T10:30:00Z</time></trkpt>
			<trkpt lat="47.373000" lon="-1.056190"><ele>11</ele><time>2026-03-01T10:30:12Z</time></trkpt>
			<trkpt lat="47.372970" lon="-1.056880"><ele>11</ele><time>2026-03-01T10:30:24Z</time></trkpt>
			<trkpt lat="47.372870" lon="-1.057590"><ele>12</ele><time>2026-03-01T10:30:36Z</time></trkpt>
			<trkpt lat="47.372780" lon="-1.058170"><ele>12</ele><time>2026-03-01T10:30:48Z</time></trkpt>
			<trkpt lat="47.372740" lon="-1.058520"><ele>12</ele><time>2026-03-01T10:31:00Z</time></trkpt>
			<trkpt lat="47.372700" lon="-1.059050"><ele>12</ele><time>2026-03-01T10:31:12Z</time></trkpt>
			<trkpt lat="47.372690" lon="-1.059110"><ele>12</ele><time>2026-03-01T10:31:24Z</time></trkpt>
			<trkpt lat="47.372670" lon="-1.059490"><ele>11</ele><time>2026-03-01T10:31:36Z</time></trkpt>
			<trkpt lat="47.372670" lon="-1.059720"><ele>11</ele><time>2026-03-01T10:31:48Z</time></trkpt>
			<trkpt lat="47.372690" lon="-1.059860"><ele>10</ele><time>2026-03-01T10:32:00Z</time></trkpt>
			<trkpt lat="47.372750" lon="-1.060060"><ele>10</ele><time>2026-03-01T10:32:12Z</time></trkpt>
			<trkpt lat="47.372940" lon="-1.060700"><ele>10</ele><time>2026-03-01T10:32:24Z</time></trkpt>
			<trkpt lat="47.373060" lon="-1.061170"><ele>10</ele><time>2026-03-01T10:32:36Z</time></trkpt>
			<trkpt lat="47.373090" lon="-1.061310"><ele>10</ele><time>2026-03-01T10:32:48Z</time></trkpt>
			<trkpt lat="47.373130" lon="-1.061590"><ele>10</ele><time>2026-03-01T10:33:00Z</time></trkpt>
			<trkpt lat="47.373140" lon="-1.061810"><ele>10</ele><time>2026-03-01T10:33:12Z</time></trkpt>
			<trkpt lat="47.373140" lon="-1.062350"><ele>11</ele><time>2026-03-01T10:33:24Z</time></trkpt>
			<trkpt lat="47.373120" lon="-1.063990"><ele>10</ele><time>2026-03-01T10:33:36Z</time></trkpt>
			<trkpt lat="47.373120" lon="-1.064240"><ele>10</ele><time>2026-03-01T10:33:48Z</time></trkpt>
			<trkpt lat="47.373120" lon="-1.064430"><ele>10</ele><time>2026-03-01T10:34:00Z</time></trkpt>
			<trkpt lat="47.373160" lon="-1.064730"><ele>10</ele><time>2026-03-01T10:34:12Z</time></trkpt>
			<trkpt lat="47.373350" lon="-1.065540"><ele>10</ele><time>2026-03-01T10:34:24Z</time></trkpt>
			<trkpt lat="47.373380" lon="-1.065660"><ele>10</ele><time>2026-03-01T10:34:36Z</time></trkpt>
			<trkpt lat="47.373400" lon="-1.065840"><ele>10</ele><time>2026-03-01T10:34:48Z</time></trkpt>
			<trkpt lat="47.373390" lon="-1.065930"><ele>10</ele><time>2026-03-01T10:35:00Z</time></trkpt>
			<trkpt lat="47.373380" lon="-1.066020"><ele>10</ele><time>2026-03-01T10:35:12Z</time></trkpt>
			<trkpt lat="47.373370" lon="-1.066090"><ele>10</ele><time>2026-03-01T10:35:24Z</time></trkpt>
			<trkpt lat="47.373330" lon="-1.066220"><ele>10</ele><time>2026-03-01T10:35:36Z</time></trkpt>
			<trkpt lat="47.373100" lon="-1.066710"><ele>11</ele><time>2026-03-01T10:35:48Z</time></trkpt>
			<trkpt lat="47.373000" lon="-1.066920"><ele>11</ele><time>2026-03-01T10:36:00Z</time></trkpt>
			<trkpt lat="47.372860" lon="-1.067300"><ele>11</ele><time>2026-03-01T10:36:12Z</time></trkpt>
			<trkpt lat="47.372800" lon="-1.067590"><ele>10</ele><time>2026-03-01T10:36:24Z</time></trkpt>
			<trkpt lat="47.372790" lon="-1.067680"><ele>10</ele><time>2026-03-01T10:36:36Z</time></trkpt>
			<trkpt lat="47.372800" lon="-1.067870"><ele>10</ele><time>2026-03-01T10:36:48Z</time></trkpt>
			<trkpt lat="47.372840" lon="-1.068250"><ele>10</ele><time>2026-03-01T10:37:00Z</time></trkpt>
			<trkpt lat="47.372870" lon="-1.068420"><ele>10</ele><time>2026-03-01T10:37:12Z</time></trkpt>
			<trkpt lat="47.372900" lon="-1.068490"><ele>10</ele><time>2026-03-01T10:37:24Z</time></trkpt>
			<trkpt lat="47.372930" lon="-1.068530"><ele>11</ele><time>2026-03-01T10:37:36Z</time></trkpt>
			<trkpt lat="47.372970" lon="-1.068570"><ele>11</ele><time>2026-03-01T10:37:48Z</time></trkpt>
			<trkpt lat="47.373040" lon="-1.068600"><ele>11</ele><time>2026-03-01T10:38:00Z</time></trkpt>
			<trkpt lat="47.373090" lon="-1.068600"><ele>11</ele><time>2026-03-01T10:38:12Z</time></trkpt>
			<trkpt lat="47.373410" lon="-1.068540"><ele>11</ele><time>2026-03-01T10:38:24Z</time></trkpt>
			<trkpt lat="47.373490" lon="-1.068550"><ele>11</ele><time>2026-03-01T10:38:36Z</time></trkpt>
			<trkpt lat="47.373570" lon="-1.068570"><ele>11</ele><time>2026-03-01T10:38:48Z</time></trkpt>
			<trkpt lat="47.374020" lon="-1.068820"><ele>11</ele><time>2026-03-01T10:39:00Z</time></trkpt>
			<trkpt lat="47.374120" lon="-1.068870"><ele>11</ele><time>2026-03-01T10:39:12Z</time></trkpt>
			<trkpt lat="47.374230" lon="-1.068940"><ele>11</ele><time>2026-03-01T10:39:24Z</time></trkpt>
			<trkpt lat="47.374370" lon="-1.069040"><ele>10</ele><time>2026-03-01T10:39:36Z</time></trkpt>
			<trkpt lat="47.374430" lon="-1.069120"><ele>10</ele><time>2026-03-01T10:39:48Z</time></trkpt>
			<trkpt lat="47.374450" lon="-1.069190"><ele>10</ele><time>2026-03-01T10:40:00Z</time></trkpt>
			<trkpt lat="47.374470" lon="-1.069330"><ele>10</ele><time>2026-03-01T10:40:12Z</time></trkpt>
			<trkpt lat="47.374480" lon="-1.069460"><ele>10</ele><time>2026-03-01T10:40:24Z</time></trkpt>
			<trkpt lat="47.374590" lon="-1.073200"><ele>10</ele><time>2026-03-01T10:40:36Z</time></trkpt>
			<trkpt lat="47.374620" lon="-1.074390"><ele>9</ele><time>2026-03-01T10:40:48Z</time></trkpt>
			<trkpt lat="47.374650" lon="-1.074860"><ele>9</ele><time>2026-03-01T10:41:00Z</time></trkpt>
			<trkpt lat="47.374650" lon="-1.075400"><ele>9</ele><time>2026-03-01T10:41:12Z</time></trkpt>
			<trkpt lat="47.374650" lon="-1.077230"><ele>11</ele><time>2026-03-01T10:41:24Z</time></trkpt>
			<trkpt lat="47.374640" lon="-1.078000"><ele>10</ele><time>2026-03-01T10:41:36Z</time></trkpt>
			<trkpt lat="47.374660" lon="-1.078160"><ele>10</ele><time>2026-03-01T10:41:48Z</time></trkpt>
			<trkpt lat="47.374670" lon="-1.078390"><ele>10</ele><time>2026-03-01T10:42:00Z</time></trkpt>
			<trkpt lat="47.374720" lon="-1.078890"><ele>9</ele><time>2026-03-01T10:42:12Z</time></trkpt>
			<trkpt lat="47.374830" lon="-1.079820"><ele>7</ele><time>2026-03-01T10:42:24Z</time></trkpt>
			<trkpt lat="47.374920" lon="-1.080900"><ele>8</ele><time>2026-03-01T10:42:36Z</time></trkpt>
			<trkpt lat="47.374950" lon="-1.081580"><ele>8</ele><time>2026-03-01T10:42:48Z</time></trkpt>
			<trkpt lat="47.374990" lon="-1.083190"><ele>8</ele><time>2026-03-01T10:43:00Z</time></trkpt>
			<trkpt lat="47.375000" lon="-1.083290"><ele>8</ele><time>2026-03-01T10:43:12Z</time></trkpt>
			<trkpt lat="47.375010" lon="-1.083360"><ele>8</ele><time>2026-03-01T10:43:24Z</time></trkpt>
			<trkpt lat="47.375030" lon="-1.083390"><ele>8</ele><time>2026-03-01T10:43:36Z</time></trkpt>
			<trkpt lat="47.375050" lon="-1.083420"><ele>8</ele><time>2026-03-01T10:43:48Z</time></trkpt>
			<trkpt lat="47.375090" lon="-1.083430"><ele>8</ele><time>2026-03-01T10:44:00Z</time></trkpt>
			<trkpt lat="47.375180" lon="-1.083410"><ele>8</ele><time>2026-03-01T10:44:12Z</time></trkpt>
			<trkpt lat="47.375540" lon="-1.083330"><ele>8</ele><time>2026-03-01T10:44:24Z</time></trkpt>
			<trkpt lat="47.376710" lon="-1.083130"><ele>8</ele><time>2026-03-01T10:44:36Z</time></trkpt>
			<trkpt lat="47.376820" lon="-1.083120"><ele>8</ele><time>2026-03-01T10:44:48Z</time></trkpt>
			<trkpt lat="47.376900" lon="-1.083130"><ele>8</ele><time>2026-03-01T10:45:00Z</time></trkpt>
			<trkpt lat="47.376970" lon="-1.083150"><ele>8</ele><time>2026-03-01T10:45:12Z</time></trkpt>
			<trkpt lat="47.377020" lon="-1.083160"><ele>8</ele><time>2026-03-01T10:45:24Z</time></trkpt>
			<trkpt lat="47.377380" lon="-1.083310"><ele>7</ele><time>2026-03-01T10:45:36Z</time></trkpt>
			<trkpt lat="47.377480" lon="-1.083330"><ele>7</ele><time>2026-03-01T10:45:48Z</time></trkpt>
			<trkpt lat="47.377670" lon="-1.083310"><ele>7</ele><time>2026-03-01T10:46:00Z</time></trkpt>
			<trkpt lat="47.377970" lon="-1.083250"><ele>7</ele><time>2026-03-01T10:46:12Z</time></trkpt>
			<trkpt lat="47.378340" lon="-1.083190"><ele>7</ele><time>2026-03-01T10:46:24Z</time></trkpt>
			<trkpt lat="47.378510" lon="-1.083190"><ele>7</ele><time>2026-03-01T10:46:36Z</time></trkpt>
			<trkpt lat="47.379250" lon="-1.083250"><ele>8</ele><time>2026-03-01T10:46:48Z</time></trkpt>
			<trkpt lat="47.379760" lon="-1.083310"><ele>8</ele><time>2026-03-01T10:47:00Z</time></trkpt>
			<trkpt lat="47.379880" lon="-1.083360"><ele>8</ele><time>2026-03-01T10:47:12Z</time></trkpt>
			<trkpt lat="47.379950" lon="-1.083440"><ele>8</ele><time>2026-03-01T10:47:24Z</time></trkpt>
			<trkpt lat="47.379980" lon="-1.083510"><ele>8</ele><time>2026-03-01T10:47:36Z</time></trkpt>
			<trkpt lat="47.380030" lon="-1.083710"><ele>8</ele><time>2026-03-01T10:47:48Z</time></trkpt>
			<trkpt lat="47.380320" lon="-1.085520"><ele>10</ele><time>2026-03-01T10:48:00Z</time></trkpt>
			<trkpt lat="47.380350" lon="-1.085620"><ele>10</ele><time>2026-03-01T10:48:12Z</time></trkpt>
			<trkpt lat="47.380380" lon="-1.085700"><ele>10</ele><time>2026-03-01T10:48:24Z</time></trkpt>
			<trkpt lat="47.380410" lon="-1.085730"><ele>10</ele><time>2026-03-01T10:48:36Z</time></trkpt>
			<trkpt lat="47.380470" lon="-1.085780"><ele>10</ele><time>2026-03-01T10:48:48Z</time></trkpt>
			<trkpt lat="47.380630" lon="-1.085840"><ele>10</ele><time>2026-03-01T10:49:00Z</time></trkpt>
			<trkpt lat="47.381220" lon="-1.085930"><ele>11</ele><time>2026-03-01T10:49:12Z</time></trkpt>
			<trkpt lat="47.381610" lon="-1.085980"><ele>10</ele><time>2026-03-01T10:49:24Z</time></trkpt>
			<trkpt lat="47.382050" lon="-1.086030"><ele>10</ele><time>2026-03-01T10:49:36Z</time></trkpt>
			<trkpt lat="47.382870" lon="-1.086130"><ele>10</ele><time>2026-03-01T10:49:48Z</time></trkpt>
			<trkpt lat="47.382970" lon="-1.086150"><ele>10</ele><time>2026-03-01T10:50:00Z</time></trkpt>
			<trkpt lat="47.383030" lon="-1.087090"><ele>11</ele><time>2026-03-01T10:50:12Z</time></trkpt>
			<trkpt lat="47.383200" lon="-1.088210"><ele>11</ele><time>2026-03-01T10:50:24Z</time></trkpt>
			<trkpt lat="47.383220" lon="-1.088500"><ele>11</ele><time>2026-03-01T10:50:36Z</time></trkpt>
			<trkpt lat="47.383220" lon="-1.088770"><ele>12</ele><time>2026-03-01T10:50:48Z</time></trkpt>
			<trkpt lat="47.383210" lon="-1.089000"><ele>12</ele><time>2026-03-01T10:51:00Z</time></trkpt>
			<trkpt lat="47.383190" lon="-1.089230"><ele>12</ele><time>2026-03-01T10:51:12Z</time></trkpt>
			<trkpt lat="47.383050" lon="-1.090400"><ele>13</ele><time>2026-03-01T10:51:24Z</time></trkpt>
			<trkpt lat="47.383020" lon="-1.090570"><ele>13</ele><time>2026-03-01T10:51:36Z</time></trkpt>
			<trkpt lat="47.382860" lon="-1.091300"><ele>12</ele><time>2026-03-01T10:51:48Z</time></trkpt>
			<trkpt lat="47.382840" lon="-1.091370"><ele>12</ele><time>2026-03-01T10:52:00Z</time></trkpt>
			<trkpt lat="47.382750" lon="-1.091750"><ele>12</ele><time>2026-03-01T10:52:12Z</time></trkpt>
			<trkpt lat="47.382690" lon="-1.092000"><ele>12</ele><time>2026-03-01T10:52:24Z</time></trkpt>
			<trkpt lat="47.382670" lon="-1.092170"><ele>12</ele><time>2026-03-01T10:52:36Z</time></trkpt>
			<trkpt lat="47.382610" lon="-1.092680"><ele>13</ele><time>2026-03-01T10:52:48Z</time></trkpt>
			<trkpt lat="47.382530" lon="-1.093520"><ele>14</ele><time>2026-03-01T10:53:00Z</time></trkpt>
			<trkpt lat="47.382490" lon="-1.093900"><ele>15</ele><time>2026-03-01T10:53:12Z</time></trkpt>
			<trkpt lat="47.382410" lon="-1.094430"><ele>15</ele><time>2026-03-01T10:53:24Z</time></trkpt>
			<trkpt lat="47.382320" lon="-1.094860"><ele>15</ele><time>2026-03-01T10:53:36Z</time></trkpt>
			<trkpt lat="47.382270" lon="-1.095080"><ele>15</ele><time>2026-03-01T10:53:48Z</time></trkpt>
			<trkpt lat="47.382220" lon="-1.095420"><ele>15</ele><time>2026-03-01T10:54:00Z</time></trkpt>
			<trkpt lat="47.382160" lon="-1.095900"><ele>15</ele><time>2026-03-01T10:54:12Z</time></trkpt>
			<trkpt lat="47.382130" lon="-1.096170"><ele>16</ele><time>2026-03-01T10:54:24Z</time></trkpt>
			<trkpt lat="47.382070" lon="-1.096730"><ele>16</ele><time>2026-03-01T10:54:36Z</time></trkpt>
			<trkpt lat="47.382010" lon="-1.097260"><ele>16</ele><time>2026-03-01T10:54:48Z</time></trkpt>
			<trkpt lat="47.381960" lon="-1.097600"><ele>16</ele><time>2026-03-01T10:55:00Z</time></trkpt>
			<trkpt lat="47.381910" lon="-1.097800"><ele>16</ele><time>2026-03-01T10:55:12Z</time></trkpt>
			<trkpt lat="47.381770" lon="-1.098470"><ele>16</ele><time>2026-03-01T10:55:24Z</time></trkpt>
			<trkpt lat="47.381660" lon="-1.098970"><ele>16</ele><time>2026-03-01T10:55:36Z</time></trkpt>
			<trkpt lat="47.381640" lon="-1.099120"><ele>16</ele><time>2026-03-01T10:55:48Z</time></trkpt>
			<trkpt lat="47.381640" lon="-1.099230"><ele>16</ele><time>2026-03-01T10:56:00Z</time></trkpt>
			<trkpt lat="47.381650" lon="-1.099350"><ele>16</ele><time>2026-03-01T10:56:12Z</time></trkpt>
			<trkpt lat="47.381700" lon="-1.099500"><ele>16</ele><time>2026-03-01T10:56:24Z</time></trkpt>
			<trkpt lat="47.381780" lon="-1.099770"><ele>17</ele><time>2026-03-01T10:56:36Z</time></trkpt>
			<trkpt lat="47.381810" lon="-1.099870"><ele>17</ele><time>2026-03-01T10:56:48Z</time></trkpt>
			<trkpt lat="47.381820" lon="-1.099980"><ele>18</ele><time>2026-03-01T10:57:00Z</time></trkpt>
			<trkpt lat="47.381820" lon="-1.100090"><ele>18</ele><time>2026-03-01T10:57:12Z</time></trkpt>
			<trkpt lat="47.381800" lon="-1.100240"><ele>18</ele><time>2026-03-01T10:57:24Z</time></trkpt>
			<trkpt lat="47.381780" lon="-1.100390"><ele>18</ele><time>2026-03-01T10:57:36Z</time></trkpt>
			<trkpt lat="47.381540" lon="-1.101840"><ele>21</ele><time>2026-03-01T10:57:48Z</time></trkpt>
			<trkpt lat="47.381520" lon="-1.102080"><ele>22</ele><time>2026-03-01T10:58:00Z</time></trkpt>
			<trkpt lat="47.381530" lon="-1.102170"><ele>22</ele><time>2026-03-01T10:58:12Z</time></trkpt>
			<trkpt lat="47.381560" lon="-1.102270"><ele>22</ele><time>2026-03-01T10:58:24Z</time></trkpt>
			<trkpt lat="47.381600" lon="-1.102340"><ele>22</ele><time>2026-03-01T10:58:36Z</time></trkpt>
			<trkpt lat="47.381660" lon="-1.102400"><ele>23</ele><time>2026-03-01T10:58:48Z</time></trkpt>
			<trkpt lat="47.381760" lon="-1.102490"><ele>23</ele><time>2026-03-01T10:59:00Z</time></trkpt>
			<trkpt lat="47.381860" lon="-1.102530"><ele>23</ele><time>2026-03-01T10:59:12Z</time></trkpt>
			<trkpt lat="47.381950" lon="-1.102540"><ele>23</ele><time>2026-03-01T10:59:24Z</time></trkpt>
			<trkpt lat="47.382230" lon="-1.102520"><ele>24</ele><time>2026-03-01T10:59:36Z</time></trkpt>
			<trkpt lat="47.382320" lon="-1.102520"><ele>24</ele><time>2026-03-01T10:59:48Z</time></trkpt>
			<trkpt lat="47.382550" lon="-1.102510"><ele>24</ele><time>2026-03-01T11:00:00Z</time></trkpt>
			<trkpt lat="47.382660" lon="-1.102500"><ele>24</ele><time>2026-03-01T11:00:12Z</time></trkpt>
			<trkpt lat="47.382750" lon="-1.102470"><ele>25</ele><time>2026-03-01T11:00:24Z</time></trkpt>
			<trkpt lat="47.383060" lon="-1.102460"><ele>25</ele><time>2026-03-01T11:00:36Z</time></trkpt>
			<trkpt lat="47.383460" lon="-1.102410"><ele>26</ele><time>2026-03-01T11:00:48Z</time></trkpt>
			<trkpt lat="47.383860" lon="-1.102380"><ele>27</ele><time>2026-03-01T11:01:00Z</time></trkpt>
			<trkpt lat="47.384280" lon="-1.102350"><ele>28</ele><time>2026-03-01T11:01:12Z</time></trkpt>
			<trkpt lat="47.384410" lon="-1.102330"><ele>29</ele><time>2026-03-01T11:01:24Z</time></trkpt>
			<trkpt lat="47.384470" lon="-1.102340"><ele>29</ele><time>2026-03-01T11:01:36Z</time></trkpt>
			<trkpt lat="47.384540" lon="-1.102390"><ele>29</ele><time>2026-03-01T11:01:48Z</time></trkpt>
			<trkpt lat="47.384660" lon="-1.102310"><ele>29</ele><time>2026-03-01T11:02:00Z</time></trkpt>
			<trkpt lat="47.384850" lon="-1.102300"><ele>29</ele><time>2026-03-01T11:02:12Z</time></trkpt>
			<trkpt lat="47.384930" lon="-1.102220"><ele>30</ele><time>2026-03-01T11:02:24Z</time></trkpt>
			<trkpt lat="47.384980" lon="-1.102170"><ele>30</ele><time>2026-03-01T11:02:36Z</time></trkpt>
			<trkpt lat="47.385030" lon="-1.102100"><ele>30</ele><time>2026-03-01T11:02:48Z</time></trkpt>
			<trkpt lat="47.385050" lon="-1.102040"><ele>29</ele><time>2026-03-01T11:03:00Z</time></trkpt>
			<trkpt lat="47.385090" lon="-1.102000"><ele>29</ele><time>2026-03-01T11:03:12Z</time></trkpt>
			<trkpt lat="47.385130" lon="-1.101980"><ele>29</ele><time>2026-03-01T11:03:24Z</time></trkpt>
			<trkpt lat="47.385180" lon="-1.101990"><ele>30</ele><time>2026-03-01T11:03:36Z</time></trkpt>
			<trkpt lat="47.385200" lon="-1.102010"><ele>30</ele><time>2026-03-01T11:03:48Z</time></trkpt>
			<trkpt lat="47.385240" lon="-1.102050"><ele>30</ele><time>2026-03-01T11:04:00Z</time></trkpt>
			<trkpt lat="47.385260" lon="-1.102090"><ele>30</ele><time>2026-03-01T11:04:12Z</time></trkpt>
			<trkpt lat="47.385270" lon="-1.102110"><ele>30</ele><time>2026-03-01T11:04:24Z</time></trkpt>
			<trkpt lat="47.385360" lon="-1.102230"><ele>30</ele><time>2026-03-01T11:04:36Z</time></trkpt>
			<trkpt lat="47.385640" lon="-1.102270"><ele>30</ele><time>2026-03-01T11:04:48Z</time></trkpt>
			<trkpt lat="47.386260" lon="-1.102350"><ele>30</ele><time>2026-03-01T11:05:00Z</time></trkpt>
			<trkpt lat="47.387300" lon="-1.102760"><ele>28</ele><time>2026-03-01T11:05:12Z</time></trkpt>
			<trkpt lat="47.387430" lon="-1.102810"><ele>27</ele><time>2026-03-01T11:05:24Z</time></trkpt>
			<trkpt lat="47.387820" lon="-1.102960"><ele>26</ele><time>2026-03-01T11:05:36Z</time></trkpt>
			<trkpt lat="47.388370" lon="-1.103290"><ele>23</ele><time>2026-03-01T11:05:48Z</time></trkpt>
			<trkpt lat="47.388510" lon="-1.103400"><ele>22</ele><time>2026-03-01T11:06:00Z</time></trkpt>
			<trkpt lat="47.388620" lon="-1.103570"><ele>21</ele><time>2026-03-01T11:06:12Z</time></trkpt>
			<trkpt lat="47.388690" lon="-1.103690"><ele>21</ele><time>2026-03-01T11:06:24Z</time></trkpt>
			<trkpt lat="47.388920" lon="-1.104250"><ele>20</ele><time>2026-03-01T11:06:36Z</time></trkpt>
			<trkpt lat="47.389020" lon="-1.104470"><ele>19</ele><time>2026-03-01T11:06:48Z</time></trkpt>
			<trkpt lat="47.389070" lon="-1.104600"><ele>18</ele><time>2026-03-01T11:07:00Z</time></trkpt>
			<trkpt lat="47.389300" lon="-1.104890"><ele>16</ele><time>2026-03-01T11:07:12Z</time></trkpt>
			<trkpt lat="47.389320" lon="-1.104920"><ele>16</ele><time>2026-03-01T11:07:24Z</time></trkpt>
			<trkpt lat="47.390130" lon="-1.105640"><ele>12</ele><time>2026-03-01T11:07:36Z</time></trkpt>
			<trkpt lat="47.390250" lon="-1.105850"><ele>12</ele><time>2026-03-01T11:07:48Z</time></trkpt>
			<trkpt lat="47.390290" lon="-1.106000"><ele>12</ele><time>2026-03-01T11:08:00Z</time></trkpt>
			<trkpt lat="47.390320" lon="-1.106190"><ele>11</ele><time>2026-03-01T11:08:12Z</time></trkpt>
			<trkpt lat="47.390300" lon="-1.106480"><ele>11</ele><time>2026-03-01T11:08:24Z</time></trkpt>
			<trkpt lat="47.390050" lon="-1.107540"><ele>11</ele><time>2026-03-01T11:08:36Z</time></trkpt>
			<trkpt lat="47.389920" lon="-1.108070"><ele>12</ele><time>2026-03-01T11:08:48Z</time></trkpt>
			<trkpt lat="47.389560" lon="-1.110440"><ele>12</ele><time>2026-03-01T11:09:00Z</time></trkpt>
			<trkpt lat="47.389420" lon="-1.111040"><ele>12</ele><time>2026-03-01T11:09:12Z</time></trkpt>
			<trkpt lat="47.389260" lon="-1.111730"><ele>12</ele><time>2026-03-01T11:09:24Z</time></trkpt>
			<trkpt lat="47.389190" lon="-1.112140"><ele>11</ele><time>2026-03-01T11:09:36Z</time></trkpt>
			<trkpt lat="47.389120" lon="-1.112740"><ele>11</ele><time>2026-03-01T11:09:48Z</time></trkpt>
			<trkpt lat="47.389110" lon="-1.113060"><ele>11</ele><time>2026-03-01T11:10:00Z</time></trkpt>
			<trkpt lat="47.389150" lon="-1.113240"><ele>11</ele><time>2026-03-01T11:10:12Z</time></trkpt>
			<trkpt lat="47.389180" lon="-1.113330"><ele>11</ele><time>2026-03-01T11:10:24Z</time></trkpt>
			<trkpt lat="47.389340" lon="-1.113540"><ele>10</ele><time>2026-03-01T11:10:36Z</time></trkpt>
			<trkpt lat="47.389560" lon="-1.113630"><ele>9</ele><time>2026-03-01T11:10:48Z</time></trkpt>
			<trkpt lat="47.389810" lon="-1.113700"><ele>9</ele><time>2026-03-01T11:11:00Z</time></trkpt>
			<trkpt lat="47.390580" lon="-1.113890"><ele>9</ele><time>2026-03-01T11:11:12Z</time></trkpt>
			<trkpt lat="47.390680" lon="-1.113990"><ele>10</ele><time>2026-03-01T11:11:24Z</time></trkpt>
			<trkpt lat="47.390750" lon="-1.114160"><ele>10</ele><time>2026-03-01T11:11:36Z</time></trkpt>
			<trkpt lat="47.390760" lon="-1.114320"><ele>10</ele><time>2026-03-01T11:11:48Z</time></trkpt>
			<trkpt lat="47.390720" lon="-1.114750"><ele>11</ele><time>2026-03-01T11:12:00Z</time></trkpt>
			<trkpt lat="47.390730" lon="-1.115030"><ele>11</ele><time>2026-03-01T11:12:12Z</time></trkpt>
			<trkpt lat="47.390750" lon="-1.115140"><ele>11</ele><time>2026-03-01T11:12:24Z</time></trkpt>
			<trkpt lat="47.390790" lon="-1.115360"><ele>11</ele><time>2026-03-01T11:12:36Z</time></trkpt>
			<trkpt lat="47.390960" lon="-1.115980"><ele>11</ele><time>2026-03-01T11:12:48Z</time></trkpt>
			<trkpt lat="47.391510" lon="-1.117930"><ele>9</ele><time>2026-03-01T11:13:00Z</time></trkpt>
			<trkpt lat="47.391600" lon="-1.118190"><ele>10</ele><time>2026-03-01T11:13:12Z</time></trkpt>
			<trkpt lat="47.391690" lon="-1.118380"><ele>10</ele><time>2026-03-01T11:13:24Z</time></trkpt>
			<trkpt lat="47.392040" lon="-1.118970"><ele>11</ele><time>2026-03-01T11:13:36Z</time></trkpt>
			<trkpt lat="47.392100" lon="-1.119120"><ele>11</ele><time>2026-03-01T11:13:48Z</time></trkpt>
			<trkpt lat="47.392290" lon="-1.119150"><ele>12</ele><time>2026-03-01T11:14:00Z</time></trkpt>
			<trkpt lat="47.393340" lon="-1.119730"><ele>14</ele><time>2026-03-01T11:14:12Z</time></trkpt>
			<trkpt lat="47.393480" lon="-1.119810"><ele>14</ele><time>2026-03-01T11:14:24Z</time></trkpt>
			<trkpt lat="47.394510" lon="-1.120400"><ele>15</ele><time>2026-03-01T11:14:36Z</time></trkpt>
			<trkpt lat="47.395080" lon="-1.120740"><ele>17</ele><time>2026-03-01T11:14:48Z</time></trkpt>
			<trkpt lat="47.395230" lon="-1.120850"><ele>17</ele><time>2026-03-01T11:15:00Z</time></trkpt>
			<trkpt lat="47.395360" lon="-1.120970"><ele>18</ele><time>2026-03-01T11:15:12Z</time></trkpt>
			<trkpt lat="47.395790" lon="-1.121440"><ele>18</ele><time>2026-03-01T11:15:24Z</time></trkpt>
			<trkpt lat="47.396090" lon="-1.121670"><ele>18</ele><time>2026-03-01T11:15:36Z</time></trkpt>
			<trkpt lat="47.396330" lon="-1.121790"><ele>17</ele><time>2026-03-01T11:15:48Z</time></trkpt>
			<trkpt lat="47.396550" lon="-1.121870"><ele>17</ele><time>2026-03-01T11:16:00Z</time></trkpt>
			<trkpt lat="47.396810" lon="-1.121890"><ele>17</ele><time>2026-03-01T11:16:12Z</time></trkpt>
			<trkpt lat="47.397120" lon="-1.121850"><ele>17</ele><time>2026-03-01T11:16:24Z</time></trkpt>
			<trkpt lat="47.398100" lon="-1.121510"><ele>19</ele><time>2026-03-01T11:16:36Z</time></trkpt>
			<trkpt lat="47.398170" lon="-1.121520"><ele>20</ele><time>2026-03-01T11:16:48Z</time></trkpt>
			<trkpt lat="47.398290" lon="-1.121530"><ele>20</ele><time>2026-03-01T11:17:00Z</time></trkpt>
			<trkpt lat="47.398690" lon="-1.121720"><ele>20</ele><time>2026-03-01T11:17:12Z</time></trkpt>
			<trkpt lat="47.398440" lon="-1.122740"><ele>20</ele><time>2026-03-01T11:17:24Z</time></trkpt>
			<trkpt lat="47.398320" lon="-1.123250"><ele>19</ele><time>2026-03-01T11:17:36Z</time></trkpt>
			<trkpt lat="47.398180" lon="-1.123680"><ele>19</ele><time>2026-03-01T11:17:48Z</time></trkpt>
			<trkpt lat="47.398070" lon="-1.123960"><ele>18</ele><time>2026-03-01T11:18:00Z</time></trkpt>
			<trkpt lat="47.397900" lon="-1.124310"><ele>18</ele><time>2026-03-01T11:18:12Z</time></trkpt>
			<trkpt lat="47.397660" lon="-1.124720"><ele>19</ele><time>2026-03-01T11:18:24Z</time></trkpt>
			<trkpt lat="47.397520" lon="-1.124950"><ele>20</ele><time>2026-03-01T11:18:36Z</time></trkpt>
			<trkpt lat="47.397070" lon="-1.125560"><ele>19</ele><time>2026-03-01T11:18:48Z</time></trkpt>
			<trkpt lat="47.396050" lon="-1.126870"><ele>17</ele><time>2026-03-01T11:19:00Z</time></trkpt>
			<trkpt lat="47.395800" lon="-1.127090"><ele>16</ele><time>2026-03-01T11:19:12Z</time></trkpt>
			<trkpt lat="47.395480" lon="-1.127340"><ele>16</ele><time>2026-03-01T11:19:24Z</time></trkpt>
			<trkpt lat="47.395450" lon="-1.127360"><ele>16</ele><time>2026-03-01T11:19:36Z</time></trkpt>
			<trkpt lat="47.394610" lon="-1.127960"><ele>15</ele><time>2026-03-01T11:19:48Z</time></trkpt>
			<trkpt lat="47.394470" lon="-1.128110"><ele>14</ele><time>2026-03-01T11:20:00Z</time></trkpt>
			<trkpt lat="47.394330" lon="-1.128250"><ele>14</ele><time>2026-03-01T11:20:12Z</time></trkpt>
			<trkpt lat="47.394150" lon="-1.128520"><ele>14</ele><time>2026-03-01T11:20:24Z</time></trkpt>
			<trkpt lat="47.393630" lon="-1.129420"><ele>15</ele><time>2026-03-01T11:20:36Z</time></trkpt>
			<trkpt lat="47.393500" lon="-1.129610"><ele>15</ele><time>2026-03-01T11:20:48Z</time></trkpt>
			<trkpt lat="47.393390" lon="-1.129750"><ele>15</ele><time>2026-03-01T11:21:00Z</time></trkpt>
			<trkpt lat="47.392730" lon="-1.130510"><ele>15</ele><time>2026-03-01T11:21:12Z</time></trkpt>
			<trkpt lat="47.392260" lon="-1.131000"><ele>15</ele><time>2026-03-01T11:21:24Z</time></trkpt>
			<trkpt lat="47.390530" lon="-1.132990"><ele>15</ele><time>2026-03-01T11:21:36Z</time></trkpt>
			<trkpt lat="47.389840" lon="-1.133790"><ele>15</ele><time>2026-03-01T11:21:48Z</time></trkpt>
			<trkpt lat="47.389600" lon="-1.134050"><ele>16</ele><time>2026-03-01T11:22:00Z</time></trkpt>
			<trkpt lat="47.389290" lon="-1.134320"><ele>18</ele><time>2026-03-01T11:22:12Z</time></trkpt>
			<trkpt lat="47.388100" lon="-1.135160"><ele>22</ele><time>2026-03-01T11:22:24Z</time></trkpt>
			<trkpt lat="47.386550" lon="-1.136240"><ele>24</ele><time>2026-03-01T11:22:36Z</time></trkpt>
			<trkpt lat="47.386150" lon="-1.136580"><ele>24</ele><time>2026-03-01T11:22:48Z</time></trkpt>
			<trkpt lat="47.386020" lon="-1.136710"><ele>24</ele><time>2026-03-01T11:23:00Z</time></trkpt>
			<trkpt lat="47.385600" lon="-1.137140"><ele>23</ele><time>2026-03-01T11:23:12Z</time></trkpt>
			<trkpt lat="47.385420" lon="-1.137370"><ele>23</ele><time>2026-03-01T11:23:24Z</time></trkpt>
			<trkpt lat="47.385280" lon="-1.137590"><ele>24</ele><time>2026-03-01T11:23:36Z</time></trkpt>
			<trkpt lat="47.385120" lon="-1.137910"><ele>24</ele><time>2026-03-01T11:23:48Z</time></trkpt>
			<trkpt lat="47.384970" lon="-1.138270"><ele>24</ele><time>2026-03-01T11:24:00Z</time></trkpt>
			<trkpt lat="47.384680" lon="-1.139010"><ele>24</ele><time>2026-03-01T11:24:12Z</time></trkpt>
			<trkpt lat="47.384470" lon="-1.139450"><ele>24</ele><time>2026-03-01T11:24:24Z</time></trkpt>
			<trkpt lat="47.383780" lon="-1.140670"><ele>23</ele><time>2026-03-01T11:24:36Z</time></trkpt>
			<trkpt lat="47.383300" lon="-1.141520"><ele>24</ele><time>2026-03-01T11:24:48Z</time></trkpt>
			<trkpt lat="47.383000" lon="-1.142180"><ele>23</ele><time>2026-03-01T11:25:00Z</time></trkpt>
			<trkpt lat="47.382450" lon="-1.143590"><ele>26</ele><time>2026-03-01T11:25:12Z</time></trkpt>
			<trkpt lat="47.382360" lon="-1.143860"><ele>26</ele><time>2026-03-01T11:25:24Z</time></trkpt>
			<trkpt lat="47.382290" lon="-1.144090"><ele>26</ele><time>2026-03-01T11:25:36Z</time></trkpt>
			<trkpt lat="47.381930" lon="-1.145630"><ele>24</ele><time>2026-03-01T11:25:48Z</time></trkpt>
			<trkpt lat="47.381650" lon="-1.146770"><ele>24</ele><time>2026-03-01T11:26:00Z</time></trkpt>
			<trkpt lat="47.381660" lon="-1.146920"><ele>23</ele><time>2026-03-01T11:26:12Z</time></trkpt>
			<trkpt lat="47.381690" lon="-1.147070"><ele>23</ele><time>2026-03-01T11:26:24Z</time></trkpt>
			<trkpt lat="47.381350" lon="-1.147470"><ele>23</ele><time>2026-03-01T11:26:36Z</time></trkpt>
			<trkpt lat="47.380750" lon="-1.148250"><ele>25</ele><time>2026-03-01T11:26:48Z</time></trkpt>
			<trkpt lat="47.380610" lon="-1.148420"><ele>25</ele><time>2026-03-01T11:27:00Z</time></trkpt>
			<trkpt lat="47.380130" lon="-1.149020"><ele>25</ele><time>2026-03-01T11:27:12Z</time></trkpt>
			<trkpt lat="47.379450" lon="-1.149860"><ele>25</ele><time>2026-03-01T11:27:24Z</time></trkpt>
			<trkpt lat="47.379160" lon="-1.150190"><ele>26</ele><time>2026-03-01T11:27:36Z</time></trkpt>
			<trkpt lat="47.379000" lon="-1.150320"><ele>27</ele><time>2026-03-01T11:27:48Z</time></trkpt>
			<trkpt lat="47.378430" lon="-1.150710"><ele>28</ele><time>2026-03-01T11:28:00Z</time></trkpt>
			<trkpt lat="47.377690" lon="-1.151100"><ele>29</ele><time>2026-03-01T11:28:12Z</time></trkpt>
			<trkpt lat="47.377250" lon="-1.151340"><ele>29</ele><time>2026-03-01T11:28:24Z</time></trkpt>
			<trkpt lat="47.376440" lon="-1.151770"><ele>28</ele><time>2026-03-01T11:28:36Z</time></trkpt>
			<trkpt lat="47.376360" lon="-1.151800"><ele>28</ele><time>2026-03-01T11:28:48Z</time></trkpt>
			<trkpt lat="47.376270" lon="-1.151760"><ele>28</ele><time>2026-03-01T11:29:00Z</time></trkpt>
			<trkpt lat="47.376200" lon="-1.151920"><ele>27</ele><time>2026-03-01T11:29:12Z</time></trkpt>
			<trkpt lat="47.373830" lon="-1.157730"><ele>31</ele><time>2026-03-01T11:29:24Z</time></trkpt>
			<trkpt lat="47.373630" lon="-1.158140"><ele>32</ele><time>2026-03-01T11:29:36Z</time></trkpt>
			<trkpt lat="47.373000" lon="-1.159320"><ele>29</ele><time>2026-03-01T11:29:48Z</time></trkpt>
			<trkpt lat="47.372830" lon="-1.159620"><ele>28</ele><time>2026-03-01T11:30:00Z</time></trkpt>
			<trkpt lat="47.372510" lon="-1.160030"><ele>25</ele><time>2026-03-01T11:30:12Z</time></trkpt>
			<trkpt lat="47.372420" lon="-1.160170"><ele>24</ele><time>2026-03-01T11:30:24Z</time></trkpt>
			<trkpt lat="47.372300" lon="-1.160410"><ele>22</ele><time>2026-03-01T11:30:36Z</time></trkpt>
			<trkpt lat="47.372210" lon="-1.160660"><ele>20</ele><time>2026-03-01T11:30:48Z</time></trkpt>
			<trkpt lat="47.372170" lon="-1.160840"><ele>20</ele><time>2026-03-01T11:31:00Z</time></trkpt>
			<trkpt lat="47.371910" lon="-1.162480"><ele>17</ele><time>2026-03-01T11:31:12Z</time></trkpt>
			<trkpt lat="47.371880" lon="-1.162670"><ele>16</ele><time>2026-03-01T11:31:24Z</time></trkpt>
			<trkpt lat="47.371720" lon="-1.163660"><ele>13</ele><time>2026-03-01T11:31:36Z</time></trkpt>
			<trkpt lat="47.371700" lon="-1.163770"><ele>13</ele><time>2026-03-01T11:31:48Z</time></trkpt>
			<trkpt lat="47.371600" lon="-1.164410"><ele>11</ele><time>2026-03-01T11:32:00Z</time></trkpt>
			<trkpt lat="47.371590" lon="-1.164610"><ele>11</ele><time>2026-03-01T11:32:12Z</time></trkpt>
			<trkpt lat="47.371590" lon="-1.164680"><ele>11</ele><time>2026-03-01T11:32:24Z</time></trkpt>
			<trkpt lat="47.371600" lon="-1.164900"><ele>10</ele><time>2026-03-01T11:32:36Z</time></trkpt>
			<trkpt lat="47.371630" lon="-1.165100"><ele>10</ele><time>2026-03-01T11:32:48Z</time></trkpt>
			<trkpt lat="47.371700" lon="-1.165350"><ele>10</ele><time>2026-03-01T11:33:00Z</time></trkpt>
			<trkpt lat="47.371770" lon="-1.165550"><ele>10</ele><time>2026-03-01T11:33:12Z</time></trkpt>
			<trkpt lat="47.372170" lon="-1.166480"><ele>9</ele><time>2026-03-01T11:33:24Z</time></trkpt>
			<trkpt lat="47.372340" lon="-1.166800"><ele>10</ele><time>2026-03-01T11:33:36Z</time></trkpt>
			<trkpt lat="47.372390" lon="-1.166890"><ele>10</ele><time>2026-03-01T11:33:48Z</time></trkpt>
			<trkpt lat="47.372440" lon="-1.166950"><ele>10</ele><time>2026-03-01T11:34:00Z</time></trkpt>
			<trkpt lat="47.372500" lon="-1.167000"><ele>10</ele><time>2026-03-01T11:34:12Z</time></trkpt>
			<trkpt lat="47.372570" lon="-1.167050"><ele>11</ele><time>2026-03-01T11:34:24Z</time></trkpt>
			<trkpt lat="47.372620" lon="-1.167050"><ele>11</ele><time>2026-03-01T11:34:36Z</time></trkpt>
			<trkpt lat="47.372670" lon="-1.167070"><ele>11</ele><time>2026-03-01T11:34:48Z</time></trkpt>
			<trkpt lat="47.372710" lon="-1.167100"><ele>11</ele><time>2026-03-01T11:35:00Z</time></trkpt>
			<trkpt lat="47.372760" lon="-1.167170"><ele>12</ele><time>2026-03-01T11:35:12Z</time></trkpt>
			<trkpt lat="47.372790" lon="-1.167260"><ele>12</ele><time>2026-03-01T11:35:24Z</time></trkpt>
			<trkpt lat="47.372800" lon="-1.167360"><ele>13</ele><time>2026-03-01T11:35:36Z</time></trkpt>
			<trkpt lat="47.372790" lon="-1.167420"><ele>13</ele><time>2026-03-01T11:35:48Z</time></trkpt>
			<trkpt lat="47.372780" lon="-1.167480"><ele>13</ele><time>2026-03-01T11:36:00Z</time></trkpt>
			<trkpt lat="47.372760" lon="-1.167610"><ele>13</ele><time>2026-03-01T11:36:12Z</time></trkpt>
			<trkpt lat="47.372770" lon="-1.167720"><ele>14</ele><time>2026-03-01T11:36:24Z</time></trkpt>
			<trkpt lat="47.372850" lon="-1.168070"><ele>15</ele><time>2026-03-01T11:36:36Z</time></trkpt>
			<trkpt lat="47.372890" lon="-1.168400"><ele>17</ele><time>2026-03-01T11:36:48Z</time></trkpt>
			<trkpt lat="47.372910" lon="-1.168870"><ele>18</ele><time>2026-03-01T11:37:00Z</time></trkpt>
			<trkpt lat="47.372880" lon="-1.171930"><ele>21</ele><time>2026-03-01T11:37:12Z</time></trkpt>
			<trkpt lat="47.372880" lon="-1.172500"><ele>21</ele><time>2026-03-01T11:37:24Z</time></trkpt>
			<trkpt lat="47.372900" lon="-1.172940"><ele>21</ele><time>2026-03-01T11:37:36Z</time></trkpt>
			<trkpt lat="47.372920" lon="-1.173340"><ele>22</ele><time>2026-03-01T11:37:48Z</time></trkpt>
			<trkpt lat="47.372960" lon="-1.173850"><ele>21</ele><time>2026-03-01T11:38:00Z</time></trkpt>
			<trkpt lat="47.372990" lon="-1.174050"><ele>22</ele><time>2026-03-01T11:38:12Z</time></trkpt>
			<trkpt lat="47.373020" lon="-1.174200"><ele>22</ele><time>2026-03-01T11:38:24Z</time></trkpt>
			<trkpt lat="47.373040" lon="-1.174430"><ele>21</ele><time>2026-03-01T11:38:36Z</time></trkpt>
			<trkpt lat="47.373040" lon="-1.174526"><ele>21</ele><time>2026-03-01T11:38:48Z</time></trkpt>
			<trkpt lat="47.372057" lon="-1.175238"><ele>21</ele><time>2026-03-01T11:39:00Z</time></trkpt>
			<trkpt lat="47.371074" lon="-1.175949"><ele>21</ele><time>2026-03-01T11:39:12Z</time></trkpt>
			<trkpt lat="47.370091" lon="-1.176660"><ele>21</ele><time>2026-03-01T11:39:24Z</time></trkpt>
			<trkpt lat="47.369108" lon="-1.177372"><ele>21</ele><time>2026-03-01T11:39:36Z</time></trkpt>
			<trkpt lat="47.368125" lon="-1.178083"><ele>21</ele><time>2026-03-01T11:39:48Z</time></trkpt>
			<trkpt lat="47.367142" lon="-1.178795"><ele>21</ele><time>2026-03-01T11:40:00Z</time></trkpt>
			<trkpt lat="47.366159" lon="-1.179506"><ele>21</ele><time>2026-03-01T11:40:12Z</time></trkpt>
			<trkpt lat="47.365176" lon="-1.180217"><ele>21</ele><time>2026-03-01T11:40:24Z</time></trkpt>
			<trkpt lat="47.364193" lon="-1.180929"><ele>21</ele><time>2026-03-01T11:40:36Z</time></trkpt>
			<trkpt lat="47.363210" lon="-1.181640"><ele>21</ele><time>2026-03-01T11:40:48Z</time></trkpt>
		</trkseg>
	</trk>
</gpx>
