<?xml version="1.0" encoding="UTF-8" ?>
<gpx version="1.1" xmlns:xsi="http://www.w3.org/2001/XMLSchema-instance"
    xmlns="http://www.topografix.com/GPX/1/1"
    xsi:schemaLocation="http://www.topografix.com/GPX/1/1 http://www.topografix.com/GPX/1/1/gpx.xsd"
    creator="Club'O'Clock — jeu de démonstration">
	<trk>
		<name>Nord-Est 85 km</name>
		<trkseg>
			<trkpt lat="47.363210" lon="-1.181640"><ele>23</ele><time>2026-03-01T08:00:00Z</time></trkpt>
			<trkpt lat="47.364351" lon="-1.181483"><ele>23</ele><time>2026-03-01T08:00:12Z</time></trkpt>
			<trkpt lat="47.365492" lon="-1.181326"><ele>23</ele><time>2026-03-01T08:00:24Z</time></trkpt>
			<trkpt lat="47.366633" lon="-1.181169"><ele>23</ele><time>2026-03-01T08:00:36Z</time></trkpt>
			<trkpt lat="47.367774" lon="-1.181011"><ele>23</ele><time>2026-03-01T08:00:48Z</time></trkpt>
			<trkpt lat="47.368915" lon="-1.180854"><ele>23</ele><time>2026-03-01T08:01:00Z</time></trkpt>
			<trkpt lat="47.370056" lon="-1.180697"><ele>23</ele><time>2026-03-01T08:01:12Z</time></trkpt>
			<trkpt lat="47.371197" lon="-1.180540"><ele>23</ele><time>2026-03-01T08:01:24Z</time></trkpt>
			<trkpt lat="47.372338" lon="-1.180383"><ele>23</ele><time>2026-03-01T08:01:36Z</time></trkpt>
			<trkpt lat="47.373479" lon="-1.180226"><ele>23</ele><time>2026-03-01T08:01:48Z</time></trkpt>
			<trkpt lat="47.374620" lon="-1.180068"><ele>23</ele><time>2026-03-01T08:02:00Z</time></trkpt>
			<trkpt lat="47.375760" lon="-1.179911"><ele>23</ele><time>2026-03-01T08:02:12Z</time></trkpt>
			<trkpt lat="47.376901" lon="-1.179754"><ele>23</ele><time>2026-03-01T08:02:24Z</time></trkpt>
			<trkpt lat="47.378042" lon="-1.179597"><ele>23</ele><time>2026-03-01T08:02:36Z</time></trkpt>
			<trkpt lat="47.379183" lon="-1.179440"><ele>23</ele><time>2026-03-01T08:02:48Z</time></trkpt>
			<trkpt lat="47.379510" lon="-1.179500"><ele>24</ele><time>2026-03-01T08:03:00Z</time></trkpt>
			<trkpt lat="47.379660" lon="-1.179520"><ele>24</ele><time>2026-03-01T08:03:12Z</time></trkpt>
			<trkpt lat="47.380180" lon="-1.179540"><ele>24</ele><time>2026-03-01T08:03:24Z</time></trkpt>
			<trkpt lat="47.380540" lon="-1.179470"><ele>23</ele><time>2026-03-01T08:03:36Z</time></trkpt>
			<trkpt lat="47.380830" lon="-1.179380"><ele>23</ele><time>2026-03-01T08:03:48Z</time></trkpt>
			<trkpt lat="47.381320" lon="-1.179210"><ele>21</ele><time>2026-03-01T08:04:00Z</time></trkpt>
			<trkpt lat="47.381600" lon="-1.179150"><ele>20</ele><time>2026-03-01T08:04:12Z</time></trkpt>
			<trkpt lat="47.381780" lon="-1.179150"><ele>20</ele><time>2026-03-01T08:04:24Z</time></trkpt>
			<trkpt lat="47.382090" lon="-1.179170"><ele>21</ele><time>2026-03-01T08:04:36Z</time></trkpt>
			<trkpt lat="47.382620" lon="-1.179240"><ele>21</ele><time>2026-03-01T08:04:48Z</time></trkpt>
			<trkpt lat="47.382790" lon="-1.179250"><ele>21</ele><time>2026-03-01T08:05:00Z</time></trkpt>
			<trkpt lat="47.382930" lon="-1.179270"><ele>20</ele><time>2026-03-01T08:05:12Z</time></trkpt>
			<trkpt lat="47.383180" lon="-1.179300"><ele>20</ele><time>2026-03-01T08:05:24Z</time></trkpt>
			<trkpt lat="47.383820" lon="-1.179370"><ele>20</ele><time>2026-03-01T08:05:36Z</time></trkpt>
			<trkpt lat="47.384280" lon="-1.179430"><ele>21</ele><time>2026-03-01T08:05:48Z</time></trkpt>
			<trkpt lat="47.384510" lon="-1.179460"><ele>20</ele><time>2026-03-01T08:06:00Z</time></trkpt>
			<trkpt lat="47.384620" lon="-1.179470"><ele>20</ele><time>2026-03-01T08:06:12Z</time></trkpt>
			<trkpt lat="47.384890" lon="-1.179500"><ele>20</ele><time>2026-03-01T08:06:24Z</time></trkpt>
			<trkpt lat="47.385280" lon="-1.179550"><ele>20</ele><time>2026-03-01T08:06:36Z</time></trkpt>
			<trkpt lat="47.385560" lon="-1.179620"><ele>20</ele><time>2026-03-01T08:06:48Z</time></trkpt>
			<trkpt lat="47.385780" lon="-1.179670"><ele>20</ele><time>2026-03-01T08:07:00Z</time></trkpt>
			<trkpt lat="47.385920" lon="-1.179710"><ele>20</ele><time>2026-03-01T08:07:12Z</time></trkpt>
			<trkpt lat="47.386350" lon="-1.179820"><ele>21</ele><time>2026-03-01T08:07:24Z</time></trkpt>
			<trkpt lat="47.386500" lon="-1.179840"><ele>21</ele><time>2026-03-01T08:07:36Z</time></trkpt>
			<trkpt lat="47.386660" lon="-1.179860"><ele>21</ele><time>2026-03-01T08:07:48Z</time></trkpt>
			<trkpt lat="47.386810" lon="-1.179880"><ele>21</ele><time>2026-03-01T08:08:00Z</time></trkpt>
			<trkpt lat="47.386940" lon="-1.179900"><ele>21</ele><time>2026-03-01T08:08:12Z</time></trkpt>
			<trkpt lat="47.387240" lon="-1.179910"><ele>21</ele><time>2026-03-01T08:08:24Z</time></trkpt>
			<trkpt lat="47.387620" lon="-1.179920"><ele>21</ele><time>2026-03-01T08:08:36Z</time></trkpt>
			<trkpt lat="47.387760" lon="-1.179920"><ele>21</ele><time>2026-03-01T08:08:48Z</time></trkpt>
			<trkpt lat="47.388510" lon="-1.179910"><ele>21</ele><time>2026-03-01T08:09:00Z</time></trkpt>
			<trkpt lat="47.388980" lon="-1.179930"><ele>20</ele><time>2026-03-01T08:09:12Z</time></trkpt>
			<trkpt lat="47.389270" lon="-1.179990"><ele>20</ele><time>2026-03-01T08:09:24Z</time></trkpt>
			<trkpt lat="47.390040" lon="-1.180180"><ele>18</ele><time>2026-03-01T08:09:36Z</time></trkpt>
			<trkpt lat="47.390270" lon="-1.180220"><ele>18</ele><time>2026-03-01T08:09:48Z</time></trkpt>
			<trkpt lat="47.390660" lon="-1.180230"><ele>17</ele><time>2026-03-01T08:10:00Z</time></trkpt>
			<trkpt lat="47.390900" lon="-1.180220"><ele>16</ele><time>2026-03-01T08:10:12Z</time></trkpt>
			<trkpt lat="47.391060" lon="-1.180140"><ele>15</ele><time>2026-03-01T08:10:24Z</time></trkpt>
			<trkpt lat="47.391110" lon="-1.180010"><ele>15</ele><time>2026-03-01T08:10:36Z</time></trkpt>
			<trkpt lat="47.391180" lon="-1.179870"><ele>14</ele><time>2026-03-01T08:10:48Z</time></trkpt>
			<trkpt lat="47.391220" lon="-1.179770"><ele>14</ele><time>2026-03-01T08:11:00Z</time></trkpt>
			<trkpt lat="47.391260" lon="-1.179760"><ele>14</ele><time>2026-03-01T08:11:12Z</time></trkpt>
			<trkpt lat="47.391330" lon="-1.179760"><ele>14</ele><time>2026-03-01T08:11:24Z</time></trkpt>
			<trkpt lat="47.391350" lon="-1.179870"><ele>14</ele><time>2026-03-01T08:11:36Z</time></trkpt>
			<trkpt lat="47.391380" lon="-1.179940"><ele>13</ele><time>2026-03-01T08:11:48Z</time></trkpt>
			<trkpt lat="47.391420" lon="-1.180010"><ele>13</ele><time>2026-03-01T08:12:00Z</time></trkpt>
			<trkpt lat="47.391440" lon="-1.180050"><ele>13</ele><time>2026-03-01T08:12:12Z</time></trkpt>
			<trkpt lat="47.391550" lon="-1.180120"><ele>12</ele><time>2026-03-01T08:12:24Z</time></trkpt>
			<trkpt lat="47.391660" lon="-1.180120"><ele>12</ele><time>2026-03-01T08:12:36Z</time></trkpt>
			<trkpt lat="47.391900" lon="-1.180030"><ele>11</ele><time>2026-03-01T08:12:48Z</time></trkpt>
			<trkpt lat="47.392430" lon="-1.179790"><ele>9</ele><time>2026-03-01T08:13:00Z</time></trkpt>
			<trkpt lat="47.392590" lon="-1.179700"><ele>9</ele><time>2026-03-01T08:13:12Z</time></trkpt>
			<trkpt lat="47.392650" lon="-1.179690"><ele>9</ele><time>2026-03-01T08:13:24Z</time></trkpt>
			<trkpt lat="47.392870" lon="-1.179630"><ele>9</ele><time>2026-03-01T08:13:36Z</time></trkpt>
			<trkpt lat="47.393270" lon="-1.179740"><ele>9</ele><time>2026-03-01T08:13:48Z</time></trkpt>
			<trkpt lat="47.393640" lon="-1.179880"><ele>10</ele><time>2026-03-01T08:14:00Z</time></trkpt>
			<trkpt lat="47.393840" lon="-1.179970"><ele>11</ele><time>2026-03-01T08:14:12Z</time></trkpt>
			<trkpt lat="47.394040" lon="-1.180090"><ele>12</ele><time>2026-03-01T08:14:24Z</time></trkpt>
			<trkpt lat="47.394480" lon="-1.180440"><ele>13</ele><time>2026-03-01T08:14:36Z</time></trkpt>
			<trkpt lat="47.394530" lon="-1.180490"><ele>13</ele><time>2026-03-01T08:14:48Z</time></trkpt>
			<trkpt lat="47.394830" lon="-1.180090"><ele>14</ele><time>2026-03-01T08:15:00Z</time></trkpt>
			<trkpt lat="47.394960" lon="-1.179940"><ele>14</ele><time>2026-03-01T08:15:12Z</time></trkpt>
			<trkpt lat="47.395350" lon="-1.179580"><ele>16</ele><time>2026-03-01T08:15:24Z</time></trkpt>
			<trkpt lat="47.396060" lon="-1.178940"><ele>20</ele><time>2026-03-01T08:15:36Z</time></trkpt>
			<trkpt lat="47.396330" lon="-1.178710"><ele>21</ele><time>2026-03-01T08:15:48Z</time></trkpt>
			<trkpt lat="47.396490" lon="-1.178550"><ele>22</ele><time>2026-03-01T08:16:00Z</time></trkpt>
			<trkpt lat="47.396780" lon="-1.178220"><ele>23</ele><time>2026-03-01T08:16:12Z</time></trkpt>
			<trkpt lat="47.396900" lon="-1.178060"><ele>24</ele><time>2026-03-01T08:16:24Z</time></trkpt>
			<trkpt lat="47.397020" lon="-1.177890"><ele>24</ele><time>2026-03-01T08:16:36Z</time></trkpt>
			<trkpt lat="47.397400" lon="-1.177440"><ele>26</ele><time>2026-03-01T08:16:48Z</time></trkpt>
			<trkpt lat="47.397460" lon="-1.177370"><ele>26</ele><time>2026-03-01T08:17:00Z</time></trkpt>
			<trkpt lat="47.397680" lon="-1.177210"><ele>26</ele><time>2026-03-01T08:17:12Z</time></trkpt>
			<trkpt lat="47.398080" lon="-1.176950"><ele>26</ele><time>2026-03-01T08:17:24Z</time></trkpt>
			<trkpt lat="47.398330" lon="-1.176760"><ele>27</ele><time>2026-03-01T08:17:36Z</time></trkpt>
			<trkpt lat="47.398480" lon="-1.176640"><ele>27</ele><time>2026-03-01T08:17:48Z</time></trkpt>
			<trkpt lat="47.398970" lon="-1.176320"><ele>27</ele><time>2026-03-01T08:18:00Z</time></trkpt>
			<trkpt lat="47.399040" lon="-1.176260"><ele>27</ele><time>2026-03-01T08:18:12Z</time></trkpt>
			<trkpt lat="47.399580" lon="-1.175700"><ele>26</ele><time>2026-03-01T08:18:24Z</time></trkpt>
			<trkpt lat="47.400300" lon="-1.174930"><ele>23</ele><time>2026-03-01T08:18:36Z</time></trkpt>
			<trkpt lat="47.400400" lon="-1.174830"><ele>22</ele><time>2026-03-01T08:18:48Z</time></trkpt>
			<trkpt lat="47.400480" lon="-1.174760"><ele>22</ele><time>2026-03-01T08:19:00Z</time></trkpt>
			<trkpt lat="47.400730" lon="-1.174640"><ele>20</ele><time>2026-03-01T08:19:12Z</time></trkpt>
			<trkpt lat="47.401680" lon="-1.174310"><ele>19</ele><time>2026-03-01T08:19:24Z</time></trkpt>
			<trkpt lat="47.401980" lon="-1.174210"><ele>19</ele><time>2026-03-01T08:19:36Z</time></trkpt>
			<trkpt lat="47.402130" lon="-1.174200"><ele>18</ele><time>2026-03-01T08:19:48Z</time></trkpt>
			<trkpt lat="47.402230" lon="-1.174230"><ele>18</ele><time>2026-03-01T08:20:00Z</time></trkpt>
			<trkpt lat="47.402330" lon="-1.174260"><ele>18</ele><time>2026-03-01T08:20:12Z</time></trkpt>
			<trkpt lat="47.402610" lon="-1.174420"><ele>18</ele><time>2026-03-01T08:20:24Z</time></trkpt>
			<trkpt lat="47.402820" lon="-1.174540"><ele>19</ele><time>2026-03-01T08:20:36Z</time></trkpt>
			<trkpt lat="47.402970" lon="-1.174600"><ele>19</ele><time>2026-03-01T08:20:48Z</time></trkpt>
			<trkpt lat="47.403180" lon="-1.174640"><ele>19</ele><time>2026-03-01T08:21:00Z</time></trkpt>
			<trkpt lat="47.403790" lon="-1.174630"><ele>20</ele><time>2026-03-01T08:21:12Z</time></trkpt>
			<trkpt lat="47.404960" lon="-1.174610"><ele>22</ele><time>2026-03-01T08:21:24Z</time></trkpt>
			<trkpt lat="47.405510" lon="-1.174620"><ele>23</ele><time>2026-03-01T08:21:36Z</time></trkpt>
			<trkpt lat="47.405990" lon="-1.174610"><ele>23</ele><time>2026-03-01T08:21:48Z</time></trkpt>
			<trkpt lat="47.406230" lon="-1.174600"><ele>23</ele><time>2026-03-01T08:22:00Z</time></trkpt>
			<trkpt lat="47.406380" lon="-1.174570"><ele>23</ele><time>2026-03-01T08:22:12Z</time></trkpt>
			<trkpt lat="47.406570" lon="-1.174510"><ele>23</ele><time>2026-03-01T08:22:24Z</time></trkpt>
			<trkpt lat="47.406690" lon="-1.174460"><ele>23</ele><time>2026-03-01T08:22:36Z</time></trkpt>
			<trkpt lat="47.406810" lon="-1.174400"><ele>23</ele><time>2026-03-01T08:22:48Z</time></trkpt>
			<trkpt lat="47.406920" lon="-1.174320"><ele>23</ele><time>2026-03-01T08:23:00Z</time></trkpt>
			<trkpt lat="47.406990" lon="-1.174220"><ele>23</ele><time>2026-03-01T08:23:12Z</time></trkpt>
			<trkpt lat="47.407040" lon="-1.174080"><ele>23</ele><time>2026-03-01T08:23:24Z</time></trkpt>
			<trkpt lat="47.407150" lon="-1.173640"><ele>22</ele><time>2026-03-01T08:23:36Z</time></trkpt>
			<trkpt lat="47.408220" lon="-1.168670"><ele>21</ele><time>2026-03-01T08:23:48Z</time></trkpt>
			<trkpt lat="47.408260" lon="-1.168490"><ele>21</ele><time>2026-03-01T08:24:00Z</time></trkpt>
			<trkpt lat="47.408290" lon="-1.168440"><ele>21</ele><time>2026-03-01T08:24:12Z</time></trkpt>
			<trkpt lat="47.408320" lon="-1.168390"><ele>21</ele><time>2026-03-01T08:24:24Z</time></trkpt>
			<trkpt lat="47.408380" lon="-1.168330"><ele>21</ele><time>2026-03-01T08:24:36Z</time></trkpt>
			<trkpt lat="47.408470" lon="-1.168280"><ele>21</ele><time>2026-03-01T08:24:48Z</time></trkpt>
			<trkpt lat="47.408570" lon="-1.168260"><ele>20</ele><time>2026-03-01T08:25:00Z</time></trkpt>
			<trkpt lat="47.408760" lon="-1.168300"><ele>20</ele><time>2026-03-01T08:25:12Z</time></trkpt>
			<trkpt lat="47.409260" lon="-1.168460"><ele>21</ele><time>2026-03-01T08:25:24Z</time></trkpt>
			<trkpt lat="47.409420" lon="-1.168530"><ele>21</ele><time>2026-03-01T08:25:36Z</time></trkpt>
			<trkpt lat="47.409850" lon="-1.168740"><ele>23</ele><time>2026-03-01T08:25:48Z</time></trkpt>
			<trkpt lat="47.410270" lon="-1.168960"><ele>25</ele><time>2026-03-01T08:26:00Z</time></trkpt>
			<trkpt lat="47.410500" lon="-1.169120"><ele>25</ele><time>2026-03-01T08:26:12Z</time></trkpt>
			<trkpt lat="47.410640" lon="-1.169260"><ele>25</ele><time>2026-03-01T08:26:24Z</time></trkpt>
			<trkpt lat="47.410800" lon="-1.169470"><ele>25</ele><time>2026-03-01T08:26:36Z</time></trkpt>
			<trkpt lat="47.412110" lon="-1.171530"><ele>26</ele><time>2026-03-01T08:26:48Z</time></trkpt>
			<trkpt lat="47.412190" lon="-1.171660"><ele>26</ele><time>2026-03-01T08:27:00Z</time></trkpt>
			<trkpt lat="47.412250" lon="-1.171720"><ele>26</ele><time>2026-03-01T08:27:12Z</time></trkpt>
			<trkpt lat="47.412290" lon="-1.171760"><ele>26</ele><time>2026-03-01T08:27:24Z</time></trkpt>
			<trkpt lat="47.412410" lon="-1.171830"><ele>26</ele><time>2026-03-01T08:27:36Z</time></trkpt>
			<trkpt lat="47.412440" lon="-1.171870"><ele>26</ele><time>2026-03-01T08:27:48Z</time></trkpt>
			<trkpt lat="47.412520" lon="-1.171740"><ele>26</ele><time>2026-03-01T08:28:00Z</time></trkpt>
			<trkpt lat="47.412680" lon="-1.171500"><ele>25</ele><time>2026-03-01T08:28:12Z</time></trkpt>
			<trkpt lat="47.412740" lon="-1.171390"><ele>25</ele><time>2026-03-01T08:28:24Z</time></trkpt>
			<trkpt lat="47.412890" lon="-1.171100"><ele>23</ele><time>2026-03-01T08:28:36Z</time></trkpt>
			<trkpt lat="47.413210" lon="-1.170410"><ele>21</ele><time>2026-03-01T08:28:48Z</time></trkpt>
			<trkpt lat="47.413310" lon="-1.170230"><ele>20</ele><time>2026-03-01T08:29:00Z</time></trkpt>
			<trkpt lat="47.413450" lon="-1.170040"><ele>20</ele><time>2026-03-01T08:29:12Z</time></trkpt>
			<trkpt lat="47.414010" lon="-1.169470"><ele>18</ele><time>2026-03-01T08:29:24Z</time></trkpt>
			<trkpt lat="47.414110" lon="-1.169310"><ele>18</ele><time>2026-03-01T08:29:36Z</time></trkpt>
			<trkpt lat="47.414210" lon="-1.169130"><ele>17</ele><time>2026-03-01T08:29:48Z</time></trkpt>
			<trkpt lat="47.414690" lon="-1.167850"><ele>13</ele><time>2026-03-01T08:30:00Z</time></trkpt>
			<trkpt lat="47.414890" lon="-1.167330"><ele>13</ele><time>2026-03-01T08:30:12Z</time></trkpt>
			<trkpt lat="47.415100" lon="-1.166690"><ele>15</ele><time>2026-03-01T08:30:24Z</time></trkpt>
			<trkpt lat="47.415120" lon="-1.166540"><ele>16</ele><time>2026-03-01T08:30:36Z</time></trkpt>
			<trkpt lat="47.415100" lon="-1.166370"><ele>18</ele><time>2026-03-01T08:30:48Z</time></trkpt>
			<trkpt lat="47.415050" lon="-1.166240"><ele>18</ele><time>2026-03-01T08:31:00Z</time></trkpt>
			<trkpt lat="47.414980" lon="-1.166130"><ele>19</ele><time>2026-03-01T08:31:12Z</time></trkpt>
			<trkpt lat="47.414590" lon="-1.165650"><ele>16</ele><time>2026-03-01T08:31:24Z</time></trkpt>
			<trkpt lat="47.414530" lon="-1.165520"><ele>16</ele><time>2026-03-01T08:31:36Z</time></trkpt>
			<trkpt lat="47.414500" lon="-1.165360"><ele>17</ele><time>2026-03-01T08:31:48Z</time></trkpt>
			<trkpt lat="47.414510" lon="-1.165190"><ele>18</ele><time>2026-03-01T08:32:00Z</time></trkpt>
			<trkpt lat="47.414560" lon="-1.165030"><ele>19</ele><time>2026-03-01T08:32:12Z</time></trkpt>
			<trkpt lat="47.415090" lon="-1.163840"><ele>24</ele><time>2026-03-01T08:32:24Z</time></trkpt>
			<trkpt lat="47.415200" lon="-1.163660"><ele>24</ele><time>2026-03-01T08:32:36Z</time></trkpt>
			<trkpt lat="47.415240" lon="-1.163600"><ele>24</ele><time>2026-03-01T08:32:48Z</time></trkpt>
			<trkpt lat="47.415290" lon="-1.163520"><ele>24</ele><time>2026-03-01T08:33:00Z</time></trkpt>
			<trkpt lat="47.415440" lon="-1.163380"><ele>24</ele><time>2026-03-01T08:33:12Z</time></trkpt>
			<trkpt lat="47.416860" lon="-1.162580"><ele>27</ele><time>2026-03-01T08:33:24Z</time></trkpt>
			<trkpt lat="47.419550" lon="-1.161070"><ele>31</ele><time>2026-03-01T08:33:36Z</time></trkpt>
			<trkpt lat="47.419710" lon="-1.160950"><ele>31</ele><time>2026-03-01T08:33:48Z</time></trkpt>
			<trkpt lat="47.419850" lon="-1.160790"><ele>31</ele><time>2026-03-01T08:34:00Z</time></trkpt>
			<trkpt lat="47.420020" lon="-1.160540"><ele>31</ele><time>2026-03-01T08:34:12Z</time></trkpt>
			<trkpt lat="47.420880" lon="-1.159180"><ele>33</ele><time>2026-03-01T08:34:24Z</time></trkpt>
			<trkpt lat="47.420940" lon="-1.159100"><ele>33</ele><time>2026-03-01T08:34:36Z</time></trkpt>
			<trkpt lat="47.421200" lon="-1.158700"><ele>34</ele><time>2026-03-01T08:34:48Z</time></trkpt>
			<trkpt lat="47.421490" lon="-1.158330"><ele>35</ele><time>2026-03-01T08:35:00Z</time></trkpt>
			<trkpt lat="47.423060" lon="-1.156560"><ele>38</ele><time>2026-03-01T08:35:12Z</time></trkpt>
			<trkpt lat="47.423510" lon="-1.155920"><ele>39</ele><time>2026-03-01T08:35:24Z</time></trkpt>
			<trkpt lat="47.423980" lon="-1.155240"><ele>37</ele><time>2026-03-01T08:35:36Z</time></trkpt>
			<trkpt lat="47.425950" lon="-1.152400"><ele>40</ele><time>2026-03-01T08:35:48Z</time></trkpt>
			<trkpt lat="47.426000" lon="-1.152310"><ele>41</ele><time>2026-03-01T08:36:00Z</time></trkpt>
			<trkpt lat="47.426320" lon="-1.151830"><ele>42</ele><time>2026-03-01T08:36:12Z</time></trkpt>
			<trkpt lat="47.426470" lon="-1.151640"><ele>42</ele><time>2026-03-01T08:36:24Z</time></trkpt>
			<trkpt lat="47.426640" lon="-1.151510"><ele>42</ele><time>2026-03-01T08:36:36Z</time></trkpt>
			<trkpt lat="47.426810" lon="-1.151450"><ele>42</ele><time>2026-03-01T08:36:48Z</time></trkpt>
			<trkpt lat="47.427690" lon="-1.151240"><ele>41</ele><time>2026-03-01T08:37:00Z</time></trkpt>
			<trkpt lat="47.427920" lon="-1.151220"><ele>41</ele><time>2026-03-01T08:37:12Z</time></trkpt>
			<trkpt lat="47.429070" lon="-1.151270"><ele>41</ele><time>2026-03-01T08:37:24Z</time></trkpt>
			<trkpt lat="47.429350" lon="-1.151230"><ele>41</ele><time>2026-03-01T08:37:36Z</time></trkpt>
			<trkpt lat="47.429620" lon="-1.151160"><ele>41</ele><time>2026-03-01T08:37:48Z</time></trkpt>
			<trkpt lat="47.430630" lon="-1.150730"><ele>42</ele><time>2026-03-01T08:38:00Z</time></trkpt>
			<trkpt lat="47.431010" lon="-1.150560"><ele>43</ele><time>2026-03-01T08:38:12Z</time></trkpt>
			<trkpt lat="47.431220" lon="-1.150500"><ele>43</ele><time>2026-03-01T08:38:24Z</time></trkpt>
			<trkpt lat="47.431250" lon="-1.150500"><ele>43</ele><time>2026-03-01T08:38:36Z</time></trkpt>
			<trkpt lat="47.431550" lon="-1.150480"><ele>43</ele><time>2026-03-01T08:38:48Z</time></trkpt>
			<trkpt lat="47.431720" lon="-1.150500"><ele>43</ele><time>2026-03-01T08:39:00Z</time></trkpt>
			<trkpt lat="47.432240" lon="-1.150700"><ele>44</ele><time>2026-03-01T08:39:12Z</time></trkpt>
			<trkpt lat="47.432570" lon="-1.150760"><ele>44</ele><time>2026-03-01T08:39:24Z</time></trkpt>
			<trkpt lat="47.432740" lon="-1.150740"><ele>44</ele><time>2026-03-01T08:39:36Z</time></trkpt>
			<trkpt lat="47.432980" lon="-1.150680"><ele>45</ele><time>2026-03-01T08:39:48Z</time></trkpt>
			<trkpt lat="47.433220" lon="-1.150600"><ele>45</ele><time>2026-03-01T08:40:00Z</time></trkpt>
			<trkpt lat="47.433550" lon="-1.150460"><ele>45</ele><time>2026-03-01T08:40:12Z</time></trkpt>
			<trkpt lat="47.433800" lon="-1.150380"><ele>46</ele><time>2026-03-01T08:40:24Z</time></trkpt>
			<trkpt lat="47.434180" lon="-1.150220"><ele>46</ele><time>2026-03-01T08:40:36Z</time></trkpt>
			<trkpt lat="47.434380" lon="-1.150120"><ele>46</ele><time>2026-03-01T08:40:48Z</time></trkpt>
			<trkpt lat="47.434580" lon="-1.149960"><ele>47</ele><time>2026-03-01T08:41:00Z</time></trkpt>
			<trkpt lat="47.435110" lon="-1.149430"><ele>48</ele><time>2026-03-01T08:41:12Z</time></trkpt>
			<trkpt lat="47.435440" lon="-1.149160"><ele>49</ele><time>2026-03-01T08:41:24Z</time></trkpt>
			<trkpt lat="47.436450" lon="-1.148460"><ele>52</ele><time>2026-03-01T08:41:36Z</time></trkpt>
			<trkpt lat="47.436590" lon="-1.148300"><ele>53</ele><time>2026-03-01T08:41:48Z</time></trkpt>
			<trkpt lat="47.436680" lon="-1.148170"><ele>53</ele><time>2026-03-01T08:42:00Z</time></trkpt>
			<trkpt lat="47.436780" lon="-1.147950"><ele>53</ele><time>2026-03-01T08:42:12Z</time></trkpt>
			<trkpt lat="47.436860" lon="-1.147740"><ele>53</ele><time>2026-03-01T08:42:24Z</time></trkpt>
			<trkpt lat="47.436970" lon="-1.147250"><ele>54</ele><time>2026-03-01T08:42:36Z</time></trkpt>
			<trkpt lat="47.437040" lon="-1.147070"><ele>54</ele><time>2026-03-01T08:42:48Z</time></trkpt>
			<trkpt lat="47.437160" lon="-1.146820"><ele>55</ele><time>2026-03-01T08:43:00Z</time></trkpt>
			<trkpt lat="47.437720" lon="-1.145920"><ele>57</ele><time>2026-03-01T08:43:12Z</time></trkpt>
			<trkpt lat="47.437840" lon="-1.145800"><ele>58</ele><time>2026-03-01T08:43:24Z</time></trkpt>
			<trkpt lat="47.438010" lon="-1.145680"><ele>59</ele><time>2026-03-01T08:43:36Z</time></trkpt>
			<trkpt lat="47.438180" lon="-1.145640"><ele>59</ele><time>2026-03-01T08:43:48Z</time></trkpt>
			<trkpt lat="47.438560" lon="-1.145600"><ele>60</ele><time>2026-03-01T08:44:00Z</time></trkpt>
			<trkpt lat="47.438660" lon="-1.145600"><ele>60</ele><time>2026-03-01T08:44:12Z</time></trkpt>
			<trkpt lat="47.438700" lon="-1.145610"><ele>60</ele><time>2026-03-01T08:44:24Z</time></trkpt>
			<trkpt lat="47.438710" lon="-1.145580"><ele>61</ele><time>2026-03-01T08:44:36Z</time></trkpt>
			<trkpt lat="47.439450" lon="-1.143230"><ele>67</ele><time>2026-03-01T08:44:48Z</time></trkpt>
			<trkpt lat="47.439500" lon="-1.143050"><ele>67</ele><time>2026-03-01T08:45:00Z</time></trkpt>
			<trkpt lat="47.439620" lon="-1.142460"><ele>69</ele><time>2026-03-01T08:45:12Z</time></trkpt>
			<trkpt lat="47.439680" lon="-1.142270"><ele>70</ele><time>2026-03-01T08:45:24Z</time></trkpt>
			<trkpt lat="47.439750" lon="-1.142120"><ele>70</ele><time>2026-03-01T08:45:36Z</time></trkpt>
			<trkpt lat="47.439820" lon="-1.142000"><ele>71</ele><time>2026-03-01T08:45:48Z</time></trkpt>
			<trkpt lat="47.439850" lon="-1.141940"><ele>71</ele><time>2026-03-01T08:46:00Z</time></trkpt>
			<trkpt lat="47.440010" lon="-1.141810"><ele>72</ele><time>2026-03-01T08:46:12Z</time></trkpt>
			<trkpt lat="47.440260" lon="-1.141630"><ele>73</ele><time>2026-03-01T08:46:24Z</time></trkpt>
			<trkpt lat="47.440420" lon="-1.141530"><ele>73</ele><time>2026-03-01T08:46:36Z</time></trkpt>
			<trkpt lat="47.440520" lon="-1.141450"><ele>73</ele><time>2026-03-01T08:46:48Z</time></trkpt>
			<trkpt lat="47.440560" lon="-1.141410"><ele>73</ele><time>2026-03-01T08:47:00Z</time></trkpt>
			<trkpt lat="47.440620" lon="-1.141320"><ele>74</ele><time>2026-03-01T08:47:12Z</time></trkpt>
			<trkpt lat="47.440650" lon="-1.141240"><ele>74</ele><time>2026-03-01T08:47:24Z</time></trkpt>
			<trkpt lat="47.440670" lon="-1.141150"><ele>74</ele><time>2026-03-01T08:47:36Z</time></trkpt>
			<trkpt lat="47.440680" lon="-1.140610"><ele>74</ele><time>2026-03-01T08:47:48Z</time></trkpt>
			<trkpt lat="47.440690" lon="-1.140400"><ele>74</ele><time>2026-03-01T08:48:00Z</time></trkpt>
			<trkpt lat="47.441440" lon="-1.140760"><ele>72</ele><time>2026-03-01T08:48:12Z</time></trkpt>
			<trkpt lat="47.441820" lon="-1.140950"><ele>70</ele><time>2026-03-01T08:48:24Z</time></trkpt>
			<trkpt lat="47.442140" lon="-1.141110"><ele>68</ele><time>2026-03-01T08:48:36Z</time></trkpt>
			<trkpt lat="47.442230" lon="-1.141160"><ele>67</ele><time>2026-03-01T08:48:48Z</time></trkpt>
			<trkpt lat="47.442760" lon="-1.141430"><ele>65</ele><time>2026-03-01T08:49:00Z</time></trkpt>
			<trkpt lat="47.443280" lon="-1.141690"><ele>64</ele><time>2026-03-01T08:49:12Z</time></trkpt>
			<trkpt lat="47.443380" lon="-1.141740"><ele>64</ele><time>2026-03-01T08:49:24Z</time></trkpt>
			<trkpt lat="47.443670" lon="-1.141890"><ele>65</ele><time>2026-03-01T08:49:36Z</time></trkpt>
			<trkpt lat="47.443850" lon="-1.142050"><ele>65</ele><time>2026-03-01T08:49:48Z</time></trkpt>
			<trkpt lat="47.444020" lon="-1.142250"><ele>65</ele><time>2026-03-01T08:50:00Z</time></trkpt>
			<trkpt lat="47.445680" lon="-1.144630"><ele>74</ele><time>2026-03-01T08:50:12Z</time></trkpt>
			<trkpt lat="47.446360" lon="-1.145590"><ele>76</ele><time>2026-03-01T08:50:24Z</time></trkpt>
			<trkpt lat="47.446490" lon="-1.145730"><ele>76</ele><time>2026-03-01T08:50:36Z</time></trkpt>
			<trkpt lat="47.446620" lon="-1.145840"><ele>76</ele><time>2026-03-01T08:50:48Z</time></trkpt>
			<trkpt lat="47.446760" lon="-1.145950"><ele>76</ele><time>2026-03-01T08:51:00Z</time></trkpt>
			<trkpt lat="47.447830" lon="-1.146510"><ele>73</ele><time>2026-03-01T08:51:12Z</time></trkpt>
			<trkpt lat="47.447860" lon="-1.146530"><ele>73</ele><time>2026-03-01T08:51:24Z</time></trkpt>
			<trkpt lat="47.449150" lon="-1.147190"><ele>69</ele><time>2026-03-01T08:51:36Z</time></trkpt>
			<trkpt lat="47.449210" lon="-1.147160"><ele>68</ele><time>2026-03-01T08:51:48Z</time></trkpt>
			<trkpt lat="47.449650" lon="-1.146420"><ele>65</ele><time>2026-03-01T08:52:00Z</time></trkpt>
			<trkpt lat="47.449810" lon="-1.146180"><ele>65</ele><time>2026-03-01T08:52:12Z</time></trkpt>
			<trkpt lat="47.450240" lon="-1.145730"><ele>64</ele><time>2026-03-01T08:52:24Z</time></trkpt>
			<trkpt lat="47.450460" lon="-1.145480"><ele>63</ele><time>2026-03-01T08:52:36Z</time></trkpt>
			<trkpt lat="47.450630" lon="-1.145250"><ele>62</ele><time>2026-03-01T08:52:48Z</time></trkpt>
			<trkpt lat="47.450860" lon="-1.144850"><ele>61</ele><time>2026-03-01T08:53:00Z</time></trkpt>
			<trkpt lat="47.451050" lon="-1.144640"><ele>61</ele><time>2026-03-01T08:53:12Z</time></trkpt>
			<trkpt lat="47.451290" lon="-1.144480"><ele>60</ele><time>2026-03-01T08:53:24Z</time></trkpt>
			<trkpt lat="47.451510" lon="-1.144420"><ele>60</ele><time>2026-03-01T08:53:36Z</time></trkpt>
			<trkpt lat="47.451790" lon="-1.144460"><ele>59</ele><time>2026-03-01T08:53:48Z</time></trkpt>
			<trkpt lat="47.453070" lon="-1.144810"><ele>55</ele><time>2026-03-01T08:54:00Z</time></trkpt>
			<trkpt lat="47.453280" lon="-1.144810"><ele>54</ele><time>2026-03-01T08:54:12Z</time></trkpt>
			<trkpt lat="47.453510" lon="-1.144730"><ele>54</ele><time>2026-03-01T08:54:24Z</time></trkpt>
			<trkpt lat="47.453620" lon="-1.144660"><ele>54</ele><time>2026-03-01T08:54:36Z</time></trkpt>
			<trkpt lat="47.454470" lon="-1.143900"><ele>54</ele><time>2026-03-01T08:54:48Z</time></trkpt>
			<trkpt lat="47.454540" lon="-1.143840"><ele>54</ele><time>2026-03-01T08:55:00Z</time></trkpt>
			<trkpt lat="47.455210" lon="-1.143230"><ele>54</ele><time>2026-03-01T08:55:12Z</time></trkpt>
			<trkpt lat="47.455240" lon="-1.143200"><ele>54</ele><time>2026-03-01T08:55:24Z</time></trkpt>
			<trkpt lat="47.455460" lon="-1.142940"><ele>53</ele><time>2026-03-01T08:55:36Z</time></trkpt>
			<trkpt lat="47.455680" lon="-1.142720"><ele>53</ele><time>2026-03-01T08:55:48Z</time></trkpt>
			<trkpt lat="47.457340" lon="-1.141490"><ele>46</ele><time>2026-03-01T08:56:00Z</time></trkpt>
			<trkpt lat="47.457560" lon="-1.141310"><ele>46</ele><time>2026-03-01T08:56:12Z</time></trkpt>
			<trkpt lat="47.457780" lon="-1.141060"><ele>47</ele><time>2026-03-01T08:56:24Z</time></trkpt>
			<trkpt lat="47.457880" lon="-1.140920"><ele>47</ele><time>2026-03-01T08:56:36Z</time></trkpt>
			<trkpt lat="47.458000" lon="-1.140660"><ele>48</ele><time>2026-03-01T08:56:48Z</time></trkpt>
			<trkpt lat="47.458160" lon="-1.140210"><ele>50</ele><time>2026-03-01T08:57:00Z</time></trkpt>
			<trkpt lat="47.458190" lon="-1.140090"><ele>50</ele><time>2026-03-01T08:57:12Z</time></trkpt>
			<trkpt lat="47.458270" lon="-1.139810"><ele>50</ele><time>2026-03-01T08:57:24Z</time></trkpt>
			<trkpt lat="47.458310" lon="-1.139700"><ele>50</ele><time>2026-03-01T08:57:36Z</time></trkpt>
			<trkpt lat="47.458530" lon="-1.139250"><ele>49</ele><time>2026-03-01T08:57:48Z</time></trkpt>
			<trkpt lat="47.459640" lon="-1.137470"><ele>46</ele><time>2026-03-01T08:58:00Z</time></trkpt>
			<trkpt lat="47.460180" lon="-1.136580"><ele>46</ele><time>2026-03-01T08:58:12Z</time></trkpt>
			<trkpt lat="47.461430" lon="-1.134580"><ele>53</ele><time>2026-03-01T08:58:24Z</time></trkpt>
			<trkpt lat="47.463750" lon="-1.130820"><ele>67</ele><time>2026-03-01T08:58:36Z</time></trkpt>
			<trkpt lat="47.463950" lon="-1.130580"><ele>68</ele><time>2026-03-01T08:58:48Z</time></trkpt>
			<trkpt lat="47.464050" lon="-1.130520"><ele>68</ele><time>2026-03-01T08:59:00Z</time></trkpt>
			<trkpt lat="47.464140" lon="-1.130480"><ele>68</ele><time>2026-03-01T08:59:12Z</time></trkpt>
			<trkpt lat="47.464320" lon="-1.130470"><ele>69</ele><time>2026-03-01T08:59:24Z</time></trkpt>
			<trkpt lat="47.464410" lon="-1.130500"><ele>69</ele><time>2026-03-01T08:59:36Z</time></trkpt>
			<trkpt lat="47.464560" lon="-1.130590"><ele>69</ele><time>2026-03-01T08:59:48Z</time></trkpt>
			<trkpt lat="47.464840" lon="-1.130810"><ele>70</ele><time>2026-03-01T09:00:00Z</time></trkpt>
			<trkpt lat="47.465040" lon="-1.130990"><ele>70</ele><time>2026-03-01T09:00:12Z</time></trkpt>
			<trkpt lat="47.465590" lon="-1.131560"><ele>73</ele><time>2026-03-01T09:00:24Z</time></trkpt>
			<trkpt lat="47.466120" lon="-1.132150"><ele>73</ele><time>2026-03-01T09:00:36Z</time></trkpt>
			<trkpt lat="47.467430" lon="-1.133520"><ele>70</ele><time>2026-03-01T09:00:48Z</time></trkpt>
			<trkpt lat="47.467730" lon="-1.133840"><ele>70</ele><time>2026-03-01T09:01:00Z</time></trkpt>
			<trkpt lat="47.467910" lon="-1.134010"><ele>70</ele><time>2026-03-01T09:01:12Z</time></trkpt>
			<trkpt lat="47.468160" lon="-1.134300"><ele>70</ele><time>2026-03-01T09:01:24Z</time></trkpt>
			<trkpt lat="47.468350" lon="-1.134460"><ele>70</ele><time>2026-03-01T09:01:36Z</time></trkpt>
			<trkpt lat="47.469200" lon="-1.134970"><ele>71</ele><time>2026-03-01T09:01:48Z</time></trkpt>
			<trkpt lat="47.469510" lon="-1.135190"><ele>70</ele><time>2026-03-01T09:02:00Z</time></trkpt>
			<trkpt lat="47.469710" lon="-1.135380"><ele>70</ele><time>2026-03-01T09:02:12Z</time></trkpt>
			<trkpt lat="47.469850" lon="-1.135510"><ele>70</ele><time>2026-03-01T09:02:24Z</time></trkpt>
			<trkpt lat="47.469980" lon="-1.135410"><ele>70</ele><time>2026-03-01T09:02:36Z</time></trkpt>
			<trkpt lat="47.470240" lon="-1.135340"><ele>69</ele><time>2026-03-01T09:02:48Z</time></trkpt>
			<trkpt lat="47.472200" lon="-1.135120"><ele>58</ele><time>2026-03-01T09:03:00Z</time></trkpt>
			<trkpt lat="47.472410" lon="-1.135050"><ele>57</ele><time>2026-03-01T09:03:12Z</time></trkpt>
			<trkpt lat="47.472660" lon="-1.134920"><ele>55</ele><time>2026-03-01T09:03:24Z</time></trkpt>
			<trkpt lat="47.474070" lon="-1.134100"><ele>53</ele><time>2026-03-01T09:03:36Z</time></trkpt>
			<trkpt lat="47.474230" lon="-1.133990"><ele>53</ele><time>2026-03-01T09:03:48Z</time></trkpt>
			<trkpt lat="47.474420" lon="-1.133730"><ele>54</ele><time>2026-03-01T09:04:00Z</time></trkpt>
			<trkpt lat="47.476450" lon="-1.130480"><ele>54</ele><time>2026-03-01T09:04:12Z</time></trkpt>
			<trkpt lat="47.476530" lon="-1.130330"><ele>54</ele><time>2026-03-01T09:04:24Z</time></trkpt>
			<trkpt lat="47.476640" lon="-1.130220"><ele>54</ele><time>2026-03-01T09:04:36Z</time></trkpt>
			<trkpt lat="47.479040" lon="-1.127220"><ele>47</ele><time>2026-03-01T09:04:48Z</time></trkpt>
			<trkpt lat="47.479340" lon="-1.126830"><ele>47</ele><time>2026-03-01T09:05:00Z</time></trkpt>
			<trkpt lat="47.480240" lon="-1.125300"><ele>42</ele><time>2026-03-01T09:05:12Z</time></trkpt>
			<trkpt lat="47.481640" lon="-1.122960"><ele>39</ele><time>2026-03-01T09:05:24Z</time></trkpt>
			<trkpt lat="47.483010" lon="-1.120620"><ele>42</ele><time>2026-03-01T09:05:36Z</time></trkpt>
			<trkpt lat="47.483080" lon="-1.120580"><ele>42</ele><time>2026-03-01T09:05:48Z</time></trkpt>
			<trkpt lat="47.483120" lon="-1.120580"><ele>42</ele><time>2026-03-01T09:06:00Z</time></trkpt>
			<trkpt lat="47.483140" lon="-1.120410"><ele>42</ele><time>2026-03-01T09:06:12Z</time></trkpt>
			<trkpt lat="47.483360" lon="-1.119490"><ele>45</ele><time>2026-03-01T09:06:24Z</time></trkpt>
			<trkpt lat="47.483400" lon="-1.119230"><ele>45</ele><time>2026-03-01T09:06:36Z</time></trkpt>
			<trkpt lat="47.483410" lon="-1.119010"><ele>46</ele><time>2026-03-01T09:06:48Z</time></trkpt>
			<trkpt lat="47.483390" lon="-1.118520"><ele>48</ele><time>2026-03-01T09:07:00Z</time></trkpt>
			<trkpt lat="47.483400" lon="-1.118330"><ele>49</ele><time>2026-03-01T09:07:12Z</time></trkpt>
			<trkpt lat="47.483410" lon="-1.118120"><ele>49</ele><time>2026-03-01T09:07:24Z</time></trkpt>
			<trkpt lat="47.483450" lon="-1.117860"><ele>50</ele><time>2026-03-01T09:07:36Z</time></trkpt>
			<trkpt lat="47.483670" lon="-1.116770"><ele>52</ele><time>2026-03-01T09:07:48Z</time></trkpt>
			<trkpt lat="47.483710" lon="-1.116490"><ele>53</ele><time>2026-03-01T09:08:00Z</time></trkpt>
			<trkpt lat="47.483730" lon="-1.116260"><ele>53</ele><time>2026-03-01T09:08:12Z</time></trkpt>
			<trkpt lat="47.483740" lon="-1.116060"><ele>53</ele><time>2026-03-01T09:08:24Z</time></trkpt>
			<trkpt lat="47.483740" lon="-1.115730"><ele>54</ele><time>2026-03-01T09:08:36Z</time></trkpt>
			<trkpt lat="47.483670" lon="-1.113300"><ele>53</ele><time>2026-03-01T09:08:48Z</time></trkpt>
			<trkpt lat="47.483610" lon="-1.111650"><ele>52</ele><time>2026-03-01T09:09:00Z</time></trkpt>
			<trkpt lat="47.483590" lon="-1.111530"><ele>52</ele><time>2026-03-01T09:09:12Z</time></trkpt>
			<trkpt lat="47.483550" lon="-1.111520"><ele>52</ele><time>2026-03-01T09:09:24Z</time></trkpt>
			<trkpt lat="47.483520" lon="-1.111470"><ele>52</ele><time>2026-03-01T09:09:36Z</time></trkpt>
			<trkpt lat="47.483510" lon="-1.111440"><ele>52</ele><time>2026-03-01T09:09:48Z</time></trkpt>
			<trkpt lat="47.483510" lon="-1.111400"><ele>52</ele><time>2026-03-01T09:10:00Z</time></trkpt>
			<trkpt lat="47.483530" lon="-1.111340"><ele>52</ele><time>2026-03-01T09:10:12Z</time></trkpt>
			<trkpt lat="47.483570" lon="-1.111310"><ele>52</ele><time>2026-03-01T09:10:24Z</time></trkpt>
			<trkpt lat="47.483570" lon="-1.111110"><ele>52</ele><time>2026-03-01T09:10:36Z</time></trkpt>
			<trkpt lat="47.483560" lon="-1.110970"><ele>52</ele><time>2026-03-01T09:10:48Z</time></trkpt>
			<trkpt lat="47.483530" lon="-1.110770"><ele>52</ele><time>2026-03-01T09:11:00Z</time></trkpt>
			<trkpt lat="47.483480" lon="-1.110500"><ele>52</ele><time>2026-03-01T09:11:12Z</time></trkpt>
			<trkpt lat="47.483400" lon="-1.110150"><ele>53</ele><time>2026-03-01T09:11:24Z</time></trkpt>
			<trkpt lat="47.483340" lon="-1.109890"><ele>53</ele><time>2026-03-01T09:11:36Z</time></trkpt>
			<trkpt lat="47.483290" lon="-1.109750"><ele>53</ele><time>2026-03-01T09:11:48Z</time></trkpt>
			<trkpt lat="47.483160" lon="-1.109250"><ele>53</ele><time>2026-03-01T09:12:00Z</time></trkpt>
			<trkpt lat="47.483020" lon="-1.108650"><ele>52</ele><time>2026-03-01T09:12:12Z</time></trkpt>
			<trkpt lat="47.483000" lon="-1.108490"><ele>52</ele><time>2026-03-01T09:12:24Z</time></trkpt>
			<trkpt lat="47.482960" lon="-1.108340"><ele>52</ele><time>2026-03-01T09:12:36Z</time></trkpt>
			<trkpt lat="47.482910" lon="-1.108160"><ele>52</ele><time>2026-03-01T09:12:48Z</time></trkpt>
			<trkpt lat="47.482880" lon="-1.108090"><ele>52</ele><time>2026-03-01T09:13:00Z</time></trkpt>
			<trkpt lat="47.482650" lon="-1.107140"><ele>53</ele><time>2026-03-01T09:13:12Z</time></trkpt>
			<trkpt lat="47.482590" lon="-1.106880"><ele>53</ele><time>2026-03-01T09:13:24Z</time></trkpt>
			<trkpt lat="47.482570" lon="-1.106730"><ele>53</ele><time>2026-03-01T09:13:36Z</time></trkpt>
			<trkpt lat="47.482570" lon="-1.106240"><ele>52</ele><time>2026-03-01T09:13:48Z</time></trkpt>
			<trkpt lat="47.482550" lon="-1.106110"><ele>52</ele><time>2026-03-01T09:14:00Z</time></trkpt>
			<trkpt lat="47.482430" lon="-1.106020"><ele>52</ele><time>2026-03-01T09:14:12Z</time></trkpt>
			<trkpt lat="47.482420" lon="-1.106060"><ele>52</ele><time>2026-03-01T09:14:24Z</time></trkpt>
			<trkpt lat="47.482390" lon="-1.106080"><ele>52</ele><time>2026-03-01T09:14:36Z</time></trkpt>
			<trkpt lat="47.482370" lon="-1.106080"><ele>52</ele><time>2026-03-01T09:14:48Z</time></trkpt>
			<trkpt lat="47.482350" lon="-1.106050"><ele>52</ele><time>2026-03-01T09:15:00Z</time></trkpt>
			<trkpt lat="47.482330" lon="-1.106020"><ele>52</ele><time>2026-03-01T09:15:12Z</time></trkpt>
			<trkpt lat="47.482340" lon="-1.105980"><ele>52</ele><time>2026-03-01T09:15:24Z</time></trkpt>
			<trkpt lat="47.482350" lon="-1.105950"><ele>52</ele><time>2026-03-01T09:15:36Z</time></trkpt>
			<trkpt lat="47.482380" lon="-1.105930"><ele>52</ele><time>2026-03-01T09:15:48Z</time></trkpt>
			<trkpt lat="47.482360" lon="-1.105840"><ele>52</ele><time>2026-03-01T09:16:00Z</time></trkpt>
			<trkpt lat="47.482360" lon="-1.105670"><ele>52</ele><time>2026-03-01T09:16:12Z</time></trkpt>
			<trkpt lat="47.482360" lon="-1.105380"><ele>52</ele><time>2026-03-01T09:16:24Z</time></trkpt>
			<trkpt lat="47.482400" lon="-1.105200"><ele>52</ele><time>2026-03-01T09:16:36Z</time></trkpt>
			<trkpt lat="47.482530" lon="-1.104960"><ele>52</ele><time>2026-03-01T09:16:48Z</time></trkpt>
			<trkpt lat="47.482580" lon="-1.104860"><ele>52</ele><time>2026-03-01T09:17:00Z</time></trkpt>
			<trkpt lat="47.482590" lon="-1.104770"><ele>51</ele><time>2026-03-01T09:17:12Z</time></trkpt>
			<trkpt lat="47.482590" lon="-1.104690"><ele>51</ele><time>2026-03-01T09:17:24Z</time></trkpt>
			<trkpt lat="47.482610" lon="-1.104620"><ele>51</ele><time>2026-03-01T09:17:36Z</time></trkpt>
			<trkpt lat="47.482630" lon="-1.104470"><ele>51</ele><time>2026-03-01T09:17:48Z</time></trkpt>
			<trkpt lat="47.482750" lon="-1.103340"><ele>49</ele><time>2026-03-01T09:18:00Z</time></trkpt>
			<trkpt lat="47.482860" lon="-1.102450"><ele>47</ele><time>2026-03-01T09:18:12Z</time></trkpt>
			<trkpt lat="47.483060" lon="-1.100780"><ele>48</ele><time>2026-03-01T09:18:24Z</time></trkpt>
			<trkpt lat="47.483090" lon="-1.100450"><ele>48</ele><time>2026-03-01T09:18:36Z</time></trkpt>
			<trkpt lat="47.483110" lon="-1.100270"><ele>48</ele><time>2026-03-01T09:18:48Z</time></trkpt>
			<trkpt lat="47.484750" lon="-1.099290"><ele>53</ele><time>2026-03-01T09:19:00Z</time></trkpt>
			<trkpt lat="47.485350" lon="-1.098940"><ele>55</ele><time>2026-03-01T09:19:12Z</time></trkpt>
			<trkpt lat="47.485800" lon="-1.098660"><ele>58</ele><time>2026-03-01T09:19:24Z</time></trkpt>
			<trkpt lat="47.486020" lon="-1.098560"><ele>59</ele><time>2026-03-01T09:19:36Z</time></trkpt>
			<trkpt lat="47.486280" lon="-1.098460"><ele>61</ele><time>2026-03-01T09:19:48Z</time></trkpt>
			<trkpt lat="47.486590" lon="-1.098380"><ele>64</ele><time>2026-03-01T09:20:00Z</time></trkpt>
			<trkpt lat="47.487460" lon="-1.098210"><ele>68</ele><time>2026-03-01T09:20:12Z</time></trkpt>
			<trkpt lat="47.488430" lon="-1.098000"><ele>73</ele><time>2026-03-01T09:20:24Z</time></trkpt>
			<trkpt lat="47.488720" lon="-1.097880"><ele>74</ele><time>2026-03-01T09:20:36Z</time></trkpt>
			<trkpt lat="47.488920" lon="-1.097730"><ele>75</ele><time>2026-03-01T09:20:48Z</time></trkpt>
			<trkpt lat="47.489230" lon="-1.097450"><ele>75</ele><time>2026-03-01T09:21:00Z</time></trkpt>
			<trkpt lat="47.489550" lon="-1.097110"><ele>74</ele><time>2026-03-01T09:21:12Z</time></trkpt>
			<trkpt lat="47.490630" lon="-1.095840"><ele>71</ele><time>2026-03-01T09:21:24Z</time></trkpt>
			<trkpt lat="47.490810" lon="-1.095690"><ele>70</ele><time>2026-03-01T09:21:36Z</time></trkpt>
			<trkpt lat="47.491200" lon="-1.095480"><ele>69</ele><time>2026-03-01T09:21:48Z</time></trkpt>
			<trkpt lat="47.491640" lon="-1.095300"><ele>67</ele><time>2026-03-01T09:22:00Z</time></trkpt>
			<trkpt lat="47.491860" lon="-1.095160"><ele>66</ele><time>2026-03-01T09:22:12Z</time></trkpt>
			<trkpt lat="47.491980" lon="-1.095100"><ele>65</ele><time>2026-03-01T09:22:24Z</time></trkpt>
			<trkpt lat="47.492090" lon="-1.095060"><ele>65</ele><time>2026-03-01T09:22:36Z</time></trkpt>
			<trkpt lat="47.492300" lon="-1.094990"><ele>64</ele><time>2026-03-01T09:22:48Z</time></trkpt>
			<trkpt lat="47.492460" lon="-1.094960"><ele>63</ele><time>2026-03-01T09:23:00Z</time></trkpt>
			<trkpt lat="47.492630" lon="-1.094950"><ele>62</ele><time>2026-03-01T09:23:12Z</time></trkpt>
			<trkpt lat="47.493270" lon="-1.094930"><ele>57</ele><time>2026-03-01T09:23:24Z</time></trkpt>
			<trkpt lat="47.493360" lon="-1.094920"><ele>56</ele><time>2026-03-01T09:23:36Z</time></trkpt>
			<trkpt lat="47.493560" lon="-1.094880"><ele>56</ele><time>2026-03-01T09:23:48Z</time></trkpt>
			<trkpt lat="47.494430" lon="-1.094580"><ele>57</ele><time>2026-03-01T09:24:00Z</time></trkpt>
			<trkpt lat="47.494890" lon="-1.094380"><ele>60</ele><time>2026-03-01T09:24:12Z</time></trkpt>
			<trkpt lat="47.495050" lon="-1.094280"><ele>60</ele><time>2026-03-01T09:24:24Z</time></trkpt>
			<trkpt lat="47.495140" lon="-1.094190"><ele>61</ele><time>2026-03-01T09:24:36Z</time></trkpt>
			<trkpt lat="47.495350" lon="-1.093900"><ele>63</ele><time>2026-03-01T09:24:48Z</time></trkpt>
			<trkpt lat="47.496000" lon="-1.092900"><ele>69</ele><time>2026-03-01T09:25:00Z</time></trkpt>
			<trkpt lat="47.496700" lon="-1.091880"><ele>73</ele><time>2026-03-01T09:25:12Z</time></trkpt>
			<trkpt lat="47.496880" lon="-1.091650"><ele>74</ele><time>2026-03-01T09:25:24Z</time></trkpt>
			<trkpt lat="47.496950" lon="-1.091590"><ele>74</ele><time>2026-03-01T09:25:36Z</time></trkpt>
			<trkpt lat="47.498140" lon="-1.090820"><ele>77</ele><time>2026-03-01T09:25:48Z</time></trkpt>
			<trkpt lat="47.498660" lon="-1.090460"><ele>78</ele><time>2026-03-01T09:26:00Z</time></trkpt>
			<trkpt lat="47.498900" lon="-1.090260"><ele>78</ele><time>2026-03-01T09:26:12Z</time></trkpt>
			<trkpt lat="47.499680" lon="-1.089500"><ele>78</ele><time>2026-03-01T09:26:24Z</time></trkpt>
			<trkpt lat="47.500210" lon="-1.088890"><ele>78</ele><time>2026-03-01T09:26:36Z</time></trkpt>
			<trkpt lat="47.502280" lon="-1.086420"><ele>79</ele><time>2026-03-01T09:26:48Z</time></trkpt>
			<trkpt lat="47.502600" lon="-1.086070"><ele>79</ele><time>2026-03-01T09:27:00Z</time></trkpt>
			<trkpt lat="47.502680" lon="-1.085990"><ele>78</ele><time>2026-03-01T09:27:12Z</time></trkpt>
			<trkpt lat="47.502720" lon="-1.085950"><ele>78</ele><time>2026-03-01T09:27:24Z</time></trkpt>
			<trkpt lat="47.502820" lon="-1.085880"><ele>78</ele><time>2026-03-01T09:27:36Z</time></trkpt>
			<trkpt lat="47.503410" lon="-1.085540"><ele>79</ele><time>2026-03-01T09:27:48Z</time></trkpt>
			<trkpt lat="47.504040" lon="-1.085210"><ele>78</ele><time>2026-03-01T09:28:00Z</time></trkpt>
			<trkpt lat="47.506240" lon="-1.084010"><ele>77</ele><time>2026-03-01T09:28:12Z</time></trkpt>
			<trkpt lat="47.506510" lon="-1.083900"><ele>76</ele><time>2026-03-01T09:28:24Z</time></trkpt>
			<trkpt lat="47.506700" lon="-1.083870"><ele>76</ele><time>2026-03-01T09:28:36Z</time></trkpt>
			<trkpt lat="47.507610" lon="-1.083850"><ele>76</ele><time>2026-03-01T09:28:48Z</time></trkpt>
			<trkpt lat="47.507920" lon="-1.083870"><ele>76</ele><time>2026-03-01T09:29:00Z</time></trkpt>
			<trkpt lat="47.509020" lon="-1.084020"><ele>75</ele><time>2026-03-01T09:29:12Z</time></trkpt>
			<trkpt lat="47.509200" lon="-1.084030"><ele>75</ele><time>2026-03-01T09:29:24Z</time></trkpt>
			<trkpt lat="47.509340" lon="-1.084030"><ele>75</ele><time>2026-03-01T09:29:36Z</time></trkpt>
			<trkpt lat="47.509680" lon="-1.083990"><ele>74</ele><time>2026-03-01T09:29:48Z</time></trkpt>
			<trkpt lat="47.510220" lon="-1.083900"><ele>72</ele><time>2026-03-01T09:30:00Z</time></trkpt>
			<trkpt lat="47.510560" lon="-1.083890"><ele>71</ele><time>2026-03-01T09:30:12Z</time></trkpt>
			<trkpt lat="47.511780" lon="-1.084030"><ele>70</ele><time>2026-03-01T09:30:24Z</time></trkpt>
			<trkpt lat="47.511940" lon="-1.084030"><ele>70</ele><time>2026-03-01T09:30:36Z</time></trkpt>
			<trkpt lat="47.512060" lon="-1.084010"><ele>70</ele><time>2026-03-01T09:30:48Z</time></trkpt>
			<trkpt lat="47.512250" lon="-1.083940"><ele>69</ele><time>2026-03-01T09:31:00Z</time></trkpt>
			<trkpt lat="47.512460" lon="-1.083830"><ele>69</ele><time>2026-03-01T09:31:12Z</time></trkpt>
			<trkpt lat="47.512640" lon="-1.083800"><ele>69</ele><time>2026-03-01T09:31:24Z</time></trkpt>
			<trkpt lat="47.512780" lon="-1.083830"><ele>68</ele><time>2026-03-01T09:31:36Z</time></trkpt>
			<trkpt lat="47.513010" lon="-1.083900"><ele>67</ele><time>2026-03-01T09:31:48Z</time></trkpt>
			<trkpt lat="47.513550" lon="-1.084110"><ele>63</ele><time>2026-03-01T09:32:00Z</time></trkpt>
			<trkpt lat="47.513760" lon="-1.084170"><ele>60</ele><time>2026-03-01T09:32:12Z</time></trkpt>
			<trkpt lat="47.513850" lon="-1.084170"><ele>59</ele><time>2026-03-01T09:32:24Z</time></trkpt>
			<trkpt lat="47.514020" lon="-1.084130"><ele>58</ele><time>2026-03-01T09:32:36Z</time></trkpt>
			<trkpt lat="47.514100" lon="-1.084090"><ele>57</ele><time>2026-03-01T09:32:48Z</time></trkpt>
			<trkpt lat="47.514330" lon="-1.083910"><ele>56</ele><time>2026-03-01T09:33:00Z</time></trkpt>
			<trkpt lat="47.515810" lon="-1.082720"><ele>49</ele><time>2026-03-01T09:33:12Z</time></trkpt>
			<trkpt lat="47.516240" lon="-1.082400"><ele>48</ele><time>2026-03-01T09:33:24Z</time></trkpt>
			<trkpt lat="47.516960" lon="-1.081860"><ele>46</ele><time>2026-03-01T09:33:36Z</time></trkpt>
			<trkpt lat="47.517650" lon="-1.081360"><ele>44</ele><time>2026-03-01T09:33:48Z</time></trkpt>
			<trkpt lat="47.518260" lon="-1.081140"><ele>43</ele><time>2026-03-01T09:34:00Z</time></trkpt>
			<trkpt lat="47.518450" lon="-1.081070"><ele>43</ele><time>2026-03-01T09:34:12Z</time></trkpt>
			<trkpt lat="47.518580" lon="-1.080980"><ele>43</ele><time>2026-03-01T09:34:24Z</time></trkpt>
			<trkpt lat="47.518650" lon="-1.080900"><ele>43</ele><time>2026-03-01T09:34:36Z</time></trkpt>
			<trkpt lat="47.518690" lon="-1.080830"><ele>43</ele><time>2026-03-01T09:34:48Z</time></trkpt>
			<trkpt lat="47.518790" lon="-1.080600"><ele>43</ele><time>2026-03-01T09:35:00Z</time></trkpt>
			<trkpt lat="47.518810" lon="-1.080510"><ele>43</ele><time>2026-03-01T09:35:12Z</time></trkpt>
			<trkpt lat="47.519000" lon="-1.079520"><ele>44</ele><time>2026-03-01T09:35:24Z</time></trkpt>
			<trkpt lat="47.519070" lon="-1.079270"><ele>44</ele><time>2026-03-01T09:35:36Z</time></trkpt>
			<trkpt lat="47.519260" lon="-1.078790"><ele>44</ele><time>2026-03-01T09:35:48Z</time></trkpt>
			<trkpt lat="47.519890" lon="-1.077390"><ele>42</ele><time>2026-03-01T09:36:00Z</time></trkpt>
			<trkpt lat="47.521150" lon="-1.074570"><ele>39</ele><time>2026-03-01T09:36:12Z</time></trkpt>
			<trkpt lat="47.521580" lon="-1.073610"><ele>39</ele><time>2026-03-01T09:36:24Z</time></trkpt>
			<trkpt lat="47.521610" lon="-1.073500"><ele>39</ele><time>2026-03-01T09:36:36Z</time></trkpt>
			<trkpt lat="47.521620" lon="-1.073380"><ele>39</ele><time>2026-03-01T09:36:48Z</time></trkpt>
			<trkpt lat="47.521800" lon="-1.073200"><ele>39</ele><time>2026-03-01T09:37:00Z</time></trkpt>
			<trkpt lat="47.521870" lon="-1.073140"><ele>39</ele><time>2026-03-01T09:37:12Z</time></trkpt>
			<trkpt lat="47.522100" lon="-1.072980"><ele>38</ele><time>2026-03-01T09:37:24Z</time></trkpt>
			<trkpt lat="47.522410" lon="-1.072780"><ele>38</ele><time>2026-03-01T09:37:36Z</time></trkpt>
			<trkpt lat="47.522550" lon="-1.072700"><ele>38</ele><time>2026-03-01T09:37:48Z</time></trkpt>
			<trkpt lat="47.522780" lon="-1.072600"><ele>38</ele><time>2026-03-01T09:38:00Z</time></trkpt>
			<trkpt lat="47.523010" lon="-1.072520"><ele>38</ele><time>2026-03-01T09:38:12Z</time></trkpt>
			<trkpt lat="47.523120" lon="-1.072500"><ele>38</ele><time>2026-03-01T09:38:24Z</time></trkpt>
			<trkpt lat="47.523450" lon="-1.072480"><ele>38</ele><time>2026-03-01T09:38:36Z</time></trkpt>
			<trkpt lat="47.523710" lon="-1.072500"><ele>39</ele><time>2026-03-01T09:38:48Z</time></trkpt>
			<trkpt lat="47.523810" lon="-1.072540"><ele>39</ele><time>2026-03-01T09:39:00Z</time></trkpt>
			<trkpt lat="47.523890" lon="-1.072580"><ele>39</ele><time>2026-03-01T09:39:12Z</time></trkpt>
			<trkpt lat="47.523960" lon="-1.072670"><ele>40</ele><time>2026-03-01T09:39:24Z</time></trkpt>
			<trkpt lat="47.524310" lon="-1.073180"><ele>41</ele><time>2026-03-01T09:39:36Z</time></trkpt>
			<trkpt lat="47.524500" lon="-1.073470"><ele>41</ele><time>2026-03-01T09:39:48Z</time></trkpt>
			<trkpt lat="47.524860" lon="-1.074030"><ele>42</ele><time>2026-03-01T09:40:00Z</time></trkpt>
			<trkpt lat="47.524970" lon="-1.074210"><ele>42</ele><time>2026-03-01T09:40:12Z</time></trkpt>
			<trkpt lat="47.525080" lon="-1.074430"><ele>42</ele><time>2026-03-01T09:40:24Z</time></trkpt>
			<trkpt lat="47.528190" lon="-1.081610"><ele>41</ele><time>2026-03-01T09:40:36Z</time></trkpt>
			<trkpt lat="47.528960" lon="-1.083400"><ele>41</ele><time>2026-03-01T09:40:48Z</time></trkpt>
			<trkpt lat="47.529370" lon="-1.084350"><ele>40</ele><time>2026-03-01T09:41:00Z</time></trkpt>
			<trkpt lat="47.529620" lon="-1.084780"><ele>42</ele><time>2026-03-01T09:41:12Z</time></trkpt>
			<trkpt lat="47.529800" lon="-1.085370"><ele>43</ele><time>2026-03-01T09:41:24Z</time></trkpt>
			<trkpt lat="47.529830" lon="-1.085450"><ele>43</ele><time>2026-03-01T09:41:36Z</time></trkpt>
			<trkpt lat="47.530060" lon="-1.085960"><ele>44</ele><time>2026-03-01T09:41:48Z</time></trkpt>
			<trkpt lat="47.530280" lon="-1.086470"><ele>46</ele><time>2026-03-01T09:42:00Z</time></trkpt>
			<trkpt lat="47.530410" lon="-1.086790"><ele>47</ele><time>2026-03-01T09:42:12Z</time></trkpt>
			<trkpt lat="47.530830" lon="-1.087790"><ele>49</ele><time>2026-03-01T09:42:24Z</time></trkpt>
			<trkpt lat="47.531190" lon="-1.088730"><ele>53</ele><time>2026-03-01T09:42:36Z</time></trkpt>
			<trkpt lat="47.531360" lon="-1.089140"><ele>54</ele><time>2026-03-01T09:42:48Z</time></trkpt>
			<trkpt lat="47.531460" lon="-1.089360"><ele>55</ele><time>2026-03-01T09:43:00Z</time></trkpt>
			<trkpt lat="47.531560" lon="-1.089530"><ele>55</ele><time>2026-03-01T09:43:12Z</time></trkpt>
			<trkpt lat="47.531630" lon="-1.089630"><ele>56</ele><time>2026-03-01T09:43:24Z</time></trkpt>
			<trkpt lat="47.531760" lon="-1.089750"><ele>56</ele><time>2026-03-01T09:43:36Z</time></trkpt>
			<trkpt lat="47.532600" lon="-1.090570"><ele>59</ele><time>2026-03-01T09:43:48Z</time></trkpt>
			<trkpt lat="47.532700" lon="-1.090650"><ele>59</ele><time>2026-03-01T09:44:00Z</time></trkpt>
			<trkpt lat="47.532800" lon="-1.090720"><ele>58</ele><time>2026-03-01T09:44:12Z</time></trkpt>
			<trkpt lat="47.533790" lon="-1.091210"><ele>53</ele><time>2026-03-01T09:44:24Z</time></trkpt>
			<trkpt lat="47.534080" lon="-1.091320"><ele>51</ele><time>2026-03-01T09:44:36Z</time></trkpt>
			<trkpt lat="47.536030" lon="-1.091990"><ele>47</ele><time>2026-03-01T09:44:48Z</time></trkpt>
			<trkpt lat="47.536850" lon="-1.092240"><ele>46</ele><time>2026-03-01T09:45:00Z</time></trkpt>
			<trkpt lat="47.538510" lon="-1.092750"><ele>52</ele><time>2026-03-01T09:45:12Z</time></trkpt>
			<trkpt lat="47.538630" lon="-1.092820"><ele>52</ele><time>2026-03-01T09:45:24Z</time></trkpt>
			<trkpt lat="47.538710" lon="-1.092890"><ele>52</ele><time>2026-03-01T09:45:36Z</time></trkpt>
			<trkpt lat="47.538800" lon="-1.093010"><ele>52</ele><time>2026-03-01T09:45:48Z</time></trkpt>
			<trkpt lat="47.538870" lon="-1.093150"><ele>52</ele><time>2026-03-01T09:46:00Z</time></trkpt>
			<trkpt lat="47.538950" lon="-1.093350"><ele>52</ele><time>2026-03-01T09:46:12Z</time></trkpt>
			<trkpt lat="47.541390" lon="-1.100590"><ele>46</ele><time>2026-03-01T09:46:24Z</time></trkpt>
			<trkpt lat="47.541490" lon="-1.100870"><ele>45</ele><time>2026-03-01T09:46:36Z</time></trkpt>
			<trkpt lat="47.541580" lon="-1.101040"><ele>44</ele><time>2026-03-01T09:46:48Z</time></trkpt>
			<trkpt lat="47.541780" lon="-1.101240"><ele>43</ele><time>2026-03-01T09:47:00Z</time></trkpt>
			<trkpt lat="47.541860" lon="-1.101280"><ele>43</ele><time>2026-03-01T09:47:12Z</time></trkpt>
			<trkpt lat="47.541940" lon="-1.101310"><ele>42</ele><time>2026-03-01T09:47:24Z</time></trkpt>
			<trkpt lat="47.542030" lon="-1.101320"><ele>42</ele><time>2026-03-01T09:47:36Z</time></trkpt>
			<trkpt lat="47.542470" lon="-1.101300"><ele>41</ele><time>2026-03-01T09:47:48Z</time></trkpt>
			<trkpt lat="47.542550" lon="-1.101300"><ele>42</ele><time>2026-03-01T09:48:00Z</time></trkpt>
			<trkpt lat="47.542850" lon="-1.101290"><ele>43</ele><time>2026-03-01T09:48:12Z</time></trkpt>
			<trkpt lat="47.542970" lon="-1.101300"><ele>44</ele><time>2026-03-01T09:48:24Z</time></trkpt>
			<trkpt lat="47.543040" lon="-1.101330"><ele>44</ele><time>2026-03-01T09:48:36Z</time></trkpt>
			<trkpt lat="47.543110" lon="-1.101370"><ele>45</ele><time>2026-03-01T09:48:48Z</time></trkpt>
			<trkpt lat="47.543180" lon="-1.101470"><ele>45</ele><time>2026-03-01T09:49:00Z</time></trkpt>
			<trkpt lat="47.543320" lon="-1.101750"><ele>46</ele><time>2026-03-01T09:49:12Z</time></trkpt>
			<trkpt lat="47.543380" lon="-1.101900"><ele>46</ele><time>2026-03-01T09:49:24Z</time></trkpt>
			<trkpt lat="47.543390" lon="-1.102010"><ele>46</ele><time>2026-03-01T09:49:36Z</time></trkpt>
			<trkpt lat="47.543380" lon="-1.102150"><ele>45</ele><time>2026-03-01T09:49:48Z</time></trkpt>
			<trkpt lat="47.543320" lon="-1.103150"><ele>45</ele><time>2026-03-01T09:50:00Z</time></trkpt>
			<trkpt lat="47.543300" lon="-1.103930"><ele>45</ele><time>2026-03-01T09:50:12Z</time></trkpt>
			<trkpt lat="47.543230" lon="-1.109240"><ele>44</ele><time>2026-03-01T09:50:24Z</time></trkpt>
			<trkpt lat="47.543230" lon="-1.109540"><ele>44</ele><time>2026-03-01T09:50:36Z</time></trkpt>
			<trkpt lat="47.543240" lon="-1.109690"><ele>43</ele><time>2026-03-01T09:50:48Z</time></trkpt>
			<trkpt lat="47.543260" lon="-1.109820"><ele>43</ele><time>2026-03-01T09:51:00Z</time></trkpt>
			<trkpt lat="47.543290" lon="-1.109950"><ele>43</ele><time>2026-03-01T09:51:12Z</time></trkpt>
			<trkpt lat="47.543330" lon="-1.110080"><ele>43</ele><time>2026-03-01T09:51:24Z</time></trkpt>
			<trkpt lat="47.544020" lon="-1.111650"><ele>45</ele><time>2026-03-01T09:51:36Z</time></trkpt>
			<trkpt lat="47.544400" lon="-1.112510"><ele>45</ele><time>2026-03-01T09:51:48Z</time></trkpt>
			<trkpt lat="47.545220" lon="-1.114390"><ele>46</ele><time>2026-03-01T09:52:00Z</time></trkpt>
			<trkpt lat="47.546610" lon="-1.117600"><ele>49</ele><time>2026-03-01T09:52:12Z</time></trkpt>
			<trkpt lat="47.546970" lon="-1.118430"><ele>47</ele><time>2026-03-01T09:52:24Z</time></trkpt>
			<trkpt lat="47.547610" lon="-1.119890"><ele>47</ele><time>2026-03-01T09:52:36Z</time></trkpt>
			<trkpt lat="47.547650" lon="-1.119970"><ele>47</ele><time>2026-03-01T09:52:48Z</time></trkpt>
			<trkpt lat="47.547780" lon="-1.120290"><ele>48</ele><time>2026-03-01T09:53:00Z</time></trkpt>
			<trkpt lat="47.547950" lon="-1.120610"><ele>48</ele><time>2026-03-01T09:53:12Z</time></trkpt>
			<trkpt lat="47.548040" lon="-1.120810"><ele>49</ele><time>2026-03-01T09:53:24Z</time></trkpt>
			<trkpt lat="47.548080" lon="-1.120950"><ele>49</ele><time>2026-03-01T09:53:36Z</time></trkpt>
			<trkpt lat="47.548230" lon="-1.121290"><ele>49</ele><time>2026-03-01T09:53:48Z</time></trkpt>
			<trkpt lat="47.548360" lon="-1.121580"><ele>50</ele><time>2026-03-01T09:54:00Z</time></trkpt>
			<trkpt lat="47.548650" lon="-1.122250"><ele>51</ele><time>2026-03-01T09:54:12Z</time></trkpt>
			<trkpt lat="47.548690" lon="-1.122330"><ele>51</ele><time>2026-03-01T09:54:24Z</time></trkpt>
			<trkpt lat="47.548730" lon="-1.122340"><ele>51</ele><time>2026-03-01T09:54:36Z</time></trkpt>
			<trkpt lat="47.548800" lon="-1.121630"><ele>49</ele><time>2026-03-01T09:54:48Z</time></trkpt>
			<trkpt lat="47.548840" lon="-1.121150"><ele>49</ele><time>2026-03-01T09:55:00Z</time></trkpt>
			<trkpt lat="47.549320" lon="-1.121240"><ele>48</ele><time>2026-03-01T09:55:12Z</time></trkpt>
			<trkpt lat="47.549570" lon="-1.121280"><ele>47</ele><time>2026-03-01T09:55:24Z</time></trkpt>
			<trkpt lat="47.549640" lon="-1.121280"><ele>46</ele><time>2026-03-01T09:55:36Z</time></trkpt>
			<trkpt lat="47.550060" lon="-1.121080"><ele>44</ele><time>2026-03-01T09:55:48Z</time></trkpt>
			<trkpt lat="47.550150" lon="-1.121040"><ele>44</ele><time>2026-03-01T09:56:00Z</time></trkpt>
			<trkpt lat="47.550520" lon="-1.120880"><ele>42</ele><time>2026-03-01T09:56:12Z</time></trkpt>
			<trkpt lat="47.551080" lon="-1.120650"><ele>39</ele><time>2026-03-01T09:56:24Z</time></trkpt>
			<trkpt lat="47.551240" lon="-1.120630"><ele>38</ele><time>2026-03-01T09:56:36Z</time></trkpt>
			<trkpt lat="47.551540" lon="-1.120680"><ele>36</ele><time>2026-03-01T09:56:48Z</time></trkpt>
			<trkpt lat="47.551660" lon="-1.120710"><ele>35</ele><time>2026-03-01T09:57:00Z</time></trkpt>
			<trkpt lat="47.551950" lon="-1.120720"><ele>34</ele><time>2026-03-01T09:57:12Z</time></trkpt>
			<trkpt lat="47.552200" lon="-1.120760"><ele>34</ele><time>2026-03-01T09:57:24Z</time></trkpt>
			<trkpt lat="47.552440" lon="-1.120790"><ele>33</ele><time>2026-03-01T09:57:36Z</time></trkpt>
			<trkpt lat="47.552550" lon="-1.120790"><ele>33</ele><time>2026-03-01T09:57:48Z</time></trkpt>
			<trkpt lat="47.552620" lon="-1.120780"><ele>33</ele><time>2026-03-01T09:58:00Z</time></trkpt>
			<trkpt lat="47.552750" lon="-1.120740"><ele>34</ele><time>2026-03-01T09:58:12Z</time></trkpt>
			<trkpt lat="47.552990" lon="-1.120640"><ele>35</ele><time>2026-03-01T09:58:24Z</time></trkpt>
			<trkpt lat="47.553090" lon="-1.120550"><ele>35</ele><time>2026-03-01T09:58:36Z</time></trkpt>
			<trkpt lat="47.553260" lon="-1.120350"><ele>35</ele><time>2026-03-01T09:58:48Z</time></trkpt>
			<trkpt lat="47.553310" lon="-1.120270"><ele>35</ele><time>2026-03-01T09:59:00Z</time></trkpt>
			<trkpt lat="47.553530" lon="-1.119880"><ele>36</ele><time>2026-03-01T09:59:12Z</time></trkpt>
			<trkpt lat="47.553700" lon="-1.119580"><ele>36</ele><time>2026-03-01T09:59:24Z</time></trkpt>
			<trkpt lat="47.553760" lon="-1.119490"><ele>37</ele><time>2026-03-01T09:59:36Z</time></trkpt>
			<trkpt lat="47.553860" lon="-1.119270"><ele>37</ele><time>2026-03-01T09:59:48Z</time></trkpt>
			<trkpt lat="47.554070" lon="-1.118710"><ele>37</ele><time>2026-03-01T10:00:00Z</time></trkpt>
			<trkpt lat="47.554170" lon="-1.118470"><ele>37</ele><time>2026-03-01T10:00:12Z</time></trkpt>
			<trkpt lat="47.554310" lon="-1.118160"><ele>38</ele><time>2026-03-01T10:00:24Z</time></trkpt>
			<trkpt lat="47.554690" lon="-1.117520"><ele>40</ele><time>2026-03-01T10:00:36Z</time></trkpt>
			<trkpt lat="47.554710" lon="-1.117460"><ele>40</ele><time>2026-03-01T10:00:48Z</time></trkpt>
			<trkpt lat="47.554750" lon="-1.117330"><ele>40</ele><time>2026-03-01T10:01:00Z</time></trkpt>
			<trkpt lat="47.554770" lon="-1.117210"><ele>40</ele><time>2026-03-01T10:01:12Z</time></trkpt>
			<trkpt lat="47.554830" lon="-1.116680"><ele>40</ele><time>2026-03-01T10:01:24Z</time></trkpt>
			<trkpt lat="47.554860" lon="-1.116460"><ele>40</ele><time>2026-03-01T10:01:36Z</time></trkpt>
			<trkpt lat="47.554930" lon="-1.116190"><ele>42</ele><time>2026-03-01T10:01:48Z</time></trkpt>
			<trkpt lat="47.555190" lon="-1.115350"><ele>44</ele><time>2026-03-01T10:02:00Z</time></trkpt>
			<trkpt lat="47.555220" lon="-1.115220"><ele>44</ele><time>2026-03-01T10:02:12Z</time></trkpt>
			<trkpt lat="47.555270" lon="-1.114980"><ele>45</ele><time>2026-03-01T10:02:24Z</time></trkpt>
			<trkpt lat="47.555290" lon="-1.114860"><ele>45</ele><time>2026-03-01T10:02:36Z</time></trkpt>
			<trkpt lat="47.555340" lon="-1.114210"><ele>44</ele><time>2026-03-01T10:02:48Z</time></trkpt>
			<trkpt lat="47.555530" lon="-1.112820"><ele>46</ele><time>2026-03-01T10:03:00Z</time></trkpt>
			<trkpt lat="47.555600" lon="-1.112490"><ele>46</ele><time>2026-03-01T10:03:12Z</time></trkpt>
			<trkpt lat="47.555900" lon="-1.111200"><ele>48</ele><time>2026-03-01T10:03:24Z</time></trkpt>
			<trkpt lat="47.556310" lon="-1.109210"><ele>47</ele><time>2026-03-01T10:03:36Z</time></trkpt>
			<trkpt lat="47.556380" lon="-1.108830"><ele>47</ele><time>2026-03-01T10:03:48Z</time></trkpt>
			<trkpt lat="47.556500" lon="-1.107930"><ele>47</ele><time>2026-03-01T10:04:00Z</time></trkpt>
			<trkpt lat="47.556720" lon="-1.106660"><ele>49</ele><time>2026-03-01T10:04:12Z</time></trkpt>
			<trkpt lat="47.556800" lon="-1.106290"><ele>49</ele><time>2026-03-01T10:04:24Z</time></trkpt>
			<trkpt lat="47.556950" lon="-1.105680"><ele>49</ele><time>2026-03-01T10:04:36Z</time></trkpt>
			<trkpt lat="47.557540" lon="-1.103430"><ele>53</ele><time>2026-03-01T10:04:48Z</time></trkpt>
			<trkpt lat="47.557850" lon="-1.102290"><ele>55</ele><time>2026-03-01T10:05:00Z</time></trkpt>
			<trkpt lat="47.558070" lon="-1.101290"><ele>57</ele><time>2026-03-01T10:05:12Z</time></trkpt>
			<trkpt lat="47.558130" lon="-1.101070"><ele>57</ele><time>2026-03-01T10:05:24Z</time></trkpt>
			<trkpt lat="47.558180" lon="-1.100880"><ele>58</ele><time>2026-03-01T10:05:36Z</time></trkpt>
			<trkpt lat="47.558310" lon="-1.100480"><ele>57</ele><time>2026-03-01T10:05:48Z</time></trkpt>
			<trkpt lat="47.558390" lon="-1.100290"><ele>56</ele><time>2026-03-01T10:06:00Z</time></trkpt>
			<trkpt lat="47.558550" lon="-1.100000"><ele>55</ele><time>2026-03-01T10:06:12Z</time></trkpt>
			<trkpt lat="47.558750" lon="-1.099620"><ele>53</ele><time>2026-03-01T10:06:24Z</time></trkpt>
			<trkpt lat="47.558860" lon="-1.099390"><ele>52</ele><time>2026-03-01T10:06:36Z</time></trkpt>
			<trkpt lat="47.558990" lon="-1.099070"><ele>51</ele><time>2026-03-01T10:06:48Z</time></trkpt>
			<trkpt lat="47.559030" lon="-1.098940"><ele>51</ele><time>2026-03-01T10:07:00Z</time></trkpt>
			<trkpt lat="47.559060" lon="-1.098790"><ele>51</ele><time>2026-03-01T10:07:12Z</time></trkpt>
			<trkpt lat="47.559080" lon="-1.098580"><ele>51</ele><time>2026-03-01T10:07:24Z</time></trkpt>
			<trkpt lat="47.559090" lon="-1.098400"><ele>51</ele><time>2026-03-01T10:07:36Z</time></trkpt>
			<trkpt lat="47.559080" lon="-1.097210"><ele>46</ele><time>2026-03-01T10:07:48Z</time></trkpt>
			<trkpt lat="47.559040" lon="-1.096690"><ele>44</ele><time>2026-03-01T10:08:00Z</time></trkpt>
			<trkpt lat="47.559000" lon="-1.096160"><ele>43</ele><time>2026-03-01T10:08:12Z</time></trkpt>
			<trkpt lat="47.558990" lon="-1.095900"><ele>43</ele><time>2026-03-01T10:08:24Z</time></trkpt>
			<trkpt lat="47.559010" lon="-1.095640"><ele>43</ele><time>2026-03-01T10:08:36Z</time></trkpt>
			<trkpt lat="47.559060" lon="-1.095400"><ele>43</ele><time>2026-03-01T10:08:48Z</time></trkpt>
			<trkpt lat="47.559440" lon="-1.094060"><ele>42</ele><time>2026-03-01T10:09:00Z</time></trkpt>
			<trkpt lat="47.559510" lon="-1.093820"><ele>41</ele><time>2026-03-01T10:09:12Z</time></trkpt>
			<trkpt lat="47.559600" lon="-1.093580"><ele>40</ele><time>2026-03-01T10:09:24Z</time></trkpt>
			<trkpt lat="47.559700" lon="-1.093370"><ele>39</ele><time>2026-03-01T10:09:36Z</time></trkpt>
			<trkpt lat="47.559760" lon="-1.093270"><ele>39</ele><time>2026-03-01T10:09:48Z</time></trkpt>
			<trkpt lat="47.560080" lon="-1.092800"><ele>39</ele><time>2026-03-01T10:10:00Z</time></trkpt>
			<trkpt lat="47.560290" lon="-1.092520"><ele>40</ele><time>2026-03-01T10:10:12Z</time></trkpt>
			<trkpt lat="47.560330" lon="-1.092460"><ele>40</ele><time>2026-03-01T10:10:24Z</time></trkpt>
			<trkpt lat="47.561070" lon="-1.091450"><ele>42</ele><time>2026-03-01T10:10:36Z</time></trkpt>
			<trkpt lat="47.566000" lon="-1.084700"><ele>60</ele><time>2026-03-01T10:10:48Z</time></trkpt>
			<trkpt lat="47.566870" lon="-1.083510"><ele>62</ele><time>2026-03-01T10:11:00Z</time></trkpt>
			<trkpt lat="47.566990" lon="-1.083300"><ele>62</ele><time>2026-03-01T10:11:12Z</time></trkpt>
			<trkpt lat="47.567070" lon="-1.083140"><ele>62</ele><time>2026-03-01T10:11:24Z</time></trkpt>
			<trkpt lat="47.567130" lon="-1.082960"><ele>62</ele><time>2026-03-01T10:11:36Z</time></trkpt>
			<trkpt lat="47.567180" lon="-1.082720"><ele>63</ele><time>2026-03-01T10:11:48Z</time></trkpt>
			<trkpt lat="47.567350" lon="-1.081590"><ele>62</ele><time>2026-03-01T10:12:00Z</time></trkpt>
			<trkpt lat="47.567400" lon="-1.081340"><ele>62</ele><time>2026-03-01T10:12:12Z</time></trkpt>
			<trkpt lat="47.567440" lon="-1.081170"><ele>63</ele><time>2026-03-01T10:12:24Z</time></trkpt>
			<trkpt lat="47.567530" lon="-1.080850"><ele>63</ele><time>2026-03-01T10:12:36Z</time></trkpt>
			<trkpt lat="47.569370" lon="-1.075350"><ele>55</ele><time>2026-03-01T10:12:48Z</time></trkpt>
			<trkpt lat="47.569680" lon="-1.074390"><ele>51</ele><time>2026-03-01T10:13:00Z</time></trkpt>
			<trkpt lat="47.569760" lon="-1.074180"><ele>50</ele><time>2026-03-01T10:13:12Z</time></trkpt>
			<trkpt lat="47.569810" lon="-1.074070"><ele>49</ele><time>2026-03-01T10:13:24Z</time></trkpt>
			<trkpt lat="47.569880" lon="-1.073970"><ele>49</ele><time>2026-03-01T10:13:36Z</time></trkpt>
			<trkpt lat="47.570020" lon="-1.073810"><ele>47</ele><time>2026-03-01T10:13:48Z</time></trkpt>
			<trkpt lat="47.570180" lon="-1.073690"><ele>47</ele><time>2026-03-01T10:14:00Z</time></trkpt>
			<trkpt lat="47.570360" lon="-1.073580"><ele>46</ele><time>2026-03-01T10:14:12Z</time></trkpt>
			<trkpt lat="47.572720" lon="-1.072160"><ele>40</ele><time>2026-03-01T10:14:24Z</time></trkpt>
			<trkpt lat="47.573190" lon="-1.071890"><ele>39</ele><time>2026-03-01T10:14:36Z</time></trkpt>
			<trkpt lat="47.573310" lon="-1.071760"><ele>39</ele><time>2026-03-01T10:14:48Z</time></trkpt>
			<trkpt lat="47.573420" lon="-1.071570"><ele>39</ele><time>2026-03-01T10:15:00Z</time></trkpt>
			<trkpt lat="47.573730" lon="-1.071560"><ele>39</ele><time>2026-03-01T10:15:12Z</time></trkpt>
			<trkpt lat="47.574100" lon="-1.071350"><ele>38</ele><time>2026-03-01T10:15:24Z</time></trkpt>
			<trkpt lat="47.574180" lon="-1.071300"><ele>38</ele><time>2026-03-01T10:15:36Z</time></trkpt>
			<trkpt lat="47.574810" lon="-1.070920"><ele>40</ele><time>2026-03-01T10:15:48Z</time></trkpt>
			<trkpt lat="47.575230" lon="-1.070720"><ele>43</ele><time>2026-03-01T10:16:00Z</time></trkpt>
			<trkpt lat="47.575720" lon="-1.070530"><ele>47</ele><time>2026-03-01T10:16:12Z</time></trkpt>
			<trkpt lat="47.577000" lon="-1.070050"><ele>54</ele><time>2026-03-01T10:16:24Z</time></trkpt>
			<trkpt lat="47.577900" lon="-1.069700"><ele>56</ele><time>2026-03-01T10:16:36Z</time></trkpt>
			<trkpt lat="47.578110" lon="-1.069630"><ele>55</ele><time>2026-03-01T10:16:48Z</time></trkpt>
			<trkpt lat="47.578170" lon="-1.069610"><ele>55</ele><time>2026-03-01T10:17:00Z</time></trkpt>
			<trkpt lat="47.578410" lon="-1.069590"><ele>55</ele><time>2026-03-01T10:17:12Z</time></trkpt>
			<trkpt lat="47.578670" lon="-1.069600"><ele>55</ele><time>2026-03-01T10:17:24Z</time></trkpt>
			<trkpt lat="47.579080" lon="-1.069630"><ele>54</ele><time>2026-03-01T10:17:36Z</time></trkpt>
			<trkpt lat="47.579380" lon="-1.069680"><ele>54</ele><time>2026-03-01T10:17:48Z</time></trkpt>
			<trkpt lat="47.579670" lon="-1.069680"><ele>54</ele><time>2026-03-01T10:18:00Z</time></trkpt>
			<trkpt lat="47.579840" lon="-1.069680"><ele>54</ele><time>2026-03-01T10:18:12Z</time></trkpt>
			<trkpt lat="47.580230" lon="-1.069640"><ele>53</ele><time>2026-03-01T10:18:24Z</time></trkpt>
			<trkpt lat="47.580880" lon="-1.069620"><ele>52</ele><time>2026-03-01T10:18:36Z</time></trkpt>
			<trkpt lat="47.581030" lon="-1.069670"><ele>52</ele><time>2026-03-01T10:18:48Z</time></trkpt>
			<trkpt lat="47.581110" lon="-1.069710"><ele>51</ele><time>2026-03-01T10:19:00Z</time></trkpt>
			<trkpt lat="47.581130" lon="-1.069650"><ele>51</ele><time>2026-03-01T10:19:12Z</time></trkpt>
			<trkpt lat="47.581140" lon="-1.069570"><ele>51</ele><time>2026-03-01T10:19:24Z</time></trkpt>
			<trkpt lat="47.581110" lon="-1.069290"><ele>51</ele><time>2026-03-01T10:19:36Z</time></trkpt>
			<trkpt lat="47.581090" lon="-1.069160"><ele>51</ele><time>2026-03-01T10:19:48Z</time></trkpt>
			<trkpt lat="47.580950" lon="-1.068610"><ele>52</ele><time>2026-03-01T10:20:00Z</time></trkpt>
			<trkpt lat="47.580630" lon="-1.067480"><ele>51</ele><time>2026-03-01T10:20:12Z</time></trkpt>
			<trkpt lat="47.580590" lon="-1.067270"><ele>50</ele><time>2026-03-01T10:20:24Z</time></trkpt>
			<trkpt lat="47.580580" lon="-1.067130"><ele>50</ele><time>2026-03-01T10:20:36Z</time></trkpt>
			<trkpt lat="47.580580" lon="-1.067000"><ele>50</ele><time>2026-03-01T10:20:48Z</time></trkpt>
			<trkpt lat="47.580590" lon="-1.066870"><ele>49</ele><time>2026-03-01T10:21:00Z</time></trkpt>
			<trkpt lat="47.580620" lon="-1.066740"><ele>49</ele><time>2026-03-01T10:21:12Z</time></trkpt>
			<trkpt lat="47.580660" lon="-1.066620"><ele>48</ele><time>2026-03-01T10:21:24Z</time></trkpt>
			<trkpt lat="47.580710" lon="-1.066500"><ele>48</ele><time>2026-03-01T10:21:36Z</time></trkpt>
			<trkpt lat="47.580770" lon="-1.066400"><ele>47</ele><time>2026-03-01T10:21:48Z</time></trkpt>
			<trkpt lat="47.580860" lon="-1.066290"><ele>47</ele><time>2026-03-01T10:22:00Z</time></trkpt>
			<trkpt lat="47.580970" lon="-1.066190"><ele>47</ele><time>2026-03-01T10:22:12Z</time></trkpt>
			<trkpt lat="47.581530" lon="-1.065830"><ele>46</ele><time>2026-03-01T10:22:24Z</time></trkpt>
			<trkpt lat="47.581620" lon="-1.065770"><ele>46</ele><time>2026-03-01T10:22:36Z</time></trkpt>
			<trkpt lat="47.581690" lon="-1.065710"><ele>46</ele><time>2026-03-01T10:22:48Z</time></trkpt>
			<trkpt lat="47.581840" lon="-1.065580"><ele>47</ele><time>2026-03-01T10:23:00Z</time></trkpt>
			<trkpt lat="47.581900" lon="-1.065490"><ele>48</ele><time>2026-03-01T10:23:12Z</time></trkpt>
			<trkpt lat="47.582010" lon="-1.065330"><ele>49</ele><time>2026-03-01T10:23:24Z</time></trkpt>
			<trkpt lat="47.582080" lon="-1.065180"><ele>49</ele><time>2026-03-01T10:23:36Z</time></trkpt>
			<trkpt lat="47.582170" lon="-1.064960"><ele>50</ele><time>2026-03-01T10:23:48Z</time></trkpt>
			<trkpt lat="47.582240" lon="-1.064720"><ele>51</ele><time>2026-03-01T10:24:00Z</time></trkpt>
			<trkpt lat="47.582540" lon="-1.063610"><ele>53</ele><time>2026-03-01T10:24:12Z</time></trkpt>
			<trkpt lat="47.582600" lon="-1.063430"><ele>54</ele><time>2026-03-01T10:24:24Z</time></trkpt>
			<trkpt lat="47.582670" lon="-1.063260"><ele>54</ele><time>2026-03-01T10:24:36Z</time></trkpt>
			<trkpt lat="47.583260" lon="-1.062170"><ele>53</ele><time>2026-03-01T10:24:48Z</time></trkpt>
			<trkpt lat="47.583660" lon="-1.061450"><ele>54</ele><time>2026-03-01T10:25:00Z</time></trkpt>
			<trkpt lat="47.583730" lon="-1.061360"><ele>54</ele><time>2026-03-01T10:25:12Z</time></trkpt>
			<trkpt lat="47.583800" lon="-1.061280"><ele>54</ele><time>2026-03-01T10:25:24Z</time></trkpt>
			<trkpt lat="47.583880" lon="-1.061210"><ele>54</ele><time>2026-03-01T10:25:36Z</time></trkpt>
			<trkpt lat="47.583960" lon="-1.061160"><ele>55</ele><time>2026-03-01T10:25:48Z</time></trkpt>
			<trkpt lat="47.584140" lon="-1.061090"><ele>55</ele><time>2026-03-01T10:26:00Z</time></trkpt>
			<trkpt lat="47.584770" lon="-1.060920"><ele>55</ele><time>2026-03-01T10:26:12Z</time></trkpt>
			<trkpt lat="47.584850" lon="-1.060880"><ele>55</ele><time>2026-03-01T10:26:24Z</time></trkpt>
			<trkpt lat="47.584930" lon="-1.060830"><ele>55</ele><time>2026-03-01T10:26:36Z</time></trkpt>
			<trkpt lat="47.585010" lon="-1.060760"><ele>55</ele><time>2026-03-01T10:26:48Z</time></trkpt>
			<trkpt lat="47.585150" lon="-1.060600"><ele>55</ele><time>2026-03-01T10:27:00Z</time></trkpt>
			<trkpt lat="47.586090" lon="-1.059270"><ele>56</ele><time>2026-03-01T10:27:12Z</time></trkpt>
			<trkpt lat="47.587280" lon="-1.057590"><ele>58</ele><time>2026-03-01T10:27:24Z</time></trkpt>
			<trkpt lat="47.587450" lon="-1.057340"><ele>58</ele><time>2026-03-01T10:27:36Z</time></trkpt>
			<trkpt lat="47.587550" lon="-1.057120"><ele>58</ele><time>2026-03-01T10:27:48Z</time></trkpt>
			<trkpt lat="47.587600" lon="-1.056990"><ele>59</ele><time>2026-03-01T10:28:00Z</time></trkpt>
			<trkpt lat="47.587620" lon="-1.056870"><ele>59</ele><time>2026-03-01T10:28:12Z</time></trkpt>
			<trkpt lat="47.587630" lon="-1.056760"><ele>59</ele><time>2026-03-01T10:28:24Z</time></trkpt>
			<trkpt lat="47.587630" lon="-1.056480"><ele>59</ele><time>2026-03-01T10:28:36Z</time></trkpt>
			<trkpt lat="47.587330" lon="-1.053480"><ele>58</ele><time>2026-03-01T10:28:48Z</time></trkpt>
			<trkpt lat="47.587290" lon="-1.053090"><ele>58</ele><time>2026-03-01T10:29:00Z</time></trkpt>
			<trkpt lat="47.587260" lon="-1.052890"><ele>58</ele><time>2026-03-01T10:29:12Z</time></trkpt>
			<trkpt lat="47.587180" lon="-1.052520"><ele>57</ele><time>2026-03-01T10:29:24Z</time></trkpt>
			<trkpt lat="47.587100" lon="-1.052270"><ele>57</ele><time>2026-03-01T10:29:36Z</time></trkpt>
			<trkpt lat="47.586990" lon="-1.051990"><ele>56</ele><time>2026-03-01T10:29:48Z</time></trkpt>
			<trkpt lat="47.586380" lon="-1.050680"><ele>54</ele><time>2026-03-01T10:30:00Z</time></trkpt>
			<trkpt lat="47.586240" lon="-1.050370"><ele>53</ele><time>2026-03-01T10:30:12Z</time></trkpt>
			<trkpt lat="47.586160" lon="-1.050180"><ele>53</ele><time>2026-03-01T10:30:24Z</time></trkpt>
			<trkpt lat="47.586100" lon="-1.050000"><ele>53</ele><time>2026-03-01T10:30:36Z</time></trkpt>
			<trkpt lat="47.586050" lon="-1.049810"><ele>52</ele><time>2026-03-01T10:30:48Z</time></trkpt>
			<trkpt lat="47.585580" lon="-1.047970"><ele>49</ele><time>2026-03-01T10:31:00Z</time></trkpt>
			<trkpt lat="47.585260" lon="-1.046760"><ele>47</ele><time>2026-03-01T10:31:12Z</time></trkpt>
			<trkpt lat="47.584830" lon="-1.045080"><ele>49</ele><time>2026-03-01T10:31:24Z</time></trkpt>
			<trkpt lat="47.584460" lon="-1.043630"><ele>49</ele><time>2026-03-01T10:31:36Z</time></trkpt>
			<trkpt lat="47.584430" lon="-1.043450"><ele>49</ele><time>2026-03-01T10:31:48Z</time></trkpt>
			<trkpt lat="47.584420" lon="-1.043290"><ele>49</ele><time>2026-03-01T10:32:00Z</time></trkpt>
			<trkpt lat="47.584420" lon="-1.043090"><ele>49</ele><time>2026-03-01T10:32:12Z</time></trkpt>
			<trkpt lat="47.584430" lon="-1.042950"><ele>49</ele><time>2026-03-01T10:32:24Z</time></trkpt>
			<trkpt lat="47.584460" lon="-1.042760"><ele>49</ele><time>2026-03-01T10:32:36Z</time></trkpt>
			<trkpt lat="47.584530" lon="-1.042480"><ele>49</ele><time>2026-03-01T10:32:48Z</time></trkpt>
			<trkpt lat="47.585550" lon="-1.038450"><ele>57</ele><time>2026-03-01T10:33:00Z</time></trkpt>
			<trkpt lat="47.585740" lon="-1.037700"><ele>58</ele><time>2026-03-01T10:33:12Z</time></trkpt>
			<trkpt lat="47.585790" lon="-1.037480"><ele>58</ele><time>2026-03-01T10:33:24Z</time></trkpt>
			<trkpt lat="47.585810" lon="-1.037260"><ele>58</ele><time>2026-03-01T10:33:36Z</time></trkpt>
			<trkpt lat="47.585810" lon="-1.037100"><ele>58</ele><time>2026-03-01T10:33:48Z</time></trkpt>
			<trkpt lat="47.585750" lon="-1.036790"><ele>58</ele><time>2026-03-01T10:34:00Z</time></trkpt>
			<trkpt lat="47.585540" lon="-1.036040"><ele>57</ele><time>2026-03-01T10:34:12Z</time></trkpt>
			<trkpt lat="47.585330" lon="-1.035330"><ele>55</ele><time>2026-03-01T10:34:24Z</time></trkpt>
			<trkpt lat="47.585240" lon="-1.034950"><ele>54</ele><time>2026-03-01T10:34:36Z</time></trkpt>
			<trkpt lat="47.585200" lon="-1.034700"><ele>54</ele><time>2026-03-01T10:34:48Z</time></trkpt>
			<trkpt lat="47.585140" lon="-1.033710"><ele>52</ele><time>2026-03-01T10:35:00Z</time></trkpt>
			<trkpt lat="47.585050" lon="-1.031960"><ele>49</ele><time>2026-03-01T10:35:12Z</time></trkpt>
			<trkpt lat="47.585050" lon="-1.031730"><ele>49</ele><time>2026-03-01T10:35:24Z</time></trkpt>
			<trkpt lat="47.585060" lon="-1.031560"><ele>49</ele><time>2026-03-01T10:35:36Z</time></trkpt>
			<trkpt lat="47.585090" lon="-1.031240"><ele>49</ele><time>2026-03-01T10:35:48Z</time></trkpt>
			<trkpt lat="47.585200" lon="-1.030620"><ele>49</ele><time>2026-03-01T10:36:00Z</time></trkpt>
			<trkpt lat="47.585270" lon="-1.030230"><ele>49</ele><time>2026-03-01T10:36:12Z</time></trkpt>
			<trkpt lat="47.585350" lon="-1.029910"><ele>49</ele><time>2026-03-01T10:36:24Z</time></trkpt>
			<trkpt lat="47.585440" lon="-1.029660"><ele>49</ele><time>2026-03-01T10:36:36Z</time></trkpt>
			<trkpt lat="47.585570" lon="-1.029300"><ele>49</ele><time>2026-03-01T10:36:48Z</time></trkpt>
			<trkpt lat="47.585770" lon="-1.028780"><ele>50</ele><time>2026-03-01T10:37:00Z</time></trkpt>
			<trkpt lat="47.586300" lon="-1.027430"><ele>51</ele><time>2026-03-01T10:37:12Z</time></trkpt>
			<trkpt lat="47.586480" lon="-1.026900"><ele>52</ele><time>2026-03-01T10:37:24Z</time></trkpt>
			<trkpt lat="47.586820" lon="-1.025820"><ele>51</ele><time>2026-03-01T10:37:36Z</time></trkpt>
			<trkpt lat="47.586880" lon="-1.025640"><ele>51</ele><time>2026-03-01T10:37:48Z</time></trkpt>
			<trkpt lat="47.586960" lon="-1.025470"><ele>52</ele><time>2026-03-01T10:38:00Z</time></trkpt>
			<trkpt lat="47.587140" lon="-1.025180"><ele>52</ele><time>2026-03-01T10:38:12Z</time></trkpt>
			<trkpt lat="47.587340" lon="-1.024900"><ele>52</ele><time>2026-03-01T10:38:24Z</time></trkpt>
			<trkpt lat="47.587820" lon="-1.024210"><ele>52</ele><time>2026-03-01T10:38:36Z</time></trkpt>
			<trkpt lat="47.588020" lon="-1.023960"><ele>52</ele><time>2026-03-01T10:38:48Z</time></trkpt>
			<trkpt lat="47.588240" lon="-1.023730"><ele>52</ele><time>2026-03-01T10:39:00Z</time></trkpt>
			<trkpt lat="47.589450" lon="-1.022500"><ele>52</ele><time>2026-03-01T10:39:12Z</time></trkpt>
			<trkpt lat="47.589660" lon="-1.022270"><ele>51</ele><time>2026-03-01T10:39:24Z</time></trkpt>
			<trkpt lat="47.589710" lon="-1.022200"><ele>51</ele><time>2026-03-01T10:39:36Z</time></trkpt>
			<trkpt lat="47.589770" lon="-1.022090"><ele>51</ele><time>2026-03-01T10:39:48Z</time></trkpt>
			<trkpt lat="47.589810" lon="-1.022020"><ele>51</ele><time>2026-03-01T10:40:00Z</time></trkpt>
			<trkpt lat="47.589850" lon="-1.021870"><ele>50</ele><time>2026-03-01T10:40:12Z</time></trkpt>
			<trkpt lat="47.589870" lon="-1.021720"><ele>50</ele><time>2026-03-01T10:40:24Z</time></trkpt>
			<trkpt lat="47.589870" lon="-1.021580"><ele>50</ele><time>2026-03-01T10:40:36Z</time></trkpt>
			<trkpt lat="47.589860" lon="-1.021410"><ele>49</ele><time>2026-03-01T10:40:48Z</time></trkpt>
			<trkpt lat="47.589820" lon="-1.021000"><ele>49</ele><time>2026-03-01T10:41:00Z</time></trkpt>
			<trkpt lat="47.589770" lon="-1.020550"><ele>48</ele><time>2026-03-01T10:41:12Z</time></trkpt>
			<trkpt lat="47.589500" lon="-1.017950"><ele>47</ele><time>2026-03-01T10:41:24Z</time></trkpt>
			<trkpt lat="47.589430" lon="-1.017090"><ele>47</ele><time>2026-03-01T10:41:36Z</time></trkpt>
			<trkpt lat="47.589290" lon="-1.014140"><ele>46</ele><time>2026-03-01T10:41:48Z</time></trkpt>
			<trkpt lat="47.589280" lon="-1.012850"><ele>47</ele><time>2026-03-01T10:42:00Z</time></trkpt>
			<trkpt lat="47.589280" lon="-1.012580"><ele>46</ele><time>2026-03-01T10:42:12Z</time></trkpt>
			<trkpt lat="47.589250" lon="-1.012230"><ele>46</ele><time>2026-03-01T10:42:24Z</time></trkpt>
			<trkpt lat="47.589220" lon="-1.011970"><ele>46</ele><time>2026-03-01T10:42:36Z</time></trkpt>
			<trkpt lat="47.589120" lon="-1.011280"><ele>47</ele><time>2026-03-01T10:42:48Z</time></trkpt>
			<trkpt lat="47.589050" lon="-1.010850"><ele>48</ele><time>2026-03-01T10:43:00Z</time></trkpt>
			<trkpt lat="47.588500" lon="-1.007200"><ele>44</ele><time>2026-03-01T10:43:12Z</time></trkpt>
			<trkpt lat="47.588500" lon="-1.007170"><ele>45</ele><time>2026-03-01T10:43:24Z</time></trkpt>
			<trkpt lat="47.588480" lon="-1.007090"><ele>45</ele><time>2026-03-01T10:43:36Z</time></trkpt>
			<trkpt lat="47.588480" lon="-1.007050"><ele>45</ele><time>2026-03-01T10:43:48Z</time></trkpt>
			<trkpt lat="47.588370" lon="-1.006380"><ele>46</ele><time>2026-03-01T10:44:00Z</time></trkpt>
			<trkpt lat="47.588280" lon="-1.006110"><ele>47</ele><time>2026-03-01T10:44:12Z</time></trkpt>
			<trkpt lat="47.588350" lon="-1.006050"><ele>47</ele><time>2026-03-01T10:44:24Z</time></trkpt>
			<trkpt lat="47.588200" lon="-1.005700"><ele>47</ele><time>2026-03-01T10:44:36Z</time></trkpt>
			<trkpt lat="47.587430" lon="-1.003370"><ele>42</ele><time>2026-03-01T10:44:48Z</time></trkpt>
			<trkpt lat="47.587300" lon="-1.003040"><ele>42</ele><time>2026-03-01T10:45:00Z</time></trkpt>
			<trkpt lat="47.587110" lon="-1.002640"><ele>42</ele><time>2026-03-01T10:45:12Z</time></trkpt>
			<trkpt lat="47.587010" lon="-1.002490"><ele>42</ele><time>2026-03-01T10:45:24Z</time></trkpt>
			<trkpt lat="47.586400" lon="-1.001520"><ele>43</ele><time>2026-03-01T10:45:36Z</time></trkpt>
			<trkpt lat="47.585650" lon="-1.000320"><ele>42</ele><time>2026-03-01T10:45:48Z</time></trkpt>
			<trkpt lat="47.585550" lon="-1.000130"><ele>42</ele><time>2026-03-01T10:46:00Z</time></trkpt>
			<trkpt lat="47.585360" lon="-0.999760"><ele>41</ele><time>2026-03-01T10:46:12Z</time></trkpt>
			<trkpt lat="47.585310" lon="-0.999670"><ele>41</ele><time>2026-03-01T10:46:24Z</time></trkpt>
			<trkpt lat="47.585240" lon="-0.999570"><ele>41</ele><time>2026-03-01T10:46:36Z</time></trkpt>
			<trkpt lat="47.584880" lon="-0.999180"><ele>40</ele><time>2026-03-01T10:46:48Z</time></trkpt>
			<trkpt lat="47.584410" lon="-0.998620"><ele>42</ele><time>2026-03-01T10:47:00Z</time></trkpt>
			<trkpt lat="47.584270" lon="-0.998460"><ele>43</ele><time>2026-03-01T10:47:12Z</time></trkpt>
			<trkpt lat="47.584050" lon="-0.998270"><ele>44</ele><time>2026-03-01T10:47:24Z</time></trkpt>
			<trkpt lat="47.583500" lon="-0.997850"><ele>46</ele><time>2026-03-01T10:47:36Z</time></trkpt>
			<trkpt lat="47.583450" lon="-0.997810"><ele>46</ele><time>2026-03-01T10:47:48Z</time></trkpt>
			<trkpt lat="47.583410" lon="-0.997720"><ele>47</ele><time>2026-03-01T10:48:00Z</time></trkpt>
			<trkpt lat="47.583380" lon="-0.997620"><ele>47</ele><time>2026-03-01T10:48:12Z</time></trkpt>
			<trkpt lat="47.583360" lon="-0.997490"><ele>47</ele><time>2026-03-01T10:48:24Z</time></trkpt>
			<trkpt lat="47.583370" lon="-0.996800"><ele>46</ele><time>2026-03-01T10:48:36Z</time></trkpt>
			<trkpt lat="47.583350" lon="-0.996600"><ele>46</ele><time>2026-03-01T10:48:48Z</time></trkpt>
			<trkpt lat="47.583250" lon="-0.996140"><ele>47</ele><time>2026-03-01T10:49:00Z</time></trkpt>
			<trkpt lat="47.583120" lon="-0.995610"><ele>48</ele><time>2026-03-01T10:49:12Z</time></trkpt>
			<trkpt lat="47.582990" lon="-0.995050"><ele>49</ele><time>2026-03-01T10:49:24Z</time></trkpt>
			<trkpt lat="47.582840" lon="-0.994300"><ele>49</ele><time>2026-03-01T10:49:36Z</time></trkpt>
			<trkpt lat="47.582780" lon="-0.993890"><ele>49</ele><time>2026-03-01T10:49:48Z</time></trkpt>
			<trkpt lat="47.582730" lon="-0.993570"><ele>49</ele><time>2026-03-01T10:50:00Z</time></trkpt>
			<trkpt lat="47.582610" lon="-0.992650"><ele>49</ele><time>2026-03-01T10:50:12Z</time></trkpt>
			<trkpt lat="47.582550" lon="-0.992290"><ele>49</ele><time>2026-03-01T10:50:24Z</time></trkpt>
			<trkpt lat="47.582520" lon="-0.992130"><ele>49</ele><time>2026-03-01T10:50:36Z</time></trkpt>
			<trkpt lat="47.582440" lon="-0.991840"><ele>48</ele><time>2026-03-01T10:50:48Z</time></trkpt>
			<trkpt lat="47.582340" lon="-0.991560"><ele>48</ele><time>2026-03-01T10:51:00Z</time></trkpt>
			<trkpt lat="47.582290" lon="-0.991450"><ele>48</ele><time>2026-03-01T10:51:12Z</time></trkpt>
			<trkpt lat="47.582050" lon="-0.990950"><ele>48</ele><time>2026-03-01T10:51:24Z</time></trkpt>
			<trkpt lat="47.581980" lon="-0.990830"><ele>48</ele><time>2026-03-01T10:51:36Z</time></trkpt>
			<trkpt lat="47.581900" lon="-0.990700"><ele>48</ele><time>2026-03-01T10:51:48Z</time></trkpt>
			<trkpt lat="47.581800" lon="-0.990580"><ele>48</ele><time>2026-03-01T10:52:00Z</time></trkpt>
			<trkpt lat="47.580820" lon="-0.989500"><ele>50</ele><time>2026-03-01T10:52:12Z</time></trkpt>
			<trkpt lat="47.580150" lon="-0.989310"><ele>50</ele><time>2026-03-01T10:52:24Z</time></trkpt>
			<trkpt lat="47.579160" lon="-0.989050"><ele>51</ele><time>2026-03-01T10:52:36Z</time></trkpt>
			<trkpt lat="47.579110" lon="-0.988820"><ele>50</ele><time>2026-03-01T10:52:48Z</time></trkpt>
			<trkpt lat="47.578850" lon="-0.987410"><ele>49</ele><time>2026-03-01T10:53:00Z</time></trkpt>
			<trkpt lat="47.578820" lon="-0.987260"><ele>49</ele><time>2026-03-01T10:53:12Z</time></trkpt>
			<trkpt lat="47.578610" lon="-0.986260"><ele>49</ele><time>2026-03-01T10:53:24Z</time></trkpt>
			<trkpt lat="47.578530" lon="-0.985930"><ele>50</ele><time>2026-03-01T10:53:36Z</time></trkpt>
			<trkpt lat="47.578480" lon="-0.985790"><ele>50</ele><time>2026-03-01T10:53:48Z</time></trkpt>
			<trkpt lat="47.578260" lon="-0.985180"><ele>49</ele><time>2026-03-01T10:54:00Z</time></trkpt>
			<trkpt lat="47.577650" lon="-0.983620"><ele>51</ele><time>2026-03-01T10:54:12Z</time></trkpt>
			<trkpt lat="47.577360" lon="-0.982920"><ele>53</ele><time>2026-03-01T10:54:24Z</time></trkpt>
			<trkpt lat="47.576980" lon="-0.982110"><ele>55</ele><time>2026-03-01T10:54:36Z</time></trkpt>
			<trkpt lat="47.576870" lon="-0.981920"><ele>56</ele><time>2026-03-01T10:54:48Z</time></trkpt>
			<trkpt lat="47.576400" lon="-0.981170"><ele>56</ele><time>2026-03-01T10:55:00Z</time></trkpt>
			<trkpt lat="47.576310" lon="-0.980950"><ele>56</ele><time>2026-03-01T10:55:12Z</time></trkpt>
			<trkpt lat="47.575900" lon="-0.979900"><ele>57</ele><time>2026-03-01T10:55:24Z</time></trkpt>
			<trkpt lat="47.575770" lon="-0.979530"><ele>58</ele><time>2026-03-01T10:55:36Z</time></trkpt>
			<trkpt lat="47.575730" lon="-0.979300"><ele>58</ele><time>2026-03-01T10:55:48Z</time></trkpt>
			<trkpt lat="47.575710" lon="-0.978870"><ele>59</ele><time>2026-03-01T10:56:00Z</time></trkpt>
			<trkpt lat="47.575670" lon="-0.978490"><ele>60</ele><time>2026-03-01T10:56:12Z</time></trkpt>
			<trkpt lat="47.575590" lon="-0.978040"><ele>60</ele><time>2026-03-01T10:56:24Z</time></trkpt>
			<trkpt lat="47.575530" lon="-0.977690"><ele>61</ele><time>2026-03-01T10:56:36Z</time></trkpt>
			<trkpt lat="47.575460" lon="-0.977030"><ele>62</ele><time>2026-03-01T10:56:48Z</time></trkpt>
			<trkpt lat="47.575350" lon="-0.976480"><ele>63</ele><time>2026-03-01T10:57:00Z</time></trkpt>
			<trkpt lat="47.575290" lon="-0.976270"><ele>63</ele><time>2026-03-01T10:57:12Z</time></trkpt>
			<trkpt lat="47.575220" lon="-0.976130"><ele>64</ele><time>2026-03-01T10:57:24Z</time></trkpt>
			<trkpt lat="47.574890" lon="-0.975620"><ele>64</ele><time>2026-03-01T10:57:36Z</time></trkpt>
			<trkpt lat="47.574680" lon="-0.975340"><ele>64</ele><time>2026-03-01T10:57:48Z</time></trkpt>
			<trkpt lat="47.574230" lon="-0.974760"><ele>65</ele><time>2026-03-01T10:58:00Z</time></trkpt>
			<trkpt lat="47.574050" lon="-0.974550"><ele>65</ele><time>2026-03-01T10:58:12Z</time></trkpt>
			<trkpt lat="47.573830" lon="-0.974320"><ele>64</ele><time>2026-03-01T10:58:24Z</time></trkpt>
			<trkpt lat="47.573400" lon="-0.973910"><ele>63</ele><time>2026-03-01T10:58:36Z</time></trkpt>
			<trkpt lat="47.573190" lon="-0.973740"><ele>63</ele><time>2026-03-01T10:58:48Z</time></trkpt>
			<trkpt lat="47.573080" lon="-0.973650"><ele>64</ele><time>2026-03-01T10:59:00Z</time></trkpt>
			<trkpt lat="47.572820" lon="-0.973510"><ele>65</ele><time>2026-03-01T10:59:12Z</time></trkpt>
			<trkpt lat="47.572620" lon="-0.973410"><ele>66</ele><time>2026-03-01T10:59:24Z</time></trkpt>
			<trkpt lat="47.572330" lon="-0.973240"><ele>67</ele><time>2026-03-01T10:59:36Z</time></trkpt>
			<trkpt lat="47.572120" lon="-0.973130"><ele>66</ele><time>2026-03-01T10:59:48Z</time></trkpt>
			<trkpt lat="47.571820" lon="-0.973070"><ele>66</ele><time>2026-03-01T11:00:00Z</time></trkpt>
			<trkpt lat="47.571310" lon="-0.973020"><ele>66</ele><time>2026-03-01T11:00:12Z</time></trkpt>
			<trkpt lat="47.571240" lon="-0.972990"><ele>66</ele><time>2026-03-01T11:00:24Z</time></trkpt>
			<trkpt lat="47.571130" lon="-0.972900"><ele>67</ele><time>2026-03-01T11:00:36Z</time></trkpt>
			<trkpt lat="47.571070" lon="-0.972940"><ele>67</ele><time>2026-03-01T11:00:48Z</time></trkpt>
			<trkpt lat="47.571010" lon="-0.972970"><ele>67</ele><time>2026-03-01T11:01:00Z</time></trkpt>
			<trkpt lat="47.570750" lon="-0.973040"><ele>67</ele><time>2026-03-01T11:01:12Z</time></trkpt>
			<trkpt lat="47.570670" lon="-0.973070"><ele>67</ele><time>2026-03-01T11:01:24Z</time></trkpt>
			<trkpt lat="47.570500" lon="-0.972640"><ele>67</ele><time>2026-03-01T11:01:36Z</time></trkpt>
			<trkpt lat="47.570440" lon="-0.972580"><ele>67</ele><time>2026-03-01T11:01:48Z</time></trkpt>
			<trkpt lat="47.570220" lon="-0.972450"><ele>68</ele><time>2026-03-01T11:02:00Z</time></trkpt>
			<trkpt lat="47.570100" lon="-0.972360"><ele>68</ele><time>2026-03-01T11:02:12Z</time></trkpt>
			<trkpt lat="47.569960" lon="-0.972240"><ele>68</ele><time>2026-03-01T11:02:24Z</time></trkpt>
			<trkpt lat="47.569930" lon="-0.972210"><ele>68</ele><time>2026-03-01T11:02:36Z</time></trkpt>
			<trkpt lat="47.569360" lon="-0.971750"><ele>68</ele><time>2026-03-01T11:02:48Z</time></trkpt>
			<trkpt lat="47.569290" lon="-0.971730"><ele>68</ele><time>2026-03-01T11:03:00Z</time></trkpt>
			<trkpt lat="47.569220" lon="-0.971730"><ele>68</ele><time>2026-03-01T11:03:12Z</time></trkpt>
			<trkpt lat="47.569030" lon="-0.971790"><ele>67</ele><time>2026-03-01T11:03:24Z</time></trkpt>
			<trkpt lat="47.568900" lon="-0.971840"><ele>66</ele><time>2026-03-01T11:03:36Z</time></trkpt>
			<trkpt lat="47.568700" lon="-0.971900"><ele>65</ele><time>2026-03-01T11:03:48Z</time></trkpt>
			<trkpt lat="47.567940" lon="-0.972140"><ele>64</ele><time>2026-03-01T11:04:00Z</time></trkpt>
			<trkpt lat="47.567090" lon="-0.972440"><ele>64</ele><time>2026-03-01T11:04:12Z</time></trkpt>
			<trkpt lat="47.566550" lon="-0.972600"><ele>64</ele><time>2026-03-01T11:04:24Z</time></trkpt>
			<trkpt lat="47.565970" lon="-0.972790"><ele>64</ele><time>2026-03-01T11:04:36Z</time></trkpt>
			<trkpt lat="47.565780" lon="-0.972830"><ele>64</ele><time>2026-03-01T11:04:48Z</time></trkpt>
			<trkpt lat="47.565670" lon="-0.972810"><ele>64</ele><time>2026-03-01T11:05:00Z</time></trkpt>
			<trkpt lat="47.565590" lon="-0.972760"><ele>64</ele><time>2026-03-01T11:05:12Z</time></trkpt>
			<trkpt lat="47.565490" lon="-0.972650"><ele>64</ele><time>2026-03-01T11:05:24Z</time></trkpt>
			<trkpt lat="47.565430" lon="-0.972560"><ele>64</ele><time>2026-03-01T11:05:36Z</time></trkpt>
			<trkpt lat="47.565380" lon="-0.972450"><ele>64</ele><time>2026-03-01T11:05:48Z</time></trkpt>
			<trkpt lat="47.565300" lon="-0.972220"><ele>64</ele><time>2026-03-01T11:06:00Z</time></trkpt>
			<trkpt lat="47.564990" lon="-0.971210"><ele>67</ele><time>2026-03-01T11:06:12Z</time></trkpt>
			<trkpt lat="47.564400" lon="-0.969610"><ele>64</ele><time>2026-03-01T11:06:24Z</time></trkpt>
			<trkpt lat="47.564100" lon="-0.968810"><ele>64</ele><time>2026-03-01T11:06:36Z</time></trkpt>
			<trkpt lat="47.563830" lon="-0.968110"><ele>63</ele><time>2026-03-01T11:06:48Z</time></trkpt>
			<trkpt lat="47.563680" lon="-0.967780"><ele>62</ele><time>2026-03-01T11:07:00Z</time></trkpt>
			<trkpt lat="47.563620" lon="-0.967680"><ele>62</ele><time>2026-03-01T11:07:12Z</time></trkpt>
			<trkpt lat="47.562710" lon="-0.966640"><ele>61</ele><time>2026-03-01T11:07:24Z</time></trkpt>
			<trkpt lat="47.562430" lon="-0.966340"><ele>62</ele><time>2026-03-01T11:07:36Z</time></trkpt>
			<trkpt lat="47.562210" lon="-0.966130"><ele>63</ele><time>2026-03-01T11:07:48Z</time></trkpt>
			<trkpt lat="47.561980" lon="-0.965950"><ele>64</ele><time>2026-03-01T11:08:00Z</time></trkpt>
			<trkpt lat="47.561810" lon="-0.965850"><ele>64</ele><time>2026-03-01T11:08:12Z</time></trkpt>
			<trkpt lat="47.561440" lon="-0.965710"><ele>65</ele><time>2026-03-01T11:08:24Z</time></trkpt>
			<trkpt lat="47.561400" lon="-0.965700"><ele>65</ele><time>2026-03-01T11:08:36Z</time></trkpt>
			<trkpt lat="47.560860" lon="-0.965560"><ele>66</ele><time>2026-03-01T11:08:48Z</time></trkpt>
			<trkpt lat="47.559990" lon="-0.965410"><ele>67</ele><time>2026-03-01T11:09:00Z</time></trkpt>
			<trkpt lat="47.559820" lon="-0.965330"><ele>67</ele><time>2026-03-01T11:09:12Z</time></trkpt>
			<trkpt lat="47.559650" lon="-0.965170"><ele>67</ele><time>2026-03-01T11:09:24Z</time></trkpt>
			<trkpt lat="47.559490" lon="-0.964990"><ele>67</ele><time>2026-03-01T11:09:36Z</time></trkpt>
			<trkpt lat="47.559190" lon="-0.964630"><ele>67</ele><time>2026-03-01T11:09:48Z</time></trkpt>
			<trkpt lat="47.558930" lon="-0.964290"><ele>65</ele><time>2026-03-01T11:10:00Z</time></trkpt>
			<trkpt lat="47.558850" lon="-0.964200"><ele>65</ele><time>2026-03-01T11:10:12Z</time></trkpt>
			<trkpt lat="47.558770" lon="-0.964140"><ele>65</ele><time>2026-03-01T11:10:24Z</time></trkpt>
			<trkpt lat="47.558690" lon="-0.964100"><ele>64</ele><time>2026-03-01T11:10:36Z</time></trkpt>
			<trkpt lat="47.558600" lon="-0.964070"><ele>64</ele><time>2026-03-01T11:10:48Z</time></trkpt>
			<trkpt lat="47.557480" lon="-0.963890"><ele>60</ele><time>2026-03-01T11:11:00Z</time></trkpt>
			<trkpt lat="47.557320" lon="-0.963860"><ele>59</ele><time>2026-03-01T11:11:12Z</time></trkpt>
			<trkpt lat="47.557150" lon="-0.963810"><ele>59</ele><time>2026-03-01T11:11:24Z</time></trkpt>
			<trkpt lat="47.557080" lon="-0.963780"><ele>59</ele><time>2026-03-01T11:11:36Z</time></trkpt>
			<trkpt lat="47.556580" lon="-0.963510"><ele>59</ele><time>2026-03-01T11:11:48Z</time></trkpt>
			<trkpt lat="47.556410" lon="-0.963460"><ele>59</ele><time>2026-03-01T11:12:00Z</time></trkpt>
			<trkpt lat="47.556230" lon="-0.963450"><ele>58</ele><time>2026-03-01T11:12:12Z</time></trkpt>
			<trkpt lat="47.556050" lon="-0.963450"><ele>58</ele><time>2026-03-01T11:12:24Z</time></trkpt>
			<trkpt lat="47.555260" lon="-0.963500"><ele>58</ele><time>2026-03-01T11:12:36Z</time></trkpt>
			<trkpt lat="47.555210" lon="-0.963500"><ele>58</ele><time>2026-03-01T11:12:48Z</time></trkpt>
			<trkpt lat="47.555080" lon="-0.963470"><ele>58</ele><time>2026-03-01T11:13:00Z</time></trkpt>
			<trkpt lat="47.554990" lon="-0.963400"><ele>58</ele><time>2026-03-01T11:13:12Z</time></trkpt>
			<trkpt lat="47.554890" lon="-0.963290"><ele>58</ele><time>2026-03-01T11:13:24Z</time></trkpt>
			<trkpt lat="47.554730" lon="-0.962980"><ele>58</ele><time>2026-03-01T11:13:36Z</time></trkpt>
			<trkpt lat="47.554650" lon="-0.962850"><ele>57</ele><time>2026-03-01T11:13:48Z</time></trkpt>
			<trkpt lat="47.554540" lon="-0.962740"><ele>57</ele><time>2026-03-01T11:14:00Z</time></trkpt>
			<trkpt lat="47.554430" lon="-0.962680"><ele>56</ele><time>2026-03-01T11:14:12Z</time></trkpt>
			<trkpt lat="47.554270" lon="-0.962640"><ele>56</ele><time>2026-03-01T11:14:24Z</time></trkpt>
			<trkpt lat="47.554080" lon="-0.962650"><ele>56</ele><time>2026-03-01T11:14:36Z</time></trkpt>
			<trkpt lat="47.553800" lon="-0.962730"><ele>57</ele><time>2026-03-01T11:14:48Z</time></trkpt>
			<trkpt lat="47.553670" lon="-0.962750"><ele>58</ele><time>2026-03-01T11:15:00Z</time></trkpt>
			<trkpt lat="47.553210" lon="-0.962790"><ele>60</ele><time>2026-03-01T11:15:12Z</time></trkpt>
			<trkpt lat="47.552850" lon="-0.962820"><ele>62</ele><time>2026-03-01T11:15:24Z</time></trkpt>
			<trkpt lat="47.552380" lon="-0.962900"><ele>64</ele><time>2026-03-01T11:15:36Z</time></trkpt>
			<trkpt lat="47.552240" lon="-0.962900"><ele>65</ele><time>2026-03-01T11:15:48Z</time></trkpt>
			<trkpt lat="47.552130" lon="-0.962860"><ele>65</ele><time>2026-03-01T11:16:00Z</time></trkpt>
			<trkpt lat="47.552040" lon="-0.962790"><ele>66</ele><time>2026-03-01T11:16:12Z</time></trkpt>
			<trkpt lat="47.551950" lon="-0.962700"><ele>66</ele><time>2026-03-01T11:16:24Z</time></trkpt>
			<trkpt lat="47.551630" lon="-0.962300"><ele>67</ele><time>2026-03-01T11:16:36Z</time></trkpt>
			<trkpt lat="47.551550" lon="-0.962240"><ele>68</ele><time>2026-03-01T11:16:48Z</time></trkpt>
			<trkpt lat="47.551490" lon="-0.962230"><ele>69</ele><time>2026-03-01T11:17:00Z</time></trkpt>
			<trkpt lat="47.551460" lon="-0.962250"><ele>69</ele><time>2026-03-01T11:17:12Z</time></trkpt>
			<trkpt lat="47.551430" lon="-0.962300"><ele>69</ele><time>2026-03-01T11:17:24Z</time></trkpt>
			<trkpt lat="47.551410" lon="-0.962390"><ele>69</ele><time>2026-03-01T11:17:36Z</time></trkpt>
			<trkpt lat="47.551410" lon="-0.962490"><ele>69</ele><time>2026-03-01T11:17:48Z</time></trkpt>
			<trkpt lat="47.551510" lon="-0.963280"><ele>68</ele><time>2026-03-01T11:18:00Z</time></trkpt>
			<trkpt lat="47.551540" lon="-0.963700"><ele>69</ele><time>2026-03-01T11:18:12Z</time></trkpt>
			<trkpt lat="47.551600" lon="-0.964850"><ele>69</ele><time>2026-03-01T11:18:24Z</time></trkpt>
			<trkpt lat="47.551600" lon="-0.965170"><ele>69</ele><time>2026-03-01T11:18:36Z</time></trkpt>
			<trkpt lat="47.551570" lon="-0.965510"><ele>69</ele><time>2026-03-01T11:18:48Z</time></trkpt>
			<trkpt lat="47.551450" lon="-0.966180"><ele>68</ele><time>2026-03-01T11:19:00Z</time></trkpt>
			<trkpt lat="47.551420" lon="-0.966410"><ele>68</ele><time>2026-03-01T11:19:12Z</time></trkpt>
			<trkpt lat="47.551400" lon="-0.966670"><ele>67</ele><time>2026-03-01T11:19:24Z</time></trkpt>
			<trkpt lat="47.551380" lon="-0.967250"><ele>67</ele><time>2026-03-01T11:19:36Z</time></trkpt>
			<trkpt lat="47.551360" lon="-0.967450"><ele>67</ele><time>2026-03-01T11:19:48Z</time></trkpt>
			<trkpt lat="47.551300" lon="-0.967630"><ele>67</ele><time>2026-03-01T11:20:00Z</time></trkpt>
			<trkpt lat="47.550990" lon="-0.968490"><ele>69</ele><time>2026-03-01T11:20:12Z</time></trkpt>
			<trkpt lat="47.550750" lon="-0.968990"><ele>69</ele><time>2026-03-01T11:20:24Z</time></trkpt>
			<trkpt lat="47.550500" lon="-0.969520"><ele>69</ele><time>2026-03-01T11:20:36Z</time></trkpt>
			<trkpt lat="47.550410" lon="-0.969660"><ele>69</ele><time>2026-03-01T11:20:48Z</time></trkpt>
			<trkpt lat="47.550280" lon="-0.969780"><ele>69</ele><time>2026-03-01T11:21:00Z</time></trkpt>
			<trkpt lat="47.549960" lon="-0.970030"><ele>69</ele><time>2026-03-01T11:21:12Z</time></trkpt>
			<trkpt lat="47.549810" lon="-0.970130"><ele>70</ele><time>2026-03-01T11:21:24Z</time></trkpt>
			<trkpt lat="47.549650" lon="-0.970200"><ele>70</ele><time>2026-03-01T11:21:36Z</time></trkpt>
			<trkpt lat="47.549520" lon="-0.970230"><ele>70</ele><time>2026-03-01T11:21:48Z</time></trkpt>
			<trkpt lat="47.549410" lon="-0.970240"><ele>71</ele><time>2026-03-01T11:22:00Z</time></trkpt>
			<trkpt lat="47.549100" lon="-0.970230"><ele>72</ele><time>2026-03-01T11:22:12Z</time></trkpt>
			<trkpt lat="47.548970" lon="-0.970240"><ele>72</ele><time>2026-03-01T11:22:24Z</time></trkpt>
			<trkpt lat="47.548820" lon="-0.970300"><ele>72</ele><time>2026-03-01T11:22:36Z</time></trkpt>
			<trkpt lat="47.548200" lon="-0.970700"><ele>71</ele><time>2026-03-01T11:22:48Z</time></trkpt>
			<trkpt lat="47.547980" lon="-0.970820"><ele>71</ele><time>2026-03-01T11:23:00Z</time></trkpt>
			<trkpt lat="47.547870" lon="-0.970890"><ele>70</ele><time>2026-03-01T11:23:12Z</time></trkpt>
			<trkpt lat="47.547790" lon="-0.970970"><ele>70</ele><time>2026-03-01T11:23:24Z</time></trkpt>
			<trkpt lat="47.547720" lon="-0.971100"><ele>70</ele><time>2026-03-01T11:23:36Z</time></trkpt>
			<trkpt lat="47.547620" lon="-0.971340"><ele>70</ele><time>2026-03-01T11:23:48Z</time></trkpt>
			<trkpt lat="47.547470" lon="-0.971840"><ele>69</ele><time>2026-03-01T11:24:00Z</time></trkpt>
			<trkpt lat="47.547420" lon="-0.972000"><ele>69</ele><time>2026-03-01T11:24:12Z</time></trkpt>
			<trkpt lat="47.547360" lon="-0.972120"><ele>68</ele><time>2026-03-01T11:24:24Z</time></trkpt>
			<trkpt lat="47.547310" lon="-0.972180"><ele>68</ele><time>2026-03-01T11:24:36Z</time></trkpt>
			<trkpt lat="47.547200" lon="-0.972250"><ele>67</ele><time>2026-03-01T11:24:48Z</time></trkpt>
			<trkpt lat="47.547080" lon="-0.972270"><ele>67</ele><time>2026-03-01T11:25:00Z</time></trkpt>
			<trkpt lat="47.546850" lon="-0.972300"><ele>67</ele><time>2026-03-01T11:25:12Z</time></trkpt>
			<trkpt lat="47.546810" lon="-0.972300"><ele>66</ele><time>2026-03-01T11:25:24Z</time></trkpt>
			<trkpt lat="47.546760" lon="-0.972280"><ele>66</ele><time>2026-03-01T11:25:36Z</time></trkpt>
			<trkpt lat="47.544870" lon="-0.972490"><ele>56</ele><time>2026-03-01T11:25:48Z</time></trkpt>
			<trkpt lat="47.544070" lon="-0.972560"><ele>51</ele><time>2026-03-01T11:26:00Z</time></trkpt>
			<trkpt lat="47.543940" lon="-0.972580"><ele>51</ele><time>2026-03-01T11:26:12Z</time></trkpt>
			<trkpt lat="47.543780" lon="-0.972640"><ele>51</ele><time>2026-03-01T11:26:24Z</time></trkpt>
			<trkpt lat="47.543630" lon="-0.972760"><ele>50</ele><time>2026-03-01T11:26:36Z</time></trkpt>
			<trkpt lat="47.543150" lon="-0.973270"><ele>51</ele><time>2026-03-01T11:26:48Z</time></trkpt>
			<trkpt lat="47.542980" lon="-0.973420"><ele>52</ele><time>2026-03-01T11:27:00Z</time></trkpt>
			<trkpt lat="47.542750" lon="-0.973570"><ele>52</ele><time>2026-03-01T11:27:12Z</time></trkpt>
			<trkpt lat="47.541830" lon="-0.974090"><ele>54</ele><time>2026-03-01T11:27:24Z</time></trkpt>
			<trkpt lat="47.541690" lon="-0.974210"><ele>54</ele><time>2026-03-01T11:27:36Z</time></trkpt>
			<trkpt lat="47.541410" lon="-0.974500"><ele>55</ele><time>2026-03-01T11:27:48Z</time></trkpt>
			<trkpt lat="47.541320" lon="-0.974550"><ele>55</ele><time>2026-03-01T11:28:00Z</time></trkpt>
			<trkpt lat="47.540930" lon="-0.974670"><ele>55</ele><time>2026-03-01T11:28:12Z</time></trkpt>
			<trkpt lat="47.540790" lon="-0.974760"><ele>55</ele><time>2026-03-01T11:28:24Z</time></trkpt>
			<trkpt lat="47.540660" lon="-0.974890"><ele>55</ele><time>2026-03-01T11:28:36Z</time></trkpt>
			<trkpt lat="47.540210" lon="-0.975420"><ele>57</ele><time>2026-03-01T11:28:48Z</time></trkpt>
			<trkpt lat="47.540020" lon="-0.975630"><ele>57</ele><time>2026-03-01T11:29:00Z</time></trkpt>
			<trkpt lat="47.539790" lon="-0.975870"><ele>57</ele><time>2026-03-01T11:29:12Z</time></trkpt>
			<trkpt lat="47.539580" lon="-0.976120"><ele>58</ele><time>2026-03-01T11:29:24Z</time></trkpt>
			<trkpt lat="47.539340" lon="-0.976500"><ele>59</ele><time>2026-03-01T11:29:36Z</time></trkpt>
			<trkpt lat="47.539170" lon="-0.976740"><ele>60</ele><time>2026-03-01T11:29:48Z</time></trkpt>
			<trkpt lat="47.539010" lon="-0.976900"><ele>61</ele><time>2026-03-01T11:30:00Z</time></trkpt>
			<trkpt lat="47.538900" lon="-0.976990"><ele>61</ele><time>2026-03-01T11:30:12Z</time></trkpt>
			<trkpt lat="47.538750" lon="-0.977060"><ele>61</ele><time>2026-03-01T11:30:24Z</time></trkpt>
			<trkpt lat="47.538120" lon="-0.977280"><ele>61</ele><time>2026-03-01T11:30:36Z</time></trkpt>
			<trkpt lat="47.537840" lon="-0.977400"><ele>62</ele><time>2026-03-01T11:30:48Z</time></trkpt>
			<trkpt lat="47.537170" lon="-0.977760"><ele>62</ele><time>2026-03-01T11:31:00Z</time></trkpt>
			<trkpt lat="47.536390" lon="-0.978060"><ele>59</ele><time>2026-03-01T11:31:12Z</time></trkpt>
			<trkpt lat="47.535960" lon="-0.978200"><ele>55</ele><time>2026-03-01T11:31:24Z</time></trkpt>
			<trkpt lat="47.535850" lon="-0.978250"><ele>54</ele><time>2026-03-01T11:31:36Z</time></trkpt>
			<trkpt lat="47.535770" lon="-0.978310"><ele>54</ele><time>2026-03-01T11:31:48Z</time></trkpt>
			<trkpt lat="47.535700" lon="-0.978380"><ele>53</ele><time>2026-03-01T11:32:00Z</time></trkpt>
			<trkpt lat="47.535640" lon="-0.978490"><ele>53</ele><time>2026-03-01T11:32:12Z</time></trkpt>
			<trkpt lat="47.535400" lon="-0.979060"><ele>52</ele><time>2026-03-01T11:32:24Z</time></trkpt>
			<trkpt lat="47.535280" lon="-0.979310"><ele>52</ele><time>2026-03-01T11:32:36Z</time></trkpt>
			<trkpt lat="47.535150" lon="-0.979500"><ele>51</ele><time>2026-03-01T11:32:48Z</time></trkpt>
			<trkpt lat="47.535060" lon="-0.979600"><ele>51</ele><time>2026-03-01T11:33:00Z</time></trkpt>
			<trkpt lat="47.534990" lon="-0.979660"><ele>51</ele><time>2026-03-01T11:33:12Z</time></trkpt>
			<trkpt lat="47.534910" lon="-0.979690"><ele>51</ele><time>2026-03-01T11:33:24Z</time></trkpt>
			<trkpt lat="47.534820" lon="-0.979710"><ele>51</ele><time>2026-03-01T11:33:36Z</time></trkpt>
			<trkpt lat="47.534530" lon="-0.979720"><ele>50</ele><time>2026-03-01T11:33:48Z</time></trkpt>
			<trkpt lat="47.534190" lon="-0.979800"><ele>50</ele><time>2026-03-01T11:34:00Z</time></trkpt>
			<trkpt lat="47.533880" lon="-0.979860"><ele>51</ele><time>2026-03-01T11:34:12Z</time></trkpt>
			<trkpt lat="47.533730" lon="-0.979860"><ele>51</ele><time>2026-03-01T11:34:24Z</time></trkpt>
			<trkpt lat="47.533570" lon="-0.979840"><ele>52</ele><time>2026-03-01T11:34:36Z</time></trkpt>
			<trkpt lat="47.533240" lon="-0.979810"><ele>52</ele><time>2026-03-01T11:34:48Z</time></trkpt>
			<trkpt lat="47.533090" lon="-0.979830"><ele>53</ele><time>2026-03-01T11:35:00Z</time></trkpt>
			<trkpt lat="47.532900" lon="-0.979880"><ele>53</ele><time>2026-03-01T11:35:12Z</time></trkpt>
			<trkpt lat="47.532740" lon="-0.979980"><ele>54</ele><time>2026-03-01T11:35:24Z</time></trkpt>
			<trkpt lat="47.532510" lon="-0.980170"><ele>55</ele><time>2026-03-01T11:35:36Z</time></trkpt>
			<trkpt lat="47.532240" lon="-0.980420"><ele>55</ele><time>2026-03-01T11:35:48Z</time></trkpt>
			<trkpt lat="47.531820" lon="-0.980800"><ele>58</ele><time>2026-03-01T11:36:00Z</time></trkpt>
			<trkpt lat="47.531510" lon="-0.981140"><ele>60</ele><time>2026-03-01T11:36:12Z</time></trkpt>
			<trkpt lat="47.530860" lon="-0.981880"><ele>62</ele><time>2026-03-01T11:36:24Z</time></trkpt>
			<trkpt lat="47.530610" lon="-0.982190"><ele>63</ele><time>2026-03-01T11:36:36Z</time></trkpt>
			<trkpt lat="47.530410" lon="-0.982500"><ele>62</ele><time>2026-03-01T11:36:48Z</time></trkpt>
			<trkpt lat="47.530060" lon="-0.983260"><ele>64</ele><time>2026-03-01T11:37:00Z</time></trkpt>
			<trkpt lat="47.529920" lon="-0.983490"><ele>64</ele><time>2026-03-01T11:37:12Z</time></trkpt>
			<trkpt lat="47.529790" lon="-0.983680"><ele>64</ele><time>2026-03-01T11:37:24Z</time></trkpt>
			<trkpt lat="47.529590" lon="-0.983910"><ele>63</ele><time>2026-03-01T11:37:36Z</time></trkpt>
			<trkpt lat="47.529390" lon="-0.984150"><ele>62</ele><time>2026-03-01T11:37:48Z</time></trkpt>
			<trkpt lat="47.529230" lon="-0.984310"><ele>62</ele><time>2026-03-01T11:38:00Z</time></trkpt>
			<trkpt lat="47.529080" lon="-0.984430"><ele>62</ele><time>2026-03-01T11:38:12Z</time></trkpt>
			<trkpt lat="47.528890" lon="-0.984570"><ele>62</ele><time>2026-03-01T11:38:24Z</time></trkpt>
			<trkpt lat="47.528260" lon="-0.984970"><ele>60</ele><time>2026-03-01T11:38:36Z</time></trkpt>
			<trkpt lat="47.528110" lon="-0.985060"><ele>59</ele><time>2026-03-01T11:38:48Z</time></trkpt>
			<trkpt lat="47.527950" lon="-0.985080"><ele>57</ele><time>2026-03-01T11:39:00Z</time></trkpt>
			<trkpt lat="47.527790" lon="-0.985060"><ele>56</ele><time>2026-03-01T11:39:12Z</time></trkpt>
			<trkpt lat="47.527670" lon="-0.985030"><ele>55</ele><time>2026-03-01T11:39:24Z</time></trkpt>
			<trkpt lat="47.527540" lon="-0.984960"><ele>53</ele><time>2026-03-01T11:39:36Z</time></trkpt>
			<trkpt lat="47.526940" lon="-0.984490"><ele>51</ele><time>2026-03-01T11:39:48Z</time></trkpt>
			<trkpt lat="47.526870" lon="-0.984440"><ele>51</ele><time>2026-03-01T11:40:00Z</time></trkpt>
			<trkpt lat="47.526560" lon="-0.984190"><ele>51</ele><time>2026-03-01T11:40:12Z</time></trkpt>
			<trkpt lat="47.526450" lon="-0.984150"><ele>52</ele><time>2026-03-01T11:40:24Z</time></trkpt>
			<trkpt lat="47.526360" lon="-0.984160"><ele>52</ele><time>2026-03-01T11:40:36Z</time></trkpt>
			<trkpt lat="47.526200" lon="-0.984240"><ele>52</ele><time>2026-03-01T11:40:48Z</time></trkpt>
			<trkpt lat="47.525200" lon="-0.984970"><ele>50</ele><time>2026-03-01T11:41:00Z</time></trkpt>
			<trkpt lat="47.524970" lon="-0.985120"><ele>50</ele><time>2026-03-01T11:41:12Z</time></trkpt>
			<trkpt lat="47.524580" lon="-0.985410"><ele>50</ele><time>2026-03-01T11:41:24Z</time></trkpt>
			<trkpt lat="47.524300" lon="-0.985600"><ele>50</ele><time>2026-03-01T11:41:36Z</time></trkpt>
			<trkpt lat="47.524170" lon="-0.985680"><ele>50</ele><time>2026-03-01T11:41:48Z</time></trkpt>
			<trkpt lat="47.524050" lon="-0.985720"><ele>51</ele><time>2026-03-01T11:42:00Z</time></trkpt>
			<trkpt lat="47.523910" lon="-0.985740"><ele>51</ele><time>2026-03-01T11:42:12Z</time></trkpt>
			<trkpt lat="47.523650" lon="-0.985740"><ele>53</ele><time>2026-03-01T11:42:24Z</time></trkpt>
			<trkpt lat="47.523320" lon="-0.985730"><ele>54</ele><time>2026-03-01T11:42:36Z</time></trkpt>
			<trkpt lat="47.523000" lon="-0.985700"><ele>58</ele><time>2026-03-01T11:42:48Z</time></trkpt>
			<trkpt lat="47.522460" lon="-0.985580"><ele>64</ele><time>2026-03-01T11:43:00Z</time></trkpt>
			<trkpt lat="47.522190" lon="-0.985480"><ele>70</ele><time>2026-03-01T11:43:12Z</time></trkpt>
			<trkpt lat="47.521440" lon="-0.985110"><ele>82</ele><time>2026-03-01T11:43:24Z</time></trkpt>
			<trkpt lat="47.521240" lon="-0.985030"><ele>83</ele><time>2026-03-01T11:43:36Z</time></trkpt>
			<trkpt lat="47.520680" lon="-0.984860"><ele>86</ele><time>2026-03-01T11:43:48Z</time></trkpt>
			<trkpt lat="47.520520" lon="-0.984830"><ele>87</ele><time>2026-03-01T11:44:00Z</time></trkpt>
			<trkpt lat="47.520220" lon="-0.984810"><ele>88</ele><time>2026-03-01T11:44:12Z</time></trkpt>
			<trkpt lat="47.518620" lon="-0.984790"><ele>82</ele><time>2026-03-01T11:44:24Z</time></trkpt>
			<trkpt lat="47.518350" lon="-0.984770"><ele>80</ele><time>2026-03-01T11:44:36Z</time></trkpt>
			<trkpt lat="47.518150" lon="-0.984780"><ele>77</ele><time>2026-03-01T11:44:48Z</time></trkpt>
			<trkpt lat="47.517960" lon="-0.984820"><ele>75</ele><time>2026-03-01T11:45:00Z</time></trkpt>
			<trkpt lat="47.517360" lon="-0.985140"><ele>67</ele><time>2026-03-01T11:45:12Z</time></trkpt>
			<trkpt lat="47.517200" lon="-0.985190"><ele>65</ele><time>2026-03-01T11:45:24Z</time></trkpt>
			<trkpt lat="47.517090" lon="-0.985200"><ele>64</ele><time>2026-03-01T11:45:36Z</time></trkpt>
			<trkpt lat="47.516960" lon="-0.985190"><ele>62</ele><time>2026-03-01T11:45:48Z</time></trkpt>
			<trkpt lat="47.516830" lon="-0.985150"><ele>61</ele><time>2026-03-01T11:46:00Z</time></trkpt>
			<trkpt lat="47.516700" lon="-0.985070"><ele>60</ele><time>2026-03-01T11:46:12Z</time></trkpt>
			<trkpt lat="47.516530" lon="-0.984930"><ele>59</ele><time>2026-03-01T11:46:24Z</time></trkpt>
			<trkpt lat="47.516010" lon="-0.984330"><ele>56</ele><time>2026-03-01T11:46:36Z</time></trkpt>
			<trkpt lat="47.515890" lon="-0.984220"><ele>55</ele><time>2026-03-01T11:46:48Z</time></trkpt>
			<trkpt lat="47.515720" lon="-0.984100"><ele>54</ele><time>2026-03-01T11:47:00Z</time></trkpt>
			<trkpt lat="47.515640" lon="-0.984060"><ele>54</ele><time>2026-03-01T11:47:12Z</time></trkpt>
			<trkpt lat="47.515510" lon="-0.984030"><ele>54</ele><time>2026-03-01T11:47:24Z</time></trkpt>
			<trkpt lat="47.514290" lon="-0.983920"><ele>54</ele><time>2026-03-01T11:47:36Z</time></trkpt>
			<trkpt lat="47.513520" lon="-0.983820"><ele>54</ele><time>2026-03-01T11:47:48Z</time></trkpt>
			<trkpt lat="47.513230" lon="-0.983810"><ele>54</ele><time>2026-03-01T11:48:00Z</time></trkpt>
			<trkpt lat="47.513050" lon="-0.983830"><ele>54</ele><time>2026-03-01T11:48:12Z</time></trkpt>
			<trkpt lat="47.512430" lon="-0.983930"><ele>55</ele><time>2026-03-01T11:48:24Z</time></trkpt>
			<trkpt lat="47.512260" lon="-0.983970"><ele>56</ele><time>2026-03-01T11:48:36Z</time></trkpt>
			<trkpt lat="47.512130" lon="-0.983990"><ele>56</ele><time>2026-03-01T11:48:48Z</time></trkpt>
			<trkpt lat="47.511850" lon="-0.984030"><ele>57</ele><time>2026-03-01T11:49:00Z</time></trkpt>
			<trkpt lat="47.511690" lon="-0.984040"><ele>57</ele><time>2026-03-01T11:49:12Z</time></trkpt>
			<trkpt lat="47.511460" lon="-0.983940"><ele>58</ele><time>2026-03-01T11:49:24Z</time></trkpt>
			<trkpt lat="47.511340" lon="-0.983950"><ele>58</ele><time>2026-03-01T11:49:36Z</time></trkpt>
			<trkpt lat="47.511320" lon="-0.983880"><ele>58</ele><time>2026-03-01T11:49:48Z</time></trkpt>
			<trkpt lat="47.511280" lon="-0.983830"><ele>58</ele><time>2026-03-01T11:50:00Z</time></trkpt>
			<trkpt lat="47.511200" lon="-0.983760"><ele>59</ele><time>2026-03-01T11:50:12Z</time></trkpt>
			<trkpt lat="47.510880" lon="-0.983580"><ele>60</ele><time>2026-03-01T11:50:24Z</time></trkpt>
			<trkpt lat="47.510840" lon="-0.983550"><ele>60</ele><time>2026-03-01T11:50:36Z</time></trkpt>
			<trkpt lat="47.510710" lon="-0.983410"><ele>59</ele><time>2026-03-01T11:50:48Z</time></trkpt>
			<trkpt lat="47.510570" lon="-0.983270"><ele>59</ele><time>2026-03-01T11:51:00Z</time></trkpt>
			<trkpt lat="47.510510" lon="-0.983170"><ele>59</ele><time>2026-03-01T11:51:12Z</time></trkpt>
			<trkpt lat="47.510480" lon="-0.983040"><ele>58</ele><time>2026-03-01T11:51:24Z</time></trkpt>
			<trkpt lat="47.510420" lon="-0.982600"><ele>58</ele><time>2026-03-01T11:51:36Z</time></trkpt>
			<trkpt lat="47.510350" lon="-0.982010"><ele>57</ele><time>2026-03-01T11:51:48Z</time></trkpt>
			<trkpt lat="47.510310" lon="-0.981680"><ele>57</ele><time>2026-03-01T11:52:00Z</time></trkpt>
			<trkpt lat="47.510310" lon="-0.981630"><ele>57</ele><time>2026-03-01T11:52:12Z</time></trkpt>
			<trkpt lat="47.510250" lon="-0.981250"><ele>57</ele><time>2026-03-01T11:52:24Z</time></trkpt>
			<trkpt lat="47.510120" lon="-0.980740"><ele>57</ele><time>2026-03-01T11:52:36Z</time></trkpt>
			<trkpt lat="47.510040" lon="-0.980470"><ele>57</ele><time>2026-03-01T11:52:48Z</time></trkpt>
			<trkpt lat="47.509920" lon="-0.980220"><ele>57</ele><time>2026-03-01T11:53:00Z</time></trkpt>
			<trkpt lat="47.509860" lon="-0.980080"><ele>57</ele><time>2026-03-01T11:53:12Z</time></trkpt>
			<trkpt lat="47.509790" lon="-0.979950"><ele>58</ele><time>2026-03-01T11:53:24Z</time></trkpt>
			<trkpt lat="47.509610" lon="-0.979640"><ele>58</ele><time>2026-03-01T11:53:36Z</time></trkpt>
			<trkpt lat="47.509360" lon="-0.979290"><ele>59</ele><time>2026-03-01T11:53:48Z</time></trkpt>
			<trkpt lat="47.508820" lon="-0.978580"><ele>60</ele><time>2026-03-01T11:54:00Z</time></trkpt>
			<trkpt lat="47.508370" lon="-0.977980"><ele>61</ele><time>2026-03-01T11:54:12Z</time></trkpt>
			<trkpt lat="47.508230" lon="-0.977800"><ele>62</ele><time>2026-03-01T11:54:24Z</time></trkpt>
			<trkpt lat="47.507350" lon="-0.976620"><ele>68</ele><time>2026-03-01T11:54:36Z</time></trkpt>
			<trkpt lat="47.507240" lon="-0.976490"><ele>68</ele><time>2026-03-01T11:54:48Z</time></trkpt>
			<trkpt lat="47.507100" lon="-0.976370"><ele>69</ele><time>2026-03-01T11:55:00Z</time></trkpt>
			<trkpt lat="47.506950" lon="-0.976260"><ele>70</ele><time>2026-03-01T11:55:12Z</time></trkpt>
			<trkpt lat="47.506800" lon="-0.976190"><ele>71</ele><time>2026-03-01T11:55:24Z</time></trkpt>
			<trkpt lat="47.506660" lon="-0.976160"><ele>72</ele><time>2026-03-01T11:55:36Z</time></trkpt>
			<trkpt lat="47.506510" lon="-0.976140"><ele>72</ele><time>2026-03-01T11:55:48Z</time></trkpt>
			<trkpt lat="47.505970" lon="-0.976170"><ele>73</ele><time>2026-03-01T11:56:00Z</time></trkpt>
			<trkpt lat="47.505970" lon="-0.976110"><ele>73</ele><time>2026-03-01T11:56:12Z</time></trkpt>
			<trkpt lat="47.505880" lon="-0.976000"><ele>73</ele><time>2026-03-01T11:56:24Z</time></trkpt>
			<trkpt lat="47.505500" lon="-0.975660"><ele>73</ele><time>2026-03-01T11:56:36Z</time></trkpt>
			<trkpt lat="47.505240" lon="-0.975390"><ele>73</ele><time>2026-03-01T11:56:48Z</time></trkpt>
			<trkpt lat="47.505130" lon="-0.975220"><ele>73</ele><time>2026-03-01T11:57:00Z</time></trkpt>
			<trkpt lat="47.505030" lon="-0.975050"><ele>73</ele><time>2026-03-01T11:57:12Z</time></trkpt>
			<trkpt lat="47.504880" lon="-0.974750"><ele>73</ele><time>2026-03-01T11:57:24Z</time></trkpt>
			<trkpt lat="47.504600" lon="-0.974210"><ele>72</ele><time>2026-03-01T11:57:36Z</time></trkpt>
			<trkpt lat="47.504250" lon="-0.973610"><ele>71</ele><time>2026-03-01T11:57:48Z</time></trkpt>
			<trkpt lat="47.503960" lon="-0.973190"><ele>70</ele><time>2026-03-01T11:58:00Z</time></trkpt>
			<trkpt lat="47.503750" lon="-0.972930"><ele>69</ele><time>2026-03-01T11:58:12Z</time></trkpt>
			<trkpt lat="47.503440" lon="-0.972560"><ele>67</ele><time>2026-03-01T11:58:24Z</time></trkpt>
			<trkpt lat="47.502610" lon="-0.971630"><ele>64</ele><time>2026-03-01T11:58:36Z</time></trkpt>
			<trkpt lat="47.502390" lon="-0.971370"><ele>63</ele><time>2026-03-01T11:58:48Z</time></trkpt>
			<trkpt lat="47.502210" lon="-0.971140"><ele>63</ele><time>2026-03-01T11:59:00Z</time></trkpt>
			<trkpt lat="47.501940" lon="-0.970690"><ele>63</ele><time>2026-03-01T11:59:12Z</time></trkpt>
			<trkpt lat="47.501830" lon="-0.970410"><ele>64</ele><time>2026-03-01T11:59:24Z</time></trkpt>
			<trkpt lat="47.501730" lon="-0.970120"><ele>64</ele><time>2026-03-01T11:59:36Z</time></trkpt>
			<trkpt lat="47.501530" lon="-0.969290"><ele>64</ele><time>2026-03-01T11:59:48Z</time></trkpt>
			<trkpt lat="47.501430" lon="-0.969010"><ele>64</ele><time>2026-03-01T12:00:00Z</time></trkpt>
			<trkpt lat="47.501370" lon="-0.968880"><ele>64</ele><time>2026-03-01T12:00:12Z</time></trkpt>
			<trkpt lat="47.501310" lon="-0.968750"><ele>65</ele><time>2026-03-01T12:00:24Z</time></trkpt>
			<trkpt lat="47.501230" lon="-0.968610"><ele>65</ele><time>2026-03-01T12:00:36Z</time></trkpt>
			<trkpt lat="47.501130" lon="-0.968480"><ele>66</ele><time>2026-03-01T12:00:48Z</time></trkpt>
			<trkpt lat="47.500680" lon="-0.967910"><ele>66</ele><time>2026-03-01T12:01:00Z</time></trkpt>
			<trkpt lat="47.500510" lon="-0.967640"><ele>66</ele><time>2026-03-01T12:01:12Z</time></trkpt>
			<trkpt lat="47.500330" lon="-0.967260"><ele>67</ele><time>2026-03-01T12:01:24Z</time></trkpt>
			<trkpt lat="47.500250" lon="-0.967050"><ele>67</ele><time>2026-03-01T12:01:36Z</time></trkpt>
			<trkpt lat="47.500170" lon="-0.966800"><ele>68</ele><time>2026-03-01T12:01:48Z</time></trkpt>
			<trkpt lat="47.499820" lon="-0.965540"><ele>67</ele><time>2026-03-01T12:02:00Z</time></trkpt>
			<trkpt lat="47.499310" lon="-0.963270"><ele>62</ele><time>2026-03-01T12:02:12Z</time></trkpt>
			<trkpt lat="47.499120" lon="-0.962280"><ele>60</ele><time>2026-03-01T12:02:24Z</time></trkpt>
			<trkpt lat="47.498890" lon="-0.960220"><ele>55</ele><time>2026-03-01T12:02:36Z</time></trkpt>
			<trkpt lat="47.498870" lon="-0.960050"><ele>54</ele><time>2026-03-01T12:02:48Z</time></trkpt>
			<trkpt lat="47.498840" lon="-0.959930"><ele>54</ele><time>2026-03-01T12:03:00Z</time></trkpt>
			<trkpt lat="47.498790" lon="-0.959810"><ele>54</ele><time>2026-03-01T12:03:12Z</time></trkpt>
			<trkpt lat="47.498570" lon="-0.959340"><ele>54</ele><time>2026-03-01T12:03:24Z</time></trkpt>
			<trkpt lat="47.498510" lon="-0.959170"><ele>54</ele><time>2026-03-01T12:03:36Z</time></trkpt>
			<trkpt lat="47.498380" lon="-0.958540"><ele>55</ele><time>2026-03-01T12:03:48Z</time></trkpt>
			<trkpt lat="47.498310" lon="-0.958190"><ele>55</ele><time>2026-03-01T12:04:00Z</time></trkpt>
			<trkpt lat="47.498270" lon="-0.957930"><ele>55</ele><time>2026-03-01T12:04:12Z</time></trkpt>
			<trkpt lat="47.498230" lon="-0.957610"><ele>55</ele><time>2026-03-01T12:04:24Z</time></trkpt>
			<trkpt lat="47.498190" lon="-0.956300"><ele>54</ele><time>2026-03-01T12:04:36Z</time></trkpt>
			<trkpt lat="47.498180" lon="-0.955680"><ele>53</ele><time>2026-03-01T12:04:48Z</time></trkpt>
			<trkpt lat="47.498150" lon="-0.954150"><ele>53</ele><time>2026-03-01T12:05:00Z</time></trkpt>
			<trkpt lat="47.498140" lon="-0.953890"><ele>53</ele><time>2026-03-01T12:05:12Z</time></trkpt>
			<trkpt lat="47.498110" lon="-0.953610"><ele>53</ele><time>2026-03-01T12:05:24Z</time></trkpt>
			<trkpt lat="47.498060" lon="-0.953340"><ele>53</ele><time>2026-03-01T12:05:36Z</time></trkpt>
			<trkpt lat="47.498010" lon="-0.953130"><ele>53</ele><time>2026-03-01T12:05:48Z</time></trkpt>
			<trkpt lat="47.497950" lon="-0.952940"><ele>54</ele><time>2026-03-01T12:06:00Z</time></trkpt>
			<trkpt lat="47.497810" lon="-0.952650"><ele>54</ele><time>2026-03-01T12:06:12Z</time></trkpt>
			<trkpt lat="47.497690" lon="-0.952470"><ele>55</ele><time>2026-03-01T12:06:24Z</time></trkpt>
			<trkpt lat="47.497370" lon="-0.952110"><ele>56</ele><time>2026-03-01T12:06:36Z</time></trkpt>
			<trkpt lat="47.497080" lon="-0.951820"><ele>58</ele><time>2026-03-01T12:06:48Z</time></trkpt>
			<trkpt lat="47.496900" lon="-0.951670"><ele>58</ele><time>2026-03-01T12:07:00Z</time></trkpt>
			<trkpt lat="47.496740" lon="-0.951550"><ele>59</ele><time>2026-03-01T12:07:12Z</time></trkpt>
			<trkpt lat="47.496560" lon="-0.951440"><ele>60</ele><time>2026-03-01T12:07:24Z</time></trkpt>
			<trkpt lat="47.495430" lon="-0.950880"><ele>65</ele><time>2026-03-01T12:07:36Z</time></trkpt>
			<trkpt lat="47.495180" lon="-0.950720"><ele>66</ele><time>2026-03-01T12:07:48Z</time></trkpt>
			<trkpt lat="47.495040" lon="-0.950620"><ele>66</ele><time>2026-03-01T12:08:00Z</time></trkpt>
			<trkpt lat="47.494720" lon="-0.950150"><ele>65</ele><time>2026-03-01T12:08:12Z</time></trkpt>
			<trkpt lat="47.493700" lon="-0.948710"><ele>62</ele><time>2026-03-01T12:08:24Z</time></trkpt>
			<trkpt lat="47.493560" lon="-0.948480"><ele>63</ele><time>2026-03-01T12:08:36Z</time></trkpt>
			<trkpt lat="47.493470" lon="-0.948250"><ele>63</ele><time>2026-03-01T12:08:48Z</time></trkpt>
			<trkpt lat="47.493250" lon="-0.947230"><ele>64</ele><time>2026-03-01T12:09:00Z</time></trkpt>
			<trkpt lat="47.493170" lon="-0.946940"><ele>64</ele><time>2026-03-01T12:09:12Z</time></trkpt>
			<trkpt lat="47.493060" lon="-0.946690"><ele>65</ele><time>2026-03-01T12:09:24Z</time></trkpt>
			<trkpt lat="47.492190" lon="-0.945190"><ele>71</ele><time>2026-03-01T12:09:36Z</time></trkpt>
			<trkpt lat="47.492060" lon="-0.945000"><ele>72</ele><time>2026-03-01T12:09:48Z</time></trkpt>
			<trkpt lat="47.491900" lon="-0.944820"><ele>73</ele><time>2026-03-01T12:10:00Z</time></trkpt>
			<trkpt lat="47.491750" lon="-0.944700"><ele>74</ele><time>2026-03-01T12:10:12Z</time></trkpt>
			<trkpt lat="47.491590" lon="-0.944580"><ele>74</ele><time>2026-03-01T12:10:24Z</time></trkpt>
			<trkpt lat="47.490360" lon="-0.943980"><ele>79</ele><time>2026-03-01T12:10:36Z</time></trkpt>
			<trkpt lat="47.490120" lon="-0.943860"><ele>81</ele><time>2026-03-01T12:10:48Z</time></trkpt>
			<trkpt lat="47.489940" lon="-0.943750"><ele>81</ele><time>2026-03-01T12:11:00Z</time></trkpt>
			<trkpt lat="47.489770" lon="-0.943640"><ele>81</ele><time>2026-03-01T12:11:12Z</time></trkpt>
			<trkpt lat="47.489630" lon="-0.943520"><ele>81</ele><time>2026-03-01T12:11:24Z</time></trkpt>
			<trkpt lat="47.489410" lon="-0.943300"><ele>81</ele><time>2026-03-01T12:11:36Z</time></trkpt>
			<trkpt lat="47.489180" lon="-0.943050"><ele>81</ele><time>2026-03-01T12:11:48Z</time></trkpt>
			<trkpt lat="47.488700" lon="-0.942460"><ele>82</ele><time>2026-03-01T12:12:00Z</time></trkpt>
			<trkpt lat="47.487740" lon="-0.941160"><ele>85</ele><time>2026-03-01T12:12:12Z</time></trkpt>
			<trkpt lat="47.487400" lon="-0.940610"><ele>85</ele><time>2026-03-01T12:12:24Z</time></trkpt>
			<trkpt lat="47.486970" lon="-0.939940"><ele>84</ele><time>2026-03-01T12:12:36Z</time></trkpt>
			<trkpt lat="47.486360" lon="-0.938940"><ele>86</ele><time>2026-03-01T12:12:48Z</time></trkpt>
			<trkpt lat="47.485960" lon="-0.938180"><ele>87</ele><time>2026-03-01T12:13:00Z</time></trkpt>
			<trkpt lat="47.485680" lon="-0.937560"><ele>87</ele><time>2026-03-01T12:13:12Z</time></trkpt>
			<trkpt lat="47.485540" lon="-0.937210"><ele>88</ele><time>2026-03-01T12:13:24Z</time></trkpt>
			<trkpt lat="47.485420" lon="-0.936860"><ele>89</ele><time>2026-03-01T12:13:36Z</time></trkpt>
			<trkpt lat="47.485130" lon="-0.935790"><ele>90</ele><time>2026-03-01T12:13:48Z</time></trkpt>
			<trkpt lat="47.485080" lon="-0.935790"><ele>91</ele><time>2026-03-01T12:14:00Z</time></trkpt>
			<trkpt lat="47.484970" lon="-0.935760"><ele>91</ele><time>2026-03-01T12:14:12Z</time></trkpt>
			<trkpt lat="47.483270" lon="-0.935140"><ele>94</ele><time>2026-03-01T12:14:24Z</time></trkpt>
			<trkpt lat="47.481690" lon="-0.934540"><ele>91</ele><time>2026-03-01T12:14:36Z</time></trkpt>
			<trkpt lat="47.481460" lon="-0.934490"><ele>89</ele><time>2026-03-01T12:14:48Z</time></trkpt>
			<trkpt lat="47.480080" lon="-0.934420"><ele>77</ele><time>2026-03-01T12:15:00Z</time></trkpt>
			<trkpt lat="47.479950" lon="-0.934390"><ele>76</ele><time>2026-03-01T12:15:12Z</time></trkpt>
			<trkpt lat="47.479810" lon="-0.934300"><ele>75</ele><time>2026-03-01T12:15:24Z</time></trkpt>
			<trkpt lat="47.479720" lon="-0.934210"><ele>74</ele><time>2026-03-01T12:15:36Z</time></trkpt>
			<trkpt lat="47.479570" lon="-0.934050"><ele>74</ele><time>2026-03-01T12:15:48Z</time></trkpt>
			<trkpt lat="47.479440" lon="-0.933950"><ele>73</ele><time>2026-03-01T12:16:00Z</time></trkpt>
			<trkpt lat="47.479240" lon="-0.933840"><ele>72</ele><time>2026-03-01T12:16:12Z</time></trkpt>
			<trkpt lat="47.478270" lon="-0.933600"><ele>68</ele><time>2026-03-01T12:16:24Z</time></trkpt>
			<trkpt lat="47.478080" lon="-0.933600"><ele>66</ele><time>2026-03-01T12:16:36Z</time></trkpt>
			<trkpt lat="47.477280" lon="-0.933600"><ele>62</ele><time>2026-03-01T12:16:48Z</time></trkpt>
			<trkpt lat="47.477220" lon="-0.933600"><ele>62</ele><time>2026-03-01T12:17:00Z</time></trkpt>
			<trkpt lat="47.477020" lon="-0.933460"><ele>61</ele><time>2026-03-01T12:17:12Z</time></trkpt>
			<trkpt lat="47.476240" lon="-0.932870"><ele>62</ele><time>2026-03-01T12:17:24Z</time></trkpt>
			<trkpt lat="47.476080" lon="-0.932780"><ele>62</ele><time>2026-03-01T12:17:36Z</time></trkpt>
			<trkpt lat="47.475860" lon="-0.932710"><ele>62</ele><time>2026-03-01T12:17:48Z</time></trkpt>
			<trkpt lat="47.475690" lon="-0.932710"><ele>63</ele><time>2026-03-01T12:18:00Z</time></trkpt>
			<trkpt lat="47.474050" lon="-0.932850"><ele>73</ele><time>2026-03-01T12:18:12Z</time></trkpt>
			<trkpt lat="47.473200" lon="-0.932990"><ele>74</ele><time>2026-03-01T12:18:24Z</time></trkpt>
			<trkpt lat="47.472690" lon="-0.933040"><ele>74</ele><time>2026-03-01T12:18:36Z</time></trkpt>
			<trkpt lat="47.471050" lon="-0.933110"><ele>73</ele><time>2026-03-01T12:18:48Z</time></trkpt>
			<trkpt lat="47.470880" lon="-0.933090"><ele>73</ele><time>2026-03-01T12:19:00Z</time></trkpt>
			<trkpt lat="47.470690" lon="-0.933050"><ele>74</ele><time>2026-03-01T12:19:12Z</time></trkpt>
			<trkpt lat="47.470530" lon="-0.932940"><ele>74</ele><time>2026-03-01T12:19:24Z</time></trkpt>
			<trkpt lat="47.470370" lon="-0.932820"><ele>74</ele><time>2026-03-01T12:19:36Z</time></trkpt>
			<trkpt lat="47.469160" lon="-0.931380"><ele>78</ele><time>2026-03-01T12:19:48Z</time></trkpt>
			<trkpt lat="47.468910" lon="-0.931160"><ele>78</ele><time>2026-03-01T12:20:00Z</time></trkpt>
			<trkpt lat="47.468360" lon="-0.930670"><ele>80</ele><time>2026-03-01T12:20:12Z</time></trkpt>
			<trkpt lat="47.468150" lon="-0.930530"><ele>80</ele><time>2026-03-01T12:20:24Z</time></trkpt>
			<trkpt lat="47.467330" lon="-0.930140"><ele>77</ele><time>2026-03-01T12:20:36Z</time></trkpt>
			<trkpt lat="47.467240" lon="-0.930070"><ele>77</ele><time>2026-03-01T12:20:48Z</time></trkpt>
			<trkpt lat="47.467160" lon="-0.929930"><ele>76</ele><time>2026-03-01T12:21:00Z</time></trkpt>
			<trkpt lat="47.467080" lon="-0.929690"><ele>76</ele><time>2026-03-01T12:21:12Z</time></trkpt>
			<trkpt lat="47.467070" lon="-0.929640"><ele>76</ele><time>2026-03-01T12:21:24Z</time></trkpt>
			<trkpt lat="47.467020" lon="-0.929340"><ele>76</ele><time>2026-03-01T12:21:36Z</time></trkpt>
			<trkpt lat="47.466790" lon="-0.928120"><ele>75</ele><time>2026-03-01T12:21:48Z</time></trkpt>
			<trkpt lat="47.466730" lon="-0.927860"><ele>75</ele><time>2026-03-01T12:22:00Z</time></trkpt>
			<trkpt lat="47.466640" lon="-0.927510"><ele>74</ele><time>2026-03-01T12:22:12Z</time></trkpt>
			<trkpt lat="47.466150" lon="-0.925920"><ele>70</ele><time>2026-03-01T12:22:24Z</time></trkpt>
			<trkpt lat="47.465990" lon="-0.925480"><ele>68</ele><time>2026-03-01T12:22:36Z</time></trkpt>
			<trkpt lat="47.465610" lon="-0.924600"><ele>67</ele><time>2026-03-01T12:22:48Z</time></trkpt>
			<trkpt lat="47.465390" lon="-0.924210"><ele>66</ele><time>2026-03-01T12:23:00Z</time></trkpt>
			<trkpt lat="47.465150" lon="-0.923810"><ele>65</ele><time>2026-03-01T12:23:12Z</time></trkpt>
			<trkpt lat="47.465110" lon="-0.923740"><ele>64</ele><time>2026-03-01T12:23:24Z</time></trkpt>
			<trkpt lat="47.464750" lon="-0.923130"><ele>63</ele><time>2026-03-01T12:23:36Z</time></trkpt>
			<trkpt lat="47.464680" lon="-0.922980"><ele>62</ele><time>2026-03-01T12:23:48Z</time></trkpt>
			<trkpt lat="47.464660" lon="-0.922860"><ele>62</ele><time>2026-03-01T12:24:00Z</time></trkpt>
			<trkpt lat="47.464640" lon="-0.922770"><ele>62</ele><time>2026-03-01T12:24:12Z</time></trkpt>
			<trkpt lat="47.464580" lon="-0.921590"><ele>62</ele><time>2026-03-01T12:24:24Z</time></trkpt>
			<trkpt lat="47.464540" lon="-0.921170"><ele>61</ele><time>2026-03-01T12:24:36Z</time></trkpt>
			<trkpt lat="47.464470" lon="-0.920550"><ele>59</ele><time>2026-03-01T12:24:48Z</time></trkpt>
			<trkpt lat="47.464400" lon="-0.920020"><ele>58</ele><time>2026-03-01T12:25:00Z</time></trkpt>
			<trkpt lat="47.464370" lon="-0.919940"><ele>57</ele><time>2026-03-01T12:25:12Z</time></trkpt>
			<trkpt lat="47.464300" lon="-0.919870"><ele>56</ele><time>2026-03-01T12:25:24Z</time></trkpt>
			<trkpt lat="47.464240" lon="-0.920030"><ele>56</ele><time>2026-03-01T12:25:36Z</time></trkpt>
			<trkpt lat="47.464110" lon="-0.920240"><ele>54</ele><time>2026-03-01T12:25:48Z</time></trkpt>
			<trkpt lat="47.463020" lon="-0.921550"><ele>46</ele><time>2026-03-01T12:26:00Z</time></trkpt>
			<trkpt lat="47.462870" lon="-0.921760"><ele>44</ele><time>2026-03-01T12:26:12Z</time></trkpt>
			<trkpt lat="47.462740" lon="-0.921990"><ele>43</ele><time>2026-03-01T12:26:24Z</time></trkpt>
			<trkpt lat="47.462640" lon="-0.922230"><ele>42</ele><time>2026-03-01T12:26:36Z</time></trkpt>
			<trkpt lat="47.462550" lon="-0.922490"><ele>41</ele><time>2026-03-01T12:26:48Z</time></trkpt>
			<trkpt lat="47.462330" lon="-0.923170"><ele>40</ele><time>2026-03-01T12:27:00Z</time></trkpt>
			<trkpt lat="47.462250" lon="-0.923430"><ele>40</ele><time>2026-03-01T12:27:12Z</time></trkpt>
			<trkpt lat="47.462200" lon="-0.923620"><ele>40</ele><time>2026-03-01T12:27:24Z</time></trkpt>
			<trkpt lat="47.462170" lon="-0.923790"><ele>40</ele><time>2026-03-01T12:27:36Z</time></trkpt>
			<trkpt lat="47.462160" lon="-0.923990"><ele>40</ele><time>2026-03-01T12:27:48Z</time></trkpt>
			<trkpt lat="47.462170" lon="-0.924200"><ele>40</ele><time>2026-03-01T12:28:00Z</time></trkpt>
			<trkpt lat="47.462240" lon="-0.924960"><ele>42</ele><time>2026-03-01T12:28:12Z</time></trkpt>
			<trkpt lat="47.462280" lon="-0.925310"><ele>42</ele><time>2026-03-01T12:28:24Z</time></trkpt>
			<trkpt lat="47.462290" lon="-0.925530"><ele>43</ele><time>2026-03-01T12:28:36Z</time></trkpt>
			<trkpt lat="47.462280" lon="-0.925770"><ele>43</ele><time>2026-03-01T12:28:48Z</time></trkpt>
			<trkpt lat="47.462260" lon="-0.926040"><ele>44</ele><time>2026-03-01T12:29:00Z</time></trkpt>
			<trkpt lat="47.462190" lon="-0.926560"><ele>46</ele><time>2026-03-01T12:29:12Z</time></trkpt>
			<trkpt lat="47.462170" lon="-0.926950"><ele>46</ele><time>2026-03-01T12:29:24Z</time></trkpt>
			<trkpt lat="47.462250" lon="-0.928460"><ele>44</ele><time>2026-03-01T12:29:36Z</time></trkpt>
			<trkpt lat="47.462240" lon="-0.928670"><ele>44</ele><time>2026-03-01T12:29:48Z</time></trkpt>
			<trkpt lat="47.462220" lon="-0.928900"><ele>43</ele><time>2026-03-01T12:30:00Z</time></trkpt>
			<trkpt lat="47.462150" lon="-0.929330"><ele>42</ele><time>2026-03-01T12:30:12Z</time></trkpt>
			<trkpt lat="47.462060" lon="-0.929730"><ele>43</ele><time>2026-03-01T12:30:24Z</time></trkpt>
			<trkpt lat="47.461980" lon="-0.930020"><ele>44</ele><time>2026-03-01T12:30:36Z</time></trkpt>
			<trkpt lat="47.461840" lon="-0.930380"><ele>45</ele><time>2026-03-01T12:30:48Z</time></trkpt>
			<trkpt lat="47.461770" lon="-0.930640"><ele>45</ele><time>2026-03-01T12:31:00Z</time></trkpt>
			<trkpt lat="47.461740" lon="-0.930980"><ele>46</ele><time>2026-03-01T12:31:12Z</time></trkpt>
			<trkpt lat="47.461730" lon="-0.931320"><ele>46</ele><time>2026-03-01T12:31:24Z</time></trkpt>
			<trkpt lat="47.461740" lon="-0.931630"><ele>46</ele><time>2026-03-01T12:31:36Z</time></trkpt>
			<trkpt lat="47.461780" lon="-0.931870"><ele>45</ele><time>2026-03-01T12:31:48Z</time></trkpt>
			<trkpt lat="47.461840" lon="-0.932070"><ele>45</ele><time>2026-03-01T12:32:00Z</time></trkpt>
			<trkpt lat="47.461930" lon="-0.932310"><ele>44</ele><time>2026-03-01T12:32:12Z</time></trkpt>
			<trkpt lat="47.462300" lon="-0.933070"><ele>44</ele><time>2026-03-01T12:32:24Z</time></trkpt>
			<trkpt lat="47.462370" lon="-0.933310"><ele>44</ele><time>2026-03-01T12:32:36Z</time></trkpt>
			<trkpt lat="47.462420" lon="-0.933590"><ele>45</ele><time>2026-03-01T12:32:48Z</time></trkpt>
			<trkpt lat="47.462430" lon="-0.933830"><ele>45</ele><time>2026-03-01T12:33:00Z</time></trkpt>
			<trkpt lat="47.462420" lon="-0.934090"><ele>45</ele><time>2026-03-01T12:33:12Z</time></trkpt>
			<trkpt lat="47.462390" lon="-0.934310"><ele>45</ele><time>2026-03-01T12:33:24Z</time></trkpt>
			<trkpt lat="47.462350" lon="-0.934510"><ele>46</ele><time>2026-03-01T12:33:36Z</time></trkpt>
			<trkpt lat="47.462270" lon="-0.934690"><ele>46</ele><time>2026-03-01T12:33:48Z</time></trkpt>
			<trkpt lat="47.461790" lon="-0.935470"><ele>48</ele><time>2026-03-01T12:34:00Z</time></trkpt>
			<trkpt lat="47.461630" lon="-0.935740"><ele>48</ele><time>2026-03-01T12:34:12Z</time></trkpt>
			<trkpt lat="47.461430" lon="-0.936050"><ele>49</ele><time>2026-03-01T12:34:24Z</time></trkpt>
			<trkpt lat="47.460940" lon="-0.936790"><ele>49</ele><time>2026-03-01T12:34:36Z</time></trkpt>
			<trkpt lat="47.460780" lon="-0.937030"><ele>50</ele><time>2026-03-01T12:34:48Z</time></trkpt>
			<trkpt lat="47.460610" lon="-0.937240"><ele>51</ele><time>2026-03-01T12:35:00Z</time></trkpt>
			<trkpt lat="47.460430" lon="-0.937400"><ele>52</ele><time>2026-03-01T12:35:12Z</time></trkpt>
			<trkpt lat="47.460190" lon="-0.937590"><ele>53</ele><time>2026-03-01T12:35:24Z</time></trkpt>
			<trkpt lat="47.459290" lon="-0.938180"><ele>54</ele><time>2026-03-01T12:35:36Z</time></trkpt>
			<trkpt lat="47.458660" lon="-0.938630"><ele>57</ele><time>2026-03-01T12:35:48Z</time></trkpt>
			<trkpt lat="47.457610" lon="-0.939590"><ele>62</ele><time>2026-03-01T12:36:00Z</time></trkpt>
			<trkpt lat="47.457320" lon="-0.939870"><ele>62</ele><time>2026-03-01T12:36:12Z</time></trkpt>
			<trkpt lat="47.456570" lon="-0.940750"><ele>65</ele><time>2026-03-01T12:36:24Z</time></trkpt>
			<trkpt lat="47.456450" lon="-0.940880"><ele>66</ele><time>2026-03-01T12:36:36Z</time></trkpt>
			<trkpt lat="47.456280" lon="-0.941030"><ele>66</ele><time>2026-03-01T12:36:48Z</time></trkpt>
			<trkpt lat="47.455890" lon="-0.941360"><ele>67</ele><time>2026-03-01T12:37:00Z</time></trkpt>
			<trkpt lat="47.455620" lon="-0.941570"><ele>68</ele><time>2026-03-01T12:37:12Z</time></trkpt>
			<trkpt lat="47.455310" lon="-0.941820"><ele>68</ele><time>2026-03-01T12:37:24Z</time></trkpt>
			<trkpt lat="47.455150" lon="-0.941950"><ele>68</ele><time>2026-03-01T12:37:36Z</time></trkpt>
			<trkpt lat="47.455010" lon="-0.941990"><ele>69</ele><time>2026-03-01T12:37:48Z</time></trkpt>
			<trkpt lat="47.454880" lon="-0.942020"><ele>69</ele><time>2026-03-01T12:38:00Z</time></trkpt>
			<trkpt lat="47.454790" lon="-0.942040"><ele>69</ele><time>2026-03-01T12:38:12Z</time></trkpt>
			<trkpt lat="47.454540" lon="-0.942090"><ele>69</ele><time>2026-03-01T12:38:24Z</time></trkpt>
			<trkpt lat="47.454450" lon="-0.942110"><ele>69</ele><time>2026-03-01T12:38:36Z</time></trkpt>
			<trkpt lat="47.454330" lon="-0.942130"><ele>69</ele><time>2026-03-01T12:38:48Z</time></trkpt>
			<trkpt lat="47.454060" lon="-0.942120"><ele>69</ele><time>2026-03-01T12:39:00Z</time></trkpt>
			<trkpt lat="47.453930" lon="-0.942120"><ele>70</ele><time>2026-03-01T12:39:12Z</time></trkpt>
			<trkpt lat="47.453960" lon="-0.942360"><ele>69</ele><time>2026-03-01T12:39:24Z</time></trkpt>
			<trkpt lat="47.454020" lon="-0.942370"><ele>69</ele><time>2026-03-01T12:39:36Z</time></trkpt>
			<trkpt lat="47.454020" lon="-0.942280"><ele>69</ele><time>2026-03-01T12:39:48Z</time></trkpt>
			<trkpt lat="47.454020" lon="-0.942370"><ele>69</ele><time>2026-03-01T12:40:00Z</time></trkpt>
			<trkpt lat="47.453960" lon="-0.942360"><ele>69</ele><time>2026-03-01T12:40:12Z</time></trkpt>
			<trkpt lat="47.453970" lon="-0.942390"><ele>69</ele><time>2026-03-01T12:40:24Z</time></trkpt>
			<trkpt lat="47.453990" lon="-0.942590"><ele>69</ele><time>2026-03-01T12:40:36Z</time></trkpt>
			<trkpt lat="47.454010" lon="-0.942660"><ele>69</ele><time>2026-03-01T12:40:48Z</time></trkpt>
			<trkpt lat="47.454220" lon="-0.943290"><ele>68</ele><time>2026-03-01T12:41:00Z</time></trkpt>
			<trkpt lat="47.454270" lon="-0.943490"><ele>68</ele><time>2026-03-01T12:41:12Z</time></trkpt>
			<trkpt lat="47.454280" lon="-0.943620"><ele>68</ele><time>2026-03-01T12:41:24Z</time></trkpt>
			<trkpt lat="47.454290" lon="-0.943860"><ele>68</ele><time>2026-03-01T12:41:36Z</time></trkpt>
			<trkpt lat="47.454290" lon="-0.944140"><ele>68</ele><time>2026-03-01T12:41:48Z</time></trkpt>
			<trkpt lat="47.454280" lon="-0.944270"><ele>68</ele><time>2026-03-01T12:42:00Z</time></trkpt>
			<trkpt lat="47.454250" lon="-0.944440"><ele>68</ele><time>2026-03-01T12:42:12Z</time></trkpt>
			<trkpt lat="47.453980" lon="-0.945290"><ele>68</ele><time>2026-03-01T12:42:24Z</time></trkpt>
			<trkpt lat="47.453970" lon="-0.945330"><ele>68</ele><time>2026-03-01T12:42:36Z</time></trkpt>
			<trkpt lat="47.453950" lon="-0.945410"><ele>68</ele><time>2026-03-01T12:42:48Z</time></trkpt>
			<trkpt lat="47.453850" lon="-0.945590"><ele>68</ele><time>2026-03-01T12:43:00Z</time></trkpt>
			<trkpt lat="47.453550" lon="-0.945990"><ele>69</ele><time>2026-03-01T12:43:12Z</time></trkpt>
			<trkpt lat="47.453290" lon="-0.946390"><ele>69</ele><time>2026-03-01T12:43:24Z</time></trkpt>
			<trkpt lat="47.453200" lon="-0.946590"><ele>69</ele><time>2026-03-01T12:43:36Z</time></trkpt>
			<trkpt lat="47.453170" lon="-0.946690"><ele>69</ele><time>2026-03-01T12:43:48Z</time></trkpt>
			<trkpt lat="47.452780" lon="-0.948250"><ele>68</ele><time>2026-03-01T12:44:00Z</time></trkpt>
			<trkpt lat="47.452560" lon="-0.948960"><ele>69</ele><time>2026-03-01T12:44:12Z</time></trkpt>
			<trkpt lat="47.452480" lon="-0.949360"><ele>69</ele><time>2026-03-01T12:44:24Z</time></trkpt>
			<trkpt lat="47.452430" lon="-0.949780"><ele>69</ele><time>2026-03-01T12:44:36Z</time></trkpt>
			<trkpt lat="47.452360" lon="-0.950640"><ele>69</ele><time>2026-03-01T12:44:48Z</time></trkpt>
			<trkpt lat="47.452230" lon="-0.951500"><ele>69</ele><time>2026-03-01T12:45:00Z</time></trkpt>
			<trkpt lat="47.452180" lon="-0.952470"><ele>68</ele><time>2026-03-01T12:45:12Z</time></trkpt>
			<trkpt lat="47.452150" lon="-0.952680"><ele>68</ele><time>2026-03-01T12:45:24Z</time></trkpt>
			<trkpt lat="47.452130" lon="-0.952760"><ele>68</ele><time>2026-03-01T12:45:36Z</time></trkpt>
			<trkpt lat="47.451970" lon="-0.952660"><ele>69</ele><time>2026-03-01T12:45:48Z</time></trkpt>
			<trkpt lat="47.451800" lon="-0.952610"><ele>69</ele><time>2026-03-01T12:46:00Z</time></trkpt>
			<trkpt lat="47.450960" lon="-0.952500"><ele>73</ele><time>2026-03-01T12:46:12Z</time></trkpt>
			<trkpt lat="47.450800" lon="-0.952520"><ele>74</ele><time>2026-03-01T12:46:24Z</time></trkpt>
			<trkpt lat="47.450530" lon="-0.952610"><ele>75</ele><time>2026-03-01T12:46:36Z</time></trkpt>
			<trkpt lat="47.450550" lon="-0.952670"><ele>75</ele><time>2026-03-01T12:46:48Z</time></trkpt>
			<trkpt lat="47.450560" lon="-0.952760"><ele>74</ele><time>2026-03-01T12:47:00Z</time></trkpt>
			<trkpt lat="47.450550" lon="-0.953080"><ele>74</ele><time>2026-03-01T12:47:12Z</time></trkpt>
			<trkpt lat="47.450410" lon="-0.954170"><ele>74</ele><time>2026-03-01T12:47:24Z</time></trkpt>
			<trkpt lat="47.450260" lon="-0.955220"><ele>74</ele><time>2026-03-01T12:47:36Z</time></trkpt>
			<trkpt lat="47.450200" lon="-0.955750"><ele>75</ele><time>2026-03-01T12:47:48Z</time></trkpt>
			<trkpt lat="47.450030" lon="-0.957140"><ele>73</ele><time>2026-03-01T12:48:00Z</time></trkpt>
			<trkpt lat="47.449950" lon="-0.957700"><ele>73</ele><time>2026-03-01T12:48:12Z</time></trkpt>
			<trkpt lat="47.449860" lon="-0.958480"><ele>73</ele><time>2026-03-01T12:48:24Z</time></trkpt>
			<trkpt lat="47.449820" lon="-0.958680"><ele>73</ele><time>2026-03-01T12:48:36Z</time></trkpt>
			<trkpt lat="47.449750" lon="-0.958900"><ele>74</ele><time>2026-03-01T12:48:48Z</time></trkpt>
			<trkpt lat="47.449660" lon="-0.959100"><ele>74</ele><time>2026-03-01T12:49:00Z</time></trkpt>
			<trkpt lat="47.449490" lon="-0.959350"><ele>74</ele><time>2026-03-01T12:49:12Z</time></trkpt>
			<trkpt lat="47.448740" lon="-0.960300"><ele>73</ele><time>2026-03-01T12:49:24Z</time></trkpt>
			<trkpt lat="47.448520" lon="-0.960600"><ele>72</ele><time>2026-03-01T12:49:36Z</time></trkpt>
			<trkpt lat="47.448390" lon="-0.960760"><ele>72</ele><time>2026-03-01T12:49:48Z</time></trkpt>
			<trkpt lat="47.448240" lon="-0.960990"><ele>72</ele><time>2026-03-01T12:50:00Z</time></trkpt>
			<trkpt lat="47.448110" lon="-0.961220"><ele>71</ele><time>2026-03-01T12:50:12Z</time></trkpt>
			<trkpt lat="47.447990" lon="-0.961520"><ele>71</ele><time>2026-03-01T12:50:24Z</time></trkpt>
			<trkpt lat="47.447160" lon="-0.964040"><ele>71</ele><time>2026-03-01T12:50:36Z</time></trkpt>
			<trkpt lat="47.447030" lon="-0.964370"><ele>71</ele><time>2026-03-01T12:50:48Z</time></trkpt>
			<trkpt lat="47.446850" lon="-0.964670"><ele>71</ele><time>2026-03-01T12:51:00Z</time></trkpt>
			<trkpt lat="47.446690" lon="-0.964860"><ele>72</ele><time>2026-03-01T12:51:12Z</time></trkpt>
			<trkpt lat="47.446610" lon="-0.964950"><ele>72</ele><time>2026-03-01T12:51:24Z</time></trkpt>
			<trkpt lat="47.445570" lon="-0.966040"><ele>70</ele><time>2026-03-01T12:51:36Z</time></trkpt>
			<trkpt lat="47.444870" lon="-0.966800"><ele>69</ele><time>2026-03-01T12:51:48Z</time></trkpt>
			<trkpt lat="47.444630" lon="-0.967140"><ele>68</ele><time>2026-03-01T12:52:00Z</time></trkpt>
			<trkpt lat="47.444490" lon="-0.967420"><ele>68</ele><time>2026-03-01T12:52:12Z</time></trkpt>
			<trkpt lat="47.444350" lon="-0.967790"><ele>68</ele><time>2026-03-01T12:52:24Z</time></trkpt>
			<trkpt lat="47.444260" lon="-0.968070"><ele>68</ele><time>2026-03-01T12:52:36Z</time></trkpt>
			<trkpt lat="47.444030" lon="-0.969300"><ele>69</ele><time>2026-03-01T12:52:48Z</time></trkpt>
			<trkpt lat="47.443970" lon="-0.969600"><ele>69</ele><time>2026-03-01T12:53:00Z</time></trkpt>
			<trkpt lat="47.443940" lon="-0.969870"><ele>69</ele><time>2026-03-01T12:53:12Z</time></trkpt>
			<trkpt lat="47.443910" lon="-0.970220"><ele>69</ele><time>2026-03-01T12:53:24Z</time></trkpt>
			<trkpt lat="47.443940" lon="-0.971090"><ele>69</ele><time>2026-03-01T12:53:36Z</time></trkpt>
			<trkpt lat="47.444040" lon="-0.973380"><ele>70</ele><time>2026-03-01T12:53:48Z</time></trkpt>
			<trkpt lat="47.444040" lon="-0.973700"><ele>71</ele><time>2026-03-01T12:54:00Z</time></trkpt>
			<trkpt lat="47.444010" lon="-0.974090"><ele>71</ele><time>2026-03-01T12:54:12Z</time></trkpt>
			<trkpt lat="47.443430" lon="-0.978240"><ele>71</ele><time>2026-03-01T12:54:24Z</time></trkpt>
			<trkpt lat="47.443310" lon="-0.979120"><ele>70</ele><time>2026-03-01T12:54:36Z</time></trkpt>
			<trkpt lat="47.443270" lon="-0.979410"><ele>70</ele><time>2026-03-01T12:54:48Z</time></trkpt>
			<trkpt lat="47.443230" lon="-0.979700"><ele>70</ele><time>2026-03-01T12:55:00Z</time></trkpt>
			<trkpt lat="47.443210" lon="-0.979820"><ele>70</ele><time>2026-03-01T12:55:12Z</time></trkpt>
			<trkpt lat="47.443190" lon="-0.980010"><ele>70</ele><time>2026-03-01T12:55:24Z</time></trkpt>
			<trkpt lat="47.443130" lon="-0.980440"><ele>71</ele><time>2026-03-01T12:55:36Z</time></trkpt>
			<trkpt lat="47.443090" lon="-0.980680"><ele>72</ele><time>2026-03-01T12:55:48Z</time></trkpt>
			<trkpt lat="47.443020" lon="-0.981200"><ele>72</ele><time>2026-03-01T12:56:00Z</time></trkpt>
			<trkpt lat="47.442940" lon="-0.981790"><ele>73</ele><time>2026-03-01T12:56:12Z</time></trkpt>
			<trkpt lat="47.442830" lon="-0.982450"><ele>73</ele><time>2026-03-01T12:56:24Z</time></trkpt>
			<trkpt lat="47.442720" lon="-0.982650"><ele>73</ele><time>2026-03-01T12:56:36Z</time></trkpt>
			<trkpt lat="47.442750" lon="-0.982700"><ele>73</ele><time>2026-03-01T12:56:48Z</time></trkpt>
			<trkpt lat="47.442750" lon="-0.982770"><ele>73</ele><time>2026-03-01T12:57:00Z</time></trkpt>
			<trkpt lat="47.442550" lon="-0.983370"><ele>73</ele><time>2026-03-01T12:57:12Z</time></trkpt>
			<trkpt lat="47.442470" lon="-0.983630"><ele>73</ele><time>2026-03-01T12:57:24Z</time></trkpt>
			<trkpt lat="47.442390" lon="-0.983840"><ele>73</ele><time>2026-03-01T12:57:36Z</time></trkpt>
			<trkpt lat="47.442330" lon="-0.984020"><ele>73</ele><time>2026-03-01T12:57:48Z</time></trkpt>
			<trkpt lat="47.442220" lon="-0.984370"><ele>74</ele><time>2026-03-01T12:58:00Z</time></trkpt>
			<trkpt lat="47.442140" lon="-0.984580"><ele>74</ele><time>2026-03-01T12:58:12Z</time></trkpt>
			<trkpt lat="47.442100" lon="-0.984830"><ele>74</ele><time>2026-03-01T12:58:24Z</time></trkpt>
			<trkpt lat="47.442080" lon="-0.985100"><ele>74</ele><time>2026-03-01T12:58:36Z</time></trkpt>
			<trkpt lat="47.442040" lon="-0.985460"><ele>74</ele><time>2026-03-01T12:58:48Z</time></trkpt>
			<trkpt lat="47.442020" lon="-0.985610"><ele>74</ele><time>2026-03-01T12:59:00Z</time></trkpt>
			<trkpt lat="47.442010" lon="-0.985730"><ele>74</ele><time>2026-03-01T12:59:12Z</time></trkpt>
			<trkpt lat="47.442000" lon="-0.985830"><ele>74</ele><time>2026-03-01T12:59:24Z</time></trkpt>
			<trkpt lat="47.441990" lon="-0.985920"><ele>74</ele><time>2026-03-01T12:59:36Z</time></trkpt>
			<trkpt lat="47.441990" lon="-0.985960"><ele>74</ele><time>2026-03-01T12:59:48Z</time></trkpt>
			<trkpt lat="47.441970" lon="-0.986410"><ele>74</ele><time>2026-03-01T13:00:00Z</time></trkpt>
			<trkpt lat="47.441960" lon="-0.986770"><ele>74</ele><time>2026-03-01T13:00:12Z</time></trkpt>
			<trkpt lat="47.441990" lon="-0.987400"><ele>74</ele><time>2026-03-01T13:00:24Z</time></trkpt>
			<trkpt lat="47.442000" lon="-0.987710"><ele>74</ele><time>2026-03-01T13:00:36Z</time></trkpt>
			<trkpt lat="47.442240" lon="-0.987890"><ele>74</ele><time>2026-03-01T13:00:48Z</time></trkpt>
			<trkpt lat="47.443000" lon="-0.988460"><ele>75</ele><time>2026-03-01T13:01:00Z</time></trkpt>
			<trkpt lat="47.443330" lon="-0.988760"><ele>75</ele><time>2026-03-01T13:01:12Z</time></trkpt>
			<trkpt lat="47.443300" lon="-0.988840"><ele>75</ele><time>2026-03-01T13:01:24Z</time></trkpt>
			<trkpt lat="47.443290" lon="-0.988900"><ele>75</ele><time>2026-03-01T13:01:36Z</time></trkpt>
			<trkpt lat="47.443350" lon="-0.989310"><ele>75</ele><time>2026-03-01T13:01:48Z</time></trkpt>
			<trkpt lat="47.443510" lon="-0.990200"><ele>73</ele><time>2026-03-01T13:02:00Z</time></trkpt>
			<trkpt lat="47.443630" lon="-0.990890"><ele>72</ele><time>2026-03-01T13:02:12Z</time></trkpt>
			<trkpt lat="47.444250" lon="-0.994510"><ele>72</ele><time>2026-03-01T13:02:24Z</time></trkpt>
			<trkpt lat="47.444320" lon="-0.995000"><ele>71</ele><time>2026-03-01T13:02:36Z</time></trkpt>
			<trkpt lat="47.444360" lon="-0.995390"><ele>71</ele><time>2026-03-01T13:02:48Z</time></trkpt>
			<trkpt lat="47.444360" lon="-0.995810"><ele>72</ele><time>2026-03-01T13:03:00Z</time></trkpt>
			<trkpt lat="47.443950" lon="-1.002570"><ele>71</ele><time>2026-03-01T13:03:12Z</time></trkpt>
			<trkpt lat="47.443870" lon="-1.003720"><ele>71</ele><time>2026-03-01T13:03:24Z</time></trkpt>
			<trkpt lat="47.443820" lon="-1.004330"><ele>71</ele><time>2026-03-01T13:03:36Z</time></trkpt>
			<trkpt lat="47.443620" lon="-1.006940"><ele>71</ele><time>2026-03-01T13:03:48Z</time></trkpt>
			<trkpt lat="47.443610" lon="-1.007010"><ele>71</ele><time>2026-03-01T13:04:00Z</time></trkpt>
			<trkpt lat="47.443290" lon="-1.011060"><ele>70</ele><time>2026-03-01T13:04:12Z</time></trkpt>
			<trkpt lat="47.443060" lon="-1.012910"><ele>71</ele><time>2026-03-01T13:04:24Z</time></trkpt>
			<trkpt lat="47.442860" lon="-1.014460"><ele>70</ele><time>2026-03-01T13:04:36Z</time></trkpt>
			<trkpt lat="47.442590" lon="-1.016610"><ele>71</ele><time>2026-03-01T13:04:48Z</time></trkpt>
			<trkpt lat="47.442570" lon="-1.016990"><ele>71</ele><time>2026-03-01T13:05:00Z</time></trkpt>
			<trkpt lat="47.442700" lon="-1.021490"><ele>73</ele><time>2026-03-01T13:05:12Z</time></trkpt>
			<trkpt lat="47.442740" lon="-1.023370"><ele>72</ele><time>2026-03-01T13:05:24Z</time></trkpt>
			<trkpt lat="47.442730" lon="-1.023510"><ele>71</ele><time>2026-03-01T13:05:36Z</time></trkpt>
			<trkpt lat="47.442720" lon="-1.023720"><ele>71</ele><time>2026-03-01T13:05:48Z</time></trkpt>
			<trkpt lat="47.442270" lon="-1.027630"><ele>71</ele><time>2026-03-01T13:06:00Z</time></trkpt>
			<trkpt lat="47.442240" lon="-1.027980"><ele>71</ele><time>2026-03-01T13:06:12Z</time></trkpt>
			<trkpt lat="47.442240" lon="-1.028310"><ele>72</ele><time>2026-03-01T13:06:24Z</time></trkpt>
			<trkpt lat="47.442270" lon="-1.029240"><ele>70</ele><time>2026-03-01T13:06:36Z</time></trkpt>
			<trkpt lat="47.442300" lon="-1.029980"><ele>69</ele><time>2026-03-01T13:06:48Z</time></trkpt>
			<trkpt lat="47.442330" lon="-1.030690"><ele>69</ele><time>2026-03-01T13:07:00Z</time></trkpt>
			<trkpt lat="47.442350" lon="-1.031320"><ele>69</ele><time>2026-03-01T13:07:12Z</time></trkpt>
			<trkpt lat="47.442360" lon="-1.031700"><ele>68</ele><time>2026-03-01T13:07:24Z</time></trkpt>
			<trkpt lat="47.442400" lon="-1.032670"><ele>68</ele><time>2026-03-01T13:07:36Z</time></trkpt>
			<trkpt lat="47.442500" lon="-1.033300"><ele>67</ele><time>2026-03-01T13:07:48Z</time></trkpt>
			<trkpt lat="47.442500" lon="-1.033430"><ele>67</ele><time>2026-03-01T13:08:00Z</time></trkpt>
			<trkpt lat="47.442520" lon="-1.034010"><ele>68</ele><time>2026-03-01T13:08:12Z</time></trkpt>
			<trkpt lat="47.442780" lon="-1.036120"><ele>66</ele><time>2026-03-01T13:08:24Z</time></trkpt>
			<trkpt lat="47.442840" lon="-1.036710"><ele>66</ele><time>2026-03-01T13:08:36Z</time></trkpt>
			<trkpt lat="47.442860" lon="-1.037190"><ele>66</ele><time>2026-03-01T13:08:48Z</time></trkpt>
			<trkpt lat="47.442830" lon="-1.037620"><ele>66</ele><time>2026-03-01T13:09:00Z</time></trkpt>
			<trkpt lat="47.442730" lon="-1.038620"><ele>66</ele><time>2026-03-01T13:09:12Z</time></trkpt>
			<trkpt lat="47.442380" lon="-1.041530"><ele>64</ele><time>2026-03-01T13:09:24Z</time></trkpt>
			<trkpt lat="47.442350" lon="-1.042050"><ele>64</ele><time>2026-03-01T13:09:36Z</time></trkpt>
			<trkpt lat="47.442340" lon="-1.042550"><ele>65</ele><time>2026-03-01T13:09:48Z</time></trkpt>
			<trkpt lat="47.442340" lon="-1.042670"><ele>65</ele><time>2026-03-01T13:10:00Z</time></trkpt>
			<trkpt lat="47.442340" lon="-1.042820"><ele>65</ele><time>2026-03-01T13:10:12Z</time></trkpt>
			<trkpt lat="47.442360" lon="-1.043320"><ele>66</ele><time>2026-03-01T13:10:24Z</time></trkpt>
			<trkpt lat="47.442480" lon="-1.044840"><ele>68</ele><time>2026-03-01T13:10:36Z</time></trkpt>
			<trkpt lat="47.442500" lon="-1.045200"><ele>68</ele><time>2026-03-01T13:10:48Z</time></trkpt>
			<trkpt lat="47.442500" lon="-1.045580"><ele>69</ele><time>2026-03-01T13:11:00Z</time></trkpt>
			<trkpt lat="47.442350" lon="-1.049930"><ele>69</ele><time>2026-03-01T13:11:12Z</time></trkpt>
			<trkpt lat="47.442290" lon="-1.051600"><ele>70</ele><time>2026-03-01T13:11:24Z</time></trkpt>
			<trkpt lat="47.442260" lon="-1.051950"><ele>70</ele><time>2026-03-01T13:11:36Z</time></trkpt>
			<trkpt lat="47.442200" lon="-1.052300"><ele>70</ele><time>2026-03-01T13:11:48Z</time></trkpt>
			<trkpt lat="47.442040" lon="-1.052890"><ele>69</ele><time>2026-03-01T13:12:00Z</time></trkpt>
			<trkpt lat="47.441940" lon="-1.053280"><ele>69</ele><time>2026-03-01T13:12:12Z</time></trkpt>
			<trkpt lat="47.441830" lon="-1.053700"><ele>68</ele><time>2026-03-01T13:12:24Z</time></trkpt>
			<trkpt lat="47.441780" lon="-1.053990"><ele>68</ele><time>2026-03-01T13:12:36Z</time></trkpt>
			<trkpt lat="47.441760" lon="-1.054240"><ele>68</ele><time>2026-03-01T13:12:48Z</time></trkpt>
			<trkpt lat="47.441760" lon="-1.054380"><ele>68</ele><time>2026-03-01T13:13:00Z</time></trkpt>
			<trkpt lat="47.441770" lon="-1.054580"><ele>68</ele><time>2026-03-01T13:13:12Z</time></trkpt>
			<trkpt lat="47.441790" lon="-1.054700"><ele>69</ele><time>2026-03-01T13:13:24Z</time></trkpt>
			<trkpt lat="47.441890" lon="-1.055340"><ele>69</ele><time>2026-03-01T13:13:36Z</time></trkpt>
			<trkpt lat="47.442040" lon="-1.056130"><ele>69</ele><time>2026-03-01T13:13:48Z</time></trkpt>
			<trkpt lat="47.442250" lon="-1.057310"><ele>69</ele><time>2026-03-01T13:14:00Z</time></trkpt>
			<trkpt lat="47.442620" lon="-1.059400"><ele>69</ele><time>2026-03-01T13:14:12Z</time></trkpt>
			<trkpt lat="47.442700" lon="-1.059870"><ele>68</ele><time>2026-03-01T13:14:24Z</time></trkpt>
			<trkpt lat="47.442790" lon="-1.060330"><ele>68</ele><time>2026-03-01T13:14:36Z</time></trkpt>
			<trkpt lat="47.442820" lon="-1.060650"><ele>68</ele><time>2026-03-01T13:14:48Z</time></trkpt>
			<trkpt lat="47.442820" lon="-1.060880"><ele>68</ele><time>2026-03-01T13:15:00Z</time></trkpt>
			<trkpt lat="47.442820" lon="-1.061130"><ele>67</ele><time>2026-03-01T13:15:12Z</time></trkpt>
			<trkpt lat="47.442750" lon="-1.061880"><ele>66</ele><time>2026-03-01T13:15:24Z</time></trkpt>
			<trkpt lat="47.442710" lon="-1.062220"><ele>66</ele><time>2026-03-01T13:15:36Z</time></trkpt>
			<trkpt lat="47.442630" lon="-1.063050"><ele>64</ele><time>2026-03-01T13:15:48Z</time></trkpt>
			<trkpt lat="47.442620" lon="-1.063160"><ele>64</ele><time>2026-03-01T13:16:00Z</time></trkpt>
			<trkpt lat="47.442590" lon="-1.063390"><ele>64</ele><time>2026-03-01T13:16:12Z</time></trkpt>
			<trkpt lat="47.442570" lon="-1.063670"><ele>63</ele><time>2026-03-01T13:16:24Z</time></trkpt>
			<trkpt lat="47.442540" lon="-1.063860"><ele>63</ele><time>2026-03-01T13:16:36Z</time></trkpt>
			<trkpt lat="47.442520" lon="-1.064080"><ele>62</ele><time>2026-03-01T13:16:48Z</time></trkpt>
			<trkpt lat="47.442500" lon="-1.064340"><ele>61</ele><time>2026-03-01T13:17:00Z</time></trkpt>
			<trkpt lat="47.442510" lon="-1.064460"><ele>61</ele><time>2026-03-01T13:17:12Z</time></trkpt>
			<trkpt lat="47.442560" lon="-1.064460"><ele>61</ele><time>2026-03-01T13:17:24Z</time></trkpt>
			<trkpt lat="47.442600" lon="-1.064490"><ele>61</ele><time>2026-03-01T13:17:36Z</time></trkpt>
			<trkpt lat="47.442610" lon="-1.064520"><ele>61</ele><time>2026-03-01T13:17:48Z</time></trkpt>
			<trkpt lat="47.442620" lon="-1.064560"><ele>61</ele><time>2026-03-01T13:18:00Z</time></trkpt>
			<trkpt lat="47.442610" lon="-1.064600"><ele>61</ele><time>2026-03-01T13:18:12Z</time></trkpt>
			<trkpt lat="47.442600" lon="-1.064640"><ele>61</ele><time>2026-03-01T13:18:24Z</time></trkpt>
			<trkpt lat="47.442580" lon="-1.064670"><ele>61</ele><time>2026-03-01T13:18:36Z</time></trkpt>
			<trkpt lat="47.442560" lon="-1.064680"><ele>60</ele><time>2026-03-01T13:18:48Z</time></trkpt>
			<trkpt lat="47.442510" lon="-1.064680"><ele>60</ele><time>2026-03-01T13:19:00Z</time></trkpt>
			<trkpt lat="47.442470" lon="-1.064620"><ele>60</ele><time>2026-03-01T13:19:12Z</time></trkpt>
			<trkpt lat="47.442420" lon="-1.064670"><ele>60</ele><time>2026-03-01T13:19:24Z</time></trkpt>
			<trkpt lat="47.442380" lon="-1.064710"><ele>60</ele><time>2026-03-01T13:19:36Z</time></trkpt>
			<trkpt lat="47.442340" lon="-1.064770"><ele>59</ele><time>2026-03-01T13:19:48Z</time></trkpt>
			<trkpt lat="47.442230" lon="-1.064940"><ele>59</ele><time>2026-03-01T13:20:00Z</time></trkpt>
			<trkpt lat="47.442150" lon="-1.065180"><ele>58</ele><time>2026-03-01T13:20:12Z</time></trkpt>
			<trkpt lat="47.441980" lon="-1.065890"><ele>55</ele><time>2026-03-01T13:20:24Z</time></trkpt>
			<trkpt lat="47.441950" lon="-1.066010"><ele>55</ele><time>2026-03-01T13:20:36Z</time></trkpt>
			<trkpt lat="47.441910" lon="-1.066180"><ele>54</ele><time>2026-03-01T13:20:48Z</time></trkpt>
			<trkpt lat="47.441830" lon="-1.066530"><ele>53</ele><time>2026-03-01T13:21:00Z</time></trkpt>
			<trkpt lat="47.441790" lon="-1.066650"><ele>53</ele><time>2026-03-01T13:21:12Z</time></trkpt>
			<trkpt lat="47.441690" lon="-1.066850"><ele>52</ele><time>2026-03-01T13:21:24Z</time></trkpt>
			<trkpt lat="47.441630" lon="-1.067020"><ele>51</ele><time>2026-03-01T13:21:36Z</time></trkpt>
			<trkpt lat="47.441530" lon="-1.067120"><ele>51</ele><time>2026-03-01T13:21:48Z</time></trkpt>
			<trkpt lat="47.441390" lon="-1.067250"><ele>50</ele><time>2026-03-01T13:22:00Z</time></trkpt>
			<trkpt lat="47.441350" lon="-1.067270"><ele>50</ele><time>2026-03-01T13:22:12Z</time></trkpt>
			<trkpt lat="47.441260" lon="-1.067300"><ele>50</ele><time>2026-03-01T13:22:24Z</time></trkpt>
			<trkpt lat="47.441210" lon="-1.067450"><ele>49</ele><time>2026-03-01T13:22:36Z</time></trkpt>
			<trkpt lat="47.441150" lon="-1.067520"><ele>49</ele><time>2026-03-01T13:22:48Z</time></trkpt>
			<trkpt lat="47.441060" lon="-1.067620"><ele>49</ele><time>2026-03-01T13:23:00Z</time></trkpt>
			<trkpt lat="47.440840" lon="-1.067860"><ele>49</ele><time>2026-03-01T13:23:12Z</time></trkpt>
			<trkpt lat="47.440720" lon="-1.067970"><ele>49</ele><time>2026-03-01T13:23:24Z</time></trkpt>
			<trkpt lat="47.440600" lon="-1.068050"><ele>50</ele><time>2026-03-01T13:23:36Z</time></trkpt>
			<trkpt lat="47.440460" lon="-1.068110"><ele>51</ele><time>2026-03-01T13:23:48Z</time></trkpt>
			<trkpt lat="47.440250" lon="-1.068170"><ele>52</ele><time>2026-03-01T13:24:00Z</time></trkpt>
			<trkpt lat="47.440170" lon="-1.068200"><ele>52</ele><time>2026-03-01T13:24:12Z</time></trkpt>
			<trkpt lat="47.440080" lon="-1.068220"><ele>52</ele><time>2026-03-01T13:24:24Z</time></trkpt>
			<trkpt lat="47.439880" lon="-1.068190"><ele>53</ele><time>2026-03-01T13:24:36Z</time></trkpt>
			<trkpt lat="47.439790" lon="-1.068190"><ele>53</ele><time>2026-03-01T13:24:48Z</time></trkpt>
			<trkpt lat="47.438780" lon="-1.068250"><ele>57</ele><time>2026-03-01T13:25:00Z</time></trkpt>
			<trkpt lat="47.437300" lon="-1.068330"><ele>60</ele><time>2026-03-01T13:25:12Z</time></trkpt>
			<trkpt lat="47.436740" lon="-1.068350"><ele>62</ele><time>2026-03-01T13:25:24Z</time></trkpt>
			<trkpt lat="47.436670" lon="-1.068360"><ele>62</ele><time>2026-03-01T13:25:36Z</time></trkpt>
			<trkpt lat="47.436080" lon="-1.068400"><ele>60</ele><time>2026-03-01T13:25:48Z</time></trkpt>
			<trkpt lat="47.435740" lon="-1.068410"><ele>59</ele><time>2026-03-01T13:26:00Z</time></trkpt>
			<trkpt lat="47.435420" lon="-1.068440"><ele>60</ele><time>2026-03-01T13:26:12Z</time></trkpt>
			<trkpt lat="47.435080" lon="-1.068500"><ele>60</ele><time>2026-03-01T13:26:24Z</time></trkpt>
			<trkpt lat="47.434850" lon="-1.068550"><ele>60</ele><time>2026-03-01T13:26:36Z</time></trkpt>
			<trkpt lat="47.433660" lon="-1.068980"><ele>58</ele><time>2026-03-01T13:26:48Z</time></trkpt>
			<trkpt lat="47.433250" lon="-1.069130"><ele>57</ele><time>2026-03-01T13:27:00Z</time></trkpt>
			<trkpt lat="47.432270" lon="-1.069490"><ele>59</ele><time>2026-03-01T13:27:12Z</time></trkpt>
			<trkpt lat="47.431460" lon="-1.069780"><ele>61</ele><time>2026-03-01T13:27:24Z</time></trkpt>
			<trkpt lat="47.431050" lon="-1.069930"><ele>60</ele><time>2026-03-01T13:27:36Z</time></trkpt>
			<trkpt lat="47.430810" lon="-1.070050"><ele>60</ele><time>2026-03-01T13:27:48Z</time></trkpt>
			<trkpt lat="47.430680" lon="-1.070150"><ele>60</ele><time>2026-03-01T13:28:00Z</time></trkpt>
			<trkpt lat="47.430470" lon="-1.070320"><ele>60</ele><time>2026-03-01T13:28:12Z</time></trkpt>
			<trkpt lat="47.430290" lon="-1.070510"><ele>61</ele><time>2026-03-01T13:28:24Z</time></trkpt>
			<trkpt lat="47.430010" lon="-1.070870"><ele>61</ele><time>2026-03-01T13:28:36Z</time></trkpt>
			<trkpt lat="47.429880" lon="-1.071020"><ele>61</ele><time>2026-03-01T13:28:48Z</time></trkpt>
			<trkpt lat="47.428160" lon="-1.073160"><ele>60</ele><time>2026-03-01T13:29:00Z</time></trkpt>
			<trkpt lat="47.426720" lon="-1.074980"><ele>61</ele><time>2026-03-01T13:29:12Z</time></trkpt>
			<trkpt lat="47.425310" lon="-1.076770"><ele>62</ele><time>2026-03-01T13:29:24Z</time></trkpt>
			<trkpt lat="47.423700" lon="-1.078780"><ele>63</ele><time>2026-03-01T13:29:36Z</time></trkpt>
			<trkpt lat="47.422470" lon="-1.080350"><ele>60</ele><time>2026-03-01T13:29:48Z</time></trkpt>
			<trkpt lat="47.422050" lon="-1.080880"><ele>59</ele><time>2026-03-01T13:30:00Z</time></trkpt>
			<trkpt lat="47.421870" lon="-1.081170"><ele>58</ele><time>2026-03-01T13:30:12Z</time></trkpt>
			<trkpt lat="47.421730" lon="-1.081450"><ele>57</ele><time>2026-03-01T13:30:24Z</time></trkpt>
			<trkpt lat="47.421380" lon="-1.082360"><ele>56</ele><time>2026-03-01T13:30:36Z</time></trkpt>
			<trkpt lat="47.421260" lon="-1.082620"><ele>56</ele><time>2026-03-01T13:30:48Z</time></trkpt>
			<trkpt lat="47.421120" lon="-1.082830"><ele>56</ele><time>2026-03-01T13:31:00Z</time></trkpt>
			<trkpt lat="47.420940" lon="-1.083070"><ele>55</ele><time>2026-03-01T13:31:12Z</time></trkpt>
			<trkpt lat="47.420800" lon="-1.083220"><ele>55</ele><time>2026-03-01T13:31:24Z</time></trkpt>
			<trkpt lat="47.420240" lon="-1.083800"><ele>55</ele><time>2026-03-01T13:31:36Z</time></trkpt>
			<trkpt lat="47.418850" lon="-1.085200"><ele>52</ele><time>2026-03-01T13:31:48Z</time></trkpt>
			<trkpt lat="47.418270" lon="-1.085800"><ele>53</ele><time>2026-03-01T13:32:00Z</time></trkpt>
			<trkpt lat="47.417880" lon="-1.086150"><ele>52</ele><time>2026-03-01T13:32:12Z</time></trkpt>
			<trkpt lat="47.417610" lon="-1.086370"><ele>51</ele><time>2026-03-01T13:32:24Z</time></trkpt>
			<trkpt lat="47.417380" lon="-1.086510"><ele>51</ele><time>2026-03-01T13:32:36Z</time></trkpt>
			<trkpt lat="47.417160" lon="-1.086610"><ele>51</ele><time>2026-03-01T13:32:48Z</time></trkpt>
			<trkpt lat="47.416570" lon="-1.086850"><ele>52</ele><time>2026-03-01T13:33:00Z</time></trkpt>
			<trkpt lat="47.415420" lon="-1.087300"><ele>53</ele><time>2026-03-01T13:33:12Z</time></trkpt>
			<trkpt lat="47.414730" lon="-1.087560"><ele>52</ele><time>2026-03-01T13:33:24Z</time></trkpt>
			<trkpt lat="47.414300" lon="-1.087730"><ele>52</ele><time>2026-03-01T13:33:36Z</time></trkpt>
			<trkpt lat="47.414140" lon="-1.087820"><ele>53</ele><time>2026-03-01T13:33:48Z</time></trkpt>
			<trkpt lat="47.413890" lon="-1.088010"><ele>53</ele><time>2026-03-01T13:34:00Z</time></trkpt>
			<trkpt lat="47.413750" lon="-1.088140"><ele>53</ele><time>2026-03-01T13:34:12Z</time></trkpt>
			<trkpt lat="47.413610" lon="-1.088310"><ele>54</ele><time>2026-03-01T13:34:24Z</time></trkpt>
			<trkpt lat="47.412510" lon="-1.089870"><ele>56</ele><time>2026-03-01T13:34:36Z</time></trkpt>
			<trkpt lat="47.412120" lon="-1.090450"><ele>57</ele><time>2026-03-01T13:34:48Z</time></trkpt>
			<trkpt lat="47.410990" lon="-1.092100"><ele>60</ele><time>2026-03-01T13:35:00Z</time></trkpt>
			<trkpt lat="47.410680" lon="-1.092560"><ele>62</ele><time>2026-03-01T13:35:12Z</time></trkpt>
			<trkpt lat="47.410480" lon="-1.092840"><ele>62</ele><time>2026-03-01T13:35:24Z</time></trkpt>
			<trkpt lat="47.410320" lon="-1.093090"><ele>62</ele><time>2026-03-01T13:35:36Z</time></trkpt>
			<trkpt lat="47.410270" lon="-1.093170"><ele>62</ele><time>2026-03-01T13:35:48Z</time></trkpt>
			<trkpt lat="47.410000" lon="-1.093510"><ele>62</ele><time>2026-03-01T13:36:00Z</time></trkpt>
			<trkpt lat="47.409880" lon="-1.093630"><ele>62</ele><time>2026-03-01T13:36:12Z</time></trkpt>
			<trkpt lat="47.409770" lon="-1.093730"><ele>62</ele><time>2026-03-01T13:36:24Z</time></trkpt>
			<trkpt lat="47.409630" lon="-1.093820"><ele>62</ele><time>2026-03-01T13:36:36Z</time></trkpt>
			<trkpt lat="47.409470" lon="-1.093910"><ele>62</ele><time>2026-03-01T13:36:48Z</time></trkpt>
			<trkpt lat="47.409350" lon="-1.093960"><ele>62</ele><time>2026-03-01T13:37:00Z</time></trkpt>
			<trkpt lat="47.409050" lon="-1.094060"><ele>62</ele><time>2026-03-01T13:37:12Z</time></trkpt>
			<trkpt lat="47.408810" lon="-1.094190"><ele>62</ele><time>2026-03-01T13:37:24Z</time></trkpt>
			<trkpt lat="47.408820" lon="-1.094260"><ele>62</ele><time>2026-03-01T13:37:36Z</time></trkpt>
			<trkpt lat="47.408800" lon="-1.094330"><ele>62</ele><time>2026-03-01T13:37:48Z</time></trkpt>
			<trkpt lat="47.408750" lon="-1.094360"><ele>62</ele><time>2026-03-01T13:38:00Z</time></trkpt>
			<trkpt lat="47.408710" lon="-1.094350"><ele>62</ele><time>2026-03-01T13:38:12Z</time></trkpt>
			<trkpt lat="47.408690" lon="-1.094420"><ele>62</ele><time>2026-03-01T13:38:24Z</time></trkpt>
			<trkpt lat="47.408270" lon="-1.095200"><ele>63</ele><time>2026-03-01T13:38:36Z</time></trkpt>
			<trkpt lat="47.408130" lon="-1.095520"><ele>64</ele><time>2026-03-01T13:38:48Z</time></trkpt>
			<trkpt lat="47.408110" lon="-1.095630"><ele>64</ele><time>2026-03-01T13:39:00Z</time></trkpt>
			<trkpt lat="47.408130" lon="-1.095710"><ele>64</ele><time>2026-03-01T13:39:12Z</time></trkpt>
			<trkpt lat="47.408070" lon="-1.095770"><ele>64</ele><time>2026-03-01T13:39:24Z</time></trkpt>
			<trkpt lat="47.408000" lon="-1.096030"><ele>64</ele><time>2026-03-01T13:39:36Z</time></trkpt>
			<trkpt lat="47.407950" lon="-1.096270"><ele>64</ele><time>2026-03-01T13:39:48Z</time></trkpt>
			<trkpt lat="47.407900" lon="-1.096330"><ele>63</ele><time>2026-03-01T13:40:00Z</time></trkpt>
			<trkpt lat="47.407770" lon="-1.096370"><ele>63</ele><time>2026-03-01T13:40:12Z</time></trkpt>
			<trkpt lat="47.407640" lon="-1.096390"><ele>62</ele><time>2026-03-01T13:40:24Z</time></trkpt>
			<trkpt lat="47.407600" lon="-1.096440"><ele>62</ele><time>2026-03-01T13:40:36Z</time></trkpt>
			<trkpt lat="47.407580" lon="-1.096700"><ele>61</ele><time>2026-03-01T13:40:48Z</time></trkpt>
			<trkpt lat="47.407550" lon="-1.096800"><ele>61</ele><time>2026-03-01T13:41:00Z</time></trkpt>
			<trkpt lat="47.407500" lon="-1.096950"><ele>61</ele><time>2026-03-01T13:41:12Z</time></trkpt>
			<trkpt lat="47.407460" lon="-1.097120"><ele>60</ele><time>2026-03-01T13:41:24Z</time></trkpt>
			<trkpt lat="47.407400" lon="-1.097460"><ele>59</ele><time>2026-03-01T13:41:36Z</time></trkpt>
			<trkpt lat="47.407350" lon="-1.098270"><ele>57</ele><time>2026-03-01T13:41:48Z</time></trkpt>
			<trkpt lat="47.407310" lon="-1.098840"><ele>56</ele><time>2026-03-01T13:42:00Z</time></trkpt>
			<trkpt lat="47.407250" lon="-1.099590"><ele>55</ele><time>2026-03-01T13:42:12Z</time></trkpt>
			<trkpt lat="47.407230" lon="-1.099860"><ele>54</ele><time>2026-03-01T13:42:24Z</time></trkpt>
			<trkpt lat="47.407210" lon="-1.100030"><ele>54</ele><time>2026-03-01T13:42:36Z</time></trkpt>
			<trkpt lat="47.407110" lon="-1.100440"><ele>52</ele><time>2026-03-01T13:42:48Z</time></trkpt>
			<trkpt lat="47.406680" lon="-1.102200"><ele>44</ele><time>2026-03-01T13:43:00Z</time></trkpt>
			<trkpt lat="47.406500" lon="-1.102930"><ele>42</ele><time>2026-03-01T13:43:12Z</time></trkpt>
			<trkpt lat="47.406230" lon="-1.104030"><ele>39</ele><time>2026-03-01T13:43:24Z</time></trkpt>
			<trkpt lat="47.406190" lon="-1.104170"><ele>39</ele><time>2026-03-01T13:43:36Z</time></trkpt>
			<trkpt lat="47.406130" lon="-1.104390"><ele>38</ele><time>2026-03-01T13:43:48Z</time></trkpt>
			<trkpt lat="47.406080" lon="-1.104570"><ele>38</ele><time>2026-03-01T13:44:00Z</time></trkpt>
			<trkpt lat="47.405990" lon="-1.104860"><ele>37</ele><time>2026-03-01T13:44:12Z</time></trkpt>
			<trkpt lat="47.405910" lon="-1.105250"><ele>37</ele><time>2026-03-01T13:44:24Z</time></trkpt>
			<trkpt lat="47.405840" lon="-1.105580"><ele>37</ele><time>2026-03-01T13:44:36Z</time></trkpt>
			<trkpt lat="47.405700" lon="-1.105940"><ele>36</ele><time>2026-03-01T13:44:48Z</time></trkpt>
			<trkpt lat="47.405590" lon="-1.106210"><ele>36</ele><time>2026-03-01T13:45:00Z</time></trkpt>
			<trkpt lat="47.405430" lon="-1.106470"><ele>35</ele><time>2026-03-01T13:45:12Z</time></trkpt>
			<trkpt lat="47.404330" lon="-1.108070"><ele>32</ele><time>2026-03-01T13:45:24Z</time></trkpt>
			<trkpt lat="47.403970" lon="-1.108650"><ele>30</ele><time>2026-03-01T13:45:36Z</time></trkpt>
			<trkpt lat="47.403810" lon="-1.108950"><ele>28</ele><time>2026-03-01T13:45:48Z</time></trkpt>
			<trkpt lat="47.403670" lon="-1.109270"><ele>27</ele><time>2026-03-01T13:46:00Z</time></trkpt>
			<trkpt lat="47.403430" lon="-1.109970"><ele>27</ele><time>2026-03-01T13:46:12Z</time></trkpt>
			<trkpt lat="47.403200" lon="-1.110810"><ele>27</ele><time>2026-03-01T13:46:24Z</time></trkpt>
			<trkpt lat="47.403000" lon="-1.111870"><ele>26</ele><time>2026-03-01T13:46:36Z</time></trkpt>
			<trkpt lat="47.402910" lon="-1.112250"><ele>26</ele><time>2026-03-01T13:46:48Z</time></trkpt>
			<trkpt lat="47.402790" lon="-1.112630"><ele>27</ele><time>2026-03-01T13:47:00Z</time></trkpt>
			<trkpt lat="47.402640" lon="-1.113030"><ele>27</ele><time>2026-03-01T13:47:12Z</time></trkpt>
			<trkpt lat="47.402280" lon="-1.114660"><ele>29</ele><time>2026-03-01T13:47:24Z</time></trkpt>
			<trkpt lat="47.402210" lon="-1.114910"><ele>30</ele><time>2026-03-01T13:47:36Z</time></trkpt>
			<trkpt lat="47.402130" lon="-1.115180"><ele>29</ele><time>2026-03-01T13:47:48Z</time></trkpt>
			<trkpt lat="47.402030" lon="-1.115450"><ele>29</ele><time>2026-03-01T13:48:00Z</time></trkpt>
			<trkpt lat="47.401940" lon="-1.115650"><ele>29</ele><time>2026-03-01T13:48:12Z</time></trkpt>
			<trkpt lat="47.401700" lon="-1.116110"><ele>28</ele><time>2026-03-01T13:48:24Z</time></trkpt>
			<trkpt lat="47.401480" lon="-1.116520"><ele>28</ele><time>2026-03-01T13:48:36Z</time></trkpt>
			<trkpt lat="47.401070" lon="-1.117240"><ele>26</ele><time>2026-03-01T13:48:48Z</time></trkpt>
			<trkpt lat="47.400560" lon="-1.118230"><ele>24</ele><time>2026-03-01T13:49:00Z</time></trkpt>
			<trkpt lat="47.400360" lon="-1.118550"><ele>23</ele><time>2026-03-01T13:49:12Z</time></trkpt>
			<trkpt lat="47.399470" lon="-1.119710"><ele>23</ele><time>2026-03-01T13:49:24Z</time></trkpt>
			<trkpt lat="47.399350" lon="-1.119920"><ele>23</ele><time>2026-03-01T13:49:36Z</time></trkpt>
			<trkpt lat="47.399210" lon="-1.120190"><ele>23</ele><time>2026-03-01T13:49:48Z</time></trkpt>
			<trkpt lat="47.398850" lon="-1.121140"><ele>21</ele><time>2026-03-01T13:50:00Z</time></trkpt>
			<trkpt lat="47.398690" lon="-1.121720"><ele>20</ele><time>2026-03-01T13:50:12Z</time></trkpt>
			<trkpt lat="47.398320" lon="-1.123250"><ele>19</ele><time>2026-03-01T13:50:24Z</time></trkpt>
			<trkpt lat="47.398180" lon="-1.123680"><ele>19</ele><time>2026-03-01T13:50:36Z</time></trkpt>
			<trkpt lat="47.398070" lon="-1.123960"><ele>18</ele><time>2026-03-01T13:50:48Z</time></trkpt>
			<trkpt lat="47.397900" lon="-1.124310"><ele>18</ele><time>2026-03-01T13:51:00Z</time></trkpt>
			<trkpt lat="47.397660" lon="-1.124720"><ele>19</ele><time>2026-03-01T13:51:12Z</time></trkpt>
			<trkpt lat="47.397520" lon="-1.124950"><ele>20</ele><time>2026-03-01T13:51:24Z</time></trkpt>
			<trkpt lat="47.397070" lon="-1.125560"><ele>19</ele><time>2026-03-01T13:51:36Z</time></trkpt>
			<trkpt lat="47.396050" lon="-1.126870"><ele>17</ele><time>2026-03-01T13:51:48Z</time></trkpt>
			<trkpt lat="47.395800" lon="-1.127090"><ele>16</ele><time>2026-03-01T13:52:00Z</time></trkpt>
			<trkpt lat="47.395480" lon="-1.127340"><ele>16</ele><time>2026-03-01T13:52:12Z</time></trkpt>
			<trkpt lat="47.395450" lon="-1.127360"><ele>16</ele><time>2026-03-01T13:52:24Z</time></trkpt>
			<trkpt lat="47.394610" lon="-1.127960"><ele>15</ele><time>2026-03-01T13:52:36Z</time></trkpt>
			<trkpt lat="47.394470" lon="-1.128110"><ele>14</ele><time>2026-03-01T13:52:48Z</time></trkpt>
			<trkpt lat="47.394330" lon="-1.128250"><ele>14</ele><time>2026-03-01T13:53:00Z</time></trkpt>
			<trkpt lat="47.394150" lon="-1.128520"><ele>14</ele><time>2026-03-01T13:53:12Z</time></trkpt>
			<trkpt lat="47.393630" lon="-1.129420"><ele>15</ele><time>2026-03-01T13:53:24Z</time></trkpt>
			<trkpt lat="47.393500" lon="-1.129610"><ele>15</ele><time>2026-03-01T13:53:36Z</time></trkpt>
			<trkpt lat="47.393390" lon="-1.129750"><ele>15</ele><time>2026-03-01T13:53:48Z</time></trkpt>
			<trkpt lat="47.392730" lon="-1.130510"><ele>15</ele><time>2026-03-01T13:54:00Z</time></trkpt>
			<trkpt lat="47.392260" lon="-1.131000"><ele>15</ele><time>2026-03-01T13:54:12Z</time></trkpt>
			<trkpt lat="47.390530" lon="-1.132990"><ele>15</ele><time>2026-03-01T13:54:24Z</time></trkpt>
			<trkpt lat="47.389840" lon="-1.133790"><ele>15</ele><time>2026-03-01T13:54:36Z</time></trkpt>
			<trkpt lat="47.389600" lon="-1.134050"><ele>16</ele><time>2026-03-01T13:54:48Z</time></trkpt>
			<trkpt lat="47.389290" lon="-1.134320"><ele>18</ele><time>2026-03-01T13:55:00Z</time></trkpt>
			<trkpt lat="47.388100" lon="-1.135160"><ele>22</ele><time>2026-03-01T13:55:12Z</time></trkpt>
			<trkpt lat="47.386550" lon="-1.136240"><ele>24</ele><time>2026-03-01T13:55:24Z</time></trkpt>
			<trkpt lat="47.386150" lon="-1.136580"><ele>24</ele><time>2026-03-01T13:55:36Z</time></trkpt>
			<trkpt lat="47.386020" lon="-1.136710"><ele>24</ele><time>2026-03-01T13:55:48Z</time></trkpt>
			<trkpt lat="47.385600" lon="-1.137140"><ele>23</ele><time>2026-03-01T13:56:00Z</time></trkpt>
			<trkpt lat="47.385420" lon="-1.137370"><ele>23</ele><time>2026-03-01T13:56:12Z</time></trkpt>
			<trkpt lat="47.385280" lon="-1.137590"><ele>24</ele><time>2026-03-01T13:56:24Z</time></trkpt>
			<trkpt lat="47.385120" lon="-1.137910"><ele>24</ele><time>2026-03-01T13:56:36Z</time></trkpt>
			<trkpt lat="47.384970" lon="-1.138270"><ele>24</ele><time>2026-03-01T13:56:48Z</time></trkpt>
			<trkpt lat="47.384680" lon="-1.139010"><ele>24</ele><time>2026-03-01T13:57:00Z</time></trkpt>
			<trkpt lat="47.384470" lon="-1.139450"><ele>24</ele><time>2026-03-01T13:57:12Z</time></trkpt>
			<trkpt lat="47.383780" lon="-1.140670"><ele>23</ele><time>2026-03-01T13:57:24Z</time></trkpt>
			<trkpt lat="47.383300" lon="-1.141520"><ele>24</ele><time>2026-03-01T13:57:36Z</time></trkpt>
			<trkpt lat="47.383000" lon="-1.142180"><ele>23</ele><time>2026-03-01T13:57:48Z</time></trkpt>
			<trkpt lat="47.382450" lon="-1.143590"><ele>26</ele><time>2026-03-01T13:58:00Z</time></trkpt>
			<trkpt lat="47.382360" lon="-1.143860"><ele>26</ele><time>2026-03-01T13:58:12Z</time></trkpt>
			<trkpt lat="47.382290" lon="-1.144090"><ele>26</ele><time>2026-03-01T13:58:24Z</time></trkpt>
			<trkpt lat="47.382050" lon="-1.145140"><ele>25</ele><time>2026-03-01T13:58:36Z</time></trkpt>
			<trkpt lat="47.381650" lon="-1.146770"><ele>24</ele><time>2026-03-01T13:58:48Z</time></trkpt>
			<trkpt lat="47.381660" lon="-1.146920"><ele>23</ele><time>2026-03-01T13:59:00Z</time></trkpt>
			<trkpt lat="47.381690" lon="-1.147070"><ele>23</ele><time>2026-03-01T13:59:12Z</time></trkpt>
			<trkpt lat="47.381350" lon="-1.147470"><ele>23</ele><time>2026-03-01T13:59:24Z</time></trkpt>
			<trkpt lat="47.380750" lon="-1.148250"><ele>25</ele><time>2026-03-01T13:59:36Z</time></trkpt>
			<trkpt lat="47.380610" lon="-1.148420"><ele>25</ele><time>2026-03-01T13:59:48Z</time></trkpt>
			<trkpt lat="47.380130" lon="-1.149020"><ele>25</ele><time>2026-03-01T14:00:00Z</time></trkpt>
			<trkpt lat="47.379580" lon="-1.149700"><ele>25</ele><time>2026-03-01T14:00:12Z</time></trkpt>
			<trkpt lat="47.379450" lon="-1.149860"><ele>25</ele><time>2026-03-01T14:00:24Z</time></trkpt>
			<trkpt lat="47.379160" lon="-1.150190"><ele>26</ele><time>2026-03-01T14:00:36Z</time></trkpt>
			<trkpt lat="47.379000" lon="-1.150320"><ele>27</ele><time>2026-03-01T14:00:48Z</time></trkpt>
			<trkpt lat="47.378430" lon="-1.150710"><ele>28</ele><time>2026-03-01T14:01:00Z</time></trkpt>
			<trkpt lat="47.377690" lon="-1.151100"><ele>29</ele><time>2026-03-01T14:01:12Z</time></trkpt>
			<trkpt lat="47.377250" lon="-1.151340"><ele>29</ele><time>2026-03-01T14:01:24Z</time></trkpt>
			<trkpt lat="47.376440" lon="-1.151770"><ele>28</ele><time>2026-03-01T14:01:36Z</time></trkpt>
			<trkpt lat="47.376360" lon="-1.151800"><ele>28</ele><time>2026-03-01T14:01:48Z</time></trkpt>
			<trkpt lat="47.376270" lon="-1.151760"><ele>28</ele><time>2026-03-01T14:02:00Z</time></trkpt>
			<trkpt lat="47.376200" lon="-1.151920"><ele>27</ele><time>2026-03-01T14:02:12Z</time></trkpt>
			<trkpt lat="47.373830" lon="-1.157730"><ele>31</ele><time>2026-03-01T14:02:24Z</time></trkpt>
			<trkpt lat="47.373630" lon="-1.158140"><ele>32</ele><time>2026-03-01T14:02:36Z</time></trkpt>
			<trkpt lat="47.373000" lon="-1.159320"><ele>29</ele><time>2026-03-01T14:02:48Z</time></trkpt>
			<trkpt lat="47.372830" lon="-1.159620"><ele>28</ele><time>2026-03-01T14:03:00Z</time></trkpt>
			<trkpt lat="47.372510" lon="-1.160030"><ele>25</ele><time>2026-03-01T14:03:12Z</time></trkpt>
			<trkpt lat="47.372420" lon="-1.160170"><ele>24</ele><time>2026-03-01T14:03:24Z</time></trkpt>
			<trkpt lat="47.372300" lon="-1.160410"><ele>22</ele><time>2026-03-01T14:03:36Z</time></trkpt>
			<trkpt lat="47.372210" lon="-1.160660"><ele>20</ele><time>2026-03-01T14:03:48Z</time></trkpt>
			<trkpt lat="47.372170" lon="-1.160840"><ele>20</ele><time>2026-03-01T14:04:00Z</time></trkpt>
			<trkpt lat="47.371910" lon="-1.162480"><ele>17</ele><time>2026-03-01T14:04:12Z</time></trkpt>
			<trkpt lat="47.371880" lon="-1.162670"><ele>16</ele><time>2026-03-01T14:04:24Z</time></trkpt>
			<trkpt lat="47.371720" lon="-1.163660"><ele>13</ele><time>2026-03-01T14:04:36Z</time></trkpt>
			<trkpt lat="47.371700" lon="-1.163770"><ele>13</ele><time>2026-03-01T14:04:48Z</time></trkpt>
			<trkpt lat="47.371600" lon="-1.164410"><ele>11</ele><time>2026-03-01T14:05:00Z</time></trkpt>
			<trkpt lat="47.371590" lon="-1.164610"><ele>11</ele><time>2026-03-01T14:05:12Z</time></trkpt>
			<trkpt lat="47.371590" lon="-1.164680"><ele>11</ele><time>2026-03-01T14:05:24Z</time></trkpt>
			<trkpt lat="47.371600" lon="-1.164900"><ele>10</ele><time>2026-03-01T14:05:36Z</time></trkpt>
			<trkpt lat="47.371630" lon="-1.165100"><ele>10</ele><time>2026-03-01T14:05:48Z</time></trkpt>
			<trkpt lat="47.371690" lon="-1.165100"><ele>10</ele><time>2026-03-01T14:06:00Z</time></trkpt>
			<trkpt lat="47.372340" lon="-1.166650"><ele>9</ele><time>2026-03-01T14:06:12Z</time></trkpt>
			<trkpt lat="47.371690" lon="-1.165100"><ele>10</ele><time>2026-03-01T14:06:24Z</time></trkpt>
			<trkpt lat="47.371630" lon="-1.165100"><ele>10</ele><time>2026-03-01T14:06:36Z</time></trkpt>
			<trkpt lat="47.371700" lon="-1.165350"><ele>10</ele><time>2026-03-01T14:06:48Z</time></trkpt>
			<trkpt lat="47.371770" lon="-1.165550"><ele>10</ele><time>2026-03-01T14:07:00Z</time></trkpt>
			<trkpt lat="47.372170" lon="-1.166480"><ele>9</ele><time>2026-03-01T14:07:12Z</time></trkpt>
			<trkpt lat="47.372340" lon="-1.166800"><ele>10</ele><time>2026-03-01T14:07:24Z</time></trkpt>
			<trkpt lat="47.372390" lon="-1.166890"><ele>10</ele><time>2026-03-01T14:07:36Z</time></trkpt>
			<trkpt lat="47.372440" lon="-1.166950"><ele>10</ele><time>2026-03-01T14:07:48Z</time></trkpt>
			<trkpt lat="47.372500" lon="-1.167000"><ele>10</ele><time>2026-03-01T14:08:00Z</time></trkpt>
			<trkpt lat="47.372570" lon="-1.167050"><ele>11</ele><time>2026-03-01T14:08:12Z</time></trkpt>
			<trkpt lat="47.372620" lon="-1.167050"><ele>11</ele><time>2026-03-01T14:08:24Z</time></trkpt>
			<trkpt lat="47.372670" lon="-1.167070"><ele>11</ele><time>2026-03-01T14:08:36Z</time></trkpt>
			<trkpt lat="47.372710" lon="-1.167100"><ele>11</ele><time>2026-03-01T14:08:48Z</time></trkpt>
			<trkpt lat="47.372760" lon="-1.167170"><ele>12</ele><time>2026-03-01T14:09:00Z</time></trkpt>
			<trkpt lat="47.372790" lon="-1.167260"><ele>12</ele><time>2026-03-01T14:09:12Z</time></trkpt>
			<trkpt lat="47.372800" lon="-1.167360"><ele>13</ele><time>2026-03-01T14:09:24Z</time></trkpt>
			<trkpt lat="47.372790" lon="-1.167420"><ele>13</ele><time>2026-03-01T14:09:36Z</time></trkpt>
			<trkpt lat="47.372780" lon="-1.167480"><ele>13</ele><time>2026-03-01T14:09:48Z</time></trkpt>
			<trkpt lat="47.372760" lon="-1.167610"><ele>13</ele><time>2026-03-01T14:10:00Z</time></trkpt>
			<trkpt lat="47.372770" lon="-1.167720"><ele>14</ele><time>2026-03-01T14:10:12Z</time></trkpt>
			<trkpt lat="47.372850" lon="-1.168070"><ele>15</ele><time>2026-03-01T14:10:24Z</time></trkpt>
			<trkpt lat="47.372890" lon="-1.168400"><ele>17</ele><time>2026-03-01T14:10:36Z</time></trkpt>
			<trkpt lat="47.372910" lon="-1.168870"><ele>18</ele><time>2026-03-01T14:10:48Z</time></trkpt>
			<trkpt lat="47.372880" lon="-1.171930"><ele>21</ele><time>2026-03-01T14:11:00Z</time></trkpt>
			<trkpt lat="47.372880" lon="-1.172500"><ele>21</ele><time>2026-03-01T14:11:12Z</time></trkpt>
			<trkpt lat="47.372900" lon="-1.172940"><ele>21</ele><time>2026-03-01T14:11:24Z</time></trkpt>
			<trkpt lat="47.372920" lon="-1.173340"><ele>22</ele><time>2026-03-01T14:11:36Z</time></trkpt>
			<trkpt lat="47.372960" lon="-1.173850"><ele>21</ele><time>2026-03-01T14:11:48Z</time></trkpt>
			<trkpt lat="47.372990" lon="-1.174050"><ele>22</ele><time>2026-03-01T14:12:00Z</time></trkpt>
			<trkpt lat="47.373020" lon="-1.174200"><ele>22</ele><time>2026-03-01T14:12:12Z</time></trkpt>
			<trkpt lat="47.373040" lon="-1.174430"><ele>21</ele><time>2026-03-01T14:12:24Z</time></trkpt>
			<trkpt lat="47.373040" lon="-1.174550"><ele>21</ele><time>2026-03-01T14:12:36Z</time></trkpt>
			<trkpt lat="47.373038" lon="-1.174615"><ele>21</ele><time>2026-03-01T14:12:48Z</time></trkpt>
			<trkpt lat="47.372055" lon="-1.175318"><ele>21</ele><time>2026-03-01T14:13:00Z</time></trkpt>
			<trkpt lat="47.371072" lon="-1.176020"><ele>21</ele><time>2026-03-01T14:13:12Z</time></trkpt>
			<trkpt lat="47.370089" lon="-1.176723"><ele>21</ele><time>2026-03-01T14:13:24Z</time></trkpt>
			<trkpt lat="47.369107" lon="-1.177425"><ele>21</ele><time>2026-03-01T14:13:36Z</time></trkpt>
			<trkpt lat="47.368124" lon="-1.178128"><ele>21</ele><time>2026-03-01T14:13:48Z</time></trkpt>
			<trkpt lat="47.367141" lon="-1.178830"><ele>21</ele><time>2026-03-01T14:14:00Z</time></trkpt>
			<trkpt lat="47.366158" lon="-1.179533"><ele>21</ele><time>2026-03-01T14:14:12Z</time></trkpt>
			<trkpt lat="47.365176" lon="-1.180235"><ele>21</ele><time>2026-03-01T14:14:24Z</time></trkpt>
			<trkpt lat="47.364193" lon="-1.180938"><ele>21</ele><time>2026-03-01T14:14:36Z</time></trkpt>
			<trkpt lat="47.363210" lon="-1.181640"><ele>21</ele><time>2026-03-01T14:14:48Z</time></trkpt>
		</trkseg>
	</trk>
</gpx>
