<?xml version="1.0" encoding="UTF-8" ?>
<gpx version="1.1" xmlns:xsi="http://www.w3.org/2001/XMLSchema-instance"
    xmlns="http://www.topografix.com/GPX/1/1"
    xsi:schemaLocation="http://www.topografix.com/GPX/1/1 http://www.topografix.com/GPX/1/1/gpx.xsd"
    creator="Club'O'Clock — jeu de démonstration">
	<trk>
		<name>Nord-Ouest 52 km</name>
		<trkseg>
			<trkpt lat="47.363210" lon="-1.181640"><ele>23</ele><time>2026-03-01T08:00:00Z</time></trkpt>
			<trkpt lat="47.364051" lon="-1.182699"><ele>23</ele><time>2026-03-01T08:00:12Z</time></trkpt>
			<trkpt lat="47.364891" lon="-1.183758"><ele>23</ele><time>2026-03-01T08:00:24Z</time></trkpt>
			<trkpt lat="47.365732" lon="-1.184817"><ele>23</ele><time>2026-03-01T08:00:36Z</time></trkpt>
			<trkpt lat="47.366572" lon="-1.185876"><ele>23</ele><time>2026-03-01T08:00:48Z</time></trkpt>
			<trkpt lat="47.367413" lon="-1.186935"><ele>23</ele><time>2026-03-01T08:01:00Z</time></trkpt>
			<trkpt lat="47.368254" lon="-1.187994"><ele>23</ele><time>2026-03-01T08:01:12Z</time></trkpt>
			<trkpt lat="47.369094" lon="-1.189053"><ele>23</ele><time>2026-03-01T08:01:24Z</time></trkpt>
			<trkpt lat="47.369935" lon="-1.190112"><ele>23</ele><time>2026-03-01T08:01:36Z</time></trkpt>
			<trkpt lat="47.370775" lon="-1.191171"><ele>23</ele><time>2026-03-01T08:01:48Z</time></trkpt>
			<trkpt lat="47.370780" lon="-1.191320"><ele>23</ele><time>2026-03-01T08:02:00Z</time></trkpt>
			<trkpt lat="47.370780" lon="-1.191570"><ele>23</ele><time>2026-03-01T08:02:12Z</time></trkpt>
			<trkpt lat="47.370780" lon="-1.191680"><ele>23</ele><time>2026-03-01T08:02:24Z</time></trkpt>
			<trkpt lat="47.370750" lon="-1.192000"><ele>24</ele><time>2026-03-01T08:02:36Z</time></trkpt>
			<trkpt lat="47.370700" lon="-1.192490"><ele>25</ele><time>2026-03-01T08:02:48Z</time></trkpt>
			<trkpt lat="47.370620" lon="-1.193350"><ele>27</ele><time>2026-03-01T08:03:00Z</time></trkpt>
			<trkpt lat="47.370570" lon="-1.193850"><ele>28</ele><time>2026-03-01T08:03:12Z</time></trkpt>
			<trkpt lat="47.370450" lon="-1.194910"><ele>30</ele><time>2026-03-01T08:03:24Z</time></trkpt>
			<trkpt lat="47.370450" lon="-1.195080"><ele>30</ele><time>2026-03-01T08:03:36Z</time></trkpt>
			<trkpt lat="47.370410" lon="-1.195420"><ele>31</ele><time>2026-03-01T08:03:48Z</time></trkpt>
			<trkpt lat="47.370360" lon="-1.195620"><ele>31</ele><time>2026-03-01T08:04:00Z</time></trkpt>
			<trkpt lat="47.370300" lon="-1.196040"><ele>32</ele><time>2026-03-01T08:04:12Z</time></trkpt>
			<trkpt lat="47.370270" lon="-1.196200"><ele>32</ele><time>2026-03-01T08:04:24Z</time></trkpt>
			<trkpt lat="47.370220" lon="-1.196460"><ele>33</ele><time>2026-03-01T08:04:36Z</time></trkpt>
			<trkpt lat="47.370140" lon="-1.196830"><ele>34</ele><time>2026-03-01T08:04:48Z</time></trkpt>
			<trkpt lat="47.370090" lon="-1.197100"><ele>34</ele><time>2026-03-01T08:05:00Z</time></trkpt>
			<trkpt lat="47.370070" lon="-1.197210"><ele>34</ele><time>2026-03-01T08:05:12Z</time></trkpt>
			<trkpt lat="47.370010" lon="-1.197460"><ele>35</ele><time>2026-03-01T08:05:24Z</time></trkpt>
			<trkpt lat="47.369950" lon="-1.197660"><ele>35</ele><time>2026-03-01T08:05:36Z</time></trkpt>
			<trkpt lat="47.369920" lon="-1.197740"><ele>35</ele><time>2026-03-01T08:05:48Z</time></trkpt>
			<trkpt lat="47.369790" lon="-1.197970"><ele>36</ele><time>2026-03-01T08:06:00Z</time></trkpt>
			<trkpt lat="47.369730" lon="-1.198090"><ele>36</ele><time>2026-03-01T08:06:12Z</time></trkpt>
			<trkpt lat="47.369660" lon="-1.198300"><ele>36</ele><time>2026-03-01T08:06:24Z</time></trkpt>
			<trkpt lat="47.369620" lon="-1.198420"><ele>37</ele><time>2026-03-01T08:06:36Z</time></trkpt>
			<trkpt lat="47.369590" lon="-1.198560"><ele>37</ele><time>2026-03-01T08:06:48Z</time></trkpt>
			<trkpt lat="47.369530" lon="-1.198870"><ele>37</ele><time>2026-03-01T08:07:00Z</time></trkpt>
			<trkpt lat="47.369540" lon="-1.199210"><ele>37</ele><time>2026-03-01T08:07:12Z</time></trkpt>
			<trkpt lat="47.369310" lon="-1.200290"><ele>35</ele><time>2026-03-01T08:07:24Z</time></trkpt>
			<trkpt lat="47.369260" lon="-1.200510"><ele>34</ele><time>2026-03-01T08:07:36Z</time></trkpt>
			<trkpt lat="47.369140" lon="-1.201100"><ele>34</ele><time>2026-03-01T08:07:48Z</time></trkpt>
			<trkpt lat="47.369110" lon="-1.201250"><ele>34</ele><time>2026-03-01T08:08:00Z</time></trkpt>
			<trkpt lat="47.369050" lon="-1.201530"><ele>33</ele><time>2026-03-01T08:08:12Z</time></trkpt>
			<trkpt lat="47.368770" lon="-1.202950"><ele>35</ele><time>2026-03-01T08:08:24Z</time></trkpt>
			<trkpt lat="47.368740" lon="-1.203080"><ele>36</ele><time>2026-03-01T08:08:36Z</time></trkpt>
			<trkpt lat="47.368620" lon="-1.203690"><ele>37</ele><time>2026-03-01T08:08:48Z</time></trkpt>
			<trkpt lat="47.368600" lon="-1.203770"><ele>37</ele><time>2026-03-01T08:09:00Z</time></trkpt>
			<trkpt lat="47.368530" lon="-1.204150"><ele>38</ele><time>2026-03-01T08:09:12Z</time></trkpt>
			<trkpt lat="47.368440" lon="-1.204630"><ele>38</ele><time>2026-03-01T08:09:24Z</time></trkpt>
			<trkpt lat="47.368390" lon="-1.204940"><ele>38</ele><time>2026-03-01T08:09:36Z</time></trkpt>
			<trkpt lat="47.368390" lon="-1.205070"><ele>38</ele><time>2026-03-01T08:09:48Z</time></trkpt>
			<trkpt lat="47.368370" lon="-1.205330"><ele>38</ele><time>2026-03-01T08:10:00Z</time></trkpt>
			<trkpt lat="47.368310" lon="-1.206560"><ele>39</ele><time>2026-03-01T08:10:12Z</time></trkpt>
			<trkpt lat="47.368300" lon="-1.207030"><ele>39</ele><time>2026-03-01T08:10:24Z</time></trkpt>
			<trkpt lat="47.368300" lon="-1.207210"><ele>40</ele><time>2026-03-01T08:10:36Z</time></trkpt>
			<trkpt lat="47.368330" lon="-1.207440"><ele>40</ele><time>2026-03-01T08:10:48Z</time></trkpt>
			<trkpt lat="47.368440" lon="-1.208000"><ele>40</ele><time>2026-03-01T08:11:00Z</time></trkpt>
			<trkpt lat="47.368450" lon="-1.208050"><ele>40</ele><time>2026-03-01T08:11:12Z</time></trkpt>
			<trkpt lat="47.368490" lon="-1.208270"><ele>40</ele><time>2026-03-01T08:11:24Z</time></trkpt>
			<trkpt lat="47.368600" lon="-1.209040"><ele>40</ele><time>2026-03-01T08:11:36Z</time></trkpt>
			<trkpt lat="47.368670" lon="-1.209560"><ele>41</ele><time>2026-03-01T08:11:48Z</time></trkpt>
			<trkpt lat="47.368720" lon="-1.209990"><ele>42</ele><time>2026-03-01T08:12:00Z</time></trkpt>
			<trkpt lat="47.368780" lon="-1.210520"><ele>42</ele><time>2026-03-01T08:12:12Z</time></trkpt>
			<trkpt lat="47.368790" lon="-1.210670"><ele>43</ele><time>2026-03-01T08:12:24Z</time></trkpt>
			<trkpt lat="47.368790" lon="-1.210940"><ele>43</ele><time>2026-03-01T08:12:36Z</time></trkpt>
			<trkpt lat="47.368780" lon="-1.211060"><ele>43</ele><time>2026-03-01T08:12:48Z</time></trkpt>
			<trkpt lat="47.368750" lon="-1.211300"><ele>43</ele><time>2026-03-01T08:13:00Z</time></trkpt>
			<trkpt lat="47.368670" lon="-1.211680"><ele>43</ele><time>2026-03-01T08:13:12Z</time></trkpt>
			<trkpt lat="47.368630" lon="-1.211820"><ele>43</ele><time>2026-03-01T08:13:24Z</time></trkpt>
			<trkpt lat="47.368590" lon="-1.211920"><ele>43</ele><time>2026-03-01T08:13:36Z</time></trkpt>
			<trkpt lat="47.368510" lon="-1.212040"><ele>42</ele><time>2026-03-01T08:13:48Z</time></trkpt>
			<trkpt lat="47.368420" lon="-1.212130"><ele>42</ele><time>2026-03-01T08:14:00Z</time></trkpt>
			<trkpt lat="47.368340" lon="-1.212190"><ele>42</ele><time>2026-03-01T08:14:12Z</time></trkpt>
			<trkpt lat="47.368160" lon="-1.212290"><ele>42</ele><time>2026-03-01T08:14:24Z</time></trkpt>
			<trkpt lat="47.368200" lon="-1.212500"><ele>42</ele><time>2026-03-01T08:14:36Z</time></trkpt>
			<trkpt lat="47.368190" lon="-1.212870"><ele>43</ele><time>2026-03-01T08:14:48Z</time></trkpt>
			<trkpt lat="47.368240" lon="-1.213050"><ele>43</ele><time>2026-03-01T08:15:00Z</time></trkpt>
			<trkpt lat="47.368390" lon="-1.213150"><ele>44</ele><time>2026-03-01T08:15:12Z</time></trkpt>
			<trkpt lat="47.368420" lon="-1.213120"><ele>44</ele><time>2026-03-01T08:15:24Z</time></trkpt>
			<trkpt lat="47.368470" lon="-1.213080"><ele>44</ele><time>2026-03-01T08:15:36Z</time></trkpt>
			<trkpt lat="47.368500" lon="-1.213070"><ele>44</ele><time>2026-03-01T08:15:48Z</time></trkpt>
			<trkpt lat="47.368570" lon="-1.213060"><ele>44</ele><time>2026-03-01T08:16:00Z</time></trkpt>
			<trkpt lat="47.368650" lon="-1.213100"><ele>44</ele><time>2026-03-01T08:16:12Z</time></trkpt>
			<trkpt lat="47.368730" lon="-1.213180"><ele>44</ele><time>2026-03-01T08:16:24Z</time></trkpt>
			<trkpt lat="47.368760" lon="-1.213240"><ele>44</ele><time>2026-03-01T08:16:36Z</time></trkpt>
			<trkpt lat="47.368790" lon="-1.213320"><ele>45</ele><time>2026-03-01T08:16:48Z</time></trkpt>
			<trkpt lat="47.368800" lon="-1.213440"><ele>45</ele><time>2026-03-01T08:17:00Z</time></trkpt>
			<trkpt lat="47.368790" lon="-1.213570"><ele>45</ele><time>2026-03-01T08:17:12Z</time></trkpt>
			<trkpt lat="47.368770" lon="-1.213630"><ele>45</ele><time>2026-03-01T08:17:24Z</time></trkpt>
			<trkpt lat="47.368770" lon="-1.213780"><ele>45</ele><time>2026-03-01T08:17:36Z</time></trkpt>
			<trkpt lat="47.368810" lon="-1.214120"><ele>45</ele><time>2026-03-01T08:17:48Z</time></trkpt>
			<trkpt lat="47.368860" lon="-1.214250"><ele>45</ele><time>2026-03-01T08:18:00Z</time></trkpt>
			<trkpt lat="47.369350" lon="-1.216170"><ele>45</ele><time>2026-03-01T08:18:12Z</time></trkpt>
			<trkpt lat="47.369410" lon="-1.216430"><ele>45</ele><time>2026-03-01T08:18:24Z</time></trkpt>
			<trkpt lat="47.369490" lon="-1.216900"><ele>46</ele><time>2026-03-01T08:18:36Z</time></trkpt>
			<trkpt lat="47.369710" lon="-1.218420"><ele>47</ele><time>2026-03-01T08:18:48Z</time></trkpt>
			<trkpt lat="47.369770" lon="-1.218870"><ele>47</ele><time>2026-03-01T08:19:00Z</time></trkpt>
			<trkpt lat="47.370300" lon="-1.218720"><ele>45</ele><time>2026-03-01T08:19:12Z</time></trkpt>
			<trkpt lat="47.370960" lon="-1.218500"><ele>44</ele><time>2026-03-01T08:19:24Z</time></trkpt>
			<trkpt lat="47.371480" lon="-1.218280"><ele>42</ele><time>2026-03-01T08:19:36Z</time></trkpt>
			<trkpt lat="47.372520" lon="-1.217800"><ele>38</ele><time>2026-03-01T08:19:48Z</time></trkpt>
			<trkpt lat="47.372950" lon="-1.217530"><ele>39</ele><time>2026-03-01T08:20:00Z</time></trkpt>
			<trkpt lat="47.373050" lon="-1.217480"><ele>39</ele><time>2026-03-01T08:20:12Z</time></trkpt>
			<trkpt lat="47.373160" lon="-1.217470"><ele>39</ele><time>2026-03-01T08:20:24Z</time></trkpt>
			<trkpt lat="47.373280" lon="-1.217500"><ele>39</ele><time>2026-03-01T08:20:36Z</time></trkpt>
			<trkpt lat="47.373420" lon="-1.217590"><ele>39</ele><time>2026-03-01T08:20:48Z</time></trkpt>
			<trkpt lat="47.373490" lon="-1.217740"><ele>38</ele><time>2026-03-01T08:21:00Z</time></trkpt>
			<trkpt lat="47.373540" lon="-1.217850"><ele>38</ele><time>2026-03-01T08:21:12Z</time></trkpt>
			<trkpt lat="47.373580" lon="-1.217980"><ele>38</ele><time>2026-03-01T08:21:24Z</time></trkpt>
			<trkpt lat="47.373610" lon="-1.218320"><ele>38</ele><time>2026-03-01T08:21:36Z</time></trkpt>
			<trkpt lat="47.373600" lon="-1.218600"><ele>37</ele><time>2026-03-01T08:21:48Z</time></trkpt>
			<trkpt lat="47.373620" lon="-1.218880"><ele>37</ele><time>2026-03-01T08:22:00Z</time></trkpt>
			<trkpt lat="47.373690" lon="-1.219080"><ele>37</ele><time>2026-03-01T08:22:12Z</time></trkpt>
			<trkpt lat="47.373820" lon="-1.219360"><ele>37</ele><time>2026-03-01T08:22:24Z</time></trkpt>
			<trkpt lat="47.373960" lon="-1.219690"><ele>36</ele><time>2026-03-01T08:22:36Z</time></trkpt>
			<trkpt lat="47.374520" lon="-1.220900"><ele>36</ele><time>2026-03-01T08:22:48Z</time></trkpt>
			<trkpt lat="47.374800" lon="-1.221440"><ele>36</ele><time>2026-03-01T08:23:00Z</time></trkpt>
			<trkpt lat="47.374980" lon="-1.222230"><ele>37</ele><time>2026-03-01T08:23:12Z</time></trkpt>
			<trkpt lat="47.375120" lon="-1.222610"><ele>37</ele><time>2026-03-01T08:23:24Z</time></trkpt>
			<trkpt lat="47.375200" lon="-1.222800"><ele>37</ele><time>2026-03-01T08:23:36Z</time></trkpt>
			<trkpt lat="47.375300" lon="-1.222920"><ele>37</ele><time>2026-03-01T08:23:48Z</time></trkpt>
			<trkpt lat="47.375430" lon="-1.223030"><ele>37</ele><time>2026-03-01T08:24:00Z</time></trkpt>
			<trkpt lat="47.375600" lon="-1.223110"><ele>36</ele><time>2026-03-01T08:24:12Z</time></trkpt>
			<trkpt lat="47.376290" lon="-1.223290"><ele>35</ele><time>2026-03-01T08:24:24Z</time></trkpt>
			<trkpt lat="47.376580" lon="-1.223380"><ele>34</ele><time>2026-03-01T08:24:36Z</time></trkpt>
			<trkpt lat="47.377070" lon="-1.223520"><ele>33</ele><time>2026-03-01T08:24:48Z</time></trkpt>
			<trkpt lat="47.377500" lon="-1.223680"><ele>31</ele><time>2026-03-01T08:25:00Z</time></trkpt>
			<trkpt lat="47.377670" lon="-1.223830"><ele>31</ele><time>2026-03-01T08:25:12Z</time></trkpt>
			<trkpt lat="47.377830" lon="-1.223940"><ele>31</ele><time>2026-03-01T08:25:24Z</time></trkpt>
			<trkpt lat="47.378030" lon="-1.224040"><ele>31</ele><time>2026-03-01T08:25:36Z</time></trkpt>
			<trkpt lat="47.379370" lon="-1.224410"><ele>31</ele><time>2026-03-01T08:25:48Z</time></trkpt>
			<trkpt lat="47.379580" lon="-1.224490"><ele>31</ele><time>2026-03-01T08:26:00Z</time></trkpt>
			<trkpt lat="47.380070" lon="-1.224790"><ele>31</ele><time>2026-03-01T08:26:12Z</time></trkpt>
			<trkpt lat="47.381610" lon="-1.225370"><ele>30</ele><time>2026-03-01T08:26:24Z</time></trkpt>
			<trkpt lat="47.381660" lon="-1.225400"><ele>29</ele><time>2026-03-01T08:26:36Z</time></trkpt>
			<trkpt lat="47.381740" lon="-1.225470"><ele>30</ele><time>2026-03-01T08:26:48Z</time></trkpt>
			<trkpt lat="47.381800" lon="-1.225560"><ele>30</ele><time>2026-03-01T08:27:00Z</time></trkpt>
			<trkpt lat="47.381880" lon="-1.225790"><ele>30</ele><time>2026-03-01T08:27:12Z</time></trkpt>
			<trkpt lat="47.381880" lon="-1.225970"><ele>30</ele><time>2026-03-01T08:27:24Z</time></trkpt>
			<trkpt lat="47.381760" lon="-1.226640"><ele>30</ele><time>2026-03-01T08:27:36Z</time></trkpt>
			<trkpt lat="47.381800" lon="-1.226860"><ele>30</ele><time>2026-03-01T08:27:48Z</time></trkpt>
			<trkpt lat="47.381850" lon="-1.226960"><ele>30</ele><time>2026-03-01T08:28:00Z</time></trkpt>
			<trkpt lat="47.382020" lon="-1.227140"><ele>30</ele><time>2026-03-01T08:28:12Z</time></trkpt>
			<trkpt lat="47.382440" lon="-1.227330"><ele>31</ele><time>2026-03-01T08:28:24Z</time></trkpt>
			<trkpt lat="47.382770" lon="-1.227400"><ele>31</ele><time>2026-03-01T08:28:36Z</time></trkpt>
			<trkpt lat="47.383700" lon="-1.227430"><ele>32</ele><time>2026-03-01T08:28:48Z</time></trkpt>
			<trkpt lat="47.384040" lon="-1.227320"><ele>32</ele><time>2026-03-01T08:29:00Z</time></trkpt>
			<trkpt lat="47.384320" lon="-1.227230"><ele>32</ele><time>2026-03-01T08:29:12Z</time></trkpt>
			<trkpt lat="47.384390" lon="-1.227210"><ele>32</ele><time>2026-03-01T08:29:24Z</time></trkpt>
			<trkpt lat="47.384450" lon="-1.227170"><ele>32</ele><time>2026-03-01T08:29:36Z</time></trkpt>
			<trkpt lat="47.384770" lon="-1.226880"><ele>32</ele><time>2026-03-01T08:29:48Z</time></trkpt>
			<trkpt lat="47.384880" lon="-1.226790"><ele>32</ele><time>2026-03-01T08:30:00Z</time></trkpt>
			<trkpt lat="47.384970" lon="-1.226720"><ele>32</ele><time>2026-03-01T08:30:12Z</time></trkpt>
			<trkpt lat="47.385110" lon="-1.226610"><ele>32</ele><time>2026-03-01T08:30:24Z</time></trkpt>
			<trkpt lat="47.385140" lon="-1.226680"><ele>32</ele><time>2026-03-01T08:30:36Z</time></trkpt>
			<trkpt lat="47.385450" lon="-1.227850"><ele>32</ele><time>2026-03-01T08:30:48Z</time></trkpt>
			<trkpt lat="47.386110" lon="-1.230210"><ele>29</ele><time>2026-03-01T08:31:00Z</time></trkpt>
			<trkpt lat="47.386720" lon="-1.232060"><ele>28</ele><time>2026-03-01T08:31:12Z</time></trkpt>
			<trkpt lat="47.386780" lon="-1.232270"><ele>27</ele><time>2026-03-01T08:31:24Z</time></trkpt>
			<trkpt lat="47.386820" lon="-1.232470"><ele>27</ele><time>2026-03-01T08:31:36Z</time></trkpt>
			<trkpt lat="47.386850" lon="-1.232700"><ele>27</ele><time>2026-03-01T08:31:48Z</time></trkpt>
			<trkpt lat="47.386980" lon="-1.234080"><ele>27</ele><time>2026-03-01T08:32:00Z</time></trkpt>
			<trkpt lat="47.387030" lon="-1.234660"><ele>26</ele><time>2026-03-01T08:32:12Z</time></trkpt>
			<trkpt lat="47.387240" lon="-1.236810"><ele>26</ele><time>2026-03-01T08:32:24Z</time></trkpt>
			<trkpt lat="47.387300" lon="-1.237090"><ele>26</ele><time>2026-03-01T08:32:36Z</time></trkpt>
			<trkpt lat="47.387360" lon="-1.237320"><ele>25</ele><time>2026-03-01T08:32:48Z</time></trkpt>
			<trkpt lat="47.387630" lon="-1.238010"><ele>24</ele><time>2026-03-01T08:33:00Z</time></trkpt>
			<trkpt lat="47.387690" lon="-1.238150"><ele>24</ele><time>2026-03-01T08:33:12Z</time></trkpt>
			<trkpt lat="47.388120" lon="-1.239210"><ele>25</ele><time>2026-03-01T08:33:24Z</time></trkpt>
			<trkpt lat="47.388170" lon="-1.239360"><ele>25</ele><time>2026-03-01T08:33:36Z</time></trkpt>
			<trkpt lat="47.388190" lon="-1.239510"><ele>25</ele><time>2026-03-01T08:33:48Z</time></trkpt>
			<trkpt lat="47.388190" lon="-1.239670"><ele>25</ele><time>2026-03-01T08:34:00Z</time></trkpt>
			<trkpt lat="47.388150" lon="-1.239950"><ele>25</ele><time>2026-03-01T08:34:12Z</time></trkpt>
			<trkpt lat="47.388040" lon="-1.240450"><ele>24</ele><time>2026-03-01T08:34:24Z</time></trkpt>
			<trkpt lat="47.388010" lon="-1.240690"><ele>24</ele><time>2026-03-01T08:34:36Z</time></trkpt>
			<trkpt lat="47.388000" lon="-1.240900"><ele>23</ele><time>2026-03-01T08:34:48Z</time></trkpt>
			<trkpt lat="47.388010" lon="-1.242110"><ele>23</ele><time>2026-03-01T08:35:00Z</time></trkpt>
			<trkpt lat="47.388050" lon="-1.242840"><ele>23</ele><time>2026-03-01T08:35:12Z</time></trkpt>
			<trkpt lat="47.388040" lon="-1.243100"><ele>23</ele><time>2026-03-01T08:35:24Z</time></trkpt>
			<trkpt lat="47.388010" lon="-1.243310"><ele>22</ele><time>2026-03-01T08:35:36Z</time></trkpt>
			<trkpt lat="47.387940" lon="-1.243550"><ele>23</ele><time>2026-03-01T08:35:48Z</time></trkpt>
			<trkpt lat="47.387870" lon="-1.243720"><ele>23</ele><time>2026-03-01T08:36:00Z</time></trkpt>
			<trkpt lat="47.387750" lon="-1.243900"><ele>23</ele><time>2026-03-01T08:36:12Z</time></trkpt>
			<trkpt lat="47.387570" lon="-1.244170"><ele>24</ele><time>2026-03-01T08:36:24Z</time></trkpt>
			<trkpt lat="47.387510" lon="-1.244280"><ele>24</ele><time>2026-03-01T08:36:36Z</time></trkpt>
			<trkpt lat="47.387460" lon="-1.244440"><ele>24</ele><time>2026-03-01T08:36:48Z</time></trkpt>
			<trkpt lat="47.387290" lon="-1.245440"><ele>23</ele><time>2026-03-01T08:37:00Z</time></trkpt>
			<trkpt lat="47.387100" lon="-1.246340"><ele>24</ele><time>2026-03-01T08:37:12Z</time></trkpt>
			<trkpt lat="47.387060" lon="-1.246420"><ele>24</ele><time>2026-03-01T08:37:24Z</time></trkpt>
			<trkpt lat="47.386980" lon="-1.246470"><ele>24</ele><time>2026-03-01T08:37:36Z</time></trkpt>
			<trkpt lat="47.386610" lon="-1.246580"><ele>24</ele><time>2026-03-01T08:37:48Z</time></trkpt>
			<trkpt lat="47.386500" lon="-1.246650"><ele>24</ele><time>2026-03-01T08:38:00Z</time></trkpt>
			<trkpt lat="47.386420" lon="-1.246800"><ele>24</ele><time>2026-03-01T08:38:12Z</time></trkpt>
			<trkpt lat="47.386320" lon="-1.247020"><ele>24</ele><time>2026-03-01T08:38:24Z</time></trkpt>
			<trkpt lat="47.386250" lon="-1.247230"><ele>23</ele><time>2026-03-01T08:38:36Z</time></trkpt>
			<trkpt lat="47.386160" lon="-1.247560"><ele>23</ele><time>2026-03-01T08:38:48Z</time></trkpt>
			<trkpt lat="47.386250" lon="-1.247640"><ele>23</ele><time>2026-03-01T08:39:00Z</time></trkpt>
			<trkpt lat="47.386330" lon="-1.247740"><ele>23</ele><time>2026-03-01T08:39:12Z</time></trkpt>
			<trkpt lat="47.387060" lon="-1.249310"><ele>22</ele><time>2026-03-01T08:39:24Z</time></trkpt>
			<trkpt lat="47.387350" lon="-1.249910"><ele>22</ele><time>2026-03-01T08:39:36Z</time></trkpt>
			<trkpt lat="47.387720" lon="-1.250670"><ele>22</ele><time>2026-03-01T08:39:48Z</time></trkpt>
			<trkpt lat="47.387800" lon="-1.250900"><ele>21</ele><time>2026-03-01T08:40:00Z</time></trkpt>
			<trkpt lat="47.387860" lon="-1.251130"><ele>21</ele><time>2026-03-01T08:40:12Z</time></trkpt>
			<trkpt lat="47.387880" lon="-1.251350"><ele>21</ele><time>2026-03-01T08:40:24Z</time></trkpt>
			<trkpt lat="47.387880" lon="-1.251640"><ele>21</ele><time>2026-03-01T08:40:36Z</time></trkpt>
			<trkpt lat="47.387800" lon="-1.252220"><ele>22</ele><time>2026-03-01T08:40:48Z</time></trkpt>
			<trkpt lat="47.387780" lon="-1.252450"><ele>22</ele><time>2026-03-01T08:41:00Z</time></trkpt>
			<trkpt lat="47.387800" lon="-1.252700"><ele>22</ele><time>2026-03-01T08:41:12Z</time></trkpt>
			<trkpt lat="47.387860" lon="-1.253130"><ele>22</ele><time>2026-03-01T08:41:24Z</time></trkpt>
			<trkpt lat="47.388050" lon="-1.254230"><ele>23</ele><time>2026-03-01T08:41:36Z</time></trkpt>
			<trkpt lat="47.388200" lon="-1.255120"><ele>21</ele><time>2026-03-01T08:41:48Z</time></trkpt>
			<trkpt lat="47.388210" lon="-1.255270"><ele>21</ele><time>2026-03-01T08:42:00Z</time></trkpt>
			<trkpt lat="47.388210" lon="-1.255420"><ele>21</ele><time>2026-03-01T08:42:12Z</time></trkpt>
			<trkpt lat="47.388180" lon="-1.255580"><ele>21</ele><time>2026-03-01T08:42:24Z</time></trkpt>
			<trkpt lat="47.388130" lon="-1.255720"><ele>21</ele><time>2026-03-01T08:42:36Z</time></trkpt>
			<trkpt lat="47.388040" lon="-1.255850"><ele>21</ele><time>2026-03-01T08:42:48Z</time></trkpt>
			<trkpt lat="47.387690" lon="-1.256200"><ele>23</ele><time>2026-03-01T08:43:00Z</time></trkpt>
			<trkpt lat="47.387670" lon="-1.256460"><ele>23</ele><time>2026-03-01T08:43:12Z</time></trkpt>
			<trkpt lat="47.387670" lon="-1.256570"><ele>23</ele><time>2026-03-01T08:43:24Z</time></trkpt>
			<trkpt lat="47.387690" lon="-1.256740"><ele>22</ele><time>2026-03-01T08:43:36Z</time></trkpt>
			<trkpt lat="47.388230" lon="-1.258950"><ele>21</ele><time>2026-03-01T08:43:48Z</time></trkpt>
			<trkpt lat="47.388290" lon="-1.259240"><ele>21</ele><time>2026-03-01T08:44:00Z</time></trkpt>
			<trkpt lat="47.388440" lon="-1.260410"><ele>20</ele><time>2026-03-01T08:44:12Z</time></trkpt>
			<trkpt lat="47.388480" lon="-1.260840"><ele>19</ele><time>2026-03-01T08:44:24Z</time></trkpt>
			<trkpt lat="47.388540" lon="-1.261190"><ele>19</ele><time>2026-03-01T08:44:36Z</time></trkpt>
			<trkpt lat="47.388600" lon="-1.261460"><ele>19</ele><time>2026-03-01T08:44:48Z</time></trkpt>
			<trkpt lat="47.388730" lon="-1.261950"><ele>19</ele><time>2026-03-01T08:45:00Z</time></trkpt>
			<trkpt lat="47.388770" lon="-1.262180"><ele>19</ele><time>2026-03-01T08:45:12Z</time></trkpt>
			<trkpt lat="47.388840" lon="-1.262920"><ele>19</ele><time>2026-03-01T08:45:24Z</time></trkpt>
			<trkpt lat="47.388940" lon="-1.263420"><ele>19</ele><time>2026-03-01T08:45:36Z</time></trkpt>
			<trkpt lat="47.389150" lon="-1.264120"><ele>20</ele><time>2026-03-01T08:45:48Z</time></trkpt>
			<trkpt lat="47.389260" lon="-1.264560"><ele>20</ele><time>2026-03-01T08:46:00Z</time></trkpt>
			<trkpt lat="47.389290" lon="-1.264850"><ele>20</ele><time>2026-03-01T08:46:12Z</time></trkpt>
			<trkpt lat="47.389310" lon="-1.265120"><ele>20</ele><time>2026-03-01T08:46:24Z</time></trkpt>
			<trkpt lat="47.389140" lon="-1.267000"><ele>21</ele><time>2026-03-01T08:46:36Z</time></trkpt>
			<trkpt lat="47.389000" lon="-1.268420"><ele>22</ele><time>2026-03-01T08:46:48Z</time></trkpt>
			<trkpt lat="47.388990" lon="-1.268510"><ele>22</ele><time>2026-03-01T08:47:00Z</time></trkpt>
			<trkpt lat="47.388640" lon="-1.272250"><ele>23</ele><time>2026-03-01T08:47:12Z</time></trkpt>
			<trkpt lat="47.388540" lon="-1.273080"><ele>23</ele><time>2026-03-01T08:47:24Z</time></trkpt>
			<trkpt lat="47.388370" lon="-1.273970"><ele>24</ele><time>2026-03-01T08:47:36Z</time></trkpt>
			<trkpt lat="47.388380" lon="-1.274260"><ele>24</ele><time>2026-03-01T08:47:48Z</time></trkpt>
			<trkpt lat="47.388550" lon="-1.275150"><ele>23</ele><time>2026-03-01T08:48:00Z</time></trkpt>
			<trkpt lat="47.388540" lon="-1.275360"><ele>24</ele><time>2026-03-01T08:48:12Z</time></trkpt>
			<trkpt lat="47.388530" lon="-1.275720"><ele>24</ele><time>2026-03-01T08:48:24Z</time></trkpt>
			<trkpt lat="47.388520" lon="-1.275970"><ele>24</ele><time>2026-03-01T08:48:36Z</time></trkpt>
			<trkpt lat="47.388770" lon="-1.277380"><ele>25</ele><time>2026-03-01T08:48:48Z</time></trkpt>
			<trkpt lat="47.388810" lon="-1.277690"><ele>25</ele><time>2026-03-01T08:49:00Z</time></trkpt>
			<trkpt lat="47.388820" lon="-1.278210"><ele>25</ele><time>2026-03-01T08:49:12Z</time></trkpt>
			<trkpt lat="47.388840" lon="-1.279600"><ele>23</ele><time>2026-03-01T08:49:24Z</time></trkpt>
			<trkpt lat="47.388910" lon="-1.279870"><ele>22</ele><time>2026-03-01T08:49:36Z</time></trkpt>
			<trkpt lat="47.388990" lon="-1.280070"><ele>22</ele><time>2026-03-01T08:49:48Z</time></trkpt>
			<trkpt lat="47.389360" lon="-1.280530"><ele>20</ele><time>2026-03-01T08:50:00Z</time></trkpt>
			<trkpt lat="47.389630" lon="-1.280800"><ele>19</ele><time>2026-03-01T08:50:12Z</time></trkpt>
			<trkpt lat="47.389790" lon="-1.281070"><ele>18</ele><time>2026-03-01T08:50:24Z</time></trkpt>
			<trkpt lat="47.389960" lon="-1.281330"><ele>17</ele><time>2026-03-01T08:50:36Z</time></trkpt>
			<trkpt lat="47.390040" lon="-1.281540"><ele>17</ele><time>2026-03-01T08:50:48Z</time></trkpt>
			<trkpt lat="47.390360" lon="-1.282530"><ele>14</ele><time>2026-03-01T08:51:00Z</time></trkpt>
			<trkpt lat="47.390560" lon="-1.283170"><ele>14</ele><time>2026-03-01T08:51:12Z</time></trkpt>
			<trkpt lat="47.390610" lon="-1.283360"><ele>13</ele><time>2026-03-01T08:51:24Z</time></trkpt>
			<trkpt lat="47.390640" lon="-1.283640"><ele>13</ele><time>2026-03-01T08:51:36Z</time></trkpt>
			<trkpt lat="47.390630" lon="-1.283920"><ele>12</ele><time>2026-03-01T08:51:48Z</time></trkpt>
			<trkpt lat="47.390620" lon="-1.284030"><ele>12</ele><time>2026-03-01T08:52:00Z</time></trkpt>
			<trkpt lat="47.390570" lon="-1.284330"><ele>12</ele><time>2026-03-01T08:52:12Z</time></trkpt>
			<trkpt lat="47.390340" lon="-1.285070"><ele>13</ele><time>2026-03-01T08:52:24Z</time></trkpt>
			<trkpt lat="47.390250" lon="-1.285310"><ele>14</ele><time>2026-03-01T08:52:36Z</time></trkpt>
			<trkpt lat="47.390210" lon="-1.285460"><ele>14</ele><time>2026-03-01T08:52:48Z</time></trkpt>
			<trkpt lat="47.390270" lon="-1.285650"><ele>14</ele><time>2026-03-01T08:53:00Z</time></trkpt>
			<trkpt lat="47.390310" lon="-1.285930"><ele>14</ele><time>2026-03-01T08:53:12Z</time></trkpt>
			<trkpt lat="47.390330" lon="-1.286210"><ele>13</ele><time>2026-03-01T08:53:24Z</time></trkpt>
			<trkpt lat="47.390360" lon="-1.286470"><ele>13</ele><time>2026-03-01T08:53:36Z</time></trkpt>
			<trkpt lat="47.390420" lon="-1.286710"><ele>12</ele><time>2026-03-01T08:53:48Z</time></trkpt>
			<trkpt lat="47.390510" lon="-1.286940"><ele>12</ele><time>2026-03-01T08:54:00Z</time></trkpt>
			<trkpt lat="47.390580" lon="-1.287050"><ele>12</ele><time>2026-03-01T08:54:12Z</time></trkpt>
			<trkpt lat="47.390690" lon="-1.287140"><ele>11</ele><time>2026-03-01T08:54:24Z</time></trkpt>
			<trkpt lat="47.390780" lon="-1.287200"><ele>11</ele><time>2026-03-01T08:54:36Z</time></trkpt>
			<trkpt lat="47.390950" lon="-1.287240"><ele>11</ele><time>2026-03-01T08:54:48Z</time></trkpt>
			<trkpt lat="47.391060" lon="-1.287290"><ele>11</ele><time>2026-03-01T08:55:00Z</time></trkpt>
			<trkpt lat="47.391850" lon="-1.287560"><ele>13</ele><time>2026-03-01T08:55:12Z</time></trkpt>
			<trkpt lat="47.392040" lon="-1.287640"><ele>14</ele><time>2026-03-01T08:55:24Z</time></trkpt>
			<trkpt lat="47.392210" lon="-1.287740"><ele>15</ele><time>2026-03-01T08:55:36Z</time></trkpt>
			<trkpt lat="47.392280" lon="-1.287790"><ele>16</ele><time>2026-03-01T08:55:48Z</time></trkpt>
			<trkpt lat="47.392610" lon="-1.288210"><ele>19</ele><time>2026-03-01T08:56:00Z</time></trkpt>
			<trkpt lat="47.392760" lon="-1.288400"><ele>20</ele><time>2026-03-01T08:56:12Z</time></trkpt>
			<trkpt lat="47.393000" lon="-1.288720"><ele>21</ele><time>2026-03-01T08:56:24Z</time></trkpt>
			<trkpt lat="47.393110" lon="-1.288870"><ele>21</ele><time>2026-03-01T08:56:36Z</time></trkpt>
			<trkpt lat="47.393150" lon="-1.288930"><ele>22</ele><time>2026-03-01T08:56:48Z</time></trkpt>
			<trkpt lat="47.392790" lon="-1.289430"><ele>23</ele><time>2026-03-01T08:57:00Z</time></trkpt>
			<trkpt lat="47.392410" lon="-1.290080"><ele>25</ele><time>2026-03-01T08:57:12Z</time></trkpt>
			<trkpt lat="47.392340" lon="-1.290210"><ele>25</ele><time>2026-03-01T08:57:24Z</time></trkpt>
			<trkpt lat="47.391890" lon="-1.290920"><ele>27</ele><time>2026-03-01T08:57:36Z</time></trkpt>
			<trkpt lat="47.391650" lon="-1.291320"><ele>27</ele><time>2026-03-01T08:57:48Z</time></trkpt>
			<trkpt lat="47.391510" lon="-1.291540"><ele>27</ele><time>2026-03-01T08:58:00Z</time></trkpt>
			<trkpt lat="47.391380" lon="-1.291740"><ele>27</ele><time>2026-03-01T08:58:12Z</time></trkpt>
			<trkpt lat="47.391320" lon="-1.291830"><ele>27</ele><time>2026-03-01T08:58:24Z</time></trkpt>
			<trkpt lat="47.391260" lon="-1.291970"><ele>27</ele><time>2026-03-01T08:58:36Z</time></trkpt>
			<trkpt lat="47.391120" lon="-1.292410"><ele>27</ele><time>2026-03-01T08:58:48Z</time></trkpt>
			<trkpt lat="47.390970" lon="-1.292850"><ele>27</ele><time>2026-03-01T08:59:00Z</time></trkpt>
			<trkpt lat="47.391020" lon="-1.292890"><ele>27</ele><time>2026-03-01T08:59:12Z</time></trkpt>
			<trkpt lat="47.391640" lon="-1.293460"><ele>26</ele><time>2026-03-01T08:59:24Z</time></trkpt>
			<trkpt lat="47.391810" lon="-1.293580"><ele>25</ele><time>2026-03-01T08:59:36Z</time></trkpt>
			<trkpt lat="47.392540" lon="-1.293950"><ele>23</ele><time>2026-03-01T08:59:48Z</time></trkpt>
			<trkpt lat="47.392660" lon="-1.294010"><ele>24</ele><time>2026-03-01T09:00:00Z</time></trkpt>
			<trkpt lat="47.392730" lon="-1.294120"><ele>24</ele><time>2026-03-01T09:00:12Z</time></trkpt>
			<trkpt lat="47.392830" lon="-1.294090"><ele>24</ele><time>2026-03-01T09:00:24Z</time></trkpt>
			<trkpt lat="47.392890" lon="-1.294100"><ele>24</ele><time>2026-03-01T09:00:36Z</time></trkpt>
			<trkpt lat="47.393150" lon="-1.294190"><ele>25</ele><time>2026-03-01T09:00:48Z</time></trkpt>
			<trkpt lat="47.393250" lon="-1.294220"><ele>25</ele><time>2026-03-01T09:01:00Z</time></trkpt>
			<trkpt lat="47.393470" lon="-1.294280"><ele>26</ele><time>2026-03-01T09:01:12Z</time></trkpt>
			<trkpt lat="47.393840" lon="-1.294340"><ele>27</ele><time>2026-03-01T09:01:24Z</time></trkpt>
			<trkpt lat="47.394910" lon="-1.294480"><ele>29</ele><time>2026-03-01T09:01:36Z</time></trkpt>
			<trkpt lat="47.395160" lon="-1.294590"><ele>29</ele><time>2026-03-01T09:01:48Z</time></trkpt>
			<trkpt lat="47.396010" lon="-1.295050"><ele>29</ele><time>2026-03-01T09:02:00Z</time></trkpt>
			<trkpt lat="47.397350" lon="-1.295760"><ele>26</ele><time>2026-03-01T09:02:12Z</time></trkpt>
			<trkpt lat="47.398000" lon="-1.296090"><ele>23</ele><time>2026-03-01T09:02:24Z</time></trkpt>
			<trkpt lat="47.398200" lon="-1.296180"><ele>22</ele><time>2026-03-01T09:02:36Z</time></trkpt>
			<trkpt lat="47.398470" lon="-1.296260"><ele>21</ele><time>2026-03-01T09:02:48Z</time></trkpt>
			<trkpt lat="47.398450" lon="-1.296960"><ele>20</ele><time>2026-03-01T09:03:00Z</time></trkpt>
			<trkpt lat="47.398410" lon="-1.297350"><ele>19</ele><time>2026-03-01T09:03:12Z</time></trkpt>
			<trkpt lat="47.398320" lon="-1.297840"><ele>18</ele><time>2026-03-01T09:03:24Z</time></trkpt>
			<trkpt lat="47.398200" lon="-1.298380"><ele>17</ele><time>2026-03-01T09:03:36Z</time></trkpt>
			<trkpt lat="47.398050" lon="-1.298830"><ele>17</ele><time>2026-03-01T09:03:48Z</time></trkpt>
			<trkpt lat="47.397940" lon="-1.299080"><ele>18</ele><time>2026-03-01T09:04:00Z</time></trkpt>
			<trkpt lat="47.397680" lon="-1.299590"><ele>16</ele><time>2026-03-01T09:04:12Z</time></trkpt>
			<trkpt lat="47.397530" lon="-1.299760"><ele>15</ele><time>2026-03-01T09:04:24Z</time></trkpt>
			<trkpt lat="47.397440" lon="-1.299850"><ele>14</ele><time>2026-03-01T09:04:36Z</time></trkpt>
			<trkpt lat="47.397320" lon="-1.299920"><ele>14</ele><time>2026-03-01T09:04:48Z</time></trkpt>
			<trkpt lat="47.397160" lon="-1.300000"><ele>13</ele><time>2026-03-01T09:05:00Z</time></trkpt>
			<trkpt lat="47.396980" lon="-1.300080"><ele>13</ele><time>2026-03-01T09:05:12Z</time></trkpt>
			<trkpt lat="47.396880" lon="-1.300160"><ele>13</ele><time>2026-03-01T09:05:24Z</time></trkpt>
			<trkpt lat="47.396790" lon="-1.300270"><ele>14</ele><time>2026-03-01T09:05:36Z</time></trkpt>
			<trkpt lat="47.396740" lon="-1.300370"><ele>14</ele><time>2026-03-01T09:05:48Z</time></trkpt>
			<trkpt lat="47.396710" lon="-1.300460"><ele>15</ele><time>2026-03-01T09:06:00Z</time></trkpt>
			<trkpt lat="47.396680" lon="-1.300590"><ele>15</ele><time>2026-03-01T09:06:12Z</time></trkpt>
			<trkpt lat="47.396680" lon="-1.300700"><ele>15</ele><time>2026-03-01T09:06:24Z</time></trkpt>
			<trkpt lat="47.396680" lon="-1.300840"><ele>16</ele><time>2026-03-01T09:06:36Z</time></trkpt>
			<trkpt lat="47.396690" lon="-1.300960"><ele>17</ele><time>2026-03-01T09:06:48Z</time></trkpt>
			<trkpt lat="47.396730" lon="-1.301110"><ele>17</ele><time>2026-03-01T09:07:00Z</time></trkpt>
			<trkpt lat="47.396780" lon="-1.301210"><ele>18</ele><time>2026-03-01T09:07:12Z</time></trkpt>
			<trkpt lat="47.396930" lon="-1.301500"><ele>18</ele><time>2026-03-01T09:07:24Z</time></trkpt>
			<trkpt lat="47.396960" lon="-1.301590"><ele>19</ele><time>2026-03-01T09:07:36Z</time></trkpt>
			<trkpt lat="47.396980" lon="-1.301680"><ele>19</ele><time>2026-03-01T09:07:48Z</time></trkpt>
			<trkpt lat="47.396990" lon="-1.301860"><ele>19</ele><time>2026-03-01T09:08:00Z</time></trkpt>
			<trkpt lat="47.396970" lon="-1.301960"><ele>20</ele><time>2026-03-01T09:08:12Z</time></trkpt>
			<trkpt lat="47.396930" lon="-1.302120"><ele>20</ele><time>2026-03-01T09:08:24Z</time></trkpt>
			<trkpt lat="47.396850" lon="-1.302290"><ele>22</ele><time>2026-03-01T09:08:36Z</time></trkpt>
			<trkpt lat="47.396730" lon="-1.302500"><ele>23</ele><time>2026-03-01T09:08:48Z</time></trkpt>
			<trkpt lat="47.396690" lon="-1.302600"><ele>24</ele><time>2026-03-01T09:09:00Z</time></trkpt>
			<trkpt lat="47.396660" lon="-1.302720"><ele>25</ele><time>2026-03-01T09:09:12Z</time></trkpt>
			<trkpt lat="47.396630" lon="-1.302860"><ele>25</ele><time>2026-03-01T09:09:24Z</time></trkpt>
			<trkpt lat="47.396620" lon="-1.303120"><ele>26</ele><time>2026-03-01T09:09:36Z</time></trkpt>
			<trkpt lat="47.396880" lon="-1.305410"><ele>33</ele><time>2026-03-01T09:09:48Z</time></trkpt>
			<trkpt lat="47.396910" lon="-1.305890"><ele>33</ele><time>2026-03-01T09:10:00Z</time></trkpt>
			<trkpt lat="47.396900" lon="-1.306450"><ele>35</ele><time>2026-03-01T09:10:12Z</time></trkpt>
			<trkpt lat="47.396880" lon="-1.307150"><ele>37</ele><time>2026-03-01T09:10:24Z</time></trkpt>
			<trkpt lat="47.396890" lon="-1.307610"><ele>37</ele><time>2026-03-01T09:10:36Z</time></trkpt>
			<trkpt lat="47.396990" lon="-1.308170"><ele>38</ele><time>2026-03-01T09:10:48Z</time></trkpt>
			<trkpt lat="47.397120" lon="-1.308600"><ele>38</ele><time>2026-03-01T09:11:00Z</time></trkpt>
			<trkpt lat="47.397260" lon="-1.308930"><ele>38</ele><time>2026-03-01T09:11:12Z</time></trkpt>
			<trkpt lat="47.397720" lon="-1.309960"><ele>37</ele><time>2026-03-01T09:11:24Z</time></trkpt>
			<trkpt lat="47.397790" lon="-1.310490"><ele>37</ele><time>2026-03-01T09:11:36Z</time></trkpt>
			<trkpt lat="47.397770" lon="-1.311750"><ele>37</ele><time>2026-03-01T09:11:48Z</time></trkpt>
			<trkpt lat="47.397760" lon="-1.311900"><ele>37</ele><time>2026-03-01T09:12:00Z</time></trkpt>
			<trkpt lat="47.397520" lon="-1.314230"><ele>36</ele><time>2026-03-01T09:12:12Z</time></trkpt>
			<trkpt lat="47.397500" lon="-1.314530"><ele>36</ele><time>2026-03-01T09:12:24Z</time></trkpt>
			<trkpt lat="47.397520" lon="-1.314960"><ele>36</ele><time>2026-03-01T09:12:36Z</time></trkpt>
			<trkpt lat="47.397670" lon="-1.315040"><ele>36</ele><time>2026-03-01T09:12:48Z</time></trkpt>
			<trkpt lat="47.397960" lon="-1.315240"><ele>35</ele><time>2026-03-01T09:13:00Z</time></trkpt>
			<trkpt lat="47.398830" lon="-1.315720"><ele>36</ele><time>2026-03-01T09:13:12Z</time></trkpt>
			<trkpt lat="47.399000" lon="-1.315790"><ele>36</ele><time>2026-03-01T09:13:24Z</time></trkpt>
			<trkpt lat="47.399140" lon="-1.315840"><ele>36</ele><time>2026-03-01T09:13:36Z</time></trkpt>
			<trkpt lat="47.399320" lon="-1.315890"><ele>36</ele><time>2026-03-01T09:13:48Z</time></trkpt>
			<trkpt lat="47.399910" lon="-1.315960"><ele>36</ele><time>2026-03-01T09:14:00Z</time></trkpt>
			<trkpt lat="47.400350" lon="-1.316010"><ele>34</ele><time>2026-03-01T09:14:12Z</time></trkpt>
			<trkpt lat="47.400540" lon="-1.316060"><ele>33</ele><time>2026-03-01T09:14:24Z</time></trkpt>
			<trkpt lat="47.400670" lon="-1.316140"><ele>32</ele><time>2026-03-01T09:14:36Z</time></trkpt>
			<trkpt lat="47.400800" lon="-1.316280"><ele>31</ele><time>2026-03-01T09:14:48Z</time></trkpt>
			<trkpt lat="47.400950" lon="-1.316480"><ele>30</ele><time>2026-03-01T09:15:00Z</time></trkpt>
			<trkpt lat="47.401170" lon="-1.316800"><ele>29</ele><time>2026-03-01T09:15:12Z</time></trkpt>
			<trkpt lat="47.401400" lon="-1.317100"><ele>28</ele><time>2026-03-01T09:15:24Z</time></trkpt>
			<trkpt lat="47.401530" lon="-1.317240"><ele>28</ele><time>2026-03-01T09:15:36Z</time></trkpt>
			<trkpt lat="47.401950" lon="-1.317530"><ele>26</ele><time>2026-03-01T09:15:48Z</time></trkpt>
			<trkpt lat="47.402150" lon="-1.317700"><ele>25</ele><time>2026-03-01T09:16:00Z</time></trkpt>
			<trkpt lat="47.402380" lon="-1.317960"><ele>24</ele><time>2026-03-01T09:16:12Z</time></trkpt>
			<trkpt lat="47.402550" lon="-1.318190"><ele>23</ele><time>2026-03-01T09:16:24Z</time></trkpt>
			<trkpt lat="47.402640" lon="-1.318290"><ele>23</ele><time>2026-03-01T09:16:36Z</time></trkpt>
			<trkpt lat="47.402770" lon="-1.318350"><ele>23</ele><time>2026-03-01T09:16:48Z</time></trkpt>
			<trkpt lat="47.402870" lon="-1.318360"><ele>23</ele><time>2026-03-01T09:17:00Z</time></trkpt>
			<trkpt lat="47.404650" lon="-1.318430"><ele>18</ele><time>2026-03-01T09:17:12Z</time></trkpt>
			<trkpt lat="47.404780" lon="-1.318460"><ele>18</ele><time>2026-03-01T09:17:24Z</time></trkpt>
			<trkpt lat="47.404910" lon="-1.318510"><ele>18</ele><time>2026-03-01T09:17:36Z</time></trkpt>
			<trkpt lat="47.405050" lon="-1.318600"><ele>19</ele><time>2026-03-01T09:17:48Z</time></trkpt>
			<trkpt lat="47.405520" lon="-1.319090"><ele>24</ele><time>2026-03-01T09:18:00Z</time></trkpt>
			<trkpt lat="47.405650" lon="-1.319190"><ele>25</ele><time>2026-03-01T09:18:12Z</time></trkpt>
			<trkpt lat="47.405810" lon="-1.319270"><ele>27</ele><time>2026-03-01T09:18:24Z</time></trkpt>
			<trkpt lat="47.405890" lon="-1.319270"><ele>27</ele><time>2026-03-01T09:18:36Z</time></trkpt>
			<trkpt lat="47.406050" lon="-1.319260"><ele>28</ele><time>2026-03-01T09:18:48Z</time></trkpt>
			<trkpt lat="47.406180" lon="-1.319230"><ele>29</ele><time>2026-03-01T09:19:00Z</time></trkpt>
			<trkpt lat="47.406620" lon="-1.319050"><ele>33</ele><time>2026-03-01T09:19:12Z</time></trkpt>
			<trkpt lat="47.406800" lon="-1.319000"><ele>33</ele><time>2026-03-01T09:19:24Z</time></trkpt>
			<trkpt lat="47.406930" lon="-1.318970"><ele>34</ele><time>2026-03-01T09:19:36Z</time></trkpt>
			<trkpt lat="47.407050" lon="-1.319000"><ele>34</ele><time>2026-03-01T09:19:48Z</time></trkpt>
			<trkpt lat="47.407180" lon="-1.319000"><ele>35</ele><time>2026-03-01T09:20:00Z</time></trkpt>
			<trkpt lat="47.407330" lon="-1.319090"><ele>35</ele><time>2026-03-01T09:20:12Z</time></trkpt>
			<trkpt lat="47.407660" lon="-1.319450"><ele>35</ele><time>2026-03-01T09:20:24Z</time></trkpt>
			<trkpt lat="47.408070" lon="-1.320000"><ele>35</ele><time>2026-03-01T09:20:36Z</time></trkpt>
			<trkpt lat="47.408200" lon="-1.320110"><ele>35</ele><time>2026-03-01T09:20:48Z</time></trkpt>
			<trkpt lat="47.408350" lon="-1.320190"><ele>35</ele><time>2026-03-01T09:21:00Z</time></trkpt>
			<trkpt lat="47.408530" lon="-1.320230"><ele>35</ele><time>2026-03-01T09:21:12Z</time></trkpt>
			<trkpt lat="47.409460" lon="-1.320250"><ele>33</ele><time>2026-03-01T09:21:24Z</time></trkpt>
			<trkpt lat="47.409650" lon="-1.320240"><ele>33</ele><time>2026-03-01T09:21:36Z</time></trkpt>
			<trkpt lat="47.410050" lon="-1.320200"><ele>31</ele><time>2026-03-01T09:21:48Z</time></trkpt>
			<trkpt lat="47.412040" lon="-1.319630"><ele>27</ele><time>2026-03-01T09:22:00Z</time></trkpt>
			<trkpt lat="47.412280" lon="-1.319650"><ele>27</ele><time>2026-03-01T09:22:12Z</time></trkpt>
			<trkpt lat="47.412370" lon="-1.319700"><ele>27</ele><time>2026-03-01T09:22:24Z</time></trkpt>
			<trkpt lat="47.413150" lon="-1.320280"><ele>25</ele><time>2026-03-01T09:22:36Z</time></trkpt>
			<trkpt lat="47.413360" lon="-1.320410"><ele>25</ele><time>2026-03-01T09:22:48Z</time></trkpt>
			<trkpt lat="47.413500" lon="-1.320460"><ele>25</ele><time>2026-03-01T09:23:00Z</time></trkpt>
			<trkpt lat="47.413610" lon="-1.320500"><ele>24</ele><time>2026-03-01T09:23:12Z</time></trkpt>
			<trkpt lat="47.413760" lon="-1.320520"><ele>24</ele><time>2026-03-01T09:23:24Z</time></trkpt>
			<trkpt lat="47.414010" lon="-1.320470"><ele>24</ele><time>2026-03-01T09:23:36Z</time></trkpt>
			<trkpt lat="47.414610" lon="-1.320270"><ele>23</ele><time>2026-03-01T09:23:48Z</time></trkpt>
			<trkpt lat="47.415260" lon="-1.319760"><ele>22</ele><time>2026-03-01T09:24:00Z</time></trkpt>
			<trkpt lat="47.415370" lon="-1.319620"><ele>22</ele><time>2026-03-01T09:24:12Z</time></trkpt>
			<trkpt lat="47.415460" lon="-1.319430"><ele>21</ele><time>2026-03-01T09:24:24Z</time></trkpt>
			<trkpt lat="47.415880" lon="-1.318350"><ele>19</ele><time>2026-03-01T09:24:36Z</time></trkpt>
			<trkpt lat="47.416520" lon="-1.316790"><ele>19</ele><time>2026-03-01T09:24:48Z</time></trkpt>
			<trkpt lat="47.416590" lon="-1.316720"><ele>19</ele><time>2026-03-01T09:25:00Z</time></trkpt>
			<trkpt lat="47.416700" lon="-1.316690"><ele>19</ele><time>2026-03-01T09:25:12Z</time></trkpt>
			<trkpt lat="47.416850" lon="-1.316700"><ele>19</ele><time>2026-03-01T09:25:24Z</time></trkpt>
			<trkpt lat="47.419690" lon="-1.318260"><ele>24</ele><time>2026-03-01T09:25:36Z</time></trkpt>
			<trkpt lat="47.419960" lon="-1.318440"><ele>25</ele><time>2026-03-01T09:25:48Z</time></trkpt>
			<trkpt lat="47.420120" lon="-1.318580"><ele>26</ele><time>2026-03-01T09:26:00Z</time></trkpt>
			<trkpt lat="47.420280" lon="-1.318770"><ele>27</ele><time>2026-03-01T09:26:12Z</time></trkpt>
			<trkpt lat="47.420460" lon="-1.319110"><ele>28</ele><time>2026-03-01T09:26:24Z</time></trkpt>
			<trkpt lat="47.420540" lon="-1.319310"><ele>28</ele><time>2026-03-01T09:26:36Z</time></trkpt>
			<trkpt lat="47.421500" lon="-1.321540"><ele>33</ele><time>2026-03-01T09:26:48Z</time></trkpt>
			<trkpt lat="47.422050" lon="-1.322790"><ele>38</ele><time>2026-03-01T09:27:00Z</time></trkpt>
			<trkpt lat="47.422180" lon="-1.323030"><ele>39</ele><time>2026-03-01T09:27:12Z</time></trkpt>
			<trkpt lat="47.422290" lon="-1.323180"><ele>39</ele><time>2026-03-01T09:27:24Z</time></trkpt>
			<trkpt lat="47.422440" lon="-1.323320"><ele>40</ele><time>2026-03-01T09:27:36Z</time></trkpt>
			<trkpt lat="47.422660" lon="-1.323440"><ele>40</ele><time>2026-03-01T09:27:48Z</time></trkpt>
			<trkpt lat="47.423900" lon="-1.324040"><ele>43</ele><time>2026-03-01T09:28:00Z</time></trkpt>
			<trkpt lat="47.424120" lon="-1.324140"><ele>43</ele><time>2026-03-01T09:28:12Z</time></trkpt>
			<trkpt lat="47.424400" lon="-1.324210"><ele>43</ele><time>2026-03-01T09:28:24Z</time></trkpt>
			<trkpt lat="47.424750" lon="-1.324280"><ele>43</ele><time>2026-03-01T09:28:36Z</time></trkpt>
			<trkpt lat="47.426220" lon="-1.324510"><ele>45</ele><time>2026-03-01T09:28:48Z</time></trkpt>
			<trkpt lat="47.426500" lon="-1.324580"><ele>45</ele><time>2026-03-01T09:29:00Z</time></trkpt>
			<trkpt lat="47.426730" lon="-1.324700"><ele>44</ele><time>2026-03-01T09:29:12Z</time></trkpt>
			<trkpt lat="47.427000" lon="-1.324880"><ele>45</ele><time>2026-03-01T09:29:24Z</time></trkpt>
			<trkpt lat="47.427270" lon="-1.325140"><ele>45</ele><time>2026-03-01T09:29:36Z</time></trkpt>
			<trkpt lat="47.428710" lon="-1.326650"><ele>47</ele><time>2026-03-01T09:29:48Z</time></trkpt>
			<trkpt lat="47.428900" lon="-1.326900"><ele>48</ele><time>2026-03-01T09:30:00Z</time></trkpt>
			<trkpt lat="47.429060" lon="-1.327180"><ele>48</ele><time>2026-03-01T09:30:12Z</time></trkpt>
			<trkpt lat="47.429150" lon="-1.327360"><ele>49</ele><time>2026-03-01T09:30:24Z</time></trkpt>
			<trkpt lat="47.429940" lon="-1.329080"><ele>49</ele><time>2026-03-01T09:30:36Z</time></trkpt>
			<trkpt lat="47.430020" lon="-1.329150"><ele>49</ele><time>2026-03-01T09:30:48Z</time></trkpt>
			<trkpt lat="47.430160" lon="-1.329170"><ele>49</ele><time>2026-03-01T09:31:00Z</time></trkpt>
			<trkpt lat="47.430200" lon="-1.329170"><ele>49</ele><time>2026-03-01T09:31:12Z</time></trkpt>
			<trkpt lat="47.430200" lon="-1.329350"><ele>49</ele><time>2026-03-01T09:31:24Z</time></trkpt>
			<trkpt lat="47.430190" lon="-1.329770"><ele>50</ele><time>2026-03-01T09:31:36Z</time></trkpt>
			<trkpt lat="47.430280" lon="-1.331310"><ele>48</ele><time>2026-03-01T09:31:48Z</time></trkpt>
			<trkpt lat="47.430540" lon="-1.331330"><ele>48</ele><time>2026-03-01T09:32:00Z</time></trkpt>
			<trkpt lat="47.430630" lon="-1.331360"><ele>48</ele><time>2026-03-01T09:32:12Z</time></trkpt>
			<trkpt lat="47.430690" lon="-1.331430"><ele>48</ele><time>2026-03-01T09:32:24Z</time></trkpt>
			<trkpt lat="47.430930" lon="-1.331890"><ele>49</ele><time>2026-03-01T09:32:36Z</time></trkpt>
			<trkpt lat="47.430970" lon="-1.332000"><ele>49</ele><time>2026-03-01T09:32:48Z</time></trkpt>
			<trkpt lat="47.430970" lon="-1.332030"><ele>49</ele><time>2026-03-01T09:33:00Z</time></trkpt>
			<trkpt lat="47.431040" lon="-1.332040"><ele>49</ele><time>2026-03-01T09:33:12Z</time></trkpt>
			<trkpt lat="47.431220" lon="-1.332080"><ele>48</ele><time>2026-03-01T09:33:24Z</time></trkpt>
			<trkpt lat="47.431280" lon="-1.332110"><ele>48</ele><time>2026-03-01T09:33:36Z</time></trkpt>
			<trkpt lat="47.431420" lon="-1.332200"><ele>48</ele><time>2026-03-01T09:33:48Z</time></trkpt>
			<trkpt lat="47.431530" lon="-1.332300"><ele>48</ele><time>2026-03-01T09:34:00Z</time></trkpt>
			<trkpt lat="47.431700" lon="-1.332510"><ele>48</ele><time>2026-03-01T09:34:12Z</time></trkpt>
			<trkpt lat="47.431920" lon="-1.332890"><ele>48</ele><time>2026-03-01T09:34:24Z</time></trkpt>
			<trkpt lat="47.432040" lon="-1.333150"><ele>48</ele><time>2026-03-01T09:34:36Z</time></trkpt>
			<trkpt lat="47.432070" lon="-1.333220"><ele>48</ele><time>2026-03-01T09:34:48Z</time></trkpt>
			<trkpt lat="47.432120" lon="-1.333340"><ele>48</ele><time>2026-03-01T09:35:00Z</time></trkpt>
			<trkpt lat="47.432340" lon="-1.333830"><ele>48</ele><time>2026-03-01T09:35:12Z</time></trkpt>
			<trkpt lat="47.432410" lon="-1.333980"><ele>48</ele><time>2026-03-01T09:35:24Z</time></trkpt>
			<trkpt lat="47.432540" lon="-1.334180"><ele>48</ele><time>2026-03-01T09:35:36Z</time></trkpt>
			<trkpt lat="47.432700" lon="-1.334370"><ele>48</ele><time>2026-03-01T09:35:48Z</time></trkpt>
			<trkpt lat="47.433030" lon="-1.334740"><ele>47</ele><time>2026-03-01T09:36:00Z</time></trkpt>
			<trkpt lat="47.433070" lon="-1.334760"><ele>47</ele><time>2026-03-01T09:36:12Z</time></trkpt>
			<trkpt lat="47.434110" lon="-1.335510"><ele>46</ele><time>2026-03-01T09:36:24Z</time></trkpt>
			<trkpt lat="47.434300" lon="-1.335670"><ele>45</ele><time>2026-03-01T09:36:36Z</time></trkpt>
			<trkpt lat="47.434620" lon="-1.336000"><ele>45</ele><time>2026-03-01T09:36:48Z</time></trkpt>
			<trkpt lat="47.434840" lon="-1.336250"><ele>44</ele><time>2026-03-01T09:37:00Z</time></trkpt>
			<trkpt lat="47.435060" lon="-1.336420"><ele>43</ele><time>2026-03-01T09:37:12Z</time></trkpt>
			<trkpt lat="47.436380" lon="-1.337100"><ele>38</ele><time>2026-03-01T09:37:24Z</time></trkpt>
			<trkpt lat="47.436570" lon="-1.337260"><ele>37</ele><time>2026-03-01T09:37:36Z</time></trkpt>
			<trkpt lat="47.436680" lon="-1.337360"><ele>36</ele><time>2026-03-01T09:37:48Z</time></trkpt>
			<trkpt lat="47.436880" lon="-1.337610"><ele>35</ele><time>2026-03-01T09:38:00Z</time></trkpt>
			<trkpt lat="47.437010" lon="-1.337820"><ele>34</ele><time>2026-03-01T09:38:12Z</time></trkpt>
			<trkpt lat="47.437680" lon="-1.339040"><ele>31</ele><time>2026-03-01T09:38:24Z</time></trkpt>
			<trkpt lat="47.437850" lon="-1.339320"><ele>31</ele><time>2026-03-01T09:38:36Z</time></trkpt>
			<trkpt lat="47.437940" lon="-1.339410"><ele>31</ele><time>2026-03-01T09:38:48Z</time></trkpt>
			<trkpt lat="47.438050" lon="-1.339480"><ele>30</ele><time>2026-03-01T09:39:00Z</time></trkpt>
			<trkpt lat="47.438250" lon="-1.339580"><ele>30</ele><time>2026-03-01T09:39:12Z</time></trkpt>
			<trkpt lat="47.439260" lon="-1.339930"><ele>28</ele><time>2026-03-01T09:39:24Z</time></trkpt>
			<trkpt lat="47.439680" lon="-1.340080"><ele>27</ele><time>2026-03-01T09:39:36Z</time></trkpt>
			<trkpt lat="47.439660" lon="-1.340230"><ele>27</ele><time>2026-03-01T09:39:48Z</time></trkpt>
			<trkpt lat="47.441330" lon="-1.340810"><ele>25</ele><time>2026-03-01T09:40:00Z</time></trkpt>
			<trkpt lat="47.441370" lon="-1.341010"><ele>25</ele><time>2026-03-01T09:40:12Z</time></trkpt>
			<trkpt lat="47.441430" lon="-1.341020"><ele>25</ele><time>2026-03-01T09:40:24Z</time></trkpt>
			<trkpt lat="47.441520" lon="-1.341030"><ele>25</ele><time>2026-03-01T09:40:36Z</time></trkpt>
			<trkpt lat="47.441540" lon="-1.341030"><ele>25</ele><time>2026-03-01T09:40:48Z</time></trkpt>
			<trkpt lat="47.441580" lon="-1.340880"><ele>25</ele><time>2026-03-01T09:41:00Z</time></trkpt>
			<trkpt lat="47.441950" lon="-1.340910"><ele>26</ele><time>2026-03-01T09:41:12Z</time></trkpt>
			<trkpt lat="47.442480" lon="-1.341020"><ele>27</ele><time>2026-03-01T09:41:24Z</time></trkpt>
			<trkpt lat="47.442670" lon="-1.341390"><ele>27</ele><time>2026-03-01T09:41:36Z</time></trkpt>
			<trkpt lat="47.443740" lon="-1.341810"><ele>32</ele><time>2026-03-01T09:41:48Z</time></trkpt>
			<trkpt lat="47.443870" lon="-1.342320"><ele>33</ele><time>2026-03-01T09:42:00Z</time></trkpt>
			<trkpt lat="47.444510" lon="-1.342590"><ele>35</ele><time>2026-03-01T09:42:12Z</time></trkpt>
			<trkpt lat="47.444510" lon="-1.342730"><ele>35</ele><time>2026-03-01T09:42:24Z</time></trkpt>
			<trkpt lat="47.444490" lon="-1.342910"><ele>35</ele><time>2026-03-01T09:42:36Z</time></trkpt>
			<trkpt lat="47.444490" lon="-1.343270"><ele>36</ele><time>2026-03-01T09:42:48Z</time></trkpt>
			<trkpt lat="47.444280" lon="-1.343800"><ele>35</ele><time>2026-03-01T09:43:00Z</time></trkpt>
			<trkpt lat="47.444220" lon="-1.344010"><ele>34</ele><time>2026-03-01T09:43:12Z</time></trkpt>
			<trkpt lat="47.444480" lon="-1.344130"><ele>35</ele><time>2026-03-01T09:43:24Z</time></trkpt>
			<trkpt lat="47.444520" lon="-1.344140"><ele>35</ele><time>2026-03-01T09:43:36Z</time></trkpt>
			<trkpt lat="47.444630" lon="-1.344200"><ele>36</ele><time>2026-03-01T09:43:48Z</time></trkpt>
			<trkpt lat="47.445060" lon="-1.344520"><ele>37</ele><time>2026-03-01T09:44:00Z</time></trkpt>
			<trkpt lat="47.445320" lon="-1.344590"><ele>38</ele><time>2026-03-01T09:44:12Z</time></trkpt>
			<trkpt lat="47.445430" lon="-1.344580"><ele>38</ele><time>2026-03-01T09:44:24Z</time></trkpt>
			<trkpt lat="47.445520" lon="-1.344570"><ele>38</ele><time>2026-03-01T09:44:36Z</time></trkpt>
			<trkpt lat="47.445870" lon="-1.344290"><ele>39</ele><time>2026-03-01T09:44:48Z</time></trkpt>
			<trkpt lat="47.445980" lon="-1.344590"><ele>38</ele><time>2026-03-01T09:45:00Z</time></trkpt>
			<trkpt lat="47.446170" lon="-1.345140"><ele>38</ele><time>2026-03-01T09:45:12Z</time></trkpt>
			<trkpt lat="47.446250" lon="-1.345250"><ele>38</ele><time>2026-03-01T09:45:24Z</time></trkpt>
			<trkpt lat="47.446300" lon="-1.345380"><ele>38</ele><time>2026-03-01T09:45:36Z</time></trkpt>
			<trkpt lat="47.446310" lon="-1.345570"><ele>38</ele><time>2026-03-01T09:45:48Z</time></trkpt>
			<trkpt lat="47.446560" lon="-1.346320"><ele>39</ele><time>2026-03-01T09:46:00Z</time></trkpt>
			<trkpt lat="47.446670" lon="-1.346550"><ele>40</ele><time>2026-03-01T09:46:12Z</time></trkpt>
			<trkpt lat="47.446780" lon="-1.346770"><ele>40</ele><time>2026-03-01T09:46:24Z</time></trkpt>
			<trkpt lat="47.446920" lon="-1.346940"><ele>40</ele><time>2026-03-01T09:46:36Z</time></trkpt>
			<trkpt lat="47.447130" lon="-1.347170"><ele>41</ele><time>2026-03-01T09:46:48Z</time></trkpt>
			<trkpt lat="47.447220" lon="-1.347300"><ele>41</ele><time>2026-03-01T09:47:00Z</time></trkpt>
			<trkpt lat="47.447320" lon="-1.347360"><ele>41</ele><time>2026-03-01T09:47:12Z</time></trkpt>
			<trkpt lat="47.447590" lon="-1.347670"><ele>41</ele><time>2026-03-01T09:47:24Z</time></trkpt>
			<trkpt lat="47.447680" lon="-1.347740"><ele>41</ele><time>2026-03-01T09:47:36Z</time></trkpt>
			<trkpt lat="47.447700" lon="-1.347700"><ele>41</ele><time>2026-03-01T09:47:48Z</time></trkpt>
			<trkpt lat="47.447740" lon="-1.347700"><ele>41</ele><time>2026-03-01T09:48:00Z</time></trkpt>
			<trkpt lat="47.447760" lon="-1.347730"><ele>41</ele><time>2026-03-01T09:48:12Z</time></trkpt>
			<trkpt lat="47.447770" lon="-1.347770"><ele>41</ele><time>2026-03-01T09:48:24Z</time></trkpt>
			<trkpt lat="47.447750" lon="-1.347830"><ele>41</ele><time>2026-03-01T09:48:36Z</time></trkpt>
			<trkpt lat="47.447760" lon="-1.347860"><ele>41</ele><time>2026-03-01T09:48:48Z</time></trkpt>
			<trkpt lat="47.448000" lon="-1.348180"><ele>41</ele><time>2026-03-01T09:49:00Z</time></trkpt>
			<trkpt lat="47.448050" lon="-1.348250"><ele>41</ele><time>2026-03-01T09:49:12Z</time></trkpt>
			<trkpt lat="47.448230" lon="-1.348380"><ele>42</ele><time>2026-03-01T09:49:24Z</time></trkpt>
			<trkpt lat="47.448280" lon="-1.348420"><ele>42</ele><time>2026-03-01T09:49:36Z</time></trkpt>
			<trkpt lat="47.448370" lon="-1.348610"><ele>42</ele><time>2026-03-01T09:49:48Z</time></trkpt>
			<trkpt lat="47.448410" lon="-1.348700"><ele>42</ele><time>2026-03-01T09:50:00Z</time></trkpt>
			<trkpt lat="47.448470" lon="-1.348830"><ele>42</ele><time>2026-03-01T09:50:12Z</time></trkpt>
			<trkpt lat="47.448450" lon="-1.349250"><ele>41</ele><time>2026-03-01T09:50:24Z</time></trkpt>
			<trkpt lat="47.448430" lon="-1.349470"><ele>41</ele><time>2026-03-01T09:50:36Z</time></trkpt>
			<trkpt lat="47.448420" lon="-1.349560"><ele>41</ele><time>2026-03-01T09:50:48Z</time></trkpt>
			<trkpt lat="47.448420" lon="-1.349670"><ele>40</ele><time>2026-03-01T09:51:00Z</time></trkpt>
			<trkpt lat="47.448450" lon="-1.349690"><ele>41</ele><time>2026-03-01T09:51:12Z</time></trkpt>
			<trkpt lat="47.448470" lon="-1.349730"><ele>40</ele><time>2026-03-01T09:51:24Z</time></trkpt>
			<trkpt lat="47.448480" lon="-1.349780"><ele>40</ele><time>2026-03-01T09:51:36Z</time></trkpt>
			<trkpt lat="47.448460" lon="-1.349830"><ele>40</ele><time>2026-03-01T09:51:48Z</time></trkpt>
			<trkpt lat="47.448440" lon="-1.349840"><ele>40</ele><time>2026-03-01T09:52:00Z</time></trkpt>
			<trkpt lat="47.448410" lon="-1.349850"><ele>40</ele><time>2026-03-01T09:52:12Z</time></trkpt>
			<trkpt lat="47.448380" lon="-1.349830"><ele>40</ele><time>2026-03-01T09:52:24Z</time></trkpt>
			<trkpt lat="47.448310" lon="-1.349990"><ele>40</ele><time>2026-03-01T09:52:36Z</time></trkpt>
			<trkpt lat="47.448290" lon="-1.350070"><ele>40</ele><time>2026-03-01T09:52:48Z</time></trkpt>
			<trkpt lat="47.448230" lon="-1.350380"><ele>40</ele><time>2026-03-01T09:53:00Z</time></trkpt>
			<trkpt lat="47.448110" lon="-1.351050"><ele>39</ele><time>2026-03-01T09:53:12Z</time></trkpt>
			<trkpt lat="47.448090" lon="-1.351130"><ele>39</ele><time>2026-03-01T09:53:24Z</time></trkpt>
			<trkpt lat="47.447990" lon="-1.351690"><ele>38</ele><time>2026-03-01T09:53:36Z</time></trkpt>
			<trkpt lat="47.447970" lon="-1.351840"><ele>38</ele><time>2026-03-01T09:53:48Z</time></trkpt>
			<trkpt lat="47.447980" lon="-1.352140"><ele>38</ele><time>2026-03-01T09:54:00Z</time></trkpt>
			<trkpt lat="47.447980" lon="-1.352190"><ele>38</ele><time>2026-03-01T09:54:12Z</time></trkpt>
			<trkpt lat="47.448120" lon="-1.352720"><ele>38</ele><time>2026-03-01T09:54:24Z</time></trkpt>
			<trkpt lat="47.448360" lon="-1.353660"><ele>38</ele><time>2026-03-01T09:54:36Z</time></trkpt>
			<trkpt lat="47.448630" lon="-1.354670"><ele>39</ele><time>2026-03-01T09:54:48Z</time></trkpt>
			<trkpt lat="47.448660" lon="-1.354850"><ele>39</ele><time>2026-03-01T09:55:00Z</time></trkpt>
			<trkpt lat="47.448680" lon="-1.355050"><ele>39</ele><time>2026-03-01T09:55:12Z</time></trkpt>
			<trkpt lat="47.448680" lon="-1.355230"><ele>39</ele><time>2026-03-01T09:55:24Z</time></trkpt>
			<trkpt lat="47.448640" lon="-1.355540"><ele>39</ele><time>2026-03-01T09:55:36Z</time></trkpt>
			<trkpt lat="47.448460" lon="-1.356380"><ele>39</ele><time>2026-03-01T09:55:48Z</time></trkpt>
			<trkpt lat="47.448430" lon="-1.356600"><ele>40</ele><time>2026-03-01T09:56:00Z</time></trkpt>
			<trkpt lat="47.448430" lon="-1.357040"><ele>40</ele><time>2026-03-01T09:56:12Z</time></trkpt>
			<trkpt lat="47.448440" lon="-1.357870"><ele>40</ele><time>2026-03-01T09:56:24Z</time></trkpt>
			<trkpt lat="47.448340" lon="-1.359220"><ele>40</ele><time>2026-03-01T09:56:36Z</time></trkpt>
			<trkpt lat="47.448260" lon="-1.360100"><ele>43</ele><time>2026-03-01T09:56:48Z</time></trkpt>
			<trkpt lat="47.448290" lon="-1.360770"><ele>43</ele><time>2026-03-01T09:57:00Z</time></trkpt>
			<trkpt lat="47.448370" lon="-1.361430"><ele>42</ele><time>2026-03-01T09:57:12Z</time></trkpt>
			<trkpt lat="47.448410" lon="-1.361840"><ele>42</ele><time>2026-03-01T09:57:24Z</time></trkpt>
			<trkpt lat="47.448410" lon="-1.362020"><ele>42</ele><time>2026-03-01T09:57:36Z</time></trkpt>
			<trkpt lat="47.448400" lon="-1.362190"><ele>42</ele><time>2026-03-01T09:57:48Z</time></trkpt>
			<trkpt lat="47.448360" lon="-1.362420"><ele>42</ele><time>2026-03-01T09:58:00Z</time></trkpt>
			<trkpt lat="47.448240" lon="-1.362990"><ele>43</ele><time>2026-03-01T09:58:12Z</time></trkpt>
			<trkpt lat="47.447850" lon="-1.364840"><ele>43</ele><time>2026-03-01T09:58:24Z</time></trkpt>
			<trkpt lat="47.447770" lon="-1.365510"><ele>43</ele><time>2026-03-01T09:58:36Z</time></trkpt>
			<trkpt lat="47.447740" lon="-1.365910"><ele>43</ele><time>2026-03-01T09:58:48Z</time></trkpt>
			<trkpt lat="47.447600" lon="-1.369570"><ele>42</ele><time>2026-03-01T09:59:00Z</time></trkpt>
			<trkpt lat="47.447580" lon="-1.370190"><ele>42</ele><time>2026-03-01T09:59:12Z</time></trkpt>
			<trkpt lat="47.447550" lon="-1.370600"><ele>41</ele><time>2026-03-01T09:59:24Z</time></trkpt>
			<trkpt lat="47.447500" lon="-1.371020"><ele>41</ele><time>2026-03-01T09:59:36Z</time></trkpt>
			<trkpt lat="47.447150" lon="-1.373670"><ele>41</ele><time>2026-03-01T09:59:48Z</time></trkpt>
			<trkpt lat="47.447070" lon="-1.374330"><ele>40</ele><time>2026-03-01T10:00:00Z</time></trkpt>
			<trkpt lat="47.447040" lon="-1.374690"><ele>40</ele><time>2026-03-01T10:00:12Z</time></trkpt>
			<trkpt lat="47.447030" lon="-1.374940"><ele>40</ele><time>2026-03-01T10:00:24Z</time></trkpt>
			<trkpt lat="47.447090" lon="-1.377330"><ele>42</ele><time>2026-03-01T10:00:36Z</time></trkpt>
			<trkpt lat="47.447210" lon="-1.381460"><ele>40</ele><time>2026-03-01T10:00:48Z</time></trkpt>
			<trkpt lat="47.447260" lon="-1.382960"><ele>39</ele><time>2026-03-01T10:01:00Z</time></trkpt>
			<trkpt lat="47.447270" lon="-1.383220"><ele>39</ele><time>2026-03-01T10:01:12Z</time></trkpt>
			<trkpt lat="47.447300" lon="-1.383490"><ele>39</ele><time>2026-03-01T10:01:24Z</time></trkpt>
			<trkpt lat="47.447350" lon="-1.383830"><ele>40</ele><time>2026-03-01T10:01:36Z</time></trkpt>
			<trkpt lat="47.447510" lon="-1.384600"><ele>39</ele><time>2026-03-01T10:01:48Z</time></trkpt>
			<trkpt lat="47.447800" lon="-1.386040"><ele>40</ele><time>2026-03-01T10:02:00Z</time></trkpt>
			<trkpt lat="47.447890" lon="-1.386540"><ele>39</ele><time>2026-03-01T10:02:12Z</time></trkpt>
			<trkpt lat="47.447910" lon="-1.386710"><ele>38</ele><time>2026-03-01T10:02:24Z</time></trkpt>
			<trkpt lat="47.447910" lon="-1.386980"><ele>38</ele><time>2026-03-01T10:02:36Z</time></trkpt>
			<trkpt lat="47.447890" lon="-1.387370"><ele>38</ele><time>2026-03-01T10:02:48Z</time></trkpt>
			<trkpt lat="47.447830" lon="-1.387670"><ele>37</ele><time>2026-03-01T10:03:00Z</time></trkpt>
			<trkpt lat="47.447790" lon="-1.387800"><ele>37</ele><time>2026-03-01T10:03:12Z</time></trkpt>
			<trkpt lat="47.447680" lon="-1.388090"><ele>37</ele><time>2026-03-01T10:03:24Z</time></trkpt>
			<trkpt lat="47.447580" lon="-1.388260"><ele>37</ele><time>2026-03-01T10:03:36Z</time></trkpt>
			<trkpt lat="47.447470" lon="-1.388420"><ele>37</ele><time>2026-03-01T10:03:48Z</time></trkpt>
			<trkpt lat="47.447190" lon="-1.388740"><ele>37</ele><time>2026-03-01T10:04:00Z</time></trkpt>
			<trkpt lat="47.446560" lon="-1.389320"><ele>38</ele><time>2026-03-01T10:04:12Z</time></trkpt>
			<trkpt lat="47.446120" lon="-1.389740"><ele>38</ele><time>2026-03-01T10:04:24Z</time></trkpt>
			<trkpt lat="47.445660" lon="-1.390170"><ele>38</ele><time>2026-03-01T10:04:36Z</time></trkpt>
			<trkpt lat="47.445270" lon="-1.390510"><ele>37</ele><time>2026-03-01T10:04:48Z</time></trkpt>
			<trkpt lat="47.444690" lon="-1.391040"><ele>36</ele><time>2026-03-01T10:05:00Z</time></trkpt>
			<trkpt lat="47.444570" lon="-1.391180"><ele>36</ele><time>2026-03-01T10:05:12Z</time></trkpt>
			<trkpt lat="47.444510" lon="-1.391260"><ele>36</ele><time>2026-03-01T10:05:24Z</time></trkpt>
			<trkpt lat="47.444460" lon="-1.391350"><ele>36</ele><time>2026-03-01T10:05:36Z</time></trkpt>
			<trkpt lat="47.444380" lon="-1.391510"><ele>36</ele><time>2026-03-01T10:05:48Z</time></trkpt>
			<trkpt lat="47.444280" lon="-1.391860"><ele>36</ele><time>2026-03-01T10:06:00Z</time></trkpt>
			<trkpt lat="47.444260" lon="-1.391990"><ele>36</ele><time>2026-03-01T10:06:12Z</time></trkpt>
			<trkpt lat="47.444230" lon="-1.392250"><ele>35</ele><time>2026-03-01T10:06:24Z</time></trkpt>
			<trkpt lat="47.444100" lon="-1.394060"><ele>35</ele><time>2026-03-01T10:06:36Z</time></trkpt>
			<trkpt lat="47.444060" lon="-1.394430"><ele>35</ele><time>2026-03-01T10:06:48Z</time></trkpt>
			<trkpt lat="47.444020" lon="-1.394640"><ele>35</ele><time>2026-03-01T10:07:00Z</time></trkpt>
			<trkpt lat="47.443970" lon="-1.394860"><ele>35</ele><time>2026-03-01T10:07:12Z</time></trkpt>
			<trkpt lat="47.443940" lon="-1.394950"><ele>35</ele><time>2026-03-01T10:07:24Z</time></trkpt>
			<trkpt lat="47.443900" lon="-1.394930"><ele>35</ele><time>2026-03-01T10:07:36Z</time></trkpt>
			<trkpt lat="47.443880" lon="-1.394930"><ele>35</ele><time>2026-03-01T10:07:48Z</time></trkpt>
			<trkpt lat="47.443690" lon="-1.394970"><ele>34</ele><time>2026-03-01T10:08:00Z</time></trkpt>
			<trkpt lat="47.443370" lon="-1.395010"><ele>34</ele><time>2026-03-01T10:08:12Z</time></trkpt>
			<trkpt lat="47.442760" lon="-1.395050"><ele>35</ele><time>2026-03-01T10:08:24Z</time></trkpt>
			<trkpt lat="47.442100" lon="-1.395160"><ele>34</ele><time>2026-03-01T10:08:36Z</time></trkpt>
			<trkpt lat="47.441610" lon="-1.395280"><ele>33</ele><time>2026-03-01T10:08:48Z</time></trkpt>
			<trkpt lat="47.441440" lon="-1.395350"><ele>33</ele><time>2026-03-01T10:09:00Z</time></trkpt>
			<trkpt lat="47.441210" lon="-1.395500"><ele>32</ele><time>2026-03-01T10:09:12Z</time></trkpt>
			<trkpt lat="47.441000" lon="-1.395560"><ele>31</ele><time>2026-03-01T10:09:24Z</time></trkpt>
			<trkpt lat="47.440490" lon="-1.395620"><ele>30</ele><time>2026-03-01T10:09:36Z</time></trkpt>
			<trkpt lat="47.440320" lon="-1.395660"><ele>29</ele><time>2026-03-01T10:09:48Z</time></trkpt>
			<trkpt lat="47.440240" lon="-1.395710"><ele>29</ele><time>2026-03-01T10:10:00Z</time></trkpt>
			<trkpt lat="47.439340" lon="-1.396180"><ele>27</ele><time>2026-03-01T10:10:12Z</time></trkpt>
			<trkpt lat="47.439300" lon="-1.396210"><ele>27</ele><time>2026-03-01T10:10:24Z</time></trkpt>
			<trkpt lat="47.438830" lon="-1.396400"><ele>28</ele><time>2026-03-01T10:10:36Z</time></trkpt>
			<trkpt lat="47.438240" lon="-1.396710"><ele>29</ele><time>2026-03-01T10:10:48Z</time></trkpt>
			<trkpt lat="47.438160" lon="-1.396790"><ele>29</ele><time>2026-03-01T10:11:00Z</time></trkpt>
			<trkpt lat="47.437490" lon="-1.397270"><ele>30</ele><time>2026-03-01T10:11:12Z</time></trkpt>
			<trkpt lat="47.437010" lon="-1.397550"><ele>29</ele><time>2026-03-01T10:11:24Z</time></trkpt>
			<trkpt lat="47.436820" lon="-1.397770"><ele>30</ele><time>2026-03-01T10:11:36Z</time></trkpt>
			<trkpt lat="47.436480" lon="-1.398100"><ele>30</ele><time>2026-03-01T10:11:48Z</time></trkpt>
			<trkpt lat="47.435940" lon="-1.398600"><ele>30</ele><time>2026-03-01T10:12:00Z</time></trkpt>
			<trkpt lat="47.435960" lon="-1.398730"><ele>30</ele><time>2026-03-01T10:12:12Z</time></trkpt>
			<trkpt lat="47.437500" lon="-1.406030"><ele>31</ele><time>2026-03-01T10:12:24Z</time></trkpt>
			<trkpt lat="47.437490" lon="-1.406170"><ele>31</ele><time>2026-03-01T10:12:36Z</time></trkpt>
			<trkpt lat="47.437440" lon="-1.406320"><ele>31</ele><time>2026-03-01T10:12:48Z</time></trkpt>
			<trkpt lat="47.436610" lon="-1.407890"><ele>31</ele><time>2026-03-01T10:13:00Z</time></trkpt>
			<trkpt lat="47.436470" lon="-1.408120"><ele>31</ele><time>2026-03-01T10:13:12Z</time></trkpt>
			<trkpt lat="47.436000" lon="-1.408490"><ele>30</ele><time>2026-03-01T10:13:24Z</time></trkpt>
			<trkpt lat="47.435840" lon="-1.408640"><ele>29</ele><time>2026-03-01T10:13:36Z</time></trkpt>
			<trkpt lat="47.435720" lon="-1.408810"><ele>29</ele><time>2026-03-01T10:13:48Z</time></trkpt>
			<trkpt lat="47.435640" lon="-1.408970"><ele>29</ele><time>2026-03-01T10:14:00Z</time></trkpt>
			<trkpt lat="47.435440" lon="-1.409510"><ele>28</ele><time>2026-03-01T10:14:12Z</time></trkpt>
			<trkpt lat="47.435260" lon="-1.409950"><ele>28</ele><time>2026-03-01T10:14:24Z</time></trkpt>
			<trkpt lat="47.434770" lon="-1.410890"><ele>27</ele><time>2026-03-01T10:14:36Z</time></trkpt>
			<trkpt lat="47.434710" lon="-1.411060"><ele>27</ele><time>2026-03-01T10:14:48Z</time></trkpt>
			<trkpt lat="47.434700" lon="-1.411090"><ele>27</ele><time>2026-03-01T10:15:00Z</time></trkpt>
			<trkpt lat="47.434680" lon="-1.411160"><ele>26</ele><time>2026-03-01T10:15:12Z</time></trkpt>
			<trkpt lat="47.434590" lon="-1.411870"><ele>25</ele><time>2026-03-01T10:15:24Z</time></trkpt>
			<trkpt lat="47.434530" lon="-1.412120"><ele>25</ele><time>2026-03-01T10:15:36Z</time></trkpt>
			<trkpt lat="47.434450" lon="-1.412310"><ele>24</ele><time>2026-03-01T10:15:48Z</time></trkpt>
			<trkpt lat="47.434210" lon="-1.412780"><ele>23</ele><time>2026-03-01T10:16:00Z</time></trkpt>
			<trkpt lat="47.434080" lon="-1.413090"><ele>23</ele><time>2026-03-01T10:16:12Z</time></trkpt>
			<trkpt lat="47.433660" lon="-1.414820"><ele>20</ele><time>2026-03-01T10:16:24Z</time></trkpt>
			<trkpt lat="47.433290" lon="-1.416520"><ele>20</ele><time>2026-03-01T10:16:36Z</time></trkpt>
			<trkpt lat="47.433130" lon="-1.417240"><ele>20</ele><time>2026-03-01T10:16:48Z</time></trkpt>
			<trkpt lat="47.433100" lon="-1.417310"><ele>20</ele><time>2026-03-01T10:17:00Z</time></trkpt>
			<trkpt lat="47.432710" lon="-1.416670"><ele>20</ele><time>2026-03-01T10:17:12Z</time></trkpt>
			<trkpt lat="47.432670" lon="-1.416710"><ele>20</ele><time>2026-03-01T10:17:24Z</time></trkpt>
			<trkpt lat="47.432570" lon="-1.416740"><ele>20</ele><time>2026-03-01T10:17:36Z</time></trkpt>
			<trkpt lat="47.432240" lon="-1.416730"><ele>20</ele><time>2026-03-01T10:17:48Z</time></trkpt>
			<trkpt lat="47.432130" lon="-1.416760"><ele>20</ele><time>2026-03-01T10:18:00Z</time></trkpt>
			<trkpt lat="47.431710" lon="-1.417020"><ele>19</ele><time>2026-03-01T10:18:12Z</time></trkpt>
			<trkpt lat="47.431590" lon="-1.417050"><ele>19</ele><time>2026-03-01T10:18:24Z</time></trkpt>
			<trkpt lat="47.430160" lon="-1.417160"><ele>15</ele><time>2026-03-01T10:18:36Z</time></trkpt>
			<trkpt lat="47.429600" lon="-1.417390"><ele>15</ele><time>2026-03-01T10:18:48Z</time></trkpt>
			<trkpt lat="47.429460" lon="-1.417450"><ele>14</ele><time>2026-03-01T10:19:00Z</time></trkpt>
			<trkpt lat="47.429280" lon="-1.417470"><ele>14</ele><time>2026-03-01T10:19:12Z</time></trkpt>
			<trkpt lat="47.427780" lon="-1.417400"><ele>17</ele><time>2026-03-01T10:19:24Z</time></trkpt>
			<trkpt lat="47.427030" lon="-1.417320"><ele>17</ele><time>2026-03-01T10:19:36Z</time></trkpt>
			<trkpt lat="47.426230" lon="-1.417270"><ele>17</ele><time>2026-03-01T10:19:48Z</time></trkpt>
			<trkpt lat="47.425400" lon="-1.417270"><ele>17</ele><time>2026-03-01T10:20:00Z</time></trkpt>
			<trkpt lat="47.424380" lon="-1.417270"><ele>18</ele><time>2026-03-01T10:20:12Z</time></trkpt>
			<trkpt lat="47.423710" lon="-1.417220"><ele>17</ele><time>2026-03-01T10:20:24Z</time></trkpt>
			<trkpt lat="47.423320" lon="-1.417180"><ele>17</ele><time>2026-03-01T10:20:36Z</time></trkpt>
			<trkpt lat="47.423200" lon="-1.417140"><ele>17</ele><time>2026-03-01T10:20:48Z</time></trkpt>
			<trkpt lat="47.423100" lon="-1.417080"><ele>17</ele><time>2026-03-01T10:21:00Z</time></trkpt>
			<trkpt lat="47.421650" lon="-1.415830"><ele>16</ele><time>2026-03-01T10:21:12Z</time></trkpt>
			<trkpt lat="47.420800" lon="-1.415100"><ele>17</ele><time>2026-03-01T10:21:24Z</time></trkpt>
			<trkpt lat="47.420700" lon="-1.414970"><ele>17</ele><time>2026-03-01T10:21:36Z</time></trkpt>
			<trkpt lat="47.420630" lon="-1.414830"><ele>17</ele><time>2026-03-01T10:21:48Z</time></trkpt>
			<trkpt lat="47.420280" lon="-1.414180"><ele>19</ele><time>2026-03-01T10:22:00Z</time></trkpt>
			<trkpt lat="47.420020" lon="-1.413780"><ele>19</ele><time>2026-03-01T10:22:12Z</time></trkpt>
			<trkpt lat="47.419900" lon="-1.413630"><ele>20</ele><time>2026-03-01T10:22:24Z</time></trkpt>
			<trkpt lat="47.419830" lon="-1.413580"><ele>20</ele><time>2026-03-01T10:22:36Z</time></trkpt>
			<trkpt lat="47.419740" lon="-1.413550"><ele>20</ele><time>2026-03-01T10:22:48Z</time></trkpt>
			<trkpt lat="47.419450" lon="-1.413500"><ele>20</ele><time>2026-03-01T10:23:00Z</time></trkpt>
			<trkpt lat="47.419070" lon="-1.413500"><ele>21</ele><time>2026-03-01T10:23:12Z</time></trkpt>
			<trkpt lat="47.418980" lon="-1.413530"><ele>21</ele><time>2026-03-01T10:23:24Z</time></trkpt>
			<trkpt lat="47.418650" lon="-1.413600"><ele>21</ele><time>2026-03-01T10:23:36Z</time></trkpt>
			<trkpt lat="47.417070" lon="-1.414130"><ele>15</ele><time>2026-03-01T10:23:48Z</time></trkpt>
			<trkpt lat="47.416680" lon="-1.414250"><ele>14</ele><time>2026-03-01T10:24:00Z</time></trkpt>
			<trkpt lat="47.416580" lon="-1.414310"><ele>14</ele><time>2026-03-01T10:24:12Z</time></trkpt>
			<trkpt lat="47.416120" lon="-1.414570"><ele>15</ele><time>2026-03-01T10:24:24Z</time></trkpt>
			<trkpt lat="47.415940" lon="-1.413690"><ele>16</ele><time>2026-03-01T10:24:36Z</time></trkpt>
			<trkpt lat="47.415800" lon="-1.413010"><ele>16</ele><time>2026-03-01T10:24:48Z</time></trkpt>
			<trkpt lat="47.415170" lon="-1.410320"><ele>15</ele><time>2026-03-01T10:25:00Z</time></trkpt>
			<trkpt lat="47.414960" lon="-1.409400"><ele>16</ele><time>2026-03-01T10:25:12Z</time></trkpt>
			<trkpt lat="47.414860" lon="-1.409020"><ele>16</ele><time>2026-03-01T10:25:24Z</time></trkpt>
			<trkpt lat="47.414810" lon="-1.408810"><ele>16</ele><time>2026-03-01T10:25:36Z</time></trkpt>
			<trkpt lat="47.414790" lon="-1.408650"><ele>16</ele><time>2026-03-01T10:25:48Z</time></trkpt>
			<trkpt lat="47.414770" lon="-1.408490"><ele>16</ele><time>2026-03-01T10:26:00Z</time></trkpt>
			<trkpt lat="47.414770" lon="-1.408130"><ele>16</ele><time>2026-03-01T10:26:12Z</time></trkpt>
			<trkpt lat="47.414720" lon="-1.407430"><ele>15</ele><time>2026-03-01T10:26:24Z</time></trkpt>
			<trkpt lat="47.414660" lon="-1.406570"><ele>16</ele><time>2026-03-01T10:26:36Z</time></trkpt>
			<trkpt lat="47.414480" lon="-1.404060"><ele>16</ele><time>2026-03-01T10:26:48Z</time></trkpt>
			<trkpt lat="47.414420" lon="-1.403150"><ele>17</ele><time>2026-03-01T10:27:00Z</time></trkpt>
			<trkpt lat="47.414270" lon="-1.401290"><ele>23</ele><time>2026-03-01T10:27:12Z</time></trkpt>
			<trkpt lat="47.413950" lon="-1.396990"><ele>34</ele><time>2026-03-01T10:27:24Z</time></trkpt>
			<trkpt lat="47.413950" lon="-1.396910"><ele>34</ele><time>2026-03-01T10:27:36Z</time></trkpt>
			<trkpt lat="47.413880" lon="-1.395940"><ele>35</ele><time>2026-03-01T10:27:48Z</time></trkpt>
			<trkpt lat="47.413770" lon="-1.394450"><ele>34</ele><time>2026-03-01T10:28:00Z</time></trkpt>
			<trkpt lat="47.413640" lon="-1.392630"><ele>31</ele><time>2026-03-01T10:28:12Z</time></trkpt>
			<trkpt lat="47.413610" lon="-1.392250"><ele>31</ele><time>2026-03-01T10:28:24Z</time></trkpt>
			<trkpt lat="47.413560" lon="-1.391900"><ele>32</ele><time>2026-03-01T10:28:36Z</time></trkpt>
			<trkpt lat="47.413540" lon="-1.391790"><ele>32</ele><time>2026-03-01T10:28:48Z</time></trkpt>
			<trkpt lat="47.413510" lon="-1.391790"><ele>32</ele><time>2026-03-01T10:29:00Z</time></trkpt>
			<trkpt lat="47.413470" lon="-1.391770"><ele>32</ele><time>2026-03-01T10:29:12Z</time></trkpt>
			<trkpt lat="47.413450" lon="-1.391730"><ele>33</ele><time>2026-03-01T10:29:24Z</time></trkpt>
			<trkpt lat="47.413430" lon="-1.391690"><ele>33</ele><time>2026-03-01T10:29:36Z</time></trkpt>
			<trkpt lat="47.413420" lon="-1.391640"><ele>33</ele><time>2026-03-01T10:29:48Z</time></trkpt>
			<trkpt lat="47.413430" lon="-1.391590"><ele>33</ele><time>2026-03-01T10:30:00Z</time></trkpt>
			<trkpt lat="47.413440" lon="-1.391550"><ele>33</ele><time>2026-03-01T10:30:12Z</time></trkpt>
			<trkpt lat="47.413460" lon="-1.391520"><ele>33</ele><time>2026-03-01T10:30:24Z</time></trkpt>
			<trkpt lat="47.413490" lon="-1.391490"><ele>33</ele><time>2026-03-01T10:30:36Z</time></trkpt>
			<trkpt lat="47.413520" lon="-1.391480"><ele>33</ele><time>2026-03-01T10:30:48Z</time></trkpt>
			<trkpt lat="47.413520" lon="-1.391370"><ele>33</ele><time>2026-03-01T10:31:00Z</time></trkpt>
			<trkpt lat="47.413480" lon="-1.390560"><ele>34</ele><time>2026-03-01T10:31:12Z</time></trkpt>
			<trkpt lat="47.413460" lon="-1.390290"><ele>34</ele><time>2026-03-01T10:31:24Z</time></trkpt>
			<trkpt lat="47.413460" lon="-1.390120"><ele>34</ele><time>2026-03-01T10:31:36Z</time></trkpt>
			<trkpt lat="47.413440" lon="-1.389890"><ele>34</ele><time>2026-03-01T10:31:48Z</time></trkpt>
			<trkpt lat="47.413390" lon="-1.389250"><ele>36</ele><time>2026-03-01T10:32:00Z</time></trkpt>
			<trkpt lat="47.413190" lon="-1.386630"><ele>35</ele><time>2026-03-01T10:32:12Z</time></trkpt>
			<trkpt lat="47.413200" lon="-1.386240"><ele>35</ele><time>2026-03-01T10:32:24Z</time></trkpt>
			<trkpt lat="47.413150" lon="-1.385900"><ele>35</ele><time>2026-03-01T10:32:36Z</time></trkpt>
			<trkpt lat="47.412990" lon="-1.384210"><ele>35</ele><time>2026-03-01T10:32:48Z</time></trkpt>
			<trkpt lat="47.412850" lon="-1.383050"><ele>35</ele><time>2026-03-01T10:33:00Z</time></trkpt>
			<trkpt lat="47.412730" lon="-1.381930"><ele>35</ele><time>2026-03-01T10:33:12Z</time></trkpt>
			<trkpt lat="47.412600" lon="-1.380850"><ele>36</ele><time>2026-03-01T10:33:24Z</time></trkpt>
			<trkpt lat="47.412540" lon="-1.380440"><ele>37</ele><time>2026-03-01T10:33:36Z</time></trkpt>
			<trkpt lat="47.412350" lon="-1.378760"><ele>38</ele><time>2026-03-01T10:33:48Z</time></trkpt>
			<trkpt lat="47.412310" lon="-1.378490"><ele>37</ele><time>2026-03-01T10:34:00Z</time></trkpt>
			<trkpt lat="47.412250" lon="-1.378090"><ele>38</ele><time>2026-03-01T10:34:12Z</time></trkpt>
			<trkpt lat="47.412150" lon="-1.377470"><ele>38</ele><time>2026-03-01T10:34:24Z</time></trkpt>
			<trkpt lat="47.412000" lon="-1.377020"><ele>38</ele><time>2026-03-01T10:34:36Z</time></trkpt>
			<trkpt lat="47.411980" lon="-1.376940"><ele>38</ele><time>2026-03-01T10:34:48Z</time></trkpt>
			<trkpt lat="47.411970" lon="-1.376700"><ele>38</ele><time>2026-03-01T10:35:00Z</time></trkpt>
			<trkpt lat="47.411950" lon="-1.376600"><ele>38</ele><time>2026-03-01T10:35:12Z</time></trkpt>
			<trkpt lat="47.411880" lon="-1.376500"><ele>38</ele><time>2026-03-01T10:35:24Z</time></trkpt>
			<trkpt lat="47.411650" lon="-1.376350"><ele>38</ele><time>2026-03-01T10:35:36Z</time></trkpt>
			<trkpt lat="47.411440" lon="-1.376180"><ele>38</ele><time>2026-03-01T10:35:48Z</time></trkpt>
			<trkpt lat="47.411300" lon="-1.375980"><ele>38</ele><time>2026-03-01T10:36:00Z</time></trkpt>
			<trkpt lat="47.411250" lon="-1.375910"><ele>38</ele><time>2026-03-01T10:36:12Z</time></trkpt>
			<trkpt lat="47.411210" lon="-1.375940"><ele>38</ele><time>2026-03-01T10:36:24Z</time></trkpt>
			<trkpt lat="47.411170" lon="-1.375940"><ele>38</ele><time>2026-03-01T10:36:36Z</time></trkpt>
			<trkpt lat="47.411130" lon="-1.375930"><ele>38</ele><time>2026-03-01T10:36:48Z</time></trkpt>
			<trkpt lat="47.411080" lon="-1.375880"><ele>39</ele><time>2026-03-01T10:37:00Z</time></trkpt>
			<trkpt lat="47.411050" lon="-1.375790"><ele>39</ele><time>2026-03-01T10:37:12Z</time></trkpt>
			<trkpt lat="47.410970" lon="-1.375810"><ele>39</ele><time>2026-03-01T10:37:24Z</time></trkpt>
			<trkpt lat="47.410850" lon="-1.375840"><ele>39</ele><time>2026-03-01T10:37:36Z</time></trkpt>
			<trkpt lat="47.410520" lon="-1.375950"><ele>38</ele><time>2026-03-01T10:37:48Z</time></trkpt>
			<trkpt lat="47.410340" lon="-1.376010"><ele>38</ele><time>2026-03-01T10:38:00Z</time></trkpt>
			<trkpt lat="47.409370" lon="-1.376320"><ele>36</ele><time>2026-03-01T10:38:12Z</time></trkpt>
			<trkpt lat="47.408910" lon="-1.376430"><ele>35</ele><time>2026-03-01T10:38:24Z</time></trkpt>
			<trkpt lat="47.408820" lon="-1.376460"><ele>35</ele><time>2026-03-01T10:38:36Z</time></trkpt>
			<trkpt lat="47.408810" lon="-1.376520"><ele>34</ele><time>2026-03-01T10:38:48Z</time></trkpt>
			<trkpt lat="47.408780" lon="-1.376570"><ele>34</ele><time>2026-03-01T10:39:00Z</time></trkpt>
			<trkpt lat="47.408760" lon="-1.376580"><ele>34</ele><time>2026-03-01T10:39:12Z</time></trkpt>
			<trkpt lat="47.408710" lon="-1.376570"><ele>34</ele><time>2026-03-01T10:39:24Z</time></trkpt>
			<trkpt lat="47.408690" lon="-1.376550"><ele>34</ele><time>2026-03-01T10:39:36Z</time></trkpt>
			<trkpt lat="47.408670" lon="-1.376490"><ele>34</ele><time>2026-03-01T10:39:48Z</time></trkpt>
			<trkpt lat="47.408590" lon="-1.376520"><ele>34</ele><time>2026-03-01T10:40:00Z</time></trkpt>
			<trkpt lat="47.407990" lon="-1.376740"><ele>32</ele><time>2026-03-01T10:40:12Z</time></trkpt>
			<trkpt lat="47.407470" lon="-1.376890"><ele>32</ele><time>2026-03-01T10:40:24Z</time></trkpt>
			<trkpt lat="47.407340" lon="-1.376930"><ele>32</ele><time>2026-03-01T10:40:36Z</time></trkpt>
			<trkpt lat="47.407080" lon="-1.377000"><ele>32</ele><time>2026-03-01T10:40:48Z</time></trkpt>
			<trkpt lat="47.406600" lon="-1.377090"><ele>34</ele><time>2026-03-01T10:41:00Z</time></trkpt>
			<trkpt lat="47.406180" lon="-1.377150"><ele>35</ele><time>2026-03-01T10:41:12Z</time></trkpt>
			<trkpt lat="47.405600" lon="-1.377190"><ele>37</ele><time>2026-03-01T10:41:24Z</time></trkpt>
			<trkpt lat="47.405080" lon="-1.377230"><ele>37</ele><time>2026-03-01T10:41:36Z</time></trkpt>
			<trkpt lat="47.405080" lon="-1.377280"><ele>38</ele><time>2026-03-01T10:41:48Z</time></trkpt>
			<trkpt lat="47.405060" lon="-1.377320"><ele>38</ele><time>2026-03-01T10:42:00Z</time></trkpt>
			<trkpt lat="47.405040" lon="-1.377360"><ele>38</ele><time>2026-03-01T10:42:12Z</time></trkpt>
			<trkpt lat="47.405010" lon="-1.377380"><ele>38</ele><time>2026-03-01T10:42:24Z</time></trkpt>
			<trkpt lat="47.404980" lon="-1.377390"><ele>38</ele><time>2026-03-01T10:42:36Z</time></trkpt>
			<trkpt lat="47.404950" lon="-1.377390"><ele>38</ele><time>2026-03-01T10:42:48Z</time></trkpt>
			<trkpt lat="47.404920" lon="-1.377370"><ele>38</ele><time>2026-03-01T10:43:00Z</time></trkpt>
			<trkpt lat="47.404890" lon="-1.377340"><ele>38</ele><time>2026-03-01T10:43:12Z</time></trkpt>
			<trkpt lat="47.404870" lon="-1.377290"><ele>38</ele><time>2026-03-01T10:43:24Z</time></trkpt>
			<trkpt lat="47.404870" lon="-1.377240"><ele>38</ele><time>2026-03-01T10:43:36Z</time></trkpt>
			<trkpt lat="47.404700" lon="-1.377260"><ele>38</ele><time>2026-03-01T10:43:48Z</time></trkpt>
			<trkpt lat="47.403190" lon="-1.377380"><ele>40</ele><time>2026-03-01T10:44:00Z</time></trkpt>
			<trkpt lat="47.402700" lon="-1.377430"><ele>42</ele><time>2026-03-01T10:44:12Z</time></trkpt>
			<trkpt lat="47.402530" lon="-1.377460"><ele>43</ele><time>2026-03-01T10:44:24Z</time></trkpt>
			<trkpt lat="47.402370" lon="-1.377510"><ele>43</ele><time>2026-03-01T10:44:36Z</time></trkpt>
			<trkpt lat="47.402360" lon="-1.377460"><ele>43</ele><time>2026-03-01T10:44:48Z</time></trkpt>
			<trkpt lat="47.399480" lon="-1.375090"><ele>54</ele><time>2026-03-01T10:45:00Z</time></trkpt>
			<trkpt lat="47.397810" lon="-1.373710"><ele>53</ele><time>2026-03-01T10:45:12Z</time></trkpt>
			<trkpt lat="47.396630" lon="-1.372730"><ele>54</ele><time>2026-03-01T10:45:24Z</time></trkpt>
			<trkpt lat="47.396260" lon="-1.372450"><ele>53</ele><time>2026-03-01T10:45:36Z</time></trkpt>
			<trkpt lat="47.393810" lon="-1.370430"><ele>51</ele><time>2026-03-01T10:45:48Z</time></trkpt>
			<trkpt lat="47.392310" lon="-1.369200"><ele>48</ele><time>2026-03-01T10:46:00Z</time></trkpt>
			<trkpt lat="47.390240" lon="-1.367500"><ele>47</ele><time>2026-03-01T10:46:12Z</time></trkpt>
			<trkpt lat="47.389550" lon="-1.366930"><ele>46</ele><time>2026-03-01T10:46:24Z</time></trkpt>
			<trkpt lat="47.387230" lon="-1.365040"><ele>40</ele><time>2026-03-01T10:46:36Z</time></trkpt>
			<trkpt lat="47.387090" lon="-1.364960"><ele>40</ele><time>2026-03-01T10:46:48Z</time></trkpt>
			<trkpt lat="47.387020" lon="-1.364930"><ele>40</ele><time>2026-03-01T10:47:00Z</time></trkpt>
			<trkpt lat="47.386930" lon="-1.364920"><ele>40</ele><time>2026-03-01T10:47:12Z</time></trkpt>
			<trkpt lat="47.386750" lon="-1.364940"><ele>39</ele><time>2026-03-01T10:47:24Z</time></trkpt>
			<trkpt lat="47.386410" lon="-1.365080"><ele>40</ele><time>2026-03-01T10:47:36Z</time></trkpt>
			<trkpt lat="47.386250" lon="-1.365080"><ele>40</ele><time>2026-03-01T10:47:48Z</time></trkpt>
			<trkpt lat="47.386100" lon="-1.365040"><ele>40</ele><time>2026-03-01T10:48:00Z</time></trkpt>
			<trkpt lat="47.385960" lon="-1.364940"><ele>41</ele><time>2026-03-01T10:48:12Z</time></trkpt>
			<trkpt lat="47.380040" lon="-1.359550"><ele>47</ele><time>2026-03-01T10:48:24Z</time></trkpt>
			<trkpt lat="47.380010" lon="-1.359520"><ele>47</ele><time>2026-03-01T10:48:36Z</time></trkpt>
			<trkpt lat="47.379390" lon="-1.358960"><ele>48</ele><time>2026-03-01T10:48:48Z</time></trkpt>
			<trkpt lat="47.379300" lon="-1.358880"><ele>48</ele><time>2026-03-01T10:49:00Z</time></trkpt>
			<trkpt lat="47.378850" lon="-1.358470"><ele>47</ele><time>2026-03-01T10:49:12Z</time></trkpt>
			<trkpt lat="47.376660" lon="-1.356480"><ele>46</ele><time>2026-03-01T10:49:24Z</time></trkpt>
			<trkpt lat="47.375690" lon="-1.355610"><ele>50</ele><time>2026-03-01T10:49:36Z</time></trkpt>
			<trkpt lat="47.374710" lon="-1.354720"><ele>47</ele><time>2026-03-01T10:49:48Z</time></trkpt>
			<trkpt lat="47.374410" lon="-1.354500"><ele>47</ele><time>2026-03-01T10:50:00Z</time></trkpt>
			<trkpt lat="47.374150" lon="-1.354370"><ele>47</ele><time>2026-03-01T10:50:12Z</time></trkpt>
			<trkpt lat="47.373990" lon="-1.354330"><ele>46</ele><time>2026-03-01T10:50:24Z</time></trkpt>
			<trkpt lat="47.373050" lon="-1.354230"><ele>45</ele><time>2026-03-01T10:50:36Z</time></trkpt>
			<trkpt lat="47.372870" lon="-1.354180"><ele>45</ele><time>2026-03-01T10:50:48Z</time></trkpt>
			<trkpt lat="47.372670" lon="-1.354060"><ele>45</ele><time>2026-03-01T10:51:00Z</time></trkpt>
			<trkpt lat="47.372390" lon="-1.353810"><ele>46</ele><time>2026-03-01T10:51:12Z</time></trkpt>
			<trkpt lat="47.372260" lon="-1.353720"><ele>47</ele><time>2026-03-01T10:51:24Z</time></trkpt>
			<trkpt lat="47.372140" lon="-1.353650"><ele>47</ele><time>2026-03-01T10:51:36Z</time></trkpt>
			<trkpt lat="47.371940" lon="-1.353590"><ele>48</ele><time>2026-03-01T10:51:48Z</time></trkpt>
			<trkpt lat="47.371940" lon="-1.353550"><ele>48</ele><time>2026-03-01T10:52:00Z</time></trkpt>
			<trkpt lat="47.371930" lon="-1.353470"><ele>48</ele><time>2026-03-01T10:52:12Z</time></trkpt>
			<trkpt lat="47.371650" lon="-1.352450"><ele>50</ele><time>2026-03-01T10:52:24Z</time></trkpt>
			<trkpt lat="47.371600" lon="-1.352240"><ele>50</ele><time>2026-03-01T10:52:36Z</time></trkpt>
			<trkpt lat="47.371520" lon="-1.351780"><ele>51</ele><time>2026-03-01T10:52:48Z</time></trkpt>
			<trkpt lat="47.371510" lon="-1.351570"><ele>51</ele><time>2026-03-01T10:53:00Z</time></trkpt>
			<trkpt lat="47.371540" lon="-1.351330"><ele>51</ele><time>2026-03-01T10:53:12Z</time></trkpt>
			<trkpt lat="47.371590" lon="-1.351190"><ele>51</ele><time>2026-03-01T10:53:24Z</time></trkpt>
			<trkpt lat="47.371730" lon="-1.350900"><ele>52</ele><time>2026-03-01T10:53:36Z</time></trkpt>
			<trkpt lat="47.371980" lon="-1.350520"><ele>52</ele><time>2026-03-01T10:53:48Z</time></trkpt>
			<trkpt lat="47.372420" lon="-1.349960"><ele>53</ele><time>2026-03-01T10:54:00Z</time></trkpt>
			<trkpt lat="47.372410" lon="-1.349850"><ele>53</ele><time>2026-03-01T10:54:12Z</time></trkpt>
			<trkpt lat="47.372680" lon="-1.348180"><ele>55</ele><time>2026-03-01T10:54:24Z</time></trkpt>
			<trkpt lat="47.372720" lon="-1.348010"><ele>54</ele><time>2026-03-01T10:54:36Z</time></trkpt>
			<trkpt lat="47.372790" lon="-1.347860"><ele>54</ele><time>2026-03-01T10:54:48Z</time></trkpt>
			<trkpt lat="47.372870" lon="-1.347730"><ele>54</ele><time>2026-03-01T10:55:00Z</time></trkpt>
			<trkpt lat="47.373210" lon="-1.347220"><ele>53</ele><time>2026-03-01T10:55:12Z</time></trkpt>
			<trkpt lat="47.373320" lon="-1.347090"><ele>53</ele><time>2026-03-01T10:55:24Z</time></trkpt>
			<trkpt lat="47.373440" lon="-1.347000"><ele>53</ele><time>2026-03-01T10:55:36Z</time></trkpt>
			<trkpt lat="47.373950" lon="-1.346760"><ele>52</ele><time>2026-03-01T10:55:48Z</time></trkpt>
			<trkpt lat="47.374110" lon="-1.346700"><ele>52</ele><time>2026-03-01T10:56:00Z</time></trkpt>
			<trkpt lat="47.374550" lon="-1.346610"><ele>51</ele><time>2026-03-01T10:56:12Z</time></trkpt>
			<trkpt lat="47.375040" lon="-1.346450"><ele>49</ele><time>2026-03-01T10:56:24Z</time></trkpt>
			<trkpt lat="47.375180" lon="-1.346390"><ele>48</ele><time>2026-03-01T10:56:36Z</time></trkpt>
			<trkpt lat="47.375260" lon="-1.346310"><ele>47</ele><time>2026-03-01T10:56:48Z</time></trkpt>
			<trkpt lat="47.375330" lon="-1.346180"><ele>47</ele><time>2026-03-01T10:57:00Z</time></trkpt>
			<trkpt lat="47.375360" lon="-1.346040"><ele>47</ele><time>2026-03-01T10:57:12Z</time></trkpt>
			<trkpt lat="47.375360" lon="-1.345890"><ele>47</ele><time>2026-03-01T10:57:24Z</time></trkpt>
			<trkpt lat="47.375340" lon="-1.345730"><ele>47</ele><time>2026-03-01T10:57:36Z</time></trkpt>
			<trkpt lat="47.374970" lon="-1.344820"><ele>46</ele><time>2026-03-01T10:57:48Z</time></trkpt>
			<trkpt lat="47.374720" lon="-1.344380"><ele>47</ele><time>2026-03-01T10:58:00Z</time></trkpt>
			<trkpt lat="47.374690" lon="-1.344230"><ele>47</ele><time>2026-03-01T10:58:12Z</time></trkpt>
			<trkpt lat="47.374690" lon="-1.344090"><ele>47</ele><time>2026-03-01T10:58:24Z</time></trkpt>
			<trkpt lat="47.374710" lon="-1.343960"><ele>47</ele><time>2026-03-01T10:58:36Z</time></trkpt>
			<trkpt lat="47.374880" lon="-1.343310"><ele>47</ele><time>2026-03-01T10:58:48Z</time></trkpt>
			<trkpt lat="47.375070" lon="-1.342600"><ele>47</ele><time>2026-03-01T10:59:00Z</time></trkpt>
			<trkpt lat="47.375100" lon="-1.342300"><ele>48</ele><time>2026-03-01T10:59:12Z</time></trkpt>
			<trkpt lat="47.375100" lon="-1.340940"><ele>48</ele><time>2026-03-01T10:59:24Z</time></trkpt>
			<trkpt lat="47.375070" lon="-1.340570"><ele>48</ele><time>2026-03-01T10:59:36Z</time></trkpt>
			<trkpt lat="47.375020" lon="-1.340270"><ele>49</ele><time>2026-03-01T10:59:48Z</time></trkpt>
			<trkpt lat="47.374950" lon="-1.339920"><ele>49</ele><time>2026-03-01T11:00:00Z</time></trkpt>
			<trkpt lat="47.374230" lon="-1.337970"><ele>53</ele><time>2026-03-01T11:00:12Z</time></trkpt>
			<trkpt lat="47.374190" lon="-1.337760"><ele>53</ele><time>2026-03-01T11:00:24Z</time></trkpt>
			<trkpt lat="47.374180" lon="-1.337530"><ele>54</ele><time>2026-03-01T11:00:36Z</time></trkpt>
			<trkpt lat="47.374210" lon="-1.337160"><ele>53</ele><time>2026-03-01T11:00:48Z</time></trkpt>
			<trkpt lat="47.374200" lon="-1.337010"><ele>53</ele><time>2026-03-01T11:01:00Z</time></trkpt>
			<trkpt lat="47.374150" lon="-1.336870"><ele>53</ele><time>2026-03-01T11:01:12Z</time></trkpt>
			<trkpt lat="47.374040" lon="-1.336770"><ele>53</ele><time>2026-03-01T11:01:24Z</time></trkpt>
			<trkpt lat="47.373620" lon="-1.336590"><ele>54</ele><time>2026-03-01T11:01:36Z</time></trkpt>
			<trkpt lat="47.373560" lon="-1.336540"><ele>54</ele><time>2026-03-01T11:01:48Z</time></trkpt>
			<trkpt lat="47.373480" lon="-1.336430"><ele>54</ele><time>2026-03-01T11:02:00Z</time></trkpt>
			<trkpt lat="47.373440" lon="-1.336310"><ele>54</ele><time>2026-03-01T11:02:12Z</time></trkpt>
			<trkpt lat="47.373400" lon="-1.336150"><ele>54</ele><time>2026-03-01T11:02:24Z</time></trkpt>
			<trkpt lat="47.373200" lon="-1.334760"><ele>54</ele><time>2026-03-01T11:02:36Z</time></trkpt>
			<trkpt lat="47.373150" lon="-1.334640"><ele>53</ele><time>2026-03-01T11:02:48Z</time></trkpt>
			<trkpt lat="47.373290" lon="-1.334440"><ele>53</ele><time>2026-03-01T11:03:00Z</time></trkpt>
			<trkpt lat="47.373850" lon="-1.334000"><ele>53</ele><time>2026-03-01T11:03:12Z</time></trkpt>
			<trkpt lat="47.375030" lon="-1.333100"><ele>52</ele><time>2026-03-01T11:03:24Z</time></trkpt>
			<trkpt lat="47.375260" lon="-1.332890"><ele>50</ele><time>2026-03-01T11:03:36Z</time></trkpt>
			<trkpt lat="47.375510" lon="-1.332570"><ele>49</ele><time>2026-03-01T11:03:48Z</time></trkpt>
			<trkpt lat="47.375840" lon="-1.332020"><ele>48</ele><time>2026-03-01T11:04:00Z</time></trkpt>
			<trkpt lat="47.375950" lon="-1.331910"><ele>47</ele><time>2026-03-01T11:04:12Z</time></trkpt>
			<trkpt lat="47.376770" lon="-1.331270"><ele>43</ele><time>2026-03-01T11:04:24Z</time></trkpt>
			<trkpt lat="47.377110" lon="-1.331080"><ele>42</ele><time>2026-03-01T11:04:36Z</time></trkpt>
			<trkpt lat="47.377690" lon="-1.330940"><ele>38</ele><time>2026-03-01T11:04:48Z</time></trkpt>
			<trkpt lat="47.377830" lon="-1.330880"><ele>37</ele><time>2026-03-01T11:05:00Z</time></trkpt>
			<trkpt lat="47.377940" lon="-1.330720"><ele>35</ele><time>2026-03-01T11:05:12Z</time></trkpt>
			<trkpt lat="47.378030" lon="-1.330540"><ele>34</ele><time>2026-03-01T11:05:24Z</time></trkpt>
			<trkpt lat="47.378080" lon="-1.330300"><ele>33</ele><time>2026-03-01T11:05:36Z</time></trkpt>
			<trkpt lat="47.378050" lon="-1.329360"><ele>33</ele><time>2026-03-01T11:05:48Z</time></trkpt>
			<trkpt lat="47.378080" lon="-1.329110"><ele>33</ele><time>2026-03-01T11:06:00Z</time></trkpt>
			<trkpt lat="47.378150" lon="-1.328890"><ele>32</ele><time>2026-03-01T11:06:12Z</time></trkpt>
			<trkpt lat="47.378240" lon="-1.328760"><ele>31</ele><time>2026-03-01T11:06:24Z</time></trkpt>
			<trkpt lat="47.378590" lon="-1.328470"><ele>30</ele><time>2026-03-01T11:06:36Z</time></trkpt>
			<trkpt lat="47.378800" lon="-1.328180"><ele>31</ele><time>2026-03-01T11:06:48Z</time></trkpt>
			<trkpt lat="47.378880" lon="-1.328000"><ele>30</ele><time>2026-03-01T11:07:00Z</time></trkpt>
			<trkpt lat="47.378980" lon="-1.327740"><ele>30</ele><time>2026-03-01T11:07:12Z</time></trkpt>
			<trkpt lat="47.379080" lon="-1.327590"><ele>29</ele><time>2026-03-01T11:07:24Z</time></trkpt>
			<trkpt lat="47.379220" lon="-1.327440"><ele>29</ele><time>2026-03-01T11:07:36Z</time></trkpt>
			<trkpt lat="47.379390" lon="-1.327400"><ele>30</ele><time>2026-03-01T11:07:48Z</time></trkpt>
			<trkpt lat="47.379520" lon="-1.327430"><ele>31</ele><time>2026-03-01T11:08:00Z</time></trkpt>
			<trkpt lat="47.379690" lon="-1.327530"><ele>33</ele><time>2026-03-01T11:08:12Z</time></trkpt>
			<trkpt lat="47.379830" lon="-1.327720"><ele>34</ele><time>2026-03-01T11:08:24Z</time></trkpt>
			<trkpt lat="47.380140" lon="-1.328270"><ele>36</ele><time>2026-03-01T11:08:36Z</time></trkpt>
			<trkpt lat="47.380310" lon="-1.328500"><ele>37</ele><time>2026-03-01T11:08:48Z</time></trkpt>
			<trkpt lat="47.380460" lon="-1.328550"><ele>37</ele><time>2026-03-01T11:09:00Z</time></trkpt>
			<trkpt lat="47.380690" lon="-1.328580"><ele>37</ele><time>2026-03-01T11:09:12Z</time></trkpt>
			<trkpt lat="47.381150" lon="-1.328600"><ele>40</ele><time>2026-03-01T11:09:24Z</time></trkpt>
			<trkpt lat="47.381260" lon="-1.328570"><ele>40</ele><time>2026-03-01T11:09:36Z</time></trkpt>
			<trkpt lat="47.381390" lon="-1.328510"><ele>41</ele><time>2026-03-01T11:09:48Z</time></trkpt>
			<trkpt lat="47.381490" lon="-1.328360"><ele>42</ele><time>2026-03-01T11:10:00Z</time></trkpt>
			<trkpt lat="47.381580" lon="-1.328170"><ele>42</ele><time>2026-03-01T11:10:12Z</time></trkpt>
			<trkpt lat="47.381840" lon="-1.327440"><ele>43</ele><time>2026-03-01T11:10:24Z</time></trkpt>
			<trkpt lat="47.381880" lon="-1.327240"><ele>44</ele><time>2026-03-01T11:10:36Z</time></trkpt>
			<trkpt lat="47.381890" lon="-1.327070"><ele>44</ele><time>2026-03-01T11:10:48Z</time></trkpt>
			<trkpt lat="47.381890" lon="-1.325490"><ele>45</ele><time>2026-03-01T11:11:00Z</time></trkpt>
			<trkpt lat="47.381900" lon="-1.325180"><ele>44</ele><time>2026-03-01T11:11:12Z</time></trkpt>
			<trkpt lat="47.381960" lon="-1.324810"><ele>43</ele><time>2026-03-01T11:11:24Z</time></trkpt>
			<trkpt lat="47.382070" lon="-1.324470"><ele>43</ele><time>2026-03-01T11:11:36Z</time></trkpt>
			<trkpt lat="47.382240" lon="-1.324040"><ele>44</ele><time>2026-03-01T11:11:48Z</time></trkpt>
			<trkpt lat="47.382320" lon="-1.323750"><ele>44</ele><time>2026-03-01T11:12:00Z</time></trkpt>
			<trkpt lat="47.382490" lon="-1.322620"><ele>46</ele><time>2026-03-01T11:12:12Z</time></trkpt>
			<trkpt lat="47.382620" lon="-1.322230"><ele>46</ele><time>2026-03-01T11:12:24Z</time></trkpt>
			<trkpt lat="47.383000" lon="-1.321300"><ele>48</ele><time>2026-03-01T11:12:36Z</time></trkpt>
			<trkpt lat="47.383250" lon="-1.320570"><ele>49</ele><time>2026-03-01T11:12:48Z</time></trkpt>
			<trkpt lat="47.383560" lon="-1.319390"><ele>52</ele><time>2026-03-01T11:13:00Z</time></trkpt>
			<trkpt lat="47.383960" lon="-1.318320"><ele>56</ele><time>2026-03-01T11:13:12Z</time></trkpt>
			<trkpt lat="47.384000" lon="-1.318160"><ele>56</ele><time>2026-03-01T11:13:24Z</time></trkpt>
			<trkpt lat="47.384120" lon="-1.317760"><ele>57</ele><time>2026-03-01T11:13:36Z</time></trkpt>
			<trkpt lat="47.384200" lon="-1.317420"><ele>57</ele><time>2026-03-01T11:13:48Z</time></trkpt>
			<trkpt lat="47.384290" lon="-1.316860"><ele>58</ele><time>2026-03-01T11:14:00Z</time></trkpt>
			<trkpt lat="47.384470" lon="-1.315800"><ele>59</ele><time>2026-03-01T11:14:12Z</time></trkpt>
			<trkpt lat="47.384530" lon="-1.315590"><ele>58</ele><time>2026-03-01T11:14:24Z</time></trkpt>
			<trkpt lat="47.385000" lon="-1.314320"><ele>58</ele><time>2026-03-01T11:14:36Z</time></trkpt>
			<trkpt lat="47.385120" lon="-1.314050"><ele>57</ele><time>2026-03-01T11:14:48Z</time></trkpt>
			<trkpt lat="47.386240" lon="-1.312140"><ele>52</ele><time>2026-03-01T11:15:00Z</time></trkpt>
			<trkpt lat="47.386480" lon="-1.311590"><ele>50</ele><time>2026-03-01T11:15:12Z</time></trkpt>
			<trkpt lat="47.386580" lon="-1.311420"><ele>50</ele><time>2026-03-01T11:15:24Z</time></trkpt>
			<trkpt lat="47.386710" lon="-1.311350"><ele>49</ele><time>2026-03-01T11:15:36Z</time></trkpt>
			<trkpt lat="47.387260" lon="-1.311150"><ele>46</ele><time>2026-03-01T11:15:48Z</time></trkpt>
			<trkpt lat="47.387220" lon="-1.310800"><ele>46</ele><time>2026-03-01T11:16:00Z</time></trkpt>
			<trkpt lat="47.387060" lon="-1.309640"><ele>42</ele><time>2026-03-01T11:16:12Z</time></trkpt>
			<trkpt lat="47.386990" lon="-1.309020"><ele>41</ele><time>2026-03-01T11:16:24Z</time></trkpt>
			<trkpt lat="47.386990" lon="-1.308730"><ele>40</ele><time>2026-03-01T11:16:36Z</time></trkpt>
			<trkpt lat="47.387010" lon="-1.308430"><ele>39</ele><time>2026-03-01T11:16:48Z</time></trkpt>
			<trkpt lat="47.387040" lon="-1.308130"><ele>38</ele><time>2026-03-01T11:17:00Z</time></trkpt>
			<trkpt lat="47.387280" lon="-1.306780"><ele>33</ele><time>2026-03-01T11:17:12Z</time></trkpt>
			<trkpt lat="47.387320" lon="-1.306550"><ele>33</ele><time>2026-03-01T11:17:24Z</time></trkpt>
			<trkpt lat="47.387350" lon="-1.306270"><ele>32</ele><time>2026-03-01T11:17:36Z</time></trkpt>
			<trkpt lat="47.387380" lon="-1.305870"><ele>31</ele><time>2026-03-01T11:17:48Z</time></trkpt>
			<trkpt lat="47.387430" lon="-1.304790"><ele>30</ele><time>2026-03-01T11:18:00Z</time></trkpt>
			<trkpt lat="47.387450" lon="-1.304490"><ele>30</ele><time>2026-03-01T11:18:12Z</time></trkpt>
			<trkpt lat="47.387490" lon="-1.304180"><ele>30</ele><time>2026-03-01T11:18:24Z</time></trkpt>
			<trkpt lat="47.387560" lon="-1.303890"><ele>29</ele><time>2026-03-01T11:18:36Z</time></trkpt>
			<trkpt lat="47.387810" lon="-1.302940"><ele>25</ele><time>2026-03-01T11:18:48Z</time></trkpt>
			<trkpt lat="47.387860" lon="-1.302670"><ele>24</ele><time>2026-03-01T11:19:00Z</time></trkpt>
			<trkpt lat="47.387890" lon="-1.302430"><ele>23</ele><time>2026-03-01T11:19:12Z</time></trkpt>
			<trkpt lat="47.387910" lon="-1.302150"><ele>22</ele><time>2026-03-01T11:19:24Z</time></trkpt>
			<trkpt lat="47.387900" lon="-1.302020"><ele>22</ele><time>2026-03-01T11:19:36Z</time></trkpt>
			<trkpt lat="47.387890" lon="-1.301190"><ele>21</ele><time>2026-03-01T11:19:48Z</time></trkpt>
			<trkpt lat="47.387900" lon="-1.300740"><ele>21</ele><time>2026-03-01T11:20:00Z</time></trkpt>
			<trkpt lat="47.387930" lon="-1.300460"><ele>21</ele><time>2026-03-01T11:20:12Z</time></trkpt>
			<trkpt lat="47.388000" lon="-1.300140"><ele>20</ele><time>2026-03-01T11:20:24Z</time></trkpt>
			<trkpt lat="47.388200" lon="-1.299510"><ele>19</ele><time>2026-03-01T11:20:36Z</time></trkpt>
			<trkpt lat="47.388330" lon="-1.299170"><ele>19</ele><time>2026-03-01T11:20:48Z</time></trkpt>
			<trkpt lat="47.388350" lon="-1.299030"><ele>19</ele><time>2026-03-01T11:21:00Z</time></trkpt>
			<trkpt lat="47.388320" lon="-1.298960"><ele>19</ele><time>2026-03-01T11:21:12Z</time></trkpt>
			<trkpt lat="47.388440" lon="-1.298790"><ele>18</ele><time>2026-03-01T11:21:24Z</time></trkpt>
			<trkpt lat="47.388570" lon="-1.298450"><ele>17</ele><time>2026-03-01T11:21:36Z</time></trkpt>
			<trkpt lat="47.388980" lon="-1.297260"><ele>12</ele><time>2026-03-01T11:21:48Z</time></trkpt>
			<trkpt lat="47.389040" lon="-1.297120"><ele>12</ele><time>2026-03-01T11:22:00Z</time></trkpt>
			<trkpt lat="47.389110" lon="-1.297000"><ele>12</ele><time>2026-03-01T11:22:12Z</time></trkpt>
			<trkpt lat="47.389350" lon="-1.296660"><ele>12</ele><time>2026-03-01T11:22:24Z</time></trkpt>
			<trkpt lat="47.389390" lon="-1.296580"><ele>11</ele><time>2026-03-01T11:22:36Z</time></trkpt>
			<trkpt lat="47.389520" lon="-1.296220"><ele>11</ele><time>2026-03-01T11:22:48Z</time></trkpt>
			<trkpt lat="47.389610" lon="-1.295950"><ele>12</ele><time>2026-03-01T11:23:00Z</time></trkpt>
			<trkpt lat="47.389720" lon="-1.295650"><ele>13</ele><time>2026-03-01T11:23:12Z</time></trkpt>
			<trkpt lat="47.389430" lon="-1.295440"><ele>13</ele><time>2026-03-01T11:23:24Z</time></trkpt>
			<trkpt lat="47.389260" lon="-1.295340"><ele>13</ele><time>2026-03-01T11:23:36Z</time></trkpt>
			<trkpt lat="47.389120" lon="-1.295260"><ele>12</ele><time>2026-03-01T11:23:48Z</time></trkpt>
			<trkpt lat="47.389050" lon="-1.295210"><ele>12</ele><time>2026-03-01T11:24:00Z</time></trkpt>
			<trkpt lat="47.388940" lon="-1.295100"><ele>12</ele><time>2026-03-01T11:24:12Z</time></trkpt>
			<trkpt lat="47.388850" lon="-1.294980"><ele>12</ele><time>2026-03-01T11:24:24Z</time></trkpt>
			<trkpt lat="47.388750" lon="-1.294810"><ele>11</ele><time>2026-03-01T11:24:36Z</time></trkpt>
			<trkpt lat="47.388690" lon="-1.294670"><ele>11</ele><time>2026-03-01T11:24:48Z</time></trkpt>
			<trkpt lat="47.388640" lon="-1.294550"><ele>11</ele><time>2026-03-01T11:25:00Z</time></trkpt>
			<trkpt lat="47.388410" lon="-1.293820"><ele>12</ele><time>2026-03-01T11:25:12Z</time></trkpt>
			<trkpt lat="47.387930" lon="-1.292260"><ele>21</ele><time>2026-03-01T11:25:24Z</time></trkpt>
			<trkpt lat="47.387800" lon="-1.291820"><ele>25</ele><time>2026-03-01T11:25:36Z</time></trkpt>
			<trkpt lat="47.387580" lon="-1.291200"><ele>29</ele><time>2026-03-01T11:25:48Z</time></trkpt>
			<trkpt lat="47.386870" lon="-1.289390"><ele>33</ele><time>2026-03-01T11:26:00Z</time></trkpt>
			<trkpt lat="47.386400" lon="-1.288230"><ele>33</ele><time>2026-03-01T11:26:12Z</time></trkpt>
			<trkpt lat="47.386300" lon="-1.287880"><ele>33</ele><time>2026-03-01T11:26:24Z</time></trkpt>
			<trkpt lat="47.386270" lon="-1.287710"><ele>33</ele><time>2026-03-01T11:26:36Z</time></trkpt>
			<trkpt lat="47.386250" lon="-1.287390"><ele>33</ele><time>2026-03-01T11:26:48Z</time></trkpt>
			<trkpt lat="47.386250" lon="-1.287230"><ele>34</ele><time>2026-03-01T11:27:00Z</time></trkpt>
			<trkpt lat="47.386390" lon="-1.285500"><ele>38</ele><time>2026-03-01T11:27:12Z</time></trkpt>
			<trkpt lat="47.386400" lon="-1.285280"><ele>38</ele><time>2026-03-01T11:27:24Z</time></trkpt>
			<trkpt lat="47.386390" lon="-1.285080"><ele>39</ele><time>2026-03-01T11:27:36Z</time></trkpt>
			<trkpt lat="47.386380" lon="-1.284900"><ele>39</ele><time>2026-03-01T11:27:48Z</time></trkpt>
			<trkpt lat="47.386350" lon="-1.284700"><ele>40</ele><time>2026-03-01T11:28:00Z</time></trkpt>
			<trkpt lat="47.386300" lon="-1.284520"><ele>40</ele><time>2026-03-01T11:28:12Z</time></trkpt>
			<trkpt lat="47.386260" lon="-1.284360"><ele>40</ele><time>2026-03-01T11:28:24Z</time></trkpt>
			<trkpt lat="47.385750" lon="-1.282930"><ele>42</ele><time>2026-03-01T11:28:36Z</time></trkpt>
			<trkpt lat="47.385320" lon="-1.281680"><ele>45</ele><time>2026-03-01T11:28:48Z</time></trkpt>
			<trkpt lat="47.385220" lon="-1.281340"><ele>45</ele><time>2026-03-01T11:29:00Z</time></trkpt>
			<trkpt lat="47.385140" lon="-1.280890"><ele>45</ele><time>2026-03-01T11:29:12Z</time></trkpt>
			<trkpt lat="47.385100" lon="-1.280590"><ele>45</ele><time>2026-03-01T11:29:24Z</time></trkpt>
			<trkpt lat="47.384990" lon="-1.279470"><ele>46</ele><time>2026-03-01T11:29:36Z</time></trkpt>
			<trkpt lat="47.384570" lon="-1.274760"><ele>39</ele><time>2026-03-01T11:29:48Z</time></trkpt>
			<trkpt lat="47.384510" lon="-1.274060"><ele>38</ele><time>2026-03-01T11:30:00Z</time></trkpt>
			<trkpt lat="47.384450" lon="-1.273610"><ele>38</ele><time>2026-03-01T11:30:12Z</time></trkpt>
			<trkpt lat="47.384380" lon="-1.273150"><ele>37</ele><time>2026-03-01T11:30:24Z</time></trkpt>
			<trkpt lat="47.384310" lon="-1.272860"><ele>36</ele><time>2026-03-01T11:30:36Z</time></trkpt>
			<trkpt lat="47.384220" lon="-1.272560"><ele>36</ele><time>2026-03-01T11:30:48Z</time></trkpt>
			<trkpt lat="47.383880" lon="-1.271370"><ele>35</ele><time>2026-03-01T11:31:00Z</time></trkpt>
			<trkpt lat="47.383150" lon="-1.268810"><ele>37</ele><time>2026-03-01T11:31:12Z</time></trkpt>
			<trkpt lat="47.382490" lon="-1.266580"><ele>34</ele><time>2026-03-01T11:31:24Z</time></trkpt>
			<trkpt lat="47.382260" lon="-1.265780"><ele>35</ele><time>2026-03-01T11:31:36Z</time></trkpt>
			<trkpt lat="47.382160" lon="-1.265410"><ele>36</ele><time>2026-03-01T11:31:48Z</time></trkpt>
			<trkpt lat="47.382060" lon="-1.264930"><ele>37</ele><time>2026-03-01T11:32:00Z</time></trkpt>
			<trkpt lat="47.382030" lon="-1.264680"><ele>37</ele><time>2026-03-01T11:32:12Z</time></trkpt>
			<trkpt lat="47.381960" lon="-1.264020"><ele>36</ele><time>2026-03-01T11:32:24Z</time></trkpt>
			<trkpt lat="47.381880" lon="-1.263060"><ele>35</ele><time>2026-03-01T11:32:36Z</time></trkpt>
			<trkpt lat="47.381830" lon="-1.262640"><ele>35</ele><time>2026-03-01T11:32:48Z</time></trkpt>
			<trkpt lat="47.381780" lon="-1.262350"><ele>36</ele><time>2026-03-01T11:33:00Z</time></trkpt>
			<trkpt lat="47.381710" lon="-1.262000"><ele>36</ele><time>2026-03-01T11:33:12Z</time></trkpt>
			<trkpt lat="47.381620" lon="-1.261660"><ele>37</ele><time>2026-03-01T11:33:24Z</time></trkpt>
			<trkpt lat="47.381540" lon="-1.261380"><ele>37</ele><time>2026-03-01T11:33:36Z</time></trkpt>
			<trkpt lat="47.381420" lon="-1.261040"><ele>38</ele><time>2026-03-01T11:33:48Z</time></trkpt>
			<trkpt lat="47.381180" lon="-1.260460"><ele>38</ele><time>2026-03-01T11:34:00Z</time></trkpt>
			<trkpt lat="47.380940" lon="-1.259930"><ele>38</ele><time>2026-03-01T11:34:12Z</time></trkpt>
			<trkpt lat="47.380060" lon="-1.257970"><ele>36</ele><time>2026-03-01T11:34:24Z</time></trkpt>
			<trkpt lat="47.379990" lon="-1.257790"><ele>36</ele><time>2026-03-01T11:34:36Z</time></trkpt>
			<trkpt lat="47.379700" lon="-1.257050"><ele>36</ele><time>2026-03-01T11:34:48Z</time></trkpt>
			<trkpt lat="47.379520" lon="-1.256500"><ele>37</ele><time>2026-03-01T11:35:00Z</time></trkpt>
			<trkpt lat="47.379330" lon="-1.255870"><ele>39</ele><time>2026-03-01T11:35:12Z</time></trkpt>
			<trkpt lat="47.379070" lon="-1.254990"><ele>39</ele><time>2026-03-01T11:35:24Z</time></trkpt>
			<trkpt lat="47.377790" lon="-1.250720"><ele>40</ele><time>2026-03-01T11:35:36Z</time></trkpt>
			<trkpt lat="47.377370" lon="-1.249300"><ele>40</ele><time>2026-03-01T11:35:48Z</time></trkpt>
			<trkpt lat="47.376680" lon="-1.247050"><ele>41</ele><time>2026-03-01T11:36:00Z</time></trkpt>
			<trkpt lat="47.376200" lon="-1.245420"><ele>43</ele><time>2026-03-01T11:36:12Z</time></trkpt>
			<trkpt lat="47.375750" lon="-1.243940"><ele>45</ele><time>2026-03-01T11:36:24Z</time></trkpt>
			<trkpt lat="47.375460" lon="-1.242960"><ele>46</ele><time>2026-03-01T11:36:36Z</time></trkpt>
			<trkpt lat="47.375260" lon="-1.242200"><ele>47</ele><time>2026-03-01T11:36:48Z</time></trkpt>
			<trkpt lat="47.373490" lon="-1.234930"><ele>47</ele><time>2026-03-01T11:37:00Z</time></trkpt>
			<trkpt lat="47.373090" lon="-1.233310"><ele>46</ele><time>2026-03-01T11:37:12Z</time></trkpt>
			<trkpt lat="47.371290" lon="-1.225980"><ele>44</ele><time>2026-03-01T11:37:24Z</time></trkpt>
			<trkpt lat="47.370900" lon="-1.224370"><ele>44</ele><time>2026-03-01T11:37:36Z</time></trkpt>
			<trkpt lat="47.370260" lon="-1.221760"><ele>47</ele><time>2026-03-01T11:37:48Z</time></trkpt>
			<trkpt lat="47.370060" lon="-1.220970"><ele>48</ele><time>2026-03-01T11:38:00Z</time></trkpt>
			<trkpt lat="47.370020" lon="-1.220730"><ele>48</ele><time>2026-03-01T11:38:12Z</time></trkpt>
			<trkpt lat="47.369940" lon="-1.220180"><ele>47</ele><time>2026-03-01T11:38:24Z</time></trkpt>
			<trkpt lat="47.369770" lon="-1.218870"><ele>47</ele><time>2026-03-01T11:38:36Z</time></trkpt>
			<trkpt lat="47.369710" lon="-1.218420"><ele>47</ele><time>2026-03-01T11:38:48Z</time></trkpt>
			<trkpt lat="47.369490" lon="-1.216900"><ele>46</ele><time>2026-03-01T11:39:00Z</time></trkpt>
			<trkpt lat="47.369410" lon="-1.216430"><ele>45</ele><time>2026-03-01T11:39:12Z</time></trkpt>
			<trkpt lat="47.369350" lon="-1.216170"><ele>45</ele><time>2026-03-01T11:39:24Z</time></trkpt>
			<trkpt lat="47.368860" lon="-1.214250"><ele>45</ele><time>2026-03-01T11:39:36Z</time></trkpt>
			<trkpt lat="47.368810" lon="-1.214120"><ele>45</ele><time>2026-03-01T11:39:48Z</time></trkpt>
			<trkpt lat="47.368740" lon="-1.213950"><ele>45</ele><time>2026-03-01T11:40:00Z</time></trkpt>
			<trkpt lat="47.368630" lon="-1.213790"><ele>45</ele><time>2026-03-01T11:40:12Z</time></trkpt>
			<trkpt lat="47.368590" lon="-1.213810"><ele>45</ele><time>2026-03-01T11:40:24Z</time></trkpt>
			<trkpt lat="47.368520" lon="-1.213810"><ele>45</ele><time>2026-03-01T11:40:36Z</time></trkpt>
			<trkpt lat="47.368480" lon="-1.213800"><ele>45</ele><time>2026-03-01T11:40:48Z</time></trkpt>
			<trkpt lat="47.368420" lon="-1.213760"><ele>45</ele><time>2026-03-01T11:41:00Z</time></trkpt>
			<trkpt lat="47.368370" lon="-1.213700"><ele>45</ele><time>2026-03-01T11:41:12Z</time></trkpt>
			<trkpt lat="47.368320" lon="-1.213590"><ele>45</ele><time>2026-03-01T11:41:24Z</time></trkpt>
			<trkpt lat="47.368300" lon="-1.213490"><ele>44</ele><time>2026-03-01T11:41:36Z</time></trkpt>
			<trkpt lat="47.368300" lon="-1.213350"><ele>44</ele><time>2026-03-01T11:41:48Z</time></trkpt>
			<trkpt lat="47.368240" lon="-1.213050"><ele>43</ele><time>2026-03-01T11:42:00Z</time></trkpt>
			<trkpt lat="47.368190" lon="-1.212870"><ele>43</ele><time>2026-03-01T11:42:12Z</time></trkpt>
			<trkpt lat="47.368200" lon="-1.212500"><ele>42</ele><time>2026-03-01T11:42:24Z</time></trkpt>
			<trkpt lat="47.368160" lon="-1.212290"><ele>42</ele><time>2026-03-01T11:42:36Z</time></trkpt>
			<trkpt lat="47.368340" lon="-1.212190"><ele>42</ele><time>2026-03-01T11:42:48Z</time></trkpt>
			<trkpt lat="47.368420" lon="-1.212130"><ele>42</ele><time>2026-03-01T11:43:00Z</time></trkpt>
			<trkpt lat="47.368510" lon="-1.212040"><ele>42</ele><time>2026-03-01T11:43:12Z</time></trkpt>
			<trkpt lat="47.368590" lon="-1.211920"><ele>43</ele><time>2026-03-01T11:43:24Z</time></trkpt>
			<trkpt lat="47.368630" lon="-1.211820"><ele>43</ele><time>2026-03-01T11:43:36Z</time></trkpt>
			<trkpt lat="47.368670" lon="-1.211680"><ele>43</ele><time>2026-03-01T11:43:48Z</time></trkpt>
			<trkpt lat="47.368750" lon="-1.211300"><ele>43</ele><time>2026-03-01T11:44:00Z</time></trkpt>
			<trkpt lat="47.368780" lon="-1.211060"><ele>43</ele><time>2026-03-01T11:44:12Z</time></trkpt>
			<trkpt lat="47.368790" lon="-1.210940"><ele>43</ele><time>2026-03-01T11:44:24Z</time></trkpt>
			<trkpt lat="47.368790" lon="-1.210670"><ele>43</ele><time>2026-03-01T11:44:36Z</time></trkpt>
			<trkpt lat="47.368780" lon="-1.210520"><ele>42</ele><time>2026-03-01T11:44:48Z</time></trkpt>
			<trkpt lat="47.368730" lon="-1.210050"><ele>42</ele><time>2026-03-01T11:45:00Z</time></trkpt>
			<trkpt lat="47.368670" lon="-1.209560"><ele>41</ele><time>2026-03-01T11:45:12Z</time></trkpt>
			<trkpt lat="47.368600" lon="-1.209040"><ele>40</ele><time>2026-03-01T11:45:24Z</time></trkpt>
			<trkpt lat="47.368490" lon="-1.208270"><ele>40</ele><time>2026-03-01T11:45:36Z</time></trkpt>
			<trkpt lat="47.368450" lon="-1.208050"><ele>40</ele><time>2026-03-01T11:45:48Z</time></trkpt>
			<trkpt lat="47.368440" lon="-1.208000"><ele>40</ele><time>2026-03-01T11:46:00Z</time></trkpt>
			<trkpt lat="47.368330" lon="-1.207440"><ele>40</ele><time>2026-03-01T11:46:12Z</time></trkpt>
			<trkpt lat="47.368300" lon="-1.207210"><ele>40</ele><time>2026-03-01T11:46:24Z</time></trkpt>
			<trkpt lat="47.368300" lon="-1.207030"><ele>39</ele><time>2026-03-01T11:46:36Z</time></trkpt>
			<trkpt lat="47.368310" lon="-1.206560"><ele>39</ele><time>2026-03-01T11:46:48Z</time></trkpt>
			<trkpt lat="47.368370" lon="-1.205330"><ele>38</ele><time>2026-03-01T11:47:00Z</time></trkpt>
			<trkpt lat="47.368390" lon="-1.205070"><ele>38</ele><time>2026-03-01T11:47:12Z</time></trkpt>
			<trkpt lat="47.368390" lon="-1.204940"><ele>38</ele><time>2026-03-01T11:47:24Z</time></trkpt>
			<trkpt lat="47.368440" lon="-1.204630"><ele>38</ele><time>2026-03-01T11:47:36Z</time></trkpt>
			<trkpt lat="47.368530" lon="-1.204150"><ele>38</ele><time>2026-03-01T11:47:48Z</time></trkpt>
			<trkpt lat="47.368600" lon="-1.203770"><ele>37</ele><time>2026-03-01T11:48:00Z</time></trkpt>
			<trkpt lat="47.368620" lon="-1.203690"><ele>37</ele><time>2026-03-01T11:48:12Z</time></trkpt>
			<trkpt lat="47.368740" lon="-1.203080"><ele>36</ele><time>2026-03-01T11:48:24Z</time></trkpt>
			<trkpt lat="47.368770" lon="-1.202950"><ele>35</ele><time>2026-03-01T11:48:36Z</time></trkpt>
			<trkpt lat="47.368860" lon="-1.202490"><ele>35</ele><time>2026-03-01T11:48:48Z</time></trkpt>
			<trkpt lat="47.369050" lon="-1.201530"><ele>33</ele><time>2026-03-01T11:49:00Z</time></trkpt>
			<trkpt lat="47.369110" lon="-1.201250"><ele>34</ele><time>2026-03-01T11:49:12Z</time></trkpt>
			<trkpt lat="47.369140" lon="-1.201100"><ele>34</ele><time>2026-03-01T11:49:24Z</time></trkpt>
			<trkpt lat="47.369260" lon="-1.200510"><ele>34</ele><time>2026-03-01T11:49:36Z</time></trkpt>
			<trkpt lat="47.369310" lon="-1.200290"><ele>35</ele><time>2026-03-01T11:49:48Z</time></trkpt>
			<trkpt lat="47.369540" lon="-1.199210"><ele>37</ele><time>2026-03-01T11:50:00Z</time></trkpt>
			<trkpt lat="47.369530" lon="-1.198870"><ele>37</ele><time>2026-03-01T11:50:12Z</time></trkpt>
			<trkpt lat="47.369590" lon="-1.198560"><ele>37</ele><time>2026-03-01T11:50:24Z</time></trkpt>
			<trkpt lat="47.369620" lon="-1.198420"><ele>37</ele><time>2026-03-01T11:50:36Z</time></trkpt>
			<trkpt lat="47.369660" lon="-1.198300"><ele>36</ele><time>2026-03-01T11:50:48Z</time></trkpt>
			<trkpt lat="47.369730" lon="-1.198090"><ele>36</ele><time>2026-03-01T11:51:00Z</time></trkpt>
			<trkpt lat="47.369790" lon="-1.197970"><ele>36</ele><time>2026-03-01T11:51:12Z</time></trkpt>
			<trkpt lat="47.369920" lon="-1.197740"><ele>35</ele><time>2026-03-01T11:51:24Z</time></trkpt>
			<trkpt lat="47.369950" lon="-1.197660"><ele>35</ele><time>2026-03-01T11:51:36Z</time></trkpt>
			<trkpt lat="47.370010" lon="-1.197470"><ele>35</ele><time>2026-03-01T11:51:48Z</time></trkpt>
			<trkpt lat="47.370070" lon="-1.197210"><ele>34</ele><time>2026-03-01T11:52:00Z</time></trkpt>
			<trkpt lat="47.370090" lon="-1.197100"><ele>34</ele><time>2026-03-01T11:52:12Z</time></trkpt>
			<trkpt lat="47.370140" lon="-1.196830"><ele>34</ele><time>2026-03-01T11:52:24Z</time></trkpt>
			<trkpt lat="47.370220" lon="-1.196460"><ele>33</ele><time>2026-03-01T11:52:36Z</time></trkpt>
			<trkpt lat="47.370270" lon="-1.196200"><ele>32</ele><time>2026-03-01T11:52:48Z</time></trkpt>
			<trkpt lat="47.370300" lon="-1.196040"><ele>32</ele><time>2026-03-01T11:53:00Z</time></trkpt>
			<trkpt lat="47.370360" lon="-1.195620"><ele>31</ele><time>2026-03-01T11:53:12Z</time></trkpt>
			<trkpt lat="47.370410" lon="-1.195420"><ele>31</ele><time>2026-03-01T11:53:24Z</time></trkpt>
			<trkpt lat="47.370450" lon="-1.195080"><ele>30</ele><time>2026-03-01T11:53:36Z</time></trkpt>
			<trkpt lat="47.370450" lon="-1.194910"><ele>30</ele><time>2026-03-01T11:53:48Z</time></trkpt>
			<trkpt lat="47.370580" lon="-1.193730"><ele>28</ele><time>2026-03-01T11:54:00Z</time></trkpt>
			<trkpt lat="47.370620" lon="-1.193350"><ele>27</ele><time>2026-03-01T11:54:12Z</time></trkpt>
			<trkpt lat="47.370700" lon="-1.192490"><ele>25</ele><time>2026-03-01T11:54:24Z</time></trkpt>
			<trkpt lat="47.370750" lon="-1.192000"><ele>24</ele><time>2026-03-01T11:54:36Z</time></trkpt>
			<trkpt lat="47.370780" lon="-1.191680"><ele>23</ele><time>2026-03-01T11:54:48Z</time></trkpt>
			<trkpt lat="47.370780" lon="-1.191587"><ele>23</ele><time>2026-03-01T11:55:00Z</time></trkpt>
			<trkpt lat="47.369939" lon="-1.190482"><ele>23</ele><time>2026-03-01T11:55:12Z</time></trkpt>
			<trkpt lat="47.369098" lon="-1.189376"><ele>23</ele><time>2026-03-01T11:55:24Z</time></trkpt>
			<trkpt lat="47.368257" lon="-1.188271"><ele>23</ele><time>2026-03-01T11:55:36Z</time></trkpt>
			<trkpt lat="47.367416" lon="-1.187166"><ele>23</ele><time>2026-03-01T11:55:48Z</time></trkpt>
			<trkpt lat="47.366574" lon="-1.186061"><ele>23</ele><time>2026-03-01T11:56:00Z</time></trkpt>
			<trkpt lat="47.365733" lon="-1.184956"><ele>23</ele><time>2026-03-01T11:56:12Z</time></trkpt>
			<trkpt lat="47.364892" lon="-1.183850"><ele>23</ele><time>2026-03-01T11:56:24Z</time></trkpt>
			<trkpt lat="47.364051" lon="-1.182745"><ele>23</ele><time>2026-03-01T11:56:36Z</time></trkpt>
			<trkpt lat="47.363210" lon="-1.181640"><ele>23</ele><time>2026-03-01T11:56:48Z</time></trkpt>
		</trkseg>
	</trk>
</gpx>
