<?xml version="1.0" encoding="UTF-8" ?>
<gpx version="1.1" xmlns:xsi="http://www.w3.org/2001/XMLSchema-instance"
    xmlns="http://www.topografix.com/GPX/1/1"
    xsi:schemaLocation="http://www.topografix.com/GPX/1/1 http://www.topografix.com/GPX/1/1/gpx.xsd"
    creator="Club'O'Clock — jeu de démonstration">
	<trk>
		<name>Nord-Ouest 80 km</name>
		<trkseg>
			<trkpt lat="47.363210" lon="-1.181640"><ele>23</ele><time>2026-03-01T08:00:00Z</time></trkpt>
			<trkpt lat="47.364051" lon="-1.182699"><ele>23</ele><time>2026-03-01T08:00:12Z</time></trkpt>
			<trkpt lat="47.364891" lon="-1.183758"><ele>23</ele><time>2026-03-01T08:00:24Z</time></trkpt>
			<trkpt lat="47.365732" lon="-1.184817"><ele>23</ele><time>2026-03-01T08:00:36Z</time></trkpt>
			<trkpt lat="47.366572" lon="-1.185876"><ele>23</ele><time>2026-03-01T08:00:48Z</time></trkpt>
			<trkpt lat="47.367413" lon="-1.186935"><ele>23</ele><time>2026-03-01T08:01:00Z</time></trkpt>
			<trkpt lat="47.368254" lon="-1.187994"><ele>23</ele><time>2026-03-01T08:01:12Z</time></trkpt>
			<trkpt lat="47.369094" lon="-1.189053"><ele>23</ele><time>2026-03-01T08:01:24Z</time></trkpt>
			<trkpt lat="47.369935" lon="-1.190112"><ele>23</ele><time>2026-03-01T08:01:36Z</time></trkpt>
			<trkpt lat="47.370775" lon="-1.191171"><ele>23</ele><time>2026-03-01T08:01:48Z</time></trkpt>
			<trkpt lat="47.370780" lon="-1.191320"><ele>23</ele><time>2026-03-01T08:02:00Z</time></trkpt>
			<trkpt lat="47.370780" lon="-1.191570"><ele>23</ele><time>2026-03-01T08:02:12Z</time></trkpt>
			<trkpt lat="47.370780" lon="-1.191680"><ele>23</ele><time>2026-03-01T08:02:24Z</time></trkpt>
			<trkpt lat="47.370750" lon="-1.192000"><ele>24</ele><time>2026-03-01T08:02:36Z</time></trkpt>
			<trkpt lat="47.370700" lon="-1.192490"><ele>25</ele><time>2026-03-01T08:02:48Z</time></trkpt>
			<trkpt lat="47.370620" lon="-1.193350"><ele>27</ele><time>2026-03-01T08:03:00Z</time></trkpt>
			<trkpt lat="47.370570" lon="-1.193850"><ele>28</ele><time>2026-03-01T08:03:12Z</time></trkpt>
			<trkpt lat="47.370450" lon="-1.194910"><ele>30</ele><time>2026-03-01T08:03:24Z</time></trkpt>
			<trkpt lat="47.370450" lon="-1.195080"><ele>30</ele><time>2026-03-01T08:03:36Z</time></trkpt>
			<trkpt lat="47.370410" lon="-1.195420"><ele>31</ele><time>2026-03-01T08:03:48Z</time></trkpt>
			<trkpt lat="47.370360" lon="-1.195620"><ele>31</ele><time>2026-03-01T08:04:00Z</time></trkpt>
			<trkpt lat="47.370300" lon="-1.196040"><ele>32</ele><time>2026-03-01T08:04:12Z</time></trkpt>
			<trkpt lat="47.370270" lon="-1.196200"><ele>32</ele><time>2026-03-01T08:04:24Z</time></trkpt>
			<trkpt lat="47.370220" lon="-1.196460"><ele>33</ele><time>2026-03-01T08:04:36Z</time></trkpt>
			<trkpt lat="47.370140" lon="-1.196830"><ele>34</ele><time>2026-03-01T08:04:48Z</time></trkpt>
			<trkpt lat="47.370090" lon="-1.197100"><ele>34</ele><time>2026-03-01T08:05:00Z</time></trkpt>
			<trkpt lat="47.370070" lon="-1.197210"><ele>34</ele><time>2026-03-01T08:05:12Z</time></trkpt>
			<trkpt lat="47.370010" lon="-1.197460"><ele>35</ele><time>2026-03-01T08:05:24Z</time></trkpt>
			<trkpt lat="47.369950" lon="-1.197660"><ele>35</ele><time>2026-03-01T08:05:36Z</time></trkpt>
			<trkpt lat="47.369920" lon="-1.197740"><ele>35</ele><time>2026-03-01T08:05:48Z</time></trkpt>
			<trkpt lat="47.369790" lon="-1.197970"><ele>36</ele><time>2026-03-01T08:06:00Z</time></trkpt>
			<trkpt lat="47.369730" lon="-1.198090"><ele>36</ele><time>2026-03-01T08:06:12Z</time></trkpt>
			<trkpt lat="47.369660" lon="-1.198300"><ele>36</ele><time>2026-03-01T08:06:24Z</time></trkpt>
			<trkpt lat="47.369620" lon="-1.198420"><ele>37</ele><time>2026-03-01T08:06:36Z</time></trkpt>
			<trkpt lat="47.369590" lon="-1.198560"><ele>37</ele><time>2026-03-01T08:06:48Z</time></trkpt>
			<trkpt lat="47.369530" lon="-1.198870"><ele>37</ele><time>2026-03-01T08:07:00Z</time></trkpt>
			<trkpt lat="47.369540" lon="-1.199210"><ele>37</ele><time>2026-03-01T08:07:12Z</time></trkpt>
			<trkpt lat="47.369310" lon="-1.200290"><ele>35</ele><time>2026-03-01T08:07:24Z</time></trkpt>
			<trkpt lat="47.369260" lon="-1.200510"><ele>34</ele><time>2026-03-01T08:07:36Z</time></trkpt>
			<trkpt lat="47.369140" lon="-1.201100"><ele>34</ele><time>2026-03-01T08:07:48Z</time></trkpt>
			<trkpt lat="47.369110" lon="-1.201250"><ele>34</ele><time>2026-03-01T08:08:00Z</time></trkpt>
			<trkpt lat="47.369050" lon="-1.201530"><ele>33</ele><time>2026-03-01T08:08:12Z</time></trkpt>
			<trkpt lat="47.368770" lon="-1.202950"><ele>35</ele><time>2026-03-01T08:08:24Z</time></trkpt>
			<trkpt lat="47.368740" lon="-1.203080"><ele>36</ele><time>2026-03-01T08:08:36Z</time></trkpt>
			<trkpt lat="47.368620" lon="-1.203690"><ele>37</ele><time>2026-03-01T08:08:48Z</time></trkpt>
			<trkpt lat="47.368600" lon="-1.203770"><ele>37</ele><time>2026-03-01T08:09:00Z</time></trkpt>
			<trkpt lat="47.368530" lon="-1.204150"><ele>38</ele><time>2026-03-01T08:09:12Z</time></trkpt>
			<trkpt lat="47.368440" lon="-1.204630"><ele>38</ele><time>2026-03-01T08:09:24Z</time></trkpt>
			<trkpt lat="47.368390" lon="-1.204940"><ele>38</ele><time>2026-03-01T08:09:36Z</time></trkpt>
			<trkpt lat="47.368390" lon="-1.205070"><ele>38</ele><time>2026-03-01T08:09:48Z</time></trkpt>
			<trkpt lat="47.368370" lon="-1.205330"><ele>38</ele><time>2026-03-01T08:10:00Z</time></trkpt>
			<trkpt lat="47.368310" lon="-1.206560"><ele>39</ele><time>2026-03-01T08:10:12Z</time></trkpt>
			<trkpt lat="47.368300" lon="-1.207030"><ele>39</ele><time>2026-03-01T08:10:24Z</time></trkpt>
			<trkpt lat="47.368300" lon="-1.207210"><ele>40</ele><time>2026-03-01T08:10:36Z</time></trkpt>
			<trkpt lat="47.368330" lon="-1.207440"><ele>40</ele><time>2026-03-01T08:10:48Z</time></trkpt>
			<trkpt lat="47.368440" lon="-1.208000"><ele>40</ele><time>2026-03-01T08:11:00Z</time></trkpt>
			<trkpt lat="47.368450" lon="-1.208050"><ele>40</ele><time>2026-03-01T08:11:12Z</time></trkpt>
			<trkpt lat="47.368490" lon="-1.208270"><ele>40</ele><time>2026-03-01T08:11:24Z</time></trkpt>
			<trkpt lat="47.368600" lon="-1.209040"><ele>40</ele><time>2026-03-01T08:11:36Z</time></trkpt>
			<trkpt lat="47.368670" lon="-1.209560"><ele>41</ele><time>2026-03-01T08:11:48Z</time></trkpt>
			<trkpt lat="47.368720" lon="-1.209990"><ele>42</ele><time>2026-03-01T08:12:00Z</time></trkpt>
			<trkpt lat="47.368780" lon="-1.210520"><ele>42</ele><time>2026-03-01T08:12:12Z</time></trkpt>
			<trkpt lat="47.368790" lon="-1.210670"><ele>43</ele><time>2026-03-01T08:12:24Z</time></trkpt>
			<trkpt lat="47.368790" lon="-1.210940"><ele>43</ele><time>2026-03-01T08:12:36Z</time></trkpt>
			<trkpt lat="47.368780" lon="-1.211060"><ele>43</ele><time>2026-03-01T08:12:48Z</time></trkpt>
			<trkpt lat="47.368750" lon="-1.211300"><ele>43</ele><time>2026-03-01T08:13:00Z</time></trkpt>
			<trkpt lat="47.368670" lon="-1.211680"><ele>43</ele><time>2026-03-01T08:13:12Z</time></trkpt>
			<trkpt lat="47.368630" lon="-1.211820"><ele>43</ele><time>2026-03-01T08:13:24Z</time></trkpt>
			<trkpt lat="47.368590" lon="-1.211920"><ele>43</ele><time>2026-03-01T08:13:36Z</time></trkpt>
			<trkpt lat="47.368510" lon="-1.212040"><ele>42</ele><time>2026-03-01T08:13:48Z</time></trkpt>
			<trkpt lat="47.368420" lon="-1.212130"><ele>42</ele><time>2026-03-01T08:14:00Z</time></trkpt>
			<trkpt lat="47.368340" lon="-1.212190"><ele>42</ele><time>2026-03-01T08:14:12Z</time></trkpt>
			<trkpt lat="47.368160" lon="-1.212290"><ele>42</ele><time>2026-03-01T08:14:24Z</time></trkpt>
			<trkpt lat="47.368200" lon="-1.212500"><ele>42</ele><time>2026-03-01T08:14:36Z</time></trkpt>
			<trkpt lat="47.368190" lon="-1.212870"><ele>43</ele><time>2026-03-01T08:14:48Z</time></trkpt>
			<trkpt lat="47.368240" lon="-1.213050"><ele>43</ele><time>2026-03-01T08:15:00Z</time></trkpt>
			<trkpt lat="47.368390" lon="-1.213150"><ele>44</ele><time>2026-03-01T08:15:12Z</time></trkpt>
			<trkpt lat="47.368420" lon="-1.213120"><ele>44</ele><time>2026-03-01T08:15:24Z</time></trkpt>
			<trkpt lat="47.368470" lon="-1.213080"><ele>44</ele><time>2026-03-01T08:15:36Z</time></trkpt>
			<trkpt lat="47.368500" lon="-1.213070"><ele>44</ele><time>2026-03-01T08:15:48Z</time></trkpt>
			<trkpt lat="47.368570" lon="-1.213060"><ele>44</ele><time>2026-03-01T08:16:00Z</time></trkpt>
			<trkpt lat="47.368650" lon="-1.213100"><ele>44</ele><time>2026-03-01T08:16:12Z</time></trkpt>
			<trkpt lat="47.368730" lon="-1.213180"><ele>44</ele><time>2026-03-01T08:16:24Z</time></trkpt>
			<trkpt lat="47.368760" lon="-1.213240"><ele>44</ele><time>2026-03-01T08:16:36Z</time></trkpt>
			<trkpt lat="47.368790" lon="-1.213320"><ele>45</ele><time>2026-03-01T08:16:48Z</time></trkpt>
			<trkpt lat="47.368800" lon="-1.213440"><ele>45</ele><time>2026-03-01T08:17:00Z</time></trkpt>
			<trkpt lat="47.368790" lon="-1.213570"><ele>45</ele><time>2026-03-01T08:17:12Z</time></trkpt>
			<trkpt lat="47.368770" lon="-1.213630"><ele>45</ele><time>2026-03-01T08:17:24Z</time></trkpt>
			<trkpt lat="47.368770" lon="-1.213780"><ele>45</ele><time>2026-03-01T08:17:36Z</time></trkpt>
			<trkpt lat="47.368810" lon="-1.214120"><ele>45</ele><time>2026-03-01T08:17:48Z</time></trkpt>
			<trkpt lat="47.368860" lon="-1.214250"><ele>45</ele><time>2026-03-01T08:18:00Z</time></trkpt>
			<trkpt lat="47.369350" lon="-1.216170"><ele>45</ele><time>2026-03-01T08:18:12Z</time></trkpt>
			<trkpt lat="47.369410" lon="-1.216430"><ele>45</ele><time>2026-03-01T08:18:24Z</time></trkpt>
			<trkpt lat="47.369490" lon="-1.216900"><ele>46</ele><time>2026-03-01T08:18:36Z</time></trkpt>
			<trkpt lat="47.369710" lon="-1.218420"><ele>47</ele><time>2026-03-01T08:18:48Z</time></trkpt>
			<trkpt lat="47.369770" lon="-1.218870"><ele>47</ele><time>2026-03-01T08:19:00Z</time></trkpt>
			<trkpt lat="47.370300" lon="-1.218720"><ele>45</ele><time>2026-03-01T08:19:12Z</time></trkpt>
			<trkpt lat="47.370960" lon="-1.218500"><ele>44</ele><time>2026-03-01T08:19:24Z</time></trkpt>
			<trkpt lat="47.371480" lon="-1.218280"><ele>42</ele><time>2026-03-01T08:19:36Z</time></trkpt>
			<trkpt lat="47.372520" lon="-1.217800"><ele>38</ele><time>2026-03-01T08:19:48Z</time></trkpt>
			<trkpt lat="47.372950" lon="-1.217530"><ele>39</ele><time>2026-03-01T08:20:00Z</time></trkpt>
			<trkpt lat="47.373050" lon="-1.217480"><ele>39</ele><time>2026-03-01T08:20:12Z</time></trkpt>
			<trkpt lat="47.373160" lon="-1.217470"><ele>39</ele><time>2026-03-01T08:20:24Z</time></trkpt>
			<trkpt lat="47.373280" lon="-1.217500"><ele>39</ele><time>2026-03-01T08:20:36Z</time></trkpt>
			<trkpt lat="47.373420" lon="-1.217590"><ele>39</ele><time>2026-03-01T08:20:48Z</time></trkpt>
			<trkpt lat="47.373490" lon="-1.217740"><ele>38</ele><time>2026-03-01T08:21:00Z</time></trkpt>
			<trkpt lat="47.373540" lon="-1.217850"><ele>38</ele><time>2026-03-01T08:21:12Z</time></trkpt>
			<trkpt lat="47.373580" lon="-1.217980"><ele>38</ele><time>2026-03-01T08:21:24Z</time></trkpt>
			<trkpt lat="47.373610" lon="-1.218320"><ele>38</ele><time>2026-03-01T08:21:36Z</time></trkpt>
			<trkpt lat="47.373600" lon="-1.218600"><ele>37</ele><time>2026-03-01T08:21:48Z</time></trkpt>
			<trkpt lat="47.373620" lon="-1.218880"><ele>37</ele><time>2026-03-01T08:22:00Z</time></trkpt>
			<trkpt lat="47.373690" lon="-1.219080"><ele>37</ele><time>2026-03-01T08:22:12Z</time></trkpt>
			<trkpt lat="47.373820" lon="-1.219360"><ele>37</ele><time>2026-03-01T08:22:24Z</time></trkpt>
			<trkpt lat="47.373960" lon="-1.219690"><ele>36</ele><time>2026-03-01T08:22:36Z</time></trkpt>
			<trkpt lat="47.374520" lon="-1.220900"><ele>36</ele><time>2026-03-01T08:22:48Z</time></trkpt>
			<trkpt lat="47.374800" lon="-1.221440"><ele>36</ele><time>2026-03-01T08:23:00Z</time></trkpt>
			<trkpt lat="47.374980" lon="-1.222230"><ele>37</ele><time>2026-03-01T08:23:12Z</time></trkpt>
			<trkpt lat="47.375120" lon="-1.222610"><ele>37</ele><time>2026-03-01T08:23:24Z</time></trkpt>
			<trkpt lat="47.375200" lon="-1.222800"><ele>37</ele><time>2026-03-01T08:23:36Z</time></trkpt>
			<trkpt lat="47.375300" lon="-1.222920"><ele>37</ele><time>2026-03-01T08:23:48Z</time></trkpt>
			<trkpt lat="47.375430" lon="-1.223030"><ele>37</ele><time>2026-03-01T08:24:00Z</time></trkpt>
			<trkpt lat="47.375600" lon="-1.223110"><ele>36</ele><time>2026-03-01T08:24:12Z</time></trkpt>
			<trkpt lat="47.376290" lon="-1.223290"><ele>35</ele><time>2026-03-01T08:24:24Z</time></trkpt>
			<trkpt lat="47.376580" lon="-1.223380"><ele>34</ele><time>2026-03-01T08:24:36Z</time></trkpt>
			<trkpt lat="47.377070" lon="-1.223520"><ele>33</ele><time>2026-03-01T08:24:48Z</time></trkpt>
			<trkpt lat="47.377500" lon="-1.223680"><ele>31</ele><time>2026-03-01T08:25:00Z</time></trkpt>
			<trkpt lat="47.377670" lon="-1.223830"><ele>31</ele><time>2026-03-01T08:25:12Z</time></trkpt>
			<trkpt lat="47.377830" lon="-1.223940"><ele>31</ele><time>2026-03-01T08:25:24Z</time></trkpt>
			<trkpt lat="47.378030" lon="-1.224040"><ele>31</ele><time>2026-03-01T08:25:36Z</time></trkpt>
			<trkpt lat="47.379370" lon="-1.224410"><ele>31</ele><time>2026-03-01T08:25:48Z</time></trkpt>
			<trkpt lat="47.379580" lon="-1.224490"><ele>31</ele><time>2026-03-01T08:26:00Z</time></trkpt>
			<trkpt lat="47.380070" lon="-1.224790"><ele>31</ele><time>2026-03-01T08:26:12Z</time></trkpt>
			<trkpt lat="47.381610" lon="-1.225370"><ele>30</ele><time>2026-03-01T08:26:24Z</time></trkpt>
			<trkpt lat="47.381660" lon="-1.225400"><ele>29</ele><time>2026-03-01T08:26:36Z</time></trkpt>
			<trkpt lat="47.381740" lon="-1.225470"><ele>30</ele><time>2026-03-01T08:26:48Z</time></trkpt>
			<trkpt lat="47.381800" lon="-1.225560"><ele>30</ele><time>2026-03-01T08:27:00Z</time></trkpt>
			<trkpt lat="47.381880" lon="-1.225790"><ele>30</ele><time>2026-03-01T08:27:12Z</time></trkpt>
			<trkpt lat="47.381880" lon="-1.225970"><ele>30</ele><time>2026-03-01T08:27:24Z</time></trkpt>
			<trkpt lat="47.381760" lon="-1.226640"><ele>30</ele><time>2026-03-01T08:27:36Z</time></trkpt>
			<trkpt lat="47.381800" lon="-1.226860"><ele>30</ele><time>2026-03-01T08:27:48Z</time></trkpt>
			<trkpt lat="47.381850" lon="-1.226960"><ele>30</ele><time>2026-03-01T08:28:00Z</time></trkpt>
			<trkpt lat="47.382020" lon="-1.227140"><ele>30</ele><time>2026-03-01T08:28:12Z</time></trkpt>
			<trkpt lat="47.382440" lon="-1.227330"><ele>31</ele><time>2026-03-01T08:28:24Z</time></trkpt>
			<trkpt lat="47.382770" lon="-1.227400"><ele>31</ele><time>2026-03-01T08:28:36Z</time></trkpt>
			<trkpt lat="47.383700" lon="-1.227430"><ele>32</ele><time>2026-03-01T08:28:48Z</time></trkpt>
			<trkpt lat="47.384040" lon="-1.227320"><ele>32</ele><time>2026-03-01T08:29:00Z</time></trkpt>
			<trkpt lat="47.384320" lon="-1.227230"><ele>32</ele><time>2026-03-01T08:29:12Z</time></trkpt>
			<trkpt lat="47.384390" lon="-1.227210"><ele>32</ele><time>2026-03-01T08:29:24Z</time></trkpt>
			<trkpt lat="47.384450" lon="-1.227170"><ele>32</ele><time>2026-03-01T08:29:36Z</time></trkpt>
			<trkpt lat="47.384770" lon="-1.226880"><ele>32</ele><time>2026-03-01T08:29:48Z</time></trkpt>
			<trkpt lat="47.384880" lon="-1.226790"><ele>32</ele><time>2026-03-01T08:30:00Z</time></trkpt>
			<trkpt lat="47.384970" lon="-1.226720"><ele>32</ele><time>2026-03-01T08:30:12Z</time></trkpt>
			<trkpt lat="47.385110" lon="-1.226610"><ele>32</ele><time>2026-03-01T08:30:24Z</time></trkpt>
			<trkpt lat="47.385140" lon="-1.226680"><ele>32</ele><time>2026-03-01T08:30:36Z</time></trkpt>
			<trkpt lat="47.385450" lon="-1.227850"><ele>32</ele><time>2026-03-01T08:30:48Z</time></trkpt>
			<trkpt lat="47.386110" lon="-1.230210"><ele>29</ele><time>2026-03-01T08:31:00Z</time></trkpt>
			<trkpt lat="47.386720" lon="-1.232060"><ele>28</ele><time>2026-03-01T08:31:12Z</time></trkpt>
			<trkpt lat="47.386780" lon="-1.232270"><ele>27</ele><time>2026-03-01T08:31:24Z</time></trkpt>
			<trkpt lat="47.386820" lon="-1.232470"><ele>27</ele><time>2026-03-01T08:31:36Z</time></trkpt>
			<trkpt lat="47.386850" lon="-1.232700"><ele>27</ele><time>2026-03-01T08:31:48Z</time></trkpt>
			<trkpt lat="47.386980" lon="-1.234080"><ele>27</ele><time>2026-03-01T08:32:00Z</time></trkpt>
			<trkpt lat="47.387030" lon="-1.234660"><ele>26</ele><time>2026-03-01T08:32:12Z</time></trkpt>
			<trkpt lat="47.387240" lon="-1.236810"><ele>26</ele><time>2026-03-01T08:32:24Z</time></trkpt>
			<trkpt lat="47.387300" lon="-1.237090"><ele>26</ele><time>2026-03-01T08:32:36Z</time></trkpt>
			<trkpt lat="47.387360" lon="-1.237320"><ele>25</ele><time>2026-03-01T08:32:48Z</time></trkpt>
			<trkpt lat="47.387630" lon="-1.238010"><ele>24</ele><time>2026-03-01T08:33:00Z</time></trkpt>
			<trkpt lat="47.387690" lon="-1.238150"><ele>24</ele><time>2026-03-01T08:33:12Z</time></trkpt>
			<trkpt lat="47.388120" lon="-1.239210"><ele>25</ele><time>2026-03-01T08:33:24Z</time></trkpt>
			<trkpt lat="47.388170" lon="-1.239360"><ele>25</ele><time>2026-03-01T08:33:36Z</time></trkpt>
			<trkpt lat="47.388190" lon="-1.239510"><ele>25</ele><time>2026-03-01T08:33:48Z</time></trkpt>
			<trkpt lat="47.388190" lon="-1.239670"><ele>25</ele><time>2026-03-01T08:34:00Z</time></trkpt>
			<trkpt lat="47.388150" lon="-1.239950"><ele>25</ele><time>2026-03-01T08:34:12Z</time></trkpt>
			<trkpt lat="47.388040" lon="-1.240450"><ele>24</ele><time>2026-03-01T08:34:24Z</time></trkpt>
			<trkpt lat="47.388010" lon="-1.240690"><ele>24</ele><time>2026-03-01T08:34:36Z</time></trkpt>
			<trkpt lat="47.388000" lon="-1.240900"><ele>23</ele><time>2026-03-01T08:34:48Z</time></trkpt>
			<trkpt lat="47.388010" lon="-1.242110"><ele>23</ele><time>2026-03-01T08:35:00Z</time></trkpt>
			<trkpt lat="47.388050" lon="-1.242840"><ele>23</ele><time>2026-03-01T08:35:12Z</time></trkpt>
			<trkpt lat="47.388040" lon="-1.243100"><ele>23</ele><time>2026-03-01T08:35:24Z</time></trkpt>
			<trkpt lat="47.388010" lon="-1.243310"><ele>22</ele><time>2026-03-01T08:35:36Z</time></trkpt>
			<trkpt lat="47.387940" lon="-1.243550"><ele>23</ele><time>2026-03-01T08:35:48Z</time></trkpt>
			<trkpt lat="47.387870" lon="-1.243720"><ele>23</ele><time>2026-03-01T08:36:00Z</time></trkpt>
			<trkpt lat="47.387750" lon="-1.243900"><ele>23</ele><time>2026-03-01T08:36:12Z</time></trkpt>
			<trkpt lat="47.387570" lon="-1.244170"><ele>24</ele><time>2026-03-01T08:36:24Z</time></trkpt>
			<trkpt lat="47.387510" lon="-1.244280"><ele>24</ele><time>2026-03-01T08:36:36Z</time></trkpt>
			<trkpt lat="47.387460" lon="-1.244440"><ele>24</ele><time>2026-03-01T08:36:48Z</time></trkpt>
			<trkpt lat="47.387290" lon="-1.245440"><ele>23</ele><time>2026-03-01T08:37:00Z</time></trkpt>
			<trkpt lat="47.387100" lon="-1.246340"><ele>24</ele><time>2026-03-01T08:37:12Z</time></trkpt>
			<trkpt lat="47.387060" lon="-1.246420"><ele>24</ele><time>2026-03-01T08:37:24Z</time></trkpt>
			<trkpt lat="47.386980" lon="-1.246470"><ele>24</ele><time>2026-03-01T08:37:36Z</time></trkpt>
			<trkpt lat="47.386610" lon="-1.246580"><ele>24</ele><time>2026-03-01T08:37:48Z</time></trkpt>
			<trkpt lat="47.386500" lon="-1.246650"><ele>24</ele><time>2026-03-01T08:38:00Z</time></trkpt>
			<trkpt lat="47.386420" lon="-1.246800"><ele>24</ele><time>2026-03-01T08:38:12Z</time></trkpt>
			<trkpt lat="47.386320" lon="-1.247020"><ele>24</ele><time>2026-03-01T08:38:24Z</time></trkpt>
			<trkpt lat="47.386250" lon="-1.247230"><ele>23</ele><time>2026-03-01T08:38:36Z</time></trkpt>
			<trkpt lat="47.386160" lon="-1.247560"><ele>23</ele><time>2026-03-01T08:38:48Z</time></trkpt>
			<trkpt lat="47.386250" lon="-1.247640"><ele>23</ele><time>2026-03-01T08:39:00Z</time></trkpt>
			<trkpt lat="47.386330" lon="-1.247740"><ele>23</ele><time>2026-03-01T08:39:12Z</time></trkpt>
			<trkpt lat="47.387060" lon="-1.249310"><ele>22</ele><time>2026-03-01T08:39:24Z</time></trkpt>
			<trkpt lat="47.387350" lon="-1.249910"><ele>22</ele><time>2026-03-01T08:39:36Z</time></trkpt>
			<trkpt lat="47.387720" lon="-1.250670"><ele>22</ele><time>2026-03-01T08:39:48Z</time></trkpt>
			<trkpt lat="47.387800" lon="-1.250900"><ele>21</ele><time>2026-03-01T08:40:00Z</time></trkpt>
			<trkpt lat="47.387860" lon="-1.251130"><ele>21</ele><time>2026-03-01T08:40:12Z</time></trkpt>
			<trkpt lat="47.387880" lon="-1.251350"><ele>21</ele><time>2026-03-01T08:40:24Z</time></trkpt>
			<trkpt lat="47.387880" lon="-1.251640"><ele>21</ele><time>2026-03-01T08:40:36Z</time></trkpt>
			<trkpt lat="47.387800" lon="-1.252220"><ele>22</ele><time>2026-03-01T08:40:48Z</time></trkpt>
			<trkpt lat="47.387780" lon="-1.252450"><ele>22</ele><time>2026-03-01T08:41:00Z</time></trkpt>
			<trkpt lat="47.387800" lon="-1.252700"><ele>22</ele><time>2026-03-01T08:41:12Z</time></trkpt>
			<trkpt lat="47.387860" lon="-1.253130"><ele>22</ele><time>2026-03-01T08:41:24Z</time></trkpt>
			<trkpt lat="47.388050" lon="-1.254230"><ele>23</ele><time>2026-03-01T08:41:36Z</time></trkpt>
			<trkpt lat="47.388200" lon="-1.255120"><ele>21</ele><time>2026-03-01T08:41:48Z</time></trkpt>
			<trkpt lat="47.388210" lon="-1.255270"><ele>21</ele><time>2026-03-01T08:42:00Z</time></trkpt>
			<trkpt lat="47.388210" lon="-1.255420"><ele>21</ele><time>2026-03-01T08:42:12Z</time></trkpt>
			<trkpt lat="47.388180" lon="-1.255580"><ele>21</ele><time>2026-03-01T08:42:24Z</time></trkpt>
			<trkpt lat="47.388130" lon="-1.255720"><ele>21</ele><time>2026-03-01T08:42:36Z</time></trkpt>
			<trkpt lat="47.388040" lon="-1.255850"><ele>21</ele><time>2026-03-01T08:42:48Z</time></trkpt>
			<trkpt lat="47.387690" lon="-1.256200"><ele>23</ele><time>2026-03-01T08:43:00Z</time></trkpt>
			<trkpt lat="47.387670" lon="-1.256460"><ele>23</ele><time>2026-03-01T08:43:12Z</time></trkpt>
			<trkpt lat="47.387670" lon="-1.256570"><ele>23</ele><time>2026-03-01T08:43:24Z</time></trkpt>
			<trkpt lat="47.387690" lon="-1.256740"><ele>22</ele><time>2026-03-01T08:43:36Z</time></trkpt>
			<trkpt lat="47.388230" lon="-1.258950"><ele>21</ele><time>2026-03-01T08:43:48Z</time></trkpt>
			<trkpt lat="47.388290" lon="-1.259240"><ele>21</ele><time>2026-03-01T08:44:00Z</time></trkpt>
			<trkpt lat="47.388440" lon="-1.260410"><ele>20</ele><time>2026-03-01T08:44:12Z</time></trkpt>
			<trkpt lat="47.388480" lon="-1.260840"><ele>19</ele><time>2026-03-01T08:44:24Z</time></trkpt>
			<trkpt lat="47.388540" lon="-1.261190"><ele>19</ele><time>2026-03-01T08:44:36Z</time></trkpt>
			<trkpt lat="47.388600" lon="-1.261460"><ele>19</ele><time>2026-03-01T08:44:48Z</time></trkpt>
			<trkpt lat="47.388730" lon="-1.261950"><ele>19</ele><time>2026-03-01T08:45:00Z</time></trkpt>
			<trkpt lat="47.388770" lon="-1.262180"><ele>19</ele><time>2026-03-01T08:45:12Z</time></trkpt>
			<trkpt lat="47.388840" lon="-1.262920"><ele>19</ele><time>2026-03-01T08:45:24Z</time></trkpt>
			<trkpt lat="47.388940" lon="-1.263420"><ele>19</ele><time>2026-03-01T08:45:36Z</time></trkpt>
			<trkpt lat="47.389150" lon="-1.264120"><ele>20</ele><time>2026-03-01T08:45:48Z</time></trkpt>
			<trkpt lat="47.389260" lon="-1.264560"><ele>20</ele><time>2026-03-01T08:46:00Z</time></trkpt>
			<trkpt lat="47.389290" lon="-1.264850"><ele>20</ele><time>2026-03-01T08:46:12Z</time></trkpt>
			<trkpt lat="47.389310" lon="-1.265120"><ele>20</ele><time>2026-03-01T08:46:24Z</time></trkpt>
			<trkpt lat="47.389140" lon="-1.267000"><ele>21</ele><time>2026-03-01T08:46:36Z</time></trkpt>
			<trkpt lat="47.389000" lon="-1.268420"><ele>22</ele><time>2026-03-01T08:46:48Z</time></trkpt>
			<trkpt lat="47.388990" lon="-1.268510"><ele>22</ele><time>2026-03-01T08:47:00Z</time></trkpt>
			<trkpt lat="47.388640" lon="-1.272250"><ele>23</ele><time>2026-03-01T08:47:12Z</time></trkpt>
			<trkpt lat="47.388540" lon="-1.273080"><ele>23</ele><time>2026-03-01T08:47:24Z</time></trkpt>
			<trkpt lat="47.388370" lon="-1.273970"><ele>24</ele><time>2026-03-01T08:47:36Z</time></trkpt>
			<trkpt lat="47.388380" lon="-1.274260"><ele>24</ele><time>2026-03-01T08:47:48Z</time></trkpt>
			<trkpt lat="47.388550" lon="-1.275150"><ele>23</ele><time>2026-03-01T08:48:00Z</time></trkpt>
			<trkpt lat="47.388540" lon="-1.275360"><ele>24</ele><time>2026-03-01T08:48:12Z</time></trkpt>
			<trkpt lat="47.388530" lon="-1.275720"><ele>24</ele><time>2026-03-01T08:48:24Z</time></trkpt>
			<trkpt lat="47.388520" lon="-1.275970"><ele>24</ele><time>2026-03-01T08:48:36Z</time></trkpt>
			<trkpt lat="47.388770" lon="-1.277380"><ele>25</ele><time>2026-03-01T08:48:48Z</time></trkpt>
			<trkpt lat="47.388810" lon="-1.277690"><ele>25</ele><time>2026-03-01T08:49:00Z</time></trkpt>
			<trkpt lat="47.388820" lon="-1.278210"><ele>25</ele><time>2026-03-01T08:49:12Z</time></trkpt>
			<trkpt lat="47.388840" lon="-1.279600"><ele>23</ele><time>2026-03-01T08:49:24Z</time></trkpt>
			<trkpt lat="47.388910" lon="-1.279870"><ele>22</ele><time>2026-03-01T08:49:36Z</time></trkpt>
			<trkpt lat="47.388990" lon="-1.280070"><ele>22</ele><time>2026-03-01T08:49:48Z</time></trkpt>
			<trkpt lat="47.389360" lon="-1.280530"><ele>20</ele><time>2026-03-01T08:50:00Z</time></trkpt>
			<trkpt lat="47.389630" lon="-1.280800"><ele>19</ele><time>2026-03-01T08:50:12Z</time></trkpt>
			<trkpt lat="47.389790" lon="-1.281070"><ele>18</ele><time>2026-03-01T08:50:24Z</time></trkpt>
			<trkpt lat="47.389960" lon="-1.281330"><ele>17</ele><time>2026-03-01T08:50:36Z</time></trkpt>
			<trkpt lat="47.390040" lon="-1.281540"><ele>17</ele><time>2026-03-01T08:50:48Z</time></trkpt>
			<trkpt lat="47.390360" lon="-1.282530"><ele>14</ele><time>2026-03-01T08:51:00Z</time></trkpt>
			<trkpt lat="47.390560" lon="-1.283170"><ele>14</ele><time>2026-03-01T08:51:12Z</time></trkpt>
			<trkpt lat="47.390610" lon="-1.283360"><ele>13</ele><time>2026-03-01T08:51:24Z</time></trkpt>
			<trkpt lat="47.390640" lon="-1.283640"><ele>13</ele><time>2026-03-01T08:51:36Z</time></trkpt>
			<trkpt lat="47.390630" lon="-1.283920"><ele>12</ele><time>2026-03-01T08:51:48Z</time></trkpt>
			<trkpt lat="47.390620" lon="-1.284030"><ele>12</ele><time>2026-03-01T08:52:00Z</time></trkpt>
			<trkpt lat="47.390570" lon="-1.284330"><ele>12</ele><time>2026-03-01T08:52:12Z</time></trkpt>
			<trkpt lat="47.390340" lon="-1.285070"><ele>13</ele><time>2026-03-01T08:52:24Z</time></trkpt>
			<trkpt lat="47.390250" lon="-1.285310"><ele>14</ele><time>2026-03-01T08:52:36Z</time></trkpt>
			<trkpt lat="47.390210" lon="-1.285460"><ele>14</ele><time>2026-03-01T08:52:48Z</time></trkpt>
			<trkpt lat="47.390270" lon="-1.285650"><ele>14</ele><time>2026-03-01T08:53:00Z</time></trkpt>
			<trkpt lat="47.390310" lon="-1.285930"><ele>14</ele><time>2026-03-01T08:53:12Z</time></trkpt>
			<trkpt lat="47.390330" lon="-1.286210"><ele>13</ele><time>2026-03-01T08:53:24Z</time></trkpt>
			<trkpt lat="47.390360" lon="-1.286470"><ele>13</ele><time>2026-03-01T08:53:36Z</time></trkpt>
			<trkpt lat="47.390420" lon="-1.286710"><ele>12</ele><time>2026-03-01T08:53:48Z</time></trkpt>
			<trkpt lat="47.390510" lon="-1.286940"><ele>12</ele><time>2026-03-01T08:54:00Z</time></trkpt>
			<trkpt lat="47.390580" lon="-1.287050"><ele>12</ele><time>2026-03-01T08:54:12Z</time></trkpt>
			<trkpt lat="47.390690" lon="-1.287140"><ele>11</ele><time>2026-03-01T08:54:24Z</time></trkpt>
			<trkpt lat="47.390780" lon="-1.287200"><ele>11</ele><time>2026-03-01T08:54:36Z</time></trkpt>
			<trkpt lat="47.390950" lon="-1.287240"><ele>11</ele><time>2026-03-01T08:54:48Z</time></trkpt>
			<trkpt lat="47.391060" lon="-1.287290"><ele>11</ele><time>2026-03-01T08:55:00Z</time></trkpt>
			<trkpt lat="47.391850" lon="-1.287560"><ele>13</ele><time>2026-03-01T08:55:12Z</time></trkpt>
			<trkpt lat="47.392040" lon="-1.287640"><ele>14</ele><time>2026-03-01T08:55:24Z</time></trkpt>
			<trkpt lat="47.392210" lon="-1.287740"><ele>15</ele><time>2026-03-01T08:55:36Z</time></trkpt>
			<trkpt lat="47.392280" lon="-1.287790"><ele>16</ele><time>2026-03-01T08:55:48Z</time></trkpt>
			<trkpt lat="47.392610" lon="-1.288210"><ele>19</ele><time>2026-03-01T08:56:00Z</time></trkpt>
			<trkpt lat="47.392760" lon="-1.288400"><ele>20</ele><time>2026-03-01T08:56:12Z</time></trkpt>
			<trkpt lat="47.393000" lon="-1.288720"><ele>21</ele><time>2026-03-01T08:56:24Z</time></trkpt>
			<trkpt lat="47.393110" lon="-1.288870"><ele>21</ele><time>2026-03-01T08:56:36Z</time></trkpt>
			<trkpt lat="47.393150" lon="-1.288930"><ele>22</ele><time>2026-03-01T08:56:48Z</time></trkpt>
			<trkpt lat="47.392790" lon="-1.289430"><ele>23</ele><time>2026-03-01T08:57:00Z</time></trkpt>
			<trkpt lat="47.392410" lon="-1.290080"><ele>25</ele><time>2026-03-01T08:57:12Z</time></trkpt>
			<trkpt lat="47.392340" lon="-1.290210"><ele>25</ele><time>2026-03-01T08:57:24Z</time></trkpt>
			<trkpt lat="47.391890" lon="-1.290920"><ele>27</ele><time>2026-03-01T08:57:36Z</time></trkpt>
			<trkpt lat="47.391650" lon="-1.291320"><ele>27</ele><time>2026-03-01T08:57:48Z</time></trkpt>
			<trkpt lat="47.391510" lon="-1.291540"><ele>27</ele><time>2026-03-01T08:58:00Z</time></trkpt>
			<trkpt lat="47.391380" lon="-1.291740"><ele>27</ele><time>2026-03-01T08:58:12Z</time></trkpt>
			<trkpt lat="47.391320" lon="-1.291830"><ele>27</ele><time>2026-03-01T08:58:24Z</time></trkpt>
			<trkpt lat="47.391260" lon="-1.291970"><ele>27</ele><time>2026-03-01T08:58:36Z</time></trkpt>
			<trkpt lat="47.391120" lon="-1.292410"><ele>27</ele><time>2026-03-01T08:58:48Z</time></trkpt>
			<trkpt lat="47.390970" lon="-1.292850"><ele>27</ele><time>2026-03-01T08:59:00Z</time></trkpt>
			<trkpt lat="47.391020" lon="-1.292890"><ele>27</ele><time>2026-03-01T08:59:12Z</time></trkpt>
			<trkpt lat="47.391640" lon="-1.293460"><ele>26</ele><time>2026-03-01T08:59:24Z</time></trkpt>
			<trkpt lat="47.391810" lon="-1.293580"><ele>25</ele><time>2026-03-01T08:59:36Z</time></trkpt>
			<trkpt lat="47.392540" lon="-1.293950"><ele>23</ele><time>2026-03-01T08:59:48Z</time></trkpt>
			<trkpt lat="47.392660" lon="-1.294010"><ele>24</ele><time>2026-03-01T09:00:00Z</time></trkpt>
			<trkpt lat="47.392730" lon="-1.294120"><ele>24</ele><time>2026-03-01T09:00:12Z</time></trkpt>
			<trkpt lat="47.392830" lon="-1.294090"><ele>24</ele><time>2026-03-01T09:00:24Z</time></trkpt>
			<trkpt lat="47.392890" lon="-1.294100"><ele>24</ele><time>2026-03-01T09:00:36Z</time></trkpt>
			<trkpt lat="47.393150" lon="-1.294190"><ele>25</ele><time>2026-03-01T09:00:48Z</time></trkpt>
			<trkpt lat="47.393250" lon="-1.294220"><ele>25</ele><time>2026-03-01T09:01:00Z</time></trkpt>
			<trkpt lat="47.393470" lon="-1.294280"><ele>26</ele><time>2026-03-01T09:01:12Z</time></trkpt>
			<trkpt lat="47.393840" lon="-1.294340"><ele>27</ele><time>2026-03-01T09:01:24Z</time></trkpt>
			<trkpt lat="47.394910" lon="-1.294480"><ele>29</ele><time>2026-03-01T09:01:36Z</time></trkpt>
			<trkpt lat="47.395160" lon="-1.294590"><ele>29</ele><time>2026-03-01T09:01:48Z</time></trkpt>
			<trkpt lat="47.396010" lon="-1.295050"><ele>29</ele><time>2026-03-01T09:02:00Z</time></trkpt>
			<trkpt lat="47.397350" lon="-1.295760"><ele>26</ele><time>2026-03-01T09:02:12Z</time></trkpt>
			<trkpt lat="47.398000" lon="-1.296090"><ele>23</ele><time>2026-03-01T09:02:24Z</time></trkpt>
			<trkpt lat="47.398200" lon="-1.296180"><ele>22</ele><time>2026-03-01T09:02:36Z</time></trkpt>
			<trkpt lat="47.398470" lon="-1.296260"><ele>21</ele><time>2026-03-01T09:02:48Z</time></trkpt>
			<trkpt lat="47.398450" lon="-1.296960"><ele>20</ele><time>2026-03-01T09:03:00Z</time></trkpt>
			<trkpt lat="47.398410" lon="-1.297350"><ele>19</ele><time>2026-03-01T09:03:12Z</time></trkpt>
			<trkpt lat="47.398320" lon="-1.297840"><ele>18</ele><time>2026-03-01T09:03:24Z</time></trkpt>
			<trkpt lat="47.398200" lon="-1.298380"><ele>17</ele><time>2026-03-01T09:03:36Z</time></trkpt>
			<trkpt lat="47.398050" lon="-1.298830"><ele>17</ele><time>2026-03-01T09:03:48Z</time></trkpt>
			<trkpt lat="47.397940" lon="-1.299080"><ele>18</ele><time>2026-03-01T09:04:00Z</time></trkpt>
			<trkpt lat="47.397680" lon="-1.299590"><ele>16</ele><time>2026-03-01T09:04:12Z</time></trkpt>
			<trkpt lat="47.397530" lon="-1.299760"><ele>15</ele><time>2026-03-01T09:04:24Z</time></trkpt>
			<trkpt lat="47.397440" lon="-1.299850"><ele>14</ele><time>2026-03-01T09:04:36Z</time></trkpt>
			<trkpt lat="47.397320" lon="-1.299920"><ele>14</ele><time>2026-03-01T09:04:48Z</time></trkpt>
			<trkpt lat="47.397160" lon="-1.300000"><ele>13</ele><time>2026-03-01T09:05:00Z</time></trkpt>
			<trkpt lat="47.396980" lon="-1.300080"><ele>13</ele><time>2026-03-01T09:05:12Z</time></trkpt>
			<trkpt lat="47.396880" lon="-1.300160"><ele>13</ele><time>2026-03-01T09:05:24Z</time></trkpt>
			<trkpt lat="47.396790" lon="-1.300270"><ele>14</ele><time>2026-03-01T09:05:36Z</time></trkpt>
			<trkpt lat="47.396740" lon="-1.300370"><ele>14</ele><time>2026-03-01T09:05:48Z</time></trkpt>
			<trkpt lat="47.396710" lon="-1.300460"><ele>15</ele><time>2026-03-01T09:06:00Z</time></trkpt>
			<trkpt lat="47.396680" lon="-1.300590"><ele>15</ele><time>2026-03-01T09:06:12Z</time></trkpt>
			<trkpt lat="47.396680" lon="-1.300700"><ele>15</ele><time>2026-03-01T09:06:24Z</time></trkpt>
			<trkpt lat="47.396680" lon="-1.300840"><ele>16</ele><time>2026-03-01T09:06:36Z</time></trkpt>
			<trkpt lat="47.396690" lon="-1.300960"><ele>17</ele><time>2026-03-01T09:06:48Z</time></trkpt>
			<trkpt lat="47.396730" lon="-1.301110"><ele>17</ele><time>2026-03-01T09:07:00Z</time></trkpt>
			<trkpt lat="47.396780" lon="-1.301210"><ele>18</ele><time>2026-03-01T09:07:12Z</time></trkpt>
			<trkpt lat="47.396930" lon="-1.301500"><ele>18</ele><time>2026-03-01T09:07:24Z</time></trkpt>
			<trkpt lat="47.396960" lon="-1.301590"><ele>19</ele><time>2026-03-01T09:07:36Z</time></trkpt>
			<trkpt lat="47.396980" lon="-1.301680"><ele>19</ele><time>2026-03-01T09:07:48Z</time></trkpt>
			<trkpt lat="47.396990" lon="-1.301860"><ele>19</ele><time>2026-03-01T09:08:00Z</time></trkpt>
			<trkpt lat="47.396970" lon="-1.301960"><ele>20</ele><time>2026-03-01T09:08:12Z</time></trkpt>
			<trkpt lat="47.396930" lon="-1.302120"><ele>20</ele><time>2026-03-01T09:08:24Z</time></trkpt>
			<trkpt lat="47.396850" lon="-1.302290"><ele>22</ele><time>2026-03-01T09:08:36Z</time></trkpt>
			<trkpt lat="47.396730" lon="-1.302500"><ele>23</ele><time>2026-03-01T09:08:48Z</time></trkpt>
			<trkpt lat="47.396690" lon="-1.302600"><ele>24</ele><time>2026-03-01T09:09:00Z</time></trkpt>
			<trkpt lat="47.396660" lon="-1.302720"><ele>25</ele><time>2026-03-01T09:09:12Z</time></trkpt>
			<trkpt lat="47.396630" lon="-1.302860"><ele>25</ele><time>2026-03-01T09:09:24Z</time></trkpt>
			<trkpt lat="47.396620" lon="-1.303120"><ele>26</ele><time>2026-03-01T09:09:36Z</time></trkpt>
			<trkpt lat="47.396880" lon="-1.305410"><ele>33</ele><time>2026-03-01T09:09:48Z</time></trkpt>
			<trkpt lat="47.396910" lon="-1.305890"><ele>33</ele><time>2026-03-01T09:10:00Z</time></trkpt>
			<trkpt lat="47.396900" lon="-1.306450"><ele>35</ele><time>2026-03-01T09:10:12Z</time></trkpt>
			<trkpt lat="47.396880" lon="-1.307150"><ele>37</ele><time>2026-03-01T09:10:24Z</time></trkpt>
			<trkpt lat="47.396890" lon="-1.307610"><ele>37</ele><time>2026-03-01T09:10:36Z</time></trkpt>
			<trkpt lat="47.396990" lon="-1.308170"><ele>38</ele><time>2026-03-01T09:10:48Z</time></trkpt>
			<trkpt lat="47.397120" lon="-1.308600"><ele>38</ele><time>2026-03-01T09:11:00Z</time></trkpt>
			<trkpt lat="47.397260" lon="-1.308930"><ele>38</ele><time>2026-03-01T09:11:12Z</time></trkpt>
			<trkpt lat="47.397720" lon="-1.309960"><ele>37</ele><time>2026-03-01T09:11:24Z</time></trkpt>
			<trkpt lat="47.397790" lon="-1.310490"><ele>37</ele><time>2026-03-01T09:11:36Z</time></trkpt>
			<trkpt lat="47.397770" lon="-1.311750"><ele>37</ele><time>2026-03-01T09:11:48Z</time></trkpt>
			<trkpt lat="47.397760" lon="-1.311900"><ele>37</ele><time>2026-03-01T09:12:00Z</time></trkpt>
			<trkpt lat="47.397520" lon="-1.314230"><ele>36</ele><time>2026-03-01T09:12:12Z</time></trkpt>
			<trkpt lat="47.397500" lon="-1.314530"><ele>36</ele><time>2026-03-01T09:12:24Z</time></trkpt>
			<trkpt lat="47.397520" lon="-1.314960"><ele>36</ele><time>2026-03-01T09:12:36Z</time></trkpt>
			<trkpt lat="47.397670" lon="-1.315040"><ele>36</ele><time>2026-03-01T09:12:48Z</time></trkpt>
			<trkpt lat="47.397960" lon="-1.315240"><ele>35</ele><time>2026-03-01T09:13:00Z</time></trkpt>
			<trkpt lat="47.398830" lon="-1.315720"><ele>36</ele><time>2026-03-01T09:13:12Z</time></trkpt>
			<trkpt lat="47.399000" lon="-1.315790"><ele>36</ele><time>2026-03-01T09:13:24Z</time></trkpt>
			<trkpt lat="47.399140" lon="-1.315840"><ele>36</ele><time>2026-03-01T09:13:36Z</time></trkpt>
			<trkpt lat="47.399320" lon="-1.315890"><ele>36</ele><time>2026-03-01T09:13:48Z</time></trkpt>
			<trkpt lat="47.399910" lon="-1.315960"><ele>36</ele><time>2026-03-01T09:14:00Z</time></trkpt>
			<trkpt lat="47.400350" lon="-1.316010"><ele>34</ele><time>2026-03-01T09:14:12Z</time></trkpt>
			<trkpt lat="47.400540" lon="-1.316060"><ele>33</ele><time>2026-03-01T09:14:24Z</time></trkpt>
			<trkpt lat="47.400670" lon="-1.316140"><ele>32</ele><time>2026-03-01T09:14:36Z</time></trkpt>
			<trkpt lat="47.400800" lon="-1.316280"><ele>31</ele><time>2026-03-01T09:14:48Z</time></trkpt>
			<trkpt lat="47.400950" lon="-1.316480"><ele>30</ele><time>2026-03-01T09:15:00Z</time></trkpt>
			<trkpt lat="47.401170" lon="-1.316800"><ele>29</ele><time>2026-03-01T09:15:12Z</time></trkpt>
			<trkpt lat="47.401400" lon="-1.317100"><ele>28</ele><time>2026-03-01T09:15:24Z</time></trkpt>
			<trkpt lat="47.401530" lon="-1.317240"><ele>28</ele><time>2026-03-01T09:15:36Z</time></trkpt>
			<trkpt lat="47.401950" lon="-1.317530"><ele>26</ele><time>2026-03-01T09:15:48Z</time></trkpt>
			<trkpt lat="47.402150" lon="-1.317700"><ele>25</ele><time>2026-03-01T09:16:00Z</time></trkpt>
			<trkpt lat="47.402380" lon="-1.317960"><ele>24</ele><time>2026-03-01T09:16:12Z</time></trkpt>
			<trkpt lat="47.402550" lon="-1.318190"><ele>23</ele><time>2026-03-01T09:16:24Z</time></trkpt>
			<trkpt lat="47.402640" lon="-1.318290"><ele>23</ele><time>2026-03-01T09:16:36Z</time></trkpt>
			<trkpt lat="47.402770" lon="-1.318350"><ele>23</ele><time>2026-03-01T09:16:48Z</time></trkpt>
			<trkpt lat="47.402870" lon="-1.318360"><ele>23</ele><time>2026-03-01T09:17:00Z</time></trkpt>
			<trkpt lat="47.404650" lon="-1.318430"><ele>18</ele><time>2026-03-01T09:17:12Z</time></trkpt>
			<trkpt lat="47.404780" lon="-1.318460"><ele>18</ele><time>2026-03-01T09:17:24Z</time></trkpt>
			<trkpt lat="47.404910" lon="-1.318510"><ele>18</ele><time>2026-03-01T09:17:36Z</time></trkpt>
			<trkpt lat="47.405050" lon="-1.318600"><ele>19</ele><time>2026-03-01T09:17:48Z</time></trkpt>
			<trkpt lat="47.405520" lon="-1.319090"><ele>24</ele><time>2026-03-01T09:18:00Z</time></trkpt>
			<trkpt lat="47.405650" lon="-1.319190"><ele>25</ele><time>2026-03-01T09:18:12Z</time></trkpt>
			<trkpt lat="47.405810" lon="-1.319270"><ele>27</ele><time>2026-03-01T09:18:24Z</time></trkpt>
			<trkpt lat="47.405890" lon="-1.319270"><ele>27</ele><time>2026-03-01T09:18:36Z</time></trkpt>
			<trkpt lat="47.406050" lon="-1.319260"><ele>28</ele><time>2026-03-01T09:18:48Z</time></trkpt>
			<trkpt lat="47.406180" lon="-1.319230"><ele>29</ele><time>2026-03-01T09:19:00Z</time></trkpt>
			<trkpt lat="47.406620" lon="-1.319050"><ele>33</ele><time>2026-03-01T09:19:12Z</time></trkpt>
			<trkpt lat="47.406800" lon="-1.319000"><ele>33</ele><time>2026-03-01T09:19:24Z</time></trkpt>
			<trkpt lat="47.406930" lon="-1.318970"><ele>34</ele><time>2026-03-01T09:19:36Z</time></trkpt>
			<trkpt lat="47.407050" lon="-1.319000"><ele>34</ele><time>2026-03-01T09:19:48Z</time></trkpt>
			<trkpt lat="47.407180" lon="-1.319000"><ele>35</ele><time>2026-03-01T09:20:00Z</time></trkpt>
			<trkpt lat="47.407330" lon="-1.319090"><ele>35</ele><time>2026-03-01T09:20:12Z</time></trkpt>
			<trkpt lat="47.407660" lon="-1.319450"><ele>35</ele><time>2026-03-01T09:20:24Z</time></trkpt>
			<trkpt lat="47.408070" lon="-1.320000"><ele>35</ele><time>2026-03-01T09:20:36Z</time></trkpt>
			<trkpt lat="47.408200" lon="-1.320110"><ele>35</ele><time>2026-03-01T09:20:48Z</time></trkpt>
			<trkpt lat="47.408350" lon="-1.320190"><ele>35</ele><time>2026-03-01T09:21:00Z</time></trkpt>
			<trkpt lat="47.408530" lon="-1.320230"><ele>35</ele><time>2026-03-01T09:21:12Z</time></trkpt>
			<trkpt lat="47.409460" lon="-1.320250"><ele>33</ele><time>2026-03-01T09:21:24Z</time></trkpt>
			<trkpt lat="47.409650" lon="-1.320240"><ele>33</ele><time>2026-03-01T09:21:36Z</time></trkpt>
			<trkpt lat="47.410050" lon="-1.320200"><ele>31</ele><time>2026-03-01T09:21:48Z</time></trkpt>
			<trkpt lat="47.412040" lon="-1.319630"><ele>27</ele><time>2026-03-01T09:22:00Z</time></trkpt>
			<trkpt lat="47.412280" lon="-1.319650"><ele>27</ele><time>2026-03-01T09:22:12Z</time></trkpt>
			<trkpt lat="47.412370" lon="-1.319700"><ele>27</ele><time>2026-03-01T09:22:24Z</time></trkpt>
			<trkpt lat="47.413150" lon="-1.320280"><ele>25</ele><time>2026-03-01T09:22:36Z</time></trkpt>
			<trkpt lat="47.413360" lon="-1.320410"><ele>25</ele><time>2026-03-01T09:22:48Z</time></trkpt>
			<trkpt lat="47.413500" lon="-1.320460"><ele>25</ele><time>2026-03-01T09:23:00Z</time></trkpt>
			<trkpt lat="47.413610" lon="-1.320500"><ele>24</ele><time>2026-03-01T09:23:12Z</time></trkpt>
			<trkpt lat="47.413760" lon="-1.320520"><ele>24</ele><time>2026-03-01T09:23:24Z</time></trkpt>
			<trkpt lat="47.414010" lon="-1.320470"><ele>24</ele><time>2026-03-01T09:23:36Z</time></trkpt>
			<trkpt lat="47.414610" lon="-1.320270"><ele>23</ele><time>2026-03-01T09:23:48Z</time></trkpt>
			<trkpt lat="47.415260" lon="-1.319760"><ele>22</ele><time>2026-03-01T09:24:00Z</time></trkpt>
			<trkpt lat="47.415370" lon="-1.319620"><ele>22</ele><time>2026-03-01T09:24:12Z</time></trkpt>
			<trkpt lat="47.415460" lon="-1.319430"><ele>21</ele><time>2026-03-01T09:24:24Z</time></trkpt>
			<trkpt lat="47.415880" lon="-1.318350"><ele>19</ele><time>2026-03-01T09:24:36Z</time></trkpt>
			<trkpt lat="47.416520" lon="-1.316790"><ele>19</ele><time>2026-03-01T09:24:48Z</time></trkpt>
			<trkpt lat="47.416590" lon="-1.316720"><ele>19</ele><time>2026-03-01T09:25:00Z</time></trkpt>
			<trkpt lat="47.416700" lon="-1.316690"><ele>19</ele><time>2026-03-01T09:25:12Z</time></trkpt>
			<trkpt lat="47.416850" lon="-1.316700"><ele>19</ele><time>2026-03-01T09:25:24Z</time></trkpt>
			<trkpt lat="47.419690" lon="-1.318260"><ele>24</ele><time>2026-03-01T09:25:36Z</time></trkpt>
			<trkpt lat="47.419960" lon="-1.318440"><ele>25</ele><time>2026-03-01T09:25:48Z</time></trkpt>
			<trkpt lat="47.420120" lon="-1.318580"><ele>26</ele><time>2026-03-01T09:26:00Z</time></trkpt>
			<trkpt lat="47.420280" lon="-1.318770"><ele>27</ele><time>2026-03-01T09:26:12Z</time></trkpt>
			<trkpt lat="47.420460" lon="-1.319110"><ele>28</ele><time>2026-03-01T09:26:24Z</time></trkpt>
			<trkpt lat="47.420540" lon="-1.319310"><ele>28</ele><time>2026-03-01T09:26:36Z</time></trkpt>
			<trkpt lat="47.421500" lon="-1.321540"><ele>33</ele><time>2026-03-01T09:26:48Z</time></trkpt>
			<trkpt lat="47.422050" lon="-1.322790"><ele>38</ele><time>2026-03-01T09:27:00Z</time></trkpt>
			<trkpt lat="47.422180" lon="-1.323030"><ele>39</ele><time>2026-03-01T09:27:12Z</time></trkpt>
			<trkpt lat="47.422290" lon="-1.323180"><ele>39</ele><time>2026-03-01T09:27:24Z</time></trkpt>
			<trkpt lat="47.422440" lon="-1.323320"><ele>40</ele><time>2026-03-01T09:27:36Z</time></trkpt>
			<trkpt lat="47.422660" lon="-1.323440"><ele>40</ele><time>2026-03-01T09:27:48Z</time></trkpt>
			<trkpt lat="47.423900" lon="-1.324040"><ele>43</ele><time>2026-03-01T09:28:00Z</time></trkpt>
			<trkpt lat="47.424120" lon="-1.324140"><ele>43</ele><time>2026-03-01T09:28:12Z</time></trkpt>
			<trkpt lat="47.424400" lon="-1.324210"><ele>43</ele><time>2026-03-01T09:28:24Z</time></trkpt>
			<trkpt lat="47.424750" lon="-1.324280"><ele>43</ele><time>2026-03-01T09:28:36Z</time></trkpt>
			<trkpt lat="47.426220" lon="-1.324510"><ele>45</ele><time>2026-03-01T09:28:48Z</time></trkpt>
			<trkpt lat="47.426500" lon="-1.324580"><ele>45</ele><time>2026-03-01T09:29:00Z</time></trkpt>
			<trkpt lat="47.426730" lon="-1.324700"><ele>44</ele><time>2026-03-01T09:29:12Z</time></trkpt>
			<trkpt lat="47.427000" lon="-1.324880"><ele>45</ele><time>2026-03-01T09:29:24Z</time></trkpt>
			<trkpt lat="47.427270" lon="-1.325140"><ele>45</ele><time>2026-03-01T09:29:36Z</time></trkpt>
			<trkpt lat="47.428710" lon="-1.326650"><ele>47</ele><time>2026-03-01T09:29:48Z</time></trkpt>
			<trkpt lat="47.428900" lon="-1.326900"><ele>48</ele><time>2026-03-01T09:30:00Z</time></trkpt>
			<trkpt lat="47.429060" lon="-1.327180"><ele>48</ele><time>2026-03-01T09:30:12Z</time></trkpt>
			<trkpt lat="47.429150" lon="-1.327360"><ele>49</ele><time>2026-03-01T09:30:24Z</time></trkpt>
			<trkpt lat="47.429940" lon="-1.329080"><ele>49</ele><time>2026-03-01T09:30:36Z</time></trkpt>
			<trkpt lat="47.430020" lon="-1.329150"><ele>49</ele><time>2026-03-01T09:30:48Z</time></trkpt>
			<trkpt lat="47.430160" lon="-1.329170"><ele>49</ele><time>2026-03-01T09:31:00Z</time></trkpt>
			<trkpt lat="47.430200" lon="-1.329170"><ele>49</ele><time>2026-03-01T09:31:12Z</time></trkpt>
			<trkpt lat="47.430200" lon="-1.329350"><ele>49</ele><time>2026-03-01T09:31:24Z</time></trkpt>
			<trkpt lat="47.430190" lon="-1.329770"><ele>50</ele><time>2026-03-01T09:31:36Z</time></trkpt>
			<trkpt lat="47.430280" lon="-1.331310"><ele>48</ele><time>2026-03-01T09:31:48Z</time></trkpt>
			<trkpt lat="47.430540" lon="-1.331330"><ele>48</ele><time>2026-03-01T09:32:00Z</time></trkpt>
			<trkpt lat="47.430630" lon="-1.331360"><ele>48</ele><time>2026-03-01T09:32:12Z</time></trkpt>
			<trkpt lat="47.430690" lon="-1.331430"><ele>48</ele><time>2026-03-01T09:32:24Z</time></trkpt>
			<trkpt lat="47.430930" lon="-1.331890"><ele>49</ele><time>2026-03-01T09:32:36Z</time></trkpt>
			<trkpt lat="47.430970" lon="-1.332000"><ele>49</ele><time>2026-03-01T09:32:48Z</time></trkpt>
			<trkpt lat="47.430970" lon="-1.332030"><ele>49</ele><time>2026-03-01T09:33:00Z</time></trkpt>
			<trkpt lat="47.431040" lon="-1.332040"><ele>49</ele><time>2026-03-01T09:33:12Z</time></trkpt>
			<trkpt lat="47.431220" lon="-1.332080"><ele>48</ele><time>2026-03-01T09:33:24Z</time></trkpt>
			<trkpt lat="47.431280" lon="-1.332110"><ele>48</ele><time>2026-03-01T09:33:36Z</time></trkpt>
			<trkpt lat="47.431420" lon="-1.332200"><ele>48</ele><time>2026-03-01T09:33:48Z</time></trkpt>
			<trkpt lat="47.431530" lon="-1.332300"><ele>48</ele><time>2026-03-01T09:34:00Z</time></trkpt>
			<trkpt lat="47.431700" lon="-1.332510"><ele>48</ele><time>2026-03-01T09:34:12Z</time></trkpt>
			<trkpt lat="47.431920" lon="-1.332890"><ele>48</ele><time>2026-03-01T09:34:24Z</time></trkpt>
			<trkpt lat="47.432040" lon="-1.333150"><ele>48</ele><time>2026-03-01T09:34:36Z</time></trkpt>
			<trkpt lat="47.432070" lon="-1.333220"><ele>48</ele><time>2026-03-01T09:34:48Z</time></trkpt>
			<trkpt lat="47.432120" lon="-1.333340"><ele>48</ele><time>2026-03-01T09:35:00Z</time></trkpt>
			<trkpt lat="47.432340" lon="-1.333830"><ele>48</ele><time>2026-03-01T09:35:12Z</time></trkpt>
			<trkpt lat="47.432410" lon="-1.333980"><ele>48</ele><time>2026-03-01T09:35:24Z</time></trkpt>
			<trkpt lat="47.432540" lon="-1.334180"><ele>48</ele><time>2026-03-01T09:35:36Z</time></trkpt>
			<trkpt lat="47.432700" lon="-1.334370"><ele>48</ele><time>2026-03-01T09:35:48Z</time></trkpt>
			<trkpt lat="47.433030" lon="-1.334740"><ele>47</ele><time>2026-03-01T09:36:00Z</time></trkpt>
			<trkpt lat="47.433070" lon="-1.334760"><ele>47</ele><time>2026-03-01T09:36:12Z</time></trkpt>
			<trkpt lat="47.434110" lon="-1.335510"><ele>46</ele><time>2026-03-01T09:36:24Z</time></trkpt>
			<trkpt lat="47.434300" lon="-1.335670"><ele>45</ele><time>2026-03-01T09:36:36Z</time></trkpt>
			<trkpt lat="47.434620" lon="-1.336000"><ele>45</ele><time>2026-03-01T09:36:48Z</time></trkpt>
			<trkpt lat="47.434840" lon="-1.336250"><ele>44</ele><time>2026-03-01T09:37:00Z</time></trkpt>
			<trkpt lat="47.435060" lon="-1.336420"><ele>43</ele><time>2026-03-01T09:37:12Z</time></trkpt>
			<trkpt lat="47.436380" lon="-1.337100"><ele>38</ele><time>2026-03-01T09:37:24Z</time></trkpt>
			<trkpt lat="47.436570" lon="-1.337260"><ele>37</ele><time>2026-03-01T09:37:36Z</time></trkpt>
			<trkpt lat="47.436680" lon="-1.337360"><ele>36</ele><time>2026-03-01T09:37:48Z</time></trkpt>
			<trkpt lat="47.436880" lon="-1.337610"><ele>35</ele><time>2026-03-01T09:38:00Z</time></trkpt>
			<trkpt lat="47.437010" lon="-1.337820"><ele>34</ele><time>2026-03-01T09:38:12Z</time></trkpt>
			<trkpt lat="47.437680" lon="-1.339040"><ele>31</ele><time>2026-03-01T09:38:24Z</time></trkpt>
			<trkpt lat="47.437850" lon="-1.339320"><ele>31</ele><time>2026-03-01T09:38:36Z</time></trkpt>
			<trkpt lat="47.437940" lon="-1.339410"><ele>31</ele><time>2026-03-01T09:38:48Z</time></trkpt>
			<trkpt lat="47.438050" lon="-1.339480"><ele>30</ele><time>2026-03-01T09:39:00Z</time></trkpt>
			<trkpt lat="47.438250" lon="-1.339580"><ele>30</ele><time>2026-03-01T09:39:12Z</time></trkpt>
			<trkpt lat="47.439260" lon="-1.339930"><ele>28</ele><time>2026-03-01T09:39:24Z</time></trkpt>
			<trkpt lat="47.439680" lon="-1.340080"><ele>27</ele><time>2026-03-01T09:39:36Z</time></trkpt>
			<trkpt lat="47.439660" lon="-1.340230"><ele>27</ele><time>2026-03-01T09:39:48Z</time></trkpt>
			<trkpt lat="47.441330" lon="-1.340810"><ele>25</ele><time>2026-03-01T09:40:00Z</time></trkpt>
			<trkpt lat="47.441370" lon="-1.341010"><ele>25</ele><time>2026-03-01T09:40:12Z</time></trkpt>
			<trkpt lat="47.441430" lon="-1.341020"><ele>25</ele><time>2026-03-01T09:40:24Z</time></trkpt>
			<trkpt lat="47.441520" lon="-1.341030"><ele>25</ele><time>2026-03-01T09:40:36Z</time></trkpt>
			<trkpt lat="47.441540" lon="-1.341030"><ele>25</ele><time>2026-03-01T09:40:48Z</time></trkpt>
			<trkpt lat="47.441580" lon="-1.340880"><ele>25</ele><time>2026-03-01T09:41:00Z</time></trkpt>
			<trkpt lat="47.441950" lon="-1.340910"><ele>26</ele><time>2026-03-01T09:41:12Z</time></trkpt>
			<trkpt lat="47.442480" lon="-1.341020"><ele>27</ele><time>2026-03-01T09:41:24Z</time></trkpt>
			<trkpt lat="47.442670" lon="-1.341390"><ele>27</ele><time>2026-03-01T09:41:36Z</time></trkpt>
			<trkpt lat="47.443740" lon="-1.341810"><ele>32</ele><time>2026-03-01T09:41:48Z</time></trkpt>
			<trkpt lat="47.443870" lon="-1.342320"><ele>33</ele><time>2026-03-01T09:42:00Z</time></trkpt>
			<trkpt lat="47.444510" lon="-1.342590"><ele>35</ele><time>2026-03-01T09:42:12Z</time></trkpt>
			<trkpt lat="47.444510" lon="-1.342730"><ele>35</ele><time>2026-03-01T09:42:24Z</time></trkpt>
			<trkpt lat="47.444490" lon="-1.342910"><ele>35</ele><time>2026-03-01T09:42:36Z</time></trkpt>
			<trkpt lat="47.444490" lon="-1.343270"><ele>36</ele><time>2026-03-01T09:42:48Z</time></trkpt>
			<trkpt lat="47.444280" lon="-1.343800"><ele>35</ele><time>2026-03-01T09:43:00Z</time></trkpt>
			<trkpt lat="47.444220" lon="-1.344010"><ele>34</ele><time>2026-03-01T09:43:12Z</time></trkpt>
			<trkpt lat="47.444480" lon="-1.344130"><ele>35</ele><time>2026-03-01T09:43:24Z</time></trkpt>
			<trkpt lat="47.444520" lon="-1.344140"><ele>35</ele><time>2026-03-01T09:43:36Z</time></trkpt>
			<trkpt lat="47.444630" lon="-1.344200"><ele>36</ele><time>2026-03-01T09:43:48Z</time></trkpt>
			<trkpt lat="47.445060" lon="-1.344520"><ele>37</ele><time>2026-03-01T09:44:00Z</time></trkpt>
			<trkpt lat="47.445320" lon="-1.344590"><ele>38</ele><time>2026-03-01T09:44:12Z</time></trkpt>
			<trkpt lat="47.445430" lon="-1.344580"><ele>38</ele><time>2026-03-01T09:44:24Z</time></trkpt>
			<trkpt lat="47.445520" lon="-1.344570"><ele>38</ele><time>2026-03-01T09:44:36Z</time></trkpt>
			<trkpt lat="47.445870" lon="-1.344290"><ele>39</ele><time>2026-03-01T09:44:48Z</time></trkpt>
			<trkpt lat="47.445980" lon="-1.344590"><ele>38</ele><time>2026-03-01T09:45:00Z</time></trkpt>
			<trkpt lat="47.446170" lon="-1.345140"><ele>38</ele><time>2026-03-01T09:45:12Z</time></trkpt>
			<trkpt lat="47.446250" lon="-1.345250"><ele>38</ele><time>2026-03-01T09:45:24Z</time></trkpt>
			<trkpt lat="47.446300" lon="-1.345380"><ele>38</ele><time>2026-03-01T09:45:36Z</time></trkpt>
			<trkpt lat="47.446310" lon="-1.345570"><ele>38</ele><time>2026-03-01T09:45:48Z</time></trkpt>
			<trkpt lat="47.446560" lon="-1.346320"><ele>39</ele><time>2026-03-01T09:46:00Z</time></trkpt>
			<trkpt lat="47.446670" lon="-1.346550"><ele>40</ele><time>2026-03-01T09:46:12Z</time></trkpt>
			<trkpt lat="47.446780" lon="-1.346770"><ele>40</ele><time>2026-03-01T09:46:24Z</time></trkpt>
			<trkpt lat="47.446920" lon="-1.346940"><ele>40</ele><time>2026-03-01T09:46:36Z</time></trkpt>
			<trkpt lat="47.447130" lon="-1.347170"><ele>41</ele><time>2026-03-01T09:46:48Z</time></trkpt>
			<trkpt lat="47.447220" lon="-1.347300"><ele>41</ele><time>2026-03-01T09:47:00Z</time></trkpt>
			<trkpt lat="47.447320" lon="-1.347360"><ele>41</ele><time>2026-03-01T09:47:12Z</time></trkpt>
			<trkpt lat="47.447500" lon="-1.347580"><ele>41</ele><time>2026-03-01T09:47:24Z</time></trkpt>
			<trkpt lat="47.447590" lon="-1.347670"><ele>41</ele><time>2026-03-01T09:47:36Z</time></trkpt>
			<trkpt lat="47.447680" lon="-1.347740"><ele>41</ele><time>2026-03-01T09:47:48Z</time></trkpt>
			<trkpt lat="47.447700" lon="-1.347700"><ele>41</ele><time>2026-03-01T09:48:00Z</time></trkpt>
			<trkpt lat="47.447740" lon="-1.347700"><ele>41</ele><time>2026-03-01T09:48:12Z</time></trkpt>
			<trkpt lat="47.447760" lon="-1.347730"><ele>41</ele><time>2026-03-01T09:48:24Z</time></trkpt>
			<trkpt lat="47.447770" lon="-1.347770"><ele>41</ele><time>2026-03-01T09:48:36Z</time></trkpt>
			<trkpt lat="47.447750" lon="-1.347830"><ele>41</ele><time>2026-03-01T09:48:48Z</time></trkpt>
			<trkpt lat="47.447760" lon="-1.347860"><ele>41</ele><time>2026-03-01T09:49:00Z</time></trkpt>
			<trkpt lat="47.448000" lon="-1.348180"><ele>41</ele><time>2026-03-01T09:49:12Z</time></trkpt>
			<trkpt lat="47.448050" lon="-1.348250"><ele>41</ele><time>2026-03-01T09:49:24Z</time></trkpt>
			<trkpt lat="47.448230" lon="-1.348380"><ele>42</ele><time>2026-03-01T09:49:36Z</time></trkpt>
			<trkpt lat="47.448280" lon="-1.348420"><ele>42</ele><time>2026-03-01T09:49:48Z</time></trkpt>
			<trkpt lat="47.448370" lon="-1.348610"><ele>42</ele><time>2026-03-01T09:50:00Z</time></trkpt>
			<trkpt lat="47.448410" lon="-1.348700"><ele>42</ele><time>2026-03-01T09:50:12Z</time></trkpt>
			<trkpt lat="47.448470" lon="-1.348830"><ele>42</ele><time>2026-03-01T09:50:24Z</time></trkpt>
			<trkpt lat="47.448450" lon="-1.349250"><ele>41</ele><time>2026-03-01T09:50:36Z</time></trkpt>
			<trkpt lat="47.448430" lon="-1.349470"><ele>41</ele><time>2026-03-01T09:50:48Z</time></trkpt>
			<trkpt lat="47.448420" lon="-1.349560"><ele>41</ele><time>2026-03-01T09:51:00Z</time></trkpt>
			<trkpt lat="47.448420" lon="-1.349670"><ele>40</ele><time>2026-03-01T09:51:12Z</time></trkpt>
			<trkpt lat="47.448450" lon="-1.349690"><ele>41</ele><time>2026-03-01T09:51:24Z</time></trkpt>
			<trkpt lat="47.448470" lon="-1.349730"><ele>40</ele><time>2026-03-01T09:51:36Z</time></trkpt>
			<trkpt lat="47.448480" lon="-1.349780"><ele>40</ele><time>2026-03-01T09:51:48Z</time></trkpt>
			<trkpt lat="47.448650" lon="-1.349870"><ele>41</ele><time>2026-03-01T09:52:00Z</time></trkpt>
			<trkpt lat="47.448810" lon="-1.349950"><ele>41</ele><time>2026-03-01T09:52:12Z</time></trkpt>
			<trkpt lat="47.449110" lon="-1.350130"><ele>41</ele><time>2026-03-01T09:52:24Z</time></trkpt>
			<trkpt lat="47.449600" lon="-1.350410"><ele>41</ele><time>2026-03-01T09:52:36Z</time></trkpt>
			<trkpt lat="47.449740" lon="-1.350490"><ele>42</ele><time>2026-03-01T09:52:48Z</time></trkpt>
			<trkpt lat="47.449910" lon="-1.350600"><ele>42</ele><time>2026-03-01T09:53:00Z</time></trkpt>
			<trkpt lat="47.450050" lon="-1.350680"><ele>42</ele><time>2026-03-01T09:53:12Z</time></trkpt>
			<trkpt lat="47.450310" lon="-1.350820"><ele>42</ele><time>2026-03-01T09:53:24Z</time></trkpt>
			<trkpt lat="47.450540" lon="-1.350960"><ele>41</ele><time>2026-03-01T09:53:36Z</time></trkpt>
			<trkpt lat="47.452390" lon="-1.352040"><ele>40</ele><time>2026-03-01T09:53:48Z</time></trkpt>
			<trkpt lat="47.452540" lon="-1.352140"><ele>39</ele><time>2026-03-01T09:54:00Z</time></trkpt>
			<trkpt lat="47.452700" lon="-1.352300"><ele>39</ele><time>2026-03-01T09:54:12Z</time></trkpt>
			<trkpt lat="47.453830" lon="-1.353840"><ele>40</ele><time>2026-03-01T09:54:24Z</time></trkpt>
			<trkpt lat="47.455560" lon="-1.356200"><ele>41</ele><time>2026-03-01T09:54:36Z</time></trkpt>
			<trkpt lat="47.456660" lon="-1.357670"><ele>41</ele><time>2026-03-01T09:54:48Z</time></trkpt>
			<trkpt lat="47.457680" lon="-1.359070"><ele>41</ele><time>2026-03-01T09:55:00Z</time></trkpt>
			<trkpt lat="47.457930" lon="-1.359360"><ele>41</ele><time>2026-03-01T09:55:12Z</time></trkpt>
			<trkpt lat="47.458510" lon="-1.359840"><ele>41</ele><time>2026-03-01T09:55:24Z</time></trkpt>
			<trkpt lat="47.465780" lon="-1.365720"><ele>39</ele><time>2026-03-01T09:55:36Z</time></trkpt>
			<trkpt lat="47.466170" lon="-1.366030"><ele>39</ele><time>2026-03-01T09:55:48Z</time></trkpt>
			<trkpt lat="47.469690" lon="-1.368920"><ele>34</ele><time>2026-03-01T09:56:00Z</time></trkpt>
			<trkpt lat="47.472180" lon="-1.370980"><ele>39</ele><time>2026-03-01T09:56:12Z</time></trkpt>
			<trkpt lat="47.473070" lon="-1.371710"><ele>36</ele><time>2026-03-01T09:56:24Z</time></trkpt>
			<trkpt lat="47.473910" lon="-1.372410"><ele>37</ele><time>2026-03-01T09:56:36Z</time></trkpt>
			<trkpt lat="47.474090" lon="-1.372540"><ele>38</ele><time>2026-03-01T09:56:48Z</time></trkpt>
			<trkpt lat="47.474150" lon="-1.372580"><ele>38</ele><time>2026-03-01T09:57:00Z</time></trkpt>
			<trkpt lat="47.474250" lon="-1.372620"><ele>38</ele><time>2026-03-01T09:57:12Z</time></trkpt>
			<trkpt lat="47.474370" lon="-1.372650"><ele>39</ele><time>2026-03-01T09:57:24Z</time></trkpt>
			<trkpt lat="47.474600" lon="-1.372660"><ele>40</ele><time>2026-03-01T09:57:36Z</time></trkpt>
			<trkpt lat="47.474700" lon="-1.372660"><ele>40</ele><time>2026-03-01T09:57:48Z</time></trkpt>
			<trkpt lat="47.475210" lon="-1.372650"><ele>41</ele><time>2026-03-01T09:58:00Z</time></trkpt>
			<trkpt lat="47.476140" lon="-1.372630"><ele>43</ele><time>2026-03-01T09:58:12Z</time></trkpt>
			<trkpt lat="47.476240" lon="-1.372630"><ele>43</ele><time>2026-03-01T09:58:24Z</time></trkpt>
			<trkpt lat="47.476480" lon="-1.372630"><ele>43</ele><time>2026-03-01T09:58:36Z</time></trkpt>
			<trkpt lat="47.476570" lon="-1.372620"><ele>43</ele><time>2026-03-01T09:58:48Z</time></trkpt>
			<trkpt lat="47.476770" lon="-1.372590"><ele>43</ele><time>2026-03-01T09:59:00Z</time></trkpt>
			<trkpt lat="47.476810" lon="-1.372580"><ele>44</ele><time>2026-03-01T09:59:12Z</time></trkpt>
			<trkpt lat="47.476920" lon="-1.372540"><ele>44</ele><time>2026-03-01T09:59:24Z</time></trkpt>
			<trkpt lat="47.476950" lon="-1.372720"><ele>44</ele><time>2026-03-01T09:59:36Z</time></trkpt>
			<trkpt lat="47.476990" lon="-1.372900"><ele>44</ele><time>2026-03-01T09:59:48Z</time></trkpt>
			<trkpt lat="47.477010" lon="-1.372990"><ele>45</ele><time>2026-03-01T10:00:00Z</time></trkpt>
			<trkpt lat="47.477110" lon="-1.373400"><ele>45</ele><time>2026-03-01T10:00:12Z</time></trkpt>
			<trkpt lat="47.477150" lon="-1.373830"><ele>45</ele><time>2026-03-01T10:00:24Z</time></trkpt>
			<trkpt lat="47.477170" lon="-1.374010"><ele>44</ele><time>2026-03-01T10:00:36Z</time></trkpt>
			<trkpt lat="47.477180" lon="-1.374170"><ele>44</ele><time>2026-03-01T10:00:48Z</time></trkpt>
			<trkpt lat="47.477170" lon="-1.374290"><ele>44</ele><time>2026-03-01T10:01:00Z</time></trkpt>
			<trkpt lat="47.477160" lon="-1.374410"><ele>44</ele><time>2026-03-01T10:01:12Z</time></trkpt>
			<trkpt lat="47.477130" lon="-1.374530"><ele>44</ele><time>2026-03-01T10:01:24Z</time></trkpt>
			<trkpt lat="47.477060" lon="-1.374750"><ele>45</ele><time>2026-03-01T10:01:36Z</time></trkpt>
			<trkpt lat="47.476930" lon="-1.375100"><ele>45</ele><time>2026-03-01T10:01:48Z</time></trkpt>
			<trkpt lat="47.476860" lon="-1.375240"><ele>45</ele><time>2026-03-01T10:02:00Z</time></trkpt>
			<trkpt lat="47.476800" lon="-1.375370"><ele>45</ele><time>2026-03-01T10:02:12Z</time></trkpt>
			<trkpt lat="47.476730" lon="-1.375700"><ele>44</ele><time>2026-03-01T10:02:24Z</time></trkpt>
			<trkpt lat="47.476710" lon="-1.375820"><ele>44</ele><time>2026-03-01T10:02:36Z</time></trkpt>
			<trkpt lat="47.476730" lon="-1.375850"><ele>44</ele><time>2026-03-01T10:02:48Z</time></trkpt>
			<trkpt lat="47.476730" lon="-1.375920"><ele>44</ele><time>2026-03-01T10:03:00Z</time></trkpt>
			<trkpt lat="47.476770" lon="-1.376040"><ele>44</ele><time>2026-03-01T10:03:12Z</time></trkpt>
			<trkpt lat="47.476810" lon="-1.376120"><ele>45</ele><time>2026-03-01T10:03:24Z</time></trkpt>
			<trkpt lat="47.476880" lon="-1.376220"><ele>45</ele><time>2026-03-01T10:03:36Z</time></trkpt>
			<trkpt lat="47.477000" lon="-1.376320"><ele>45</ele><time>2026-03-01T10:03:48Z</time></trkpt>
			<trkpt lat="47.477370" lon="-1.376590"><ele>46</ele><time>2026-03-01T10:04:00Z</time></trkpt>
			<trkpt lat="47.477720" lon="-1.376830"><ele>45</ele><time>2026-03-01T10:04:12Z</time></trkpt>
			<trkpt lat="47.477900" lon="-1.376990"><ele>45</ele><time>2026-03-01T10:04:24Z</time></trkpt>
			<trkpt lat="47.478990" lon="-1.378240"><ele>44</ele><time>2026-03-01T10:04:36Z</time></trkpt>
			<trkpt lat="47.479810" lon="-1.379140"><ele>44</ele><time>2026-03-01T10:04:48Z</time></trkpt>
			<trkpt lat="47.480210" lon="-1.379600"><ele>45</ele><time>2026-03-01T10:05:00Z</time></trkpt>
			<trkpt lat="47.481360" lon="-1.381040"><ele>45</ele><time>2026-03-01T10:05:12Z</time></trkpt>
			<trkpt lat="47.481810" lon="-1.381620"><ele>46</ele><time>2026-03-01T10:05:24Z</time></trkpt>
			<trkpt lat="47.481950" lon="-1.381830"><ele>45</ele><time>2026-03-01T10:05:36Z</time></trkpt>
			<trkpt lat="47.482060" lon="-1.382030"><ele>45</ele><time>2026-03-01T10:05:48Z</time></trkpt>
			<trkpt lat="47.482120" lon="-1.382230"><ele>44</ele><time>2026-03-01T10:06:00Z</time></trkpt>
			<trkpt lat="47.482180" lon="-1.382460"><ele>43</ele><time>2026-03-01T10:06:12Z</time></trkpt>
			<trkpt lat="47.482290" lon="-1.383060"><ele>43</ele><time>2026-03-01T10:06:24Z</time></trkpt>
			<trkpt lat="47.482460" lon="-1.384010"><ele>44</ele><time>2026-03-01T10:06:36Z</time></trkpt>
			<trkpt lat="47.482600" lon="-1.384760"><ele>42</ele><time>2026-03-01T10:06:48Z</time></trkpt>
			<trkpt lat="47.482740" lon="-1.385340"><ele>41</ele><time>2026-03-01T10:07:00Z</time></trkpt>
			<trkpt lat="47.483210" lon="-1.387050"><ele>36</ele><time>2026-03-01T10:07:12Z</time></trkpt>
			<trkpt lat="47.483530" lon="-1.388680"><ele>39</ele><time>2026-03-01T10:07:24Z</time></trkpt>
			<trkpt lat="47.483800" lon="-1.389970"><ele>42</ele><time>2026-03-01T10:07:36Z</time></trkpt>
			<trkpt lat="47.484210" lon="-1.392130"><ele>43</ele><time>2026-03-01T10:07:48Z</time></trkpt>
			<trkpt lat="47.484360" lon="-1.393780"><ele>42</ele><time>2026-03-01T10:08:00Z</time></trkpt>
			<trkpt lat="47.484380" lon="-1.393960"><ele>42</ele><time>2026-03-01T10:08:12Z</time></trkpt>
			<trkpt lat="47.484410" lon="-1.394150"><ele>42</ele><time>2026-03-01T10:08:24Z</time></trkpt>
			<trkpt lat="47.484460" lon="-1.394300"><ele>42</ele><time>2026-03-01T10:08:36Z</time></trkpt>
			<trkpt lat="47.484550" lon="-1.394460"><ele>42</ele><time>2026-03-01T10:08:48Z</time></trkpt>
			<trkpt lat="47.484750" lon="-1.394770"><ele>41</ele><time>2026-03-01T10:09:00Z</time></trkpt>
			<trkpt lat="47.486020" lon="-1.396540"><ele>34</ele><time>2026-03-01T10:09:12Z</time></trkpt>
			<trkpt lat="47.486150" lon="-1.396750"><ele>33</ele><time>2026-03-01T10:09:24Z</time></trkpt>
			<trkpt lat="47.486740" lon="-1.397750"><ele>30</ele><time>2026-03-01T10:09:36Z</time></trkpt>
			<trkpt lat="47.486970" lon="-1.398120"><ele>30</ele><time>2026-03-01T10:09:48Z</time></trkpt>
			<trkpt lat="47.487100" lon="-1.398370"><ele>30</ele><time>2026-03-01T10:10:00Z</time></trkpt>
			<trkpt lat="47.487340" lon="-1.399130"><ele>31</ele><time>2026-03-01T10:10:12Z</time></trkpt>
			<trkpt lat="47.487450" lon="-1.399400"><ele>32</ele><time>2026-03-01T10:10:24Z</time></trkpt>
			<trkpt lat="47.487580" lon="-1.399650"><ele>32</ele><time>2026-03-01T10:10:36Z</time></trkpt>
			<trkpt lat="47.487750" lon="-1.399960"><ele>33</ele><time>2026-03-01T10:10:48Z</time></trkpt>
			<trkpt lat="47.487920" lon="-1.400300"><ele>35</ele><time>2026-03-01T10:11:00Z</time></trkpt>
			<trkpt lat="47.488150" lon="-1.400840"><ele>37</ele><time>2026-03-01T10:11:12Z</time></trkpt>
			<trkpt lat="47.488400" lon="-1.401470"><ele>39</ele><time>2026-03-01T10:11:24Z</time></trkpt>
			<trkpt lat="47.488520" lon="-1.401840"><ele>39</ele><time>2026-03-01T10:11:36Z</time></trkpt>
			<trkpt lat="47.488850" lon="-1.403120"><ele>42</ele><time>2026-03-01T10:11:48Z</time></trkpt>
			<trkpt lat="47.489430" lon="-1.405330"><ele>42</ele><time>2026-03-01T10:12:00Z</time></trkpt>
			<trkpt lat="47.489500" lon="-1.405840"><ele>43</ele><time>2026-03-01T10:12:12Z</time></trkpt>
			<trkpt lat="47.489610" lon="-1.407090"><ele>41</ele><time>2026-03-01T10:12:24Z</time></trkpt>
			<trkpt lat="47.489640" lon="-1.407290"><ele>41</ele><time>2026-03-01T10:12:36Z</time></trkpt>
			<trkpt lat="47.489670" lon="-1.407420"><ele>41</ele><time>2026-03-01T10:12:48Z</time></trkpt>
			<trkpt lat="47.489710" lon="-1.407530"><ele>41</ele><time>2026-03-01T10:13:00Z</time></trkpt>
			<trkpt lat="47.489760" lon="-1.407660"><ele>41</ele><time>2026-03-01T10:13:12Z</time></trkpt>
			<trkpt lat="47.490220" lon="-1.408510"><ele>40</ele><time>2026-03-01T10:13:24Z</time></trkpt>
			<trkpt lat="47.490490" lon="-1.409100"><ele>39</ele><time>2026-03-01T10:13:36Z</time></trkpt>
			<trkpt lat="47.490630" lon="-1.409400"><ele>38</ele><time>2026-03-01T10:13:48Z</time></trkpt>
			<trkpt lat="47.490780" lon="-1.409750"><ele>37</ele><time>2026-03-01T10:14:00Z</time></trkpt>
			<trkpt lat="47.490850" lon="-1.409970"><ele>37</ele><time>2026-03-01T10:14:12Z</time></trkpt>
			<trkpt lat="47.490870" lon="-1.410010"><ele>37</ele><time>2026-03-01T10:14:24Z</time></trkpt>
			<trkpt lat="47.491000" lon="-1.410470"><ele>35</ele><time>2026-03-01T10:14:36Z</time></trkpt>
			<trkpt lat="47.491060" lon="-1.410620"><ele>34</ele><time>2026-03-01T10:14:48Z</time></trkpt>
			<trkpt lat="47.491150" lon="-1.410790"><ele>34</ele><time>2026-03-01T10:15:00Z</time></trkpt>
			<trkpt lat="47.491200" lon="-1.410870"><ele>33</ele><time>2026-03-01T10:15:12Z</time></trkpt>
			<trkpt lat="47.491420" lon="-1.411160"><ele>31</ele><time>2026-03-01T10:15:24Z</time></trkpt>
			<trkpt lat="47.491550" lon="-1.411400"><ele>30</ele><time>2026-03-01T10:15:36Z</time></trkpt>
			<trkpt lat="47.491620" lon="-1.411620"><ele>28</ele><time>2026-03-01T10:15:48Z</time></trkpt>
			<trkpt lat="47.491760" lon="-1.412330"><ele>28</ele><time>2026-03-01T10:16:00Z</time></trkpt>
			<trkpt lat="47.491860" lon="-1.412760"><ele>29</ele><time>2026-03-01T10:16:12Z</time></trkpt>
			<trkpt lat="47.491970" lon="-1.413120"><ele>29</ele><time>2026-03-01T10:16:24Z</time></trkpt>
			<trkpt lat="47.492250" lon="-1.413800"><ele>31</ele><time>2026-03-01T10:16:36Z</time></trkpt>
			<trkpt lat="47.492420" lon="-1.414100"><ele>32</ele><time>2026-03-01T10:16:48Z</time></trkpt>
			<trkpt lat="47.492560" lon="-1.414310"><ele>32</ele><time>2026-03-01T10:17:00Z</time></trkpt>
			<trkpt lat="47.492780" lon="-1.414580"><ele>32</ele><time>2026-03-01T10:17:12Z</time></trkpt>
			<trkpt lat="47.492980" lon="-1.414810"><ele>31</ele><time>2026-03-01T10:17:24Z</time></trkpt>
			<trkpt lat="47.493240" lon="-1.415120"><ele>31</ele><time>2026-03-01T10:17:36Z</time></trkpt>
			<trkpt lat="47.493470" lon="-1.415400"><ele>31</ele><time>2026-03-01T10:17:48Z</time></trkpt>
			<trkpt lat="47.493880" lon="-1.415780"><ele>30</ele><time>2026-03-01T10:18:00Z</time></trkpt>
			<trkpt lat="47.493900" lon="-1.415810"><ele>30</ele><time>2026-03-01T10:18:12Z</time></trkpt>
			<trkpt lat="47.494310" lon="-1.416210"><ele>28</ele><time>2026-03-01T10:18:24Z</time></trkpt>
			<trkpt lat="47.494390" lon="-1.416280"><ele>28</ele><time>2026-03-01T10:18:36Z</time></trkpt>
			<trkpt lat="47.494580" lon="-1.416460"><ele>28</ele><time>2026-03-01T10:18:48Z</time></trkpt>
			<trkpt lat="47.495080" lon="-1.416970"><ele>27</ele><time>2026-03-01T10:19:00Z</time></trkpt>
			<trkpt lat="47.495200" lon="-1.417110"><ele>26</ele><time>2026-03-01T10:19:12Z</time></trkpt>
			<trkpt lat="47.495310" lon="-1.417210"><ele>26</ele><time>2026-03-01T10:19:24Z</time></trkpt>
			<trkpt lat="47.495410" lon="-1.417340"><ele>26</ele><time>2026-03-01T10:19:36Z</time></trkpt>
			<trkpt lat="47.495480" lon="-1.417460"><ele>25</ele><time>2026-03-01T10:19:48Z</time></trkpt>
			<trkpt lat="47.495550" lon="-1.417530"><ele>25</ele><time>2026-03-01T10:20:00Z</time></trkpt>
			<trkpt lat="47.495620" lon="-1.417590"><ele>25</ele><time>2026-03-01T10:20:12Z</time></trkpt>
			<trkpt lat="47.495840" lon="-1.417830"><ele>25</ele><time>2026-03-01T10:20:24Z</time></trkpt>
			<trkpt lat="47.495930" lon="-1.417910"><ele>25</ele><time>2026-03-01T10:20:36Z</time></trkpt>
			<trkpt lat="47.495940" lon="-1.417880"><ele>25</ele><time>2026-03-01T10:20:48Z</time></trkpt>
			<trkpt lat="47.495960" lon="-1.417850"><ele>25</ele><time>2026-03-01T10:21:00Z</time></trkpt>
			<trkpt lat="47.495990" lon="-1.417830"><ele>24</ele><time>2026-03-01T10:21:12Z</time></trkpt>
			<trkpt lat="47.496010" lon="-1.417830"><ele>24</ele><time>2026-03-01T10:21:24Z</time></trkpt>
			<trkpt lat="47.496040" lon="-1.417830"><ele>24</ele><time>2026-03-01T10:21:36Z</time></trkpt>
			<trkpt lat="47.496070" lon="-1.417860"><ele>24</ele><time>2026-03-01T10:21:48Z</time></trkpt>
			<trkpt lat="47.496090" lon="-1.417910"><ele>24</ele><time>2026-03-01T10:22:00Z</time></trkpt>
			<trkpt lat="47.496090" lon="-1.417940"><ele>24</ele><time>2026-03-01T10:22:12Z</time></trkpt>
			<trkpt lat="47.496090" lon="-1.417970"><ele>24</ele><time>2026-03-01T10:22:24Z</time></trkpt>
			<trkpt lat="47.496070" lon="-1.418030"><ele>24</ele><time>2026-03-01T10:22:36Z</time></trkpt>
			<trkpt lat="47.496030" lon="-1.418060"><ele>24</ele><time>2026-03-01T10:22:48Z</time></trkpt>
			<trkpt lat="47.496010" lon="-1.418060"><ele>24</ele><time>2026-03-01T10:23:00Z</time></trkpt>
			<trkpt lat="47.496030" lon="-1.418220"><ele>24</ele><time>2026-03-01T10:23:12Z</time></trkpt>
			<trkpt lat="47.496000" lon="-1.418790"><ele>23</ele><time>2026-03-01T10:23:24Z</time></trkpt>
			<trkpt lat="47.495980" lon="-1.419210"><ele>23</ele><time>2026-03-01T10:23:36Z</time></trkpt>
			<trkpt lat="47.495960" lon="-1.419570"><ele>23</ele><time>2026-03-01T10:23:48Z</time></trkpt>
			<trkpt lat="47.495950" lon="-1.419840"><ele>23</ele><time>2026-03-01T10:24:00Z</time></trkpt>
			<trkpt lat="47.495940" lon="-1.420040"><ele>23</ele><time>2026-03-01T10:24:12Z</time></trkpt>
			<trkpt lat="47.495920" lon="-1.420600"><ele>23</ele><time>2026-03-01T10:24:24Z</time></trkpt>
			<trkpt lat="47.495910" lon="-1.420690"><ele>23</ele><time>2026-03-01T10:24:36Z</time></trkpt>
			<trkpt lat="47.495750" lon="-1.420690"><ele>23</ele><time>2026-03-01T10:24:48Z</time></trkpt>
			<trkpt lat="47.495240" lon="-1.420740"><ele>23</ele><time>2026-03-01T10:25:00Z</time></trkpt>
			<trkpt lat="47.495190" lon="-1.420750"><ele>23</ele><time>2026-03-01T10:25:12Z</time></trkpt>
			<trkpt lat="47.494710" lon="-1.420800"><ele>23</ele><time>2026-03-01T10:25:24Z</time></trkpt>
			<trkpt lat="47.495190" lon="-1.420750"><ele>23</ele><time>2026-03-01T10:25:36Z</time></trkpt>
			<trkpt lat="47.495240" lon="-1.420740"><ele>23</ele><time>2026-03-01T10:25:48Z</time></trkpt>
			<trkpt lat="47.495750" lon="-1.420690"><ele>23</ele><time>2026-03-01T10:26:00Z</time></trkpt>
			<trkpt lat="47.495910" lon="-1.420690"><ele>23</ele><time>2026-03-01T10:26:12Z</time></trkpt>
			<trkpt lat="47.495840" lon="-1.421040"><ele>22</ele><time>2026-03-01T10:26:24Z</time></trkpt>
			<trkpt lat="47.495790" lon="-1.421240"><ele>22</ele><time>2026-03-01T10:26:36Z</time></trkpt>
			<trkpt lat="47.495700" lon="-1.421470"><ele>21</ele><time>2026-03-01T10:26:48Z</time></trkpt>
			<trkpt lat="47.495650" lon="-1.421600"><ele>20</ele><time>2026-03-01T10:27:00Z</time></trkpt>
			<trkpt lat="47.495820" lon="-1.421700"><ele>20</ele><time>2026-03-01T10:27:12Z</time></trkpt>
			<trkpt lat="47.495960" lon="-1.421810"><ele>19</ele><time>2026-03-01T10:27:24Z</time></trkpt>
			<trkpt lat="47.496030" lon="-1.421890"><ele>18</ele><time>2026-03-01T10:27:36Z</time></trkpt>
			<trkpt lat="47.496180" lon="-1.422100"><ele>17</ele><time>2026-03-01T10:27:48Z</time></trkpt>
			<trkpt lat="47.496370" lon="-1.422270"><ele>16</ele><time>2026-03-01T10:28:00Z</time></trkpt>
			<trkpt lat="47.496440" lon="-1.422320"><ele>16</ele><time>2026-03-01T10:28:12Z</time></trkpt>
			<trkpt lat="47.496620" lon="-1.422580"><ele>15</ele><time>2026-03-01T10:28:24Z</time></trkpt>
			<trkpt lat="47.496730" lon="-1.422790"><ele>15</ele><time>2026-03-01T10:28:36Z</time></trkpt>
			<trkpt lat="47.496750" lon="-1.422870"><ele>15</ele><time>2026-03-01T10:28:48Z</time></trkpt>
			<trkpt lat="47.496730" lon="-1.422880"><ele>15</ele><time>2026-03-01T10:29:00Z</time></trkpt>
			<trkpt lat="47.496720" lon="-1.422920"><ele>15</ele><time>2026-03-01T10:29:12Z</time></trkpt>
			<trkpt lat="47.496800" lon="-1.423040"><ele>15</ele><time>2026-03-01T10:29:24Z</time></trkpt>
			<trkpt lat="47.496950" lon="-1.423370"><ele>15</ele><time>2026-03-01T10:29:36Z</time></trkpt>
			<trkpt lat="47.497000" lon="-1.423490"><ele>15</ele><time>2026-03-01T10:29:48Z</time></trkpt>
			<trkpt lat="47.497070" lon="-1.423640"><ele>15</ele><time>2026-03-01T10:30:00Z</time></trkpt>
			<trkpt lat="47.497600" lon="-1.424830"><ele>15</ele><time>2026-03-01T10:30:12Z</time></trkpt>
			<trkpt lat="47.497850" lon="-1.425390"><ele>16</ele><time>2026-03-01T10:30:24Z</time></trkpt>
			<trkpt lat="47.497870" lon="-1.425450"><ele>16</ele><time>2026-03-01T10:30:36Z</time></trkpt>
			<trkpt lat="47.497920" lon="-1.425610"><ele>17</ele><time>2026-03-01T10:30:48Z</time></trkpt>
			<trkpt lat="47.497930" lon="-1.425700"><ele>17</ele><time>2026-03-01T10:31:00Z</time></trkpt>
			<trkpt lat="47.497940" lon="-1.426020"><ele>17</ele><time>2026-03-01T10:31:12Z</time></trkpt>
			<trkpt lat="47.497970" lon="-1.426880"><ele>17</ele><time>2026-03-01T10:31:24Z</time></trkpt>
			<trkpt lat="47.498000" lon="-1.427790"><ele>17</ele><time>2026-03-01T10:31:36Z</time></trkpt>
			<trkpt lat="47.498040" lon="-1.428520"><ele>17</ele><time>2026-03-01T10:31:48Z</time></trkpt>
			<trkpt lat="47.498080" lon="-1.428920"><ele>16</ele><time>2026-03-01T10:32:00Z</time></trkpt>
			<trkpt lat="47.498170" lon="-1.429520"><ele>16</ele><time>2026-03-01T10:32:12Z</time></trkpt>
			<trkpt lat="47.498950" lon="-1.434320"><ele>20</ele><time>2026-03-01T10:32:24Z</time></trkpt>
			<trkpt lat="47.498990" lon="-1.434670"><ele>21</ele><time>2026-03-01T10:32:36Z</time></trkpt>
			<trkpt lat="47.498990" lon="-1.435010"><ele>21</ele><time>2026-03-01T10:32:48Z</time></trkpt>
			<trkpt lat="47.498960" lon="-1.435200"><ele>22</ele><time>2026-03-01T10:33:00Z</time></trkpt>
			<trkpt lat="47.498590" lon="-1.436800"><ele>24</ele><time>2026-03-01T10:33:12Z</time></trkpt>
			<trkpt lat="47.498560" lon="-1.437060"><ele>24</ele><time>2026-03-01T10:33:24Z</time></trkpt>
			<trkpt lat="47.498550" lon="-1.437400"><ele>24</ele><time>2026-03-01T10:33:36Z</time></trkpt>
			<trkpt lat="47.498550" lon="-1.437650"><ele>24</ele><time>2026-03-01T10:33:48Z</time></trkpt>
			<trkpt lat="47.498610" lon="-1.438940"><ele>23</ele><time>2026-03-01T10:34:00Z</time></trkpt>
			<trkpt lat="47.498600" lon="-1.439250"><ele>22</ele><time>2026-03-01T10:34:12Z</time></trkpt>
			<trkpt lat="47.498580" lon="-1.439500"><ele>22</ele><time>2026-03-01T10:34:24Z</time></trkpt>
			<trkpt lat="47.498540" lon="-1.439690"><ele>22</ele><time>2026-03-01T10:34:36Z</time></trkpt>
			<trkpt lat="47.498460" lon="-1.439980"><ele>22</ele><time>2026-03-01T10:34:48Z</time></trkpt>
			<trkpt lat="47.498290" lon="-1.440510"><ele>23</ele><time>2026-03-01T10:35:00Z</time></trkpt>
			<trkpt lat="47.498160" lon="-1.440920"><ele>23</ele><time>2026-03-01T10:35:12Z</time></trkpt>
			<trkpt lat="47.498050" lon="-1.441320"><ele>23</ele><time>2026-03-01T10:35:24Z</time></trkpt>
			<trkpt lat="47.498000" lon="-1.441540"><ele>23</ele><time>2026-03-01T10:35:36Z</time></trkpt>
			<trkpt lat="47.497970" lon="-1.441940"><ele>21</ele><time>2026-03-01T10:35:48Z</time></trkpt>
			<trkpt lat="47.497970" lon="-1.442710"><ele>19</ele><time>2026-03-01T10:36:00Z</time></trkpt>
			<trkpt lat="47.497940" lon="-1.444010"><ele>17</ele><time>2026-03-01T10:36:12Z</time></trkpt>
			<trkpt lat="47.497910" lon="-1.445610"><ele>16</ele><time>2026-03-01T10:36:24Z</time></trkpt>
			<trkpt lat="47.497920" lon="-1.445830"><ele>17</ele><time>2026-03-01T10:36:36Z</time></trkpt>
			<trkpt lat="47.497940" lon="-1.446050"><ele>17</ele><time>2026-03-01T10:36:48Z</time></trkpt>
			<trkpt lat="47.497990" lon="-1.446290"><ele>17</ele><time>2026-03-01T10:37:00Z</time></trkpt>
			<trkpt lat="47.498080" lon="-1.446520"><ele>17</ele><time>2026-03-01T10:37:12Z</time></trkpt>
			<trkpt lat="47.498190" lon="-1.446740"><ele>17</ele><time>2026-03-01T10:37:24Z</time></trkpt>
			<trkpt lat="47.499890" lon="-1.449570"><ele>21</ele><time>2026-03-01T10:37:36Z</time></trkpt>
			<trkpt lat="47.499990" lon="-1.449760"><ele>23</ele><time>2026-03-01T10:37:48Z</time></trkpt>
			<trkpt lat="47.500070" lon="-1.449890"><ele>24</ele><time>2026-03-01T10:38:00Z</time></trkpt>
			<trkpt lat="47.500150" lon="-1.450100"><ele>26</ele><time>2026-03-01T10:38:12Z</time></trkpt>
			<trkpt lat="47.500190" lon="-1.450340"><ele>27</ele><time>2026-03-01T10:38:24Z</time></trkpt>
			<trkpt lat="47.500210" lon="-1.450710"><ele>28</ele><time>2026-03-01T10:38:36Z</time></trkpt>
			<trkpt lat="47.500210" lon="-1.450880"><ele>28</ele><time>2026-03-01T10:38:48Z</time></trkpt>
			<trkpt lat="47.500130" lon="-1.454680"><ele>35</ele><time>2026-03-01T10:39:00Z</time></trkpt>
			<trkpt lat="47.500140" lon="-1.455480"><ele>35</ele><time>2026-03-01T10:39:12Z</time></trkpt>
			<trkpt lat="47.500180" lon="-1.455930"><ele>36</ele><time>2026-03-01T10:39:24Z</time></trkpt>
			<trkpt lat="47.500200" lon="-1.456080"><ele>36</ele><time>2026-03-01T10:39:36Z</time></trkpt>
			<trkpt lat="47.500440" lon="-1.457410"><ele>38</ele><time>2026-03-01T10:39:48Z</time></trkpt>
			<trkpt lat="47.501990" lon="-1.465750"><ele>46</ele><time>2026-03-01T10:40:00Z</time></trkpt>
			<trkpt lat="47.502980" lon="-1.471050"><ele>48</ele><time>2026-03-01T10:40:12Z</time></trkpt>
			<trkpt lat="47.503590" lon="-1.474230"><ele>48</ele><time>2026-03-01T10:40:24Z</time></trkpt>
			<trkpt lat="47.503630" lon="-1.474490"><ele>49</ele><time>2026-03-01T10:40:36Z</time></trkpt>
			<trkpt lat="47.503650" lon="-1.474710"><ele>50</ele><time>2026-03-01T10:40:48Z</time></trkpt>
			<trkpt lat="47.503660" lon="-1.474990"><ele>51</ele><time>2026-03-01T10:41:00Z</time></trkpt>
			<trkpt lat="47.503660" lon="-1.475220"><ele>51</ele><time>2026-03-01T10:41:12Z</time></trkpt>
			<trkpt lat="47.503630" lon="-1.475480"><ele>51</ele><time>2026-03-01T10:41:24Z</time></trkpt>
			<trkpt lat="47.503530" lon="-1.476240"><ele>52</ele><time>2026-03-01T10:41:36Z</time></trkpt>
			<trkpt lat="47.503450" lon="-1.476860"><ele>52</ele><time>2026-03-01T10:41:48Z</time></trkpt>
			<trkpt lat="47.503340" lon="-1.477590"><ele>54</ele><time>2026-03-01T10:42:00Z</time></trkpt>
			<trkpt lat="47.503200" lon="-1.478650"><ele>56</ele><time>2026-03-01T10:42:12Z</time></trkpt>
			<trkpt lat="47.503180" lon="-1.479480"><ele>57</ele><time>2026-03-01T10:42:24Z</time></trkpt>
			<trkpt lat="47.503120" lon="-1.481860"><ele>59</ele><time>2026-03-01T10:42:36Z</time></trkpt>
			<trkpt lat="47.503110" lon="-1.482090"><ele>58</ele><time>2026-03-01T10:42:48Z</time></trkpt>
			<trkpt lat="47.503080" lon="-1.483330"><ele>57</ele><time>2026-03-01T10:43:00Z</time></trkpt>
			<trkpt lat="47.503080" lon="-1.484400"><ele>58</ele><time>2026-03-01T10:43:12Z</time></trkpt>
			<trkpt lat="47.503090" lon="-1.484650"><ele>58</ele><time>2026-03-01T10:43:24Z</time></trkpt>
			<trkpt lat="47.503120" lon="-1.484900"><ele>58</ele><time>2026-03-01T10:43:36Z</time></trkpt>
			<trkpt lat="47.503190" lon="-1.485310"><ele>59</ele><time>2026-03-01T10:43:48Z</time></trkpt>
			<trkpt lat="47.503270" lon="-1.485750"><ele>60</ele><time>2026-03-01T10:44:00Z</time></trkpt>
			<trkpt lat="47.503290" lon="-1.485890"><ele>60</ele><time>2026-03-01T10:44:12Z</time></trkpt>
			<trkpt lat="47.503410" lon="-1.486470"><ele>60</ele><time>2026-03-01T10:44:24Z</time></trkpt>
			<trkpt lat="47.503600" lon="-1.487580"><ele>58</ele><time>2026-03-01T10:44:36Z</time></trkpt>
			<trkpt lat="47.503650" lon="-1.487830"><ele>57</ele><time>2026-03-01T10:44:48Z</time></trkpt>
			<trkpt lat="47.503890" lon="-1.489250"><ele>57</ele><time>2026-03-01T10:45:00Z</time></trkpt>
			<trkpt lat="47.504110" lon="-1.490450"><ele>58</ele><time>2026-03-01T10:45:12Z</time></trkpt>
			<trkpt lat="47.504190" lon="-1.490750"><ele>58</ele><time>2026-03-01T10:45:24Z</time></trkpt>
			<trkpt lat="47.505010" lon="-1.492840"><ele>56</ele><time>2026-03-01T10:45:36Z</time></trkpt>
			<trkpt lat="47.505380" lon="-1.493750"><ele>52</ele><time>2026-03-01T10:45:48Z</time></trkpt>
			<trkpt lat="47.505870" lon="-1.495010"><ele>50</ele><time>2026-03-01T10:46:00Z</time></trkpt>
			<trkpt lat="47.507200" lon="-1.498330"><ele>56</ele><time>2026-03-01T10:46:12Z</time></trkpt>
			<trkpt lat="47.507780" lon="-1.499860"><ele>57</ele><time>2026-03-01T10:46:24Z</time></trkpt>
			<trkpt lat="47.508370" lon="-1.501480"><ele>58</ele><time>2026-03-01T10:46:36Z</time></trkpt>
			<trkpt lat="47.508440" lon="-1.501630"><ele>58</ele><time>2026-03-01T10:46:48Z</time></trkpt>
			<trkpt lat="47.508680" lon="-1.502270"><ele>57</ele><time>2026-03-01T10:47:00Z</time></trkpt>
			<trkpt lat="47.509160" lon="-1.503560"><ele>57</ele><time>2026-03-01T10:47:12Z</time></trkpt>
			<trkpt lat="47.509350" lon="-1.504110"><ele>56</ele><time>2026-03-01T10:47:24Z</time></trkpt>
			<trkpt lat="47.509820" lon="-1.505340"><ele>54</ele><time>2026-03-01T10:47:36Z</time></trkpt>
			<trkpt lat="47.510030" lon="-1.505910"><ele>53</ele><time>2026-03-01T10:47:48Z</time></trkpt>
			<trkpt lat="47.510180" lon="-1.506370"><ele>53</ele><time>2026-03-01T10:48:00Z</time></trkpt>
			<trkpt lat="47.510260" lon="-1.506700"><ele>53</ele><time>2026-03-01T10:48:12Z</time></trkpt>
			<trkpt lat="47.510210" lon="-1.506710"><ele>53</ele><time>2026-03-01T10:48:24Z</time></trkpt>
			<trkpt lat="47.510130" lon="-1.506700"><ele>53</ele><time>2026-03-01T10:48:36Z</time></trkpt>
			<trkpt lat="47.509820" lon="-1.506540"><ele>53</ele><time>2026-03-01T10:48:48Z</time></trkpt>
			<trkpt lat="47.509510" lon="-1.506420"><ele>53</ele><time>2026-03-01T10:49:00Z</time></trkpt>
			<trkpt lat="47.509050" lon="-1.506260"><ele>53</ele><time>2026-03-01T10:49:12Z</time></trkpt>
			<trkpt lat="47.508720" lon="-1.506180"><ele>53</ele><time>2026-03-01T10:49:24Z</time></trkpt>
			<trkpt lat="47.508430" lon="-1.506190"><ele>52</ele><time>2026-03-01T10:49:36Z</time></trkpt>
			<trkpt lat="47.508050" lon="-1.506220"><ele>52</ele><time>2026-03-01T10:49:48Z</time></trkpt>
			<trkpt lat="47.507880" lon="-1.506250"><ele>53</ele><time>2026-03-01T10:50:00Z</time></trkpt>
			<trkpt lat="47.507420" lon="-1.506460"><ele>53</ele><time>2026-03-01T10:50:12Z</time></trkpt>
			<trkpt lat="47.507190" lon="-1.506530"><ele>53</ele><time>2026-03-01T10:50:24Z</time></trkpt>
			<trkpt lat="47.506690" lon="-1.506640"><ele>54</ele><time>2026-03-01T10:50:36Z</time></trkpt>
			<trkpt lat="47.506370" lon="-1.506730"><ele>54</ele><time>2026-03-01T10:50:48Z</time></trkpt>
			<trkpt lat="47.505920" lon="-1.506810"><ele>54</ele><time>2026-03-01T10:51:00Z</time></trkpt>
			<trkpt lat="47.505150" lon="-1.506720"><ele>56</ele><time>2026-03-01T10:51:12Z</time></trkpt>
			<trkpt lat="47.504700" lon="-1.506780"><ele>57</ele><time>2026-03-01T10:51:24Z</time></trkpt>
			<trkpt lat="47.504440" lon="-1.506830"><ele>57</ele><time>2026-03-01T10:51:36Z</time></trkpt>
			<trkpt lat="47.504120" lon="-1.507000"><ele>58</ele><time>2026-03-01T10:51:48Z</time></trkpt>
			<trkpt lat="47.503210" lon="-1.507550"><ele>58</ele><time>2026-03-01T10:52:00Z</time></trkpt>
			<trkpt lat="47.502920" lon="-1.507720"><ele>58</ele><time>2026-03-01T10:52:12Z</time></trkpt>
			<trkpt lat="47.502760" lon="-1.507840"><ele>58</ele><time>2026-03-01T10:52:24Z</time></trkpt>
			<trkpt lat="47.500560" lon="-1.509970"><ele>54</ele><time>2026-03-01T10:52:36Z</time></trkpt>
			<trkpt lat="47.499450" lon="-1.511130"><ele>50</ele><time>2026-03-01T10:52:48Z</time></trkpt>
			<trkpt lat="47.497830" lon="-1.512830"><ele>46</ele><time>2026-03-01T10:53:00Z</time></trkpt>
			<trkpt lat="47.497460" lon="-1.513240"><ele>46</ele><time>2026-03-01T10:53:12Z</time></trkpt>
			<trkpt lat="47.497050" lon="-1.513750"><ele>46</ele><time>2026-03-01T10:53:24Z</time></trkpt>
			<trkpt lat="47.496690" lon="-1.514220"><ele>47</ele><time>2026-03-01T10:53:36Z</time></trkpt>
			<trkpt lat="47.496050" lon="-1.515010"><ele>47</ele><time>2026-03-01T10:53:48Z</time></trkpt>
			<trkpt lat="47.495250" lon="-1.516060"><ele>46</ele><time>2026-03-01T10:54:00Z</time></trkpt>
			<trkpt lat="47.494450" lon="-1.517340"><ele>48</ele><time>2026-03-01T10:54:12Z</time></trkpt>
			<trkpt lat="47.491690" lon="-1.521940"><ele>51</ele><time>2026-03-01T10:54:24Z</time></trkpt>
			<trkpt lat="47.490650" lon="-1.523680"><ele>50</ele><time>2026-03-01T10:54:36Z</time></trkpt>
			<trkpt lat="47.490270" lon="-1.524190"><ele>51</ele><time>2026-03-01T10:54:48Z</time></trkpt>
			<trkpt lat="47.489550" lon="-1.525040"><ele>52</ele><time>2026-03-01T10:55:00Z</time></trkpt>
			<trkpt lat="47.489140" lon="-1.525520"><ele>51</ele><time>2026-03-01T10:55:12Z</time></trkpt>
			<trkpt lat="47.487170" lon="-1.528480"><ele>47</ele><time>2026-03-01T10:55:24Z</time></trkpt>
			<trkpt lat="47.487080" lon="-1.528620"><ele>47</ele><time>2026-03-01T10:55:36Z</time></trkpt>
			<trkpt lat="47.484770" lon="-1.532100"><ele>45</ele><time>2026-03-01T10:55:48Z</time></trkpt>
			<trkpt lat="47.484130" lon="-1.533150"><ele>45</ele><time>2026-03-01T10:56:00Z</time></trkpt>
			<trkpt lat="47.483640" lon="-1.534010"><ele>44</ele><time>2026-03-01T10:56:12Z</time></trkpt>
			<trkpt lat="47.482390" lon="-1.535620"><ele>45</ele><time>2026-03-01T10:56:24Z</time></trkpt>
			<trkpt lat="47.482360" lon="-1.535770"><ele>45</ele><time>2026-03-01T10:56:36Z</time></trkpt>
			<trkpt lat="47.482320" lon="-1.536030"><ele>45</ele><time>2026-03-01T10:56:48Z</time></trkpt>
			<trkpt lat="47.481590" lon="-1.537510"><ele>47</ele><time>2026-03-01T10:57:00Z</time></trkpt>
			<trkpt lat="47.481170" lon="-1.538310"><ele>46</ele><time>2026-03-01T10:57:12Z</time></trkpt>
			<trkpt lat="47.480190" lon="-1.540080"><ele>46</ele><time>2026-03-01T10:57:24Z</time></trkpt>
			<trkpt lat="47.479180" lon="-1.541910"><ele>50</ele><time>2026-03-01T10:57:36Z</time></trkpt>
			<trkpt lat="47.479160" lon="-1.541960"><ele>50</ele><time>2026-03-01T10:57:48Z</time></trkpt>
			<trkpt lat="47.479150" lon="-1.542020"><ele>50</ele><time>2026-03-01T10:58:00Z</time></trkpt>
			<trkpt lat="47.479170" lon="-1.542100"><ele>49</ele><time>2026-03-01T10:58:12Z</time></trkpt>
			<trkpt lat="47.479120" lon="-1.542210"><ele>50</ele><time>2026-03-01T10:58:24Z</time></trkpt>
			<trkpt lat="47.479040" lon="-1.542120"><ele>50</ele><time>2026-03-01T10:58:36Z</time></trkpt>
			<trkpt lat="47.475170" lon="-1.537830"><ele>53</ele><time>2026-03-01T10:58:48Z</time></trkpt>
			<trkpt lat="47.470590" lon="-1.532760"><ele>63</ele><time>2026-03-01T10:59:00Z</time></trkpt>
			<trkpt lat="47.470530" lon="-1.532700"><ele>63</ele><time>2026-03-01T10:59:12Z</time></trkpt>
			<trkpt lat="47.468460" lon="-1.530400"><ele>67</ele><time>2026-03-01T10:59:24Z</time></trkpt>
			<trkpt lat="47.468400" lon="-1.530330"><ele>67</ele><time>2026-03-01T10:59:36Z</time></trkpt>
			<trkpt lat="47.466360" lon="-1.528080"><ele>58</ele><time>2026-03-01T10:59:48Z</time></trkpt>
			<trkpt lat="47.465510" lon="-1.527120"><ele>59</ele><time>2026-03-01T11:00:00Z</time></trkpt>
			<trkpt lat="47.465320" lon="-1.526890"><ele>59</ele><time>2026-03-01T11:00:12Z</time></trkpt>
			<trkpt lat="47.465050" lon="-1.526460"><ele>59</ele><time>2026-03-01T11:00:24Z</time></trkpt>
			<trkpt lat="47.463980" lon="-1.524490"><ele>54</ele><time>2026-03-01T11:00:36Z</time></trkpt>
			<trkpt lat="47.462000" lon="-1.520830"><ele>52</ele><time>2026-03-01T11:00:48Z</time></trkpt>
			<trkpt lat="47.461880" lon="-1.520610"><ele>51</ele><time>2026-03-01T11:01:00Z</time></trkpt>
			<trkpt lat="47.461590" lon="-1.520070"><ele>50</ele><time>2026-03-01T11:01:12Z</time></trkpt>
			<trkpt lat="47.460570" lon="-1.518170"><ele>46</ele><time>2026-03-01T11:01:24Z</time></trkpt>
			<trkpt lat="47.459760" lon="-1.516700"><ele>45</ele><time>2026-03-01T11:01:36Z</time></trkpt>
			<trkpt lat="47.459570" lon="-1.516400"><ele>45</ele><time>2026-03-01T11:01:48Z</time></trkpt>
			<trkpt lat="47.459100" lon="-1.515710"><ele>44</ele><time>2026-03-01T11:02:00Z</time></trkpt>
			<trkpt lat="47.458340" lon="-1.514600"><ele>43</ele><time>2026-03-01T11:02:12Z</time></trkpt>
			<trkpt lat="47.457690" lon="-1.513640"><ele>39</ele><time>2026-03-01T11:02:24Z</time></trkpt>
			<trkpt lat="47.457340" lon="-1.513130"><ele>37</ele><time>2026-03-01T11:02:36Z</time></trkpt>
			<trkpt lat="47.455430" lon="-1.510360"><ele>27</ele><time>2026-03-01T11:02:48Z</time></trkpt>
			<trkpt lat="47.455150" lon="-1.509950"><ele>26</ele><time>2026-03-01T11:03:00Z</time></trkpt>
			<trkpt lat="47.453480" lon="-1.507510"><ele>25</ele><time>2026-03-01T11:03:12Z</time></trkpt>
			<trkpt lat="47.452340" lon="-1.505850"><ele>22</ele><time>2026-03-01T11:03:24Z</time></trkpt>
			<trkpt lat="47.452290" lon="-1.505770"><ele>22</ele><time>2026-03-01T11:03:36Z</time></trkpt>
			<trkpt lat="47.452230" lon="-1.505690"><ele>22</ele><time>2026-03-01T11:03:48Z</time></trkpt>
			<trkpt lat="47.452160" lon="-1.505600"><ele>21</ele><time>2026-03-01T11:04:00Z</time></trkpt>
			<trkpt lat="47.452100" lon="-1.505510"><ele>21</ele><time>2026-03-01T11:04:12Z</time></trkpt>
			<trkpt lat="47.451820" lon="-1.505100"><ele>20</ele><time>2026-03-01T11:04:24Z</time></trkpt>
			<trkpt lat="47.451630" lon="-1.504830"><ele>20</ele><time>2026-03-01T11:04:36Z</time></trkpt>
			<trkpt lat="47.451480" lon="-1.504690"><ele>20</ele><time>2026-03-01T11:04:48Z</time></trkpt>
			<trkpt lat="47.451420" lon="-1.504690"><ele>20</ele><time>2026-03-01T11:05:00Z</time></trkpt>
			<trkpt lat="47.451370" lon="-1.504640"><ele>20</ele><time>2026-03-01T11:05:12Z</time></trkpt>
			<trkpt lat="47.451360" lon="-1.504600"><ele>20</ele><time>2026-03-01T11:05:24Z</time></trkpt>
			<trkpt lat="47.451140" lon="-1.504470"><ele>20</ele><time>2026-03-01T11:05:36Z</time></trkpt>
			<trkpt lat="47.450880" lon="-1.504400"><ele>20</ele><time>2026-03-01T11:05:48Z</time></trkpt>
			<trkpt lat="47.450500" lon="-1.504300"><ele>20</ele><time>2026-03-01T11:06:00Z</time></trkpt>
			<trkpt lat="47.449980" lon="-1.504160"><ele>21</ele><time>2026-03-01T11:06:12Z</time></trkpt>
			<trkpt lat="47.449790" lon="-1.504190"><ele>21</ele><time>2026-03-01T11:06:24Z</time></trkpt>
			<trkpt lat="47.449760" lon="-1.504220"><ele>21</ele><time>2026-03-01T11:06:36Z</time></trkpt>
			<trkpt lat="47.449730" lon="-1.504250"><ele>21</ele><time>2026-03-01T11:06:48Z</time></trkpt>
			<trkpt lat="47.449690" lon="-1.504250"><ele>21</ele><time>2026-03-01T11:07:00Z</time></trkpt>
			<trkpt lat="47.449660" lon="-1.504240"><ele>20</ele><time>2026-03-01T11:07:12Z</time></trkpt>
			<trkpt lat="47.449620" lon="-1.504200"><ele>21</ele><time>2026-03-01T11:07:24Z</time></trkpt>
			<trkpt lat="47.449600" lon="-1.504140"><ele>21</ele><time>2026-03-01T11:07:36Z</time></trkpt>
			<trkpt lat="47.449590" lon="-1.504080"><ele>21</ele><time>2026-03-01T11:07:48Z</time></trkpt>
			<trkpt lat="47.449600" lon="-1.504010"><ele>21</ele><time>2026-03-01T11:08:00Z</time></trkpt>
			<trkpt lat="47.449630" lon="-1.503960"><ele>21</ele><time>2026-03-01T11:08:12Z</time></trkpt>
			<trkpt lat="47.449670" lon="-1.503930"><ele>21</ele><time>2026-03-01T11:08:24Z</time></trkpt>
			<trkpt lat="47.449750" lon="-1.503690"><ele>21</ele><time>2026-03-01T11:08:36Z</time></trkpt>
			<trkpt lat="47.449760" lon="-1.503580"><ele>21</ele><time>2026-03-01T11:08:48Z</time></trkpt>
			<trkpt lat="47.449780" lon="-1.503400"><ele>21</ele><time>2026-03-01T11:09:00Z</time></trkpt>
			<trkpt lat="47.449880" lon="-1.502580"><ele>21</ele><time>2026-03-01T11:09:12Z</time></trkpt>
			<trkpt lat="47.449870" lon="-1.502420"><ele>21</ele><time>2026-03-01T11:09:24Z</time></trkpt>
			<trkpt lat="47.449850" lon="-1.502290"><ele>22</ele><time>2026-03-01T11:09:36Z</time></trkpt>
			<trkpt lat="47.449830" lon="-1.502250"><ele>22</ele><time>2026-03-01T11:09:48Z</time></trkpt>
			<trkpt lat="47.449820" lon="-1.502200"><ele>22</ele><time>2026-03-01T11:10:00Z</time></trkpt>
			<trkpt lat="47.449820" lon="-1.502150"><ele>22</ele><time>2026-03-01T11:10:12Z</time></trkpt>
			<trkpt lat="47.449660" lon="-1.501910"><ele>23</ele><time>2026-03-01T11:10:24Z</time></trkpt>
			<trkpt lat="47.449460" lon="-1.501690"><ele>24</ele><time>2026-03-01T11:10:36Z</time></trkpt>
			<trkpt lat="47.449290" lon="-1.501550"><ele>24</ele><time>2026-03-01T11:10:48Z</time></trkpt>
			<trkpt lat="47.449130" lon="-1.501450"><ele>25</ele><time>2026-03-01T11:11:00Z</time></trkpt>
			<trkpt lat="47.448890" lon="-1.501360"><ele>25</ele><time>2026-03-01T11:11:12Z</time></trkpt>
			<trkpt lat="47.448580" lon="-1.501280"><ele>25</ele><time>2026-03-01T11:11:24Z</time></trkpt>
			<trkpt lat="47.448370" lon="-1.501230"><ele>25</ele><time>2026-03-01T11:11:36Z</time></trkpt>
			<trkpt lat="47.448150" lon="-1.501180"><ele>25</ele><time>2026-03-01T11:11:48Z</time></trkpt>
			<trkpt lat="47.447860" lon="-1.501120"><ele>24</ele><time>2026-03-01T11:12:00Z</time></trkpt>
			<trkpt lat="47.447450" lon="-1.501020"><ele>23</ele><time>2026-03-01T11:12:12Z</time></trkpt>
			<trkpt lat="47.446220" lon="-1.500730"><ele>20</ele><time>2026-03-01T11:12:24Z</time></trkpt>
			<trkpt lat="47.446130" lon="-1.500710"><ele>20</ele><time>2026-03-01T11:12:36Z</time></trkpt>
			<trkpt lat="47.446000" lon="-1.500680"><ele>20</ele><time>2026-03-01T11:12:48Z</time></trkpt>
			<trkpt lat="47.445660" lon="-1.500600"><ele>18</ele><time>2026-03-01T11:13:00Z</time></trkpt>
			<trkpt lat="47.444980" lon="-1.500440"><ele>16</ele><time>2026-03-01T11:13:12Z</time></trkpt>
			<trkpt lat="47.444370" lon="-1.500290"><ele>16</ele><time>2026-03-01T11:13:24Z</time></trkpt>
			<trkpt lat="47.444280" lon="-1.500280"><ele>16</ele><time>2026-03-01T11:13:36Z</time></trkpt>
			<trkpt lat="47.444230" lon="-1.500240"><ele>16</ele><time>2026-03-01T11:13:48Z</time></trkpt>
			<trkpt lat="47.444200" lon="-1.500160"><ele>16</ele><time>2026-03-01T11:14:00Z</time></trkpt>
			<trkpt lat="47.444130" lon="-1.500180"><ele>16</ele><time>2026-03-01T11:14:12Z</time></trkpt>
			<trkpt lat="47.443850" lon="-1.500220"><ele>15</ele><time>2026-03-01T11:14:24Z</time></trkpt>
			<trkpt lat="47.443380" lon="-1.500230"><ele>13</ele><time>2026-03-01T11:14:36Z</time></trkpt>
			<trkpt lat="47.443150" lon="-1.500210"><ele>13</ele><time>2026-03-01T11:14:48Z</time></trkpt>
			<trkpt lat="47.442680" lon="-1.500210"><ele>13</ele><time>2026-03-01T11:15:00Z</time></trkpt>
			<trkpt lat="47.442630" lon="-1.500210"><ele>13</ele><time>2026-03-01T11:15:12Z</time></trkpt>
			<trkpt lat="47.442120" lon="-1.500200"><ele>12</ele><time>2026-03-01T11:15:24Z</time></trkpt>
			<trkpt lat="47.442000" lon="-1.500190"><ele>12</ele><time>2026-03-01T11:15:36Z</time></trkpt>
			<trkpt lat="47.441580" lon="-1.500170"><ele>12</ele><time>2026-03-01T11:15:48Z</time></trkpt>
			<trkpt lat="47.441130" lon="-1.500060"><ele>12</ele><time>2026-03-01T11:16:00Z</time></trkpt>
			<trkpt lat="47.441110" lon="-1.500120"><ele>12</ele><time>2026-03-01T11:16:12Z</time></trkpt>
			<trkpt lat="47.441070" lon="-1.500140"><ele>12</ele><time>2026-03-01T11:16:24Z</time></trkpt>
			<trkpt lat="47.441040" lon="-1.500130"><ele>12</ele><time>2026-03-01T11:16:36Z</time></trkpt>
			<trkpt lat="47.441020" lon="-1.500110"><ele>12</ele><time>2026-03-01T11:16:48Z</time></trkpt>
			<trkpt lat="47.441010" lon="-1.500070"><ele>12</ele><time>2026-03-01T11:17:00Z</time></trkpt>
			<trkpt lat="47.441010" lon="-1.500010"><ele>12</ele><time>2026-03-01T11:17:12Z</time></trkpt>
			<trkpt lat="47.441020" lon="-1.499980"><ele>12</ele><time>2026-03-01T11:17:24Z</time></trkpt>
			<trkpt lat="47.441030" lon="-1.499960"><ele>12</ele><time>2026-03-01T11:17:36Z</time></trkpt>
			<trkpt lat="47.441080" lon="-1.499950"><ele>12</ele><time>2026-03-01T11:17:48Z</time></trkpt>
			<trkpt lat="47.441150" lon="-1.499370"><ele>10</ele><time>2026-03-01T11:18:00Z</time></trkpt>
			<trkpt lat="47.441150" lon="-1.499290"><ele>10</ele><time>2026-03-01T11:18:12Z</time></trkpt>
			<trkpt lat="47.441130" lon="-1.499260"><ele>10</ele><time>2026-03-01T11:18:24Z</time></trkpt>
			<trkpt lat="47.441120" lon="-1.499220"><ele>9</ele><time>2026-03-01T11:18:36Z</time></trkpt>
			<trkpt lat="47.441070" lon="-1.499140"><ele>9</ele><time>2026-03-01T11:18:48Z</time></trkpt>
			<trkpt lat="47.440890" lon="-1.498890"><ele>9</ele><time>2026-03-01T11:19:00Z</time></trkpt>
			<trkpt lat="47.440800" lon="-1.498750"><ele>9</ele><time>2026-03-01T11:19:12Z</time></trkpt>
			<trkpt lat="47.440780" lon="-1.498660"><ele>9</ele><time>2026-03-01T11:19:24Z</time></trkpt>
			<trkpt lat="47.440770" lon="-1.498530"><ele>9</ele><time>2026-03-01T11:19:36Z</time></trkpt>
			<trkpt lat="47.440780" lon="-1.498340"><ele>8</ele><time>2026-03-01T11:19:48Z</time></trkpt>
			<trkpt lat="47.440800" lon="-1.498120"><ele>8</ele><time>2026-03-01T11:20:00Z</time></trkpt>
			<trkpt lat="47.440830" lon="-1.497670"><ele>7</ele><time>2026-03-01T11:20:12Z</time></trkpt>
			<trkpt lat="47.440840" lon="-1.497590"><ele>7</ele><time>2026-03-01T11:20:24Z</time></trkpt>
			<trkpt lat="47.440810" lon="-1.497590"><ele>7</ele><time>2026-03-01T11:20:36Z</time></trkpt>
			<trkpt lat="47.440790" lon="-1.497570"><ele>7</ele><time>2026-03-01T11:20:48Z</time></trkpt>
			<trkpt lat="47.440780" lon="-1.497540"><ele>7</ele><time>2026-03-01T11:21:00Z</time></trkpt>
			<trkpt lat="47.440770" lon="-1.497490"><ele>7</ele><time>2026-03-01T11:21:12Z</time></trkpt>
			<trkpt lat="47.440790" lon="-1.497440"><ele>7</ele><time>2026-03-01T11:21:24Z</time></trkpt>
			<trkpt lat="47.440830" lon="-1.497410"><ele>7</ele><time>2026-03-01T11:21:36Z</time></trkpt>
			<trkpt lat="47.440860" lon="-1.497420"><ele>7</ele><time>2026-03-01T11:21:48Z</time></trkpt>
			<trkpt lat="47.440860" lon="-1.497350"><ele>7</ele><time>2026-03-01T11:22:00Z</time></trkpt>
			<trkpt lat="47.440900" lon="-1.497130"><ele>7</ele><time>2026-03-01T11:22:12Z</time></trkpt>
			<trkpt lat="47.440900" lon="-1.497060"><ele>7</ele><time>2026-03-01T11:22:24Z</time></trkpt>
			<trkpt lat="47.440900" lon="-1.496980"><ele>7</ele><time>2026-03-01T11:22:36Z</time></trkpt>
			<trkpt lat="47.440870" lon="-1.496920"><ele>7</ele><time>2026-03-01T11:22:48Z</time></trkpt>
			<trkpt lat="47.440810" lon="-1.496830"><ele>7</ele><time>2026-03-01T11:23:00Z</time></trkpt>
			<trkpt lat="47.440770" lon="-1.496810"><ele>7</ele><time>2026-03-01T11:23:12Z</time></trkpt>
			<trkpt lat="47.440720" lon="-1.496790"><ele>7</ele><time>2026-03-01T11:23:24Z</time></trkpt>
			<trkpt lat="47.440470" lon="-1.496760"><ele>7</ele><time>2026-03-01T11:23:36Z</time></trkpt>
			<trkpt lat="47.440200" lon="-1.496670"><ele>7</ele><time>2026-03-01T11:23:48Z</time></trkpt>
			<trkpt lat="47.439960" lon="-1.496650"><ele>7</ele><time>2026-03-01T11:24:00Z</time></trkpt>
			<trkpt lat="47.439890" lon="-1.496550"><ele>7</ele><time>2026-03-01T11:24:12Z</time></trkpt>
			<trkpt lat="47.439850" lon="-1.496580"><ele>7</ele><time>2026-03-01T11:24:24Z</time></trkpt>
			<trkpt lat="47.439820" lon="-1.496580"><ele>7</ele><time>2026-03-01T11:24:36Z</time></trkpt>
			<trkpt lat="47.439790" lon="-1.496560"><ele>7</ele><time>2026-03-01T11:24:48Z</time></trkpt>
			<trkpt lat="47.439770" lon="-1.496530"><ele>7</ele><time>2026-03-01T11:25:00Z</time></trkpt>
			<trkpt lat="47.439760" lon="-1.496490"><ele>7</ele><time>2026-03-01T11:25:12Z</time></trkpt>
			<trkpt lat="47.439750" lon="-1.496450"><ele>7</ele><time>2026-03-01T11:25:24Z</time></trkpt>
			<trkpt lat="47.439760" lon="-1.496410"><ele>8</ele><time>2026-03-01T11:25:36Z</time></trkpt>
			<trkpt lat="47.439780" lon="-1.496380"><ele>8</ele><time>2026-03-01T11:25:48Z</time></trkpt>
			<trkpt lat="47.439800" lon="-1.496350"><ele>8</ele><time>2026-03-01T11:26:00Z</time></trkpt>
			<trkpt lat="47.439830" lon="-1.496340"><ele>8</ele><time>2026-03-01T11:26:12Z</time></trkpt>
			<trkpt lat="47.439850" lon="-1.496350"><ele>7</ele><time>2026-03-01T11:26:24Z</time></trkpt>
			<trkpt lat="47.439880" lon="-1.496360"><ele>7</ele><time>2026-03-01T11:26:36Z</time></trkpt>
			<trkpt lat="47.439910" lon="-1.496250"><ele>8</ele><time>2026-03-01T11:26:48Z</time></trkpt>
			<trkpt lat="47.439930" lon="-1.496170"><ele>8</ele><time>2026-03-01T11:27:00Z</time></trkpt>
			<trkpt lat="47.439950" lon="-1.495390"><ele>7</ele><time>2026-03-01T11:27:12Z</time></trkpt>
			<trkpt lat="47.439970" lon="-1.494680"><ele>7</ele><time>2026-03-01T11:27:24Z</time></trkpt>
			<trkpt lat="47.439980" lon="-1.494440"><ele>8</ele><time>2026-03-01T11:27:36Z</time></trkpt>
			<trkpt lat="47.439990" lon="-1.494210"><ele>8</ele><time>2026-03-01T11:27:48Z</time></trkpt>
			<trkpt lat="47.440000" lon="-1.494050"><ele>8</ele><time>2026-03-01T11:28:00Z</time></trkpt>
			<trkpt lat="47.440030" lon="-1.493900"><ele>9</ele><time>2026-03-01T11:28:12Z</time></trkpt>
			<trkpt lat="47.440060" lon="-1.493760"><ele>9</ele><time>2026-03-01T11:28:24Z</time></trkpt>
			<trkpt lat="47.440100" lon="-1.493520"><ele>10</ele><time>2026-03-01T11:28:36Z</time></trkpt>
			<trkpt lat="47.440130" lon="-1.493330"><ele>11</ele><time>2026-03-01T11:28:48Z</time></trkpt>
			<trkpt lat="47.440150" lon="-1.493000"><ele>12</ele><time>2026-03-01T11:29:00Z</time></trkpt>
			<trkpt lat="47.440150" lon="-1.492790"><ele>12</ele><time>2026-03-01T11:29:12Z</time></trkpt>
			<trkpt lat="47.440160" lon="-1.492300"><ele>13</ele><time>2026-03-01T11:29:24Z</time></trkpt>
			<trkpt lat="47.440160" lon="-1.491920"><ele>15</ele><time>2026-03-01T11:29:36Z</time></trkpt>
			<trkpt lat="47.440130" lon="-1.491730"><ele>15</ele><time>2026-03-01T11:29:48Z</time></trkpt>
			<trkpt lat="47.440130" lon="-1.491660"><ele>15</ele><time>2026-03-01T11:30:00Z</time></trkpt>
			<trkpt lat="47.440130" lon="-1.491580"><ele>16</ele><time>2026-03-01T11:30:12Z</time></trkpt>
			<trkpt lat="47.440150" lon="-1.491340"><ele>16</ele><time>2026-03-01T11:30:24Z</time></trkpt>
			<trkpt lat="47.440140" lon="-1.490240"><ele>17</ele><time>2026-03-01T11:30:36Z</time></trkpt>
			<trkpt lat="47.440180" lon="-1.489900"><ele>17</ele><time>2026-03-01T11:30:48Z</time></trkpt>
			<trkpt lat="47.440350" lon="-1.488630"><ele>17</ele><time>2026-03-01T11:31:00Z</time></trkpt>
			<trkpt lat="47.440390" lon="-1.488340"><ele>17</ele><time>2026-03-01T11:31:12Z</time></trkpt>
			<trkpt lat="47.440450" lon="-1.487880"><ele>17</ele><time>2026-03-01T11:31:24Z</time></trkpt>
			<trkpt lat="47.440640" lon="-1.486550"><ele>16</ele><time>2026-03-01T11:31:36Z</time></trkpt>
			<trkpt lat="47.440670" lon="-1.486100"><ele>16</ele><time>2026-03-01T11:31:48Z</time></trkpt>
			<trkpt lat="47.440680" lon="-1.485450"><ele>15</ele><time>2026-03-01T11:32:00Z</time></trkpt>
			<trkpt lat="47.440690" lon="-1.485280"><ele>15</ele><time>2026-03-01T11:32:12Z</time></trkpt>
			<trkpt lat="47.440700" lon="-1.485010"><ele>15</ele><time>2026-03-01T11:32:24Z</time></trkpt>
			<trkpt lat="47.440700" lon="-1.484990"><ele>15</ele><time>2026-03-01T11:32:36Z</time></trkpt>
			<trkpt lat="47.440680" lon="-1.484690"><ele>16</ele><time>2026-03-01T11:32:48Z</time></trkpt>
			<trkpt lat="47.440670" lon="-1.484540"><ele>16</ele><time>2026-03-01T11:33:00Z</time></trkpt>
			<trkpt lat="47.440650" lon="-1.484480"><ele>16</ele><time>2026-03-01T11:33:12Z</time></trkpt>
			<trkpt lat="47.440640" lon="-1.484440"><ele>16</ele><time>2026-03-01T11:33:24Z</time></trkpt>
			<trkpt lat="47.440650" lon="-1.484390"><ele>16</ele><time>2026-03-01T11:33:36Z</time></trkpt>
			<trkpt lat="47.440660" lon="-1.484350"><ele>16</ele><time>2026-03-01T11:33:48Z</time></trkpt>
			<trkpt lat="47.440680" lon="-1.484320"><ele>16</ele><time>2026-03-01T11:34:00Z</time></trkpt>
			<trkpt lat="47.440690" lon="-1.484310"><ele>16</ele><time>2026-03-01T11:34:12Z</time></trkpt>
			<trkpt lat="47.440720" lon="-1.484170"><ele>16</ele><time>2026-03-01T11:34:24Z</time></trkpt>
			<trkpt lat="47.440740" lon="-1.483980"><ele>16</ele><time>2026-03-01T11:34:36Z</time></trkpt>
			<trkpt lat="47.440720" lon="-1.483790"><ele>16</ele><time>2026-03-01T11:34:48Z</time></trkpt>
			<trkpt lat="47.440720" lon="-1.483690"><ele>16</ele><time>2026-03-01T11:35:00Z</time></trkpt>
			<trkpt lat="47.440750" lon="-1.483200"><ele>15</ele><time>2026-03-01T11:35:12Z</time></trkpt>
			<trkpt lat="47.440760" lon="-1.482860"><ele>15</ele><time>2026-03-01T11:35:24Z</time></trkpt>
			<trkpt lat="47.440790" lon="-1.481660"><ele>15</ele><time>2026-03-01T11:35:36Z</time></trkpt>
			<trkpt lat="47.440800" lon="-1.481370"><ele>14</ele><time>2026-03-01T11:35:48Z</time></trkpt>
			<trkpt lat="47.440790" lon="-1.480930"><ele>13</ele><time>2026-03-01T11:36:00Z</time></trkpt>
			<trkpt lat="47.440790" lon="-1.480900"><ele>13</ele><time>2026-03-01T11:36:12Z</time></trkpt>
			<trkpt lat="47.440770" lon="-1.480670"><ele>13</ele><time>2026-03-01T11:36:24Z</time></trkpt>
			<trkpt lat="47.440750" lon="-1.480540"><ele>13</ele><time>2026-03-01T11:36:36Z</time></trkpt>
			<trkpt lat="47.440700" lon="-1.480400"><ele>13</ele><time>2026-03-01T11:36:48Z</time></trkpt>
			<trkpt lat="47.440640" lon="-1.480370"><ele>12</ele><time>2026-03-01T11:37:00Z</time></trkpt>
			<trkpt lat="47.440580" lon="-1.480330"><ele>12</ele><time>2026-03-01T11:37:12Z</time></trkpt>
			<trkpt lat="47.440510" lon="-1.480210"><ele>12</ele><time>2026-03-01T11:37:24Z</time></trkpt>
			<trkpt lat="47.440470" lon="-1.480090"><ele>12</ele><time>2026-03-01T11:37:36Z</time></trkpt>
			<trkpt lat="47.440450" lon="-1.479960"><ele>12</ele><time>2026-03-01T11:37:48Z</time></trkpt>
			<trkpt lat="47.440460" lon="-1.479830"><ele>12</ele><time>2026-03-01T11:38:00Z</time></trkpt>
			<trkpt lat="47.440500" lon="-1.479710"><ele>12</ele><time>2026-03-01T11:38:12Z</time></trkpt>
			<trkpt lat="47.440550" lon="-1.479610"><ele>12</ele><time>2026-03-01T11:38:24Z</time></trkpt>
			<trkpt lat="47.440600" lon="-1.479560"><ele>12</ele><time>2026-03-01T11:38:36Z</time></trkpt>
			<trkpt lat="47.440610" lon="-1.479460"><ele>12</ele><time>2026-03-01T11:38:48Z</time></trkpt>
			<trkpt lat="47.440600" lon="-1.479370"><ele>12</ele><time>2026-03-01T11:39:00Z</time></trkpt>
			<trkpt lat="47.440510" lon="-1.478900"><ele>11</ele><time>2026-03-01T11:39:12Z</time></trkpt>
			<trkpt lat="47.440440" lon="-1.478450"><ele>12</ele><time>2026-03-01T11:39:24Z</time></trkpt>
			<trkpt lat="47.440420" lon="-1.478320"><ele>12</ele><time>2026-03-01T11:39:36Z</time></trkpt>
			<trkpt lat="47.440380" lon="-1.478130"><ele>11</ele><time>2026-03-01T11:39:48Z</time></trkpt>
			<trkpt lat="47.440080" lon="-1.476410"><ele>10</ele><time>2026-03-01T11:40:00Z</time></trkpt>
			<trkpt lat="47.439990" lon="-1.475910"><ele>10</ele><time>2026-03-01T11:40:12Z</time></trkpt>
			<trkpt lat="47.439820" lon="-1.475010"><ele>9</ele><time>2026-03-01T11:40:24Z</time></trkpt>
			<trkpt lat="47.439800" lon="-1.474890"><ele>9</ele><time>2026-03-01T11:40:36Z</time></trkpt>
			<trkpt lat="47.439670" lon="-1.474130"><ele>10</ele><time>2026-03-01T11:40:48Z</time></trkpt>
			<trkpt lat="47.438880" lon="-1.469780"><ele>13</ele><time>2026-03-01T11:41:00Z</time></trkpt>
			<trkpt lat="47.438500" lon="-1.467670"><ele>11</ele><time>2026-03-01T11:41:12Z</time></trkpt>
			<trkpt lat="47.438320" lon="-1.466650"><ele>8</ele><time>2026-03-01T11:41:24Z</time></trkpt>
			<trkpt lat="47.438210" lon="-1.466160"><ele>9</ele><time>2026-03-01T11:41:36Z</time></trkpt>
			<trkpt lat="47.438110" lon="-1.465800"><ele>9</ele><time>2026-03-01T11:41:48Z</time></trkpt>
			<trkpt lat="47.437580" lon="-1.463880"><ele>8</ele><time>2026-03-01T11:42:00Z</time></trkpt>
			<trkpt lat="47.437520" lon="-1.463610"><ele>9</ele><time>2026-03-01T11:42:12Z</time></trkpt>
			<trkpt lat="47.437480" lon="-1.463360"><ele>10</ele><time>2026-03-01T11:42:24Z</time></trkpt>
			<trkpt lat="47.437450" lon="-1.463210"><ele>10</ele><time>2026-03-01T11:42:36Z</time></trkpt>
			<trkpt lat="47.437410" lon="-1.462650"><ele>11</ele><time>2026-03-01T11:42:48Z</time></trkpt>
			<trkpt lat="47.437400" lon="-1.462360"><ele>11</ele><time>2026-03-01T11:43:00Z</time></trkpt>
			<trkpt lat="47.437370" lon="-1.461420"><ele>11</ele><time>2026-03-01T11:43:12Z</time></trkpt>
			<trkpt lat="47.437380" lon="-1.461140"><ele>11</ele><time>2026-03-01T11:43:24Z</time></trkpt>
			<trkpt lat="47.437400" lon="-1.460910"><ele>12</ele><time>2026-03-01T11:43:36Z</time></trkpt>
			<trkpt lat="47.437410" lon="-1.460750"><ele>12</ele><time>2026-03-01T11:43:48Z</time></trkpt>
			<trkpt lat="47.437450" lon="-1.460380"><ele>12</ele><time>2026-03-01T11:44:00Z</time></trkpt>
			<trkpt lat="47.437120" lon="-1.460220"><ele>12</ele><time>2026-03-01T11:44:12Z</time></trkpt>
			<trkpt lat="47.435930" lon="-1.459530"><ele>11</ele><time>2026-03-01T11:44:24Z</time></trkpt>
			<trkpt lat="47.435630" lon="-1.459380"><ele>10</ele><time>2026-03-01T11:44:36Z</time></trkpt>
			<trkpt lat="47.435470" lon="-1.459310"><ele>9</ele><time>2026-03-01T11:44:48Z</time></trkpt>
			<trkpt lat="47.435250" lon="-1.459270"><ele>8</ele><time>2026-03-01T11:45:00Z</time></trkpt>
			<trkpt lat="47.434410" lon="-1.459110"><ele>6</ele><time>2026-03-01T11:45:12Z</time></trkpt>
			<trkpt lat="47.434090" lon="-1.459060"><ele>6</ele><time>2026-03-01T11:45:24Z</time></trkpt>
			<trkpt lat="47.433770" lon="-1.459010"><ele>6</ele><time>2026-03-01T11:45:36Z</time></trkpt>
			<trkpt lat="47.432010" lon="-1.458710"><ele>7</ele><time>2026-03-01T11:45:48Z</time></trkpt>
			<trkpt lat="47.430850" lon="-1.458530"><ele>7</ele><time>2026-03-01T11:46:00Z</time></trkpt>
			<trkpt lat="47.430740" lon="-1.458480"><ele>7</ele><time>2026-03-01T11:46:12Z</time></trkpt>
			<trkpt lat="47.430630" lon="-1.458410"><ele>7</ele><time>2026-03-01T11:46:24Z</time></trkpt>
			<trkpt lat="47.430560" lon="-1.458340"><ele>7</ele><time>2026-03-01T11:46:36Z</time></trkpt>
			<trkpt lat="47.430480" lon="-1.458250"><ele>7</ele><time>2026-03-01T11:46:48Z</time></trkpt>
			<trkpt lat="47.430400" lon="-1.458120"><ele>8</ele><time>2026-03-01T11:47:00Z</time></trkpt>
			<trkpt lat="47.430310" lon="-1.457920"><ele>8</ele><time>2026-03-01T11:47:12Z</time></trkpt>
			<trkpt lat="47.430230" lon="-1.457690"><ele>8</ele><time>2026-03-01T11:47:24Z</time></trkpt>
			<trkpt lat="47.430190" lon="-1.457550"><ele>8</ele><time>2026-03-01T11:47:36Z</time></trkpt>
			<trkpt lat="47.429850" lon="-1.456220"><ele>9</ele><time>2026-03-01T11:47:48Z</time></trkpt>
			<trkpt lat="47.428950" lon="-1.452570"><ele>8</ele><time>2026-03-01T11:48:00Z</time></trkpt>
			<trkpt lat="47.428820" lon="-1.452090"><ele>8</ele><time>2026-03-01T11:48:12Z</time></trkpt>
			<trkpt lat="47.428670" lon="-1.451600"><ele>8</ele><time>2026-03-01T11:48:24Z</time></trkpt>
			<trkpt lat="47.428530" lon="-1.451170"><ele>9</ele><time>2026-03-01T11:48:36Z</time></trkpt>
			<trkpt lat="47.428060" lon="-1.450050"><ele>10</ele><time>2026-03-01T11:48:48Z</time></trkpt>
			<trkpt lat="47.427950" lon="-1.449720"><ele>10</ele><time>2026-03-01T11:49:00Z</time></trkpt>
			<trkpt lat="47.427870" lon="-1.449390"><ele>10</ele><time>2026-03-01T11:49:12Z</time></trkpt>
			<trkpt lat="47.427140" lon="-1.445940"><ele>11</ele><time>2026-03-01T11:49:24Z</time></trkpt>
			<trkpt lat="47.427010" lon="-1.445230"><ele>11</ele><time>2026-03-01T11:49:36Z</time></trkpt>
			<trkpt lat="47.426980" lon="-1.444920"><ele>11</ele><time>2026-03-01T11:49:48Z</time></trkpt>
			<trkpt lat="47.426970" lon="-1.444640"><ele>11</ele><time>2026-03-01T11:50:00Z</time></trkpt>
			<trkpt lat="47.426960" lon="-1.443870"><ele>11</ele><time>2026-03-01T11:50:12Z</time></trkpt>
			<trkpt lat="47.426950" lon="-1.443550"><ele>10</ele><time>2026-03-01T11:50:24Z</time></trkpt>
			<trkpt lat="47.426920" lon="-1.443210"><ele>10</ele><time>2026-03-01T11:50:36Z</time></trkpt>
			<trkpt lat="47.426850" lon="-1.442900"><ele>10</ele><time>2026-03-01T11:50:48Z</time></trkpt>
			<trkpt lat="47.426770" lon="-1.442610"><ele>10</ele><time>2026-03-01T11:51:00Z</time></trkpt>
			<trkpt lat="47.426660" lon="-1.442330"><ele>10</ele><time>2026-03-01T11:51:12Z</time></trkpt>
			<trkpt lat="47.426580" lon="-1.442130"><ele>10</ele><time>2026-03-01T11:51:24Z</time></trkpt>
			<trkpt lat="47.426470" lon="-1.441920"><ele>10</ele><time>2026-03-01T11:51:36Z</time></trkpt>
			<trkpt lat="47.425200" lon="-1.439600"><ele>13</ele><time>2026-03-01T11:51:48Z</time></trkpt>
			<trkpt lat="47.424970" lon="-1.439150"><ele>13</ele><time>2026-03-01T11:52:00Z</time></trkpt>
			<trkpt lat="47.424310" lon="-1.437710"><ele>16</ele><time>2026-03-01T11:52:12Z</time></trkpt>
			<trkpt lat="47.423960" lon="-1.436930"><ele>16</ele><time>2026-03-01T11:52:24Z</time></trkpt>
			<trkpt lat="47.423850" lon="-1.436740"><ele>16</ele><time>2026-03-01T11:52:36Z</time></trkpt>
			<trkpt lat="47.423740" lon="-1.436590"><ele>16</ele><time>2026-03-01T11:52:48Z</time></trkpt>
			<trkpt lat="47.423540" lon="-1.436390"><ele>17</ele><time>2026-03-01T11:53:00Z</time></trkpt>
			<trkpt lat="47.423380" lon="-1.436260"><ele>17</ele><time>2026-03-01T11:53:12Z</time></trkpt>
			<trkpt lat="47.423320" lon="-1.436190"><ele>17</ele><time>2026-03-01T11:53:24Z</time></trkpt>
			<trkpt lat="47.423280" lon="-1.436120"><ele>17</ele><time>2026-03-01T11:53:36Z</time></trkpt>
			<trkpt lat="47.423210" lon="-1.435930"><ele>17</ele><time>2026-03-01T11:53:48Z</time></trkpt>
			<trkpt lat="47.423200" lon="-1.435880"><ele>17</ele><time>2026-03-01T11:54:00Z</time></trkpt>
			<trkpt lat="47.422130" lon="-1.436270"><ele>15</ele><time>2026-03-01T11:54:12Z</time></trkpt>
			<trkpt lat="47.420030" lon="-1.436900"><ele>10</ele><time>2026-03-01T11:54:24Z</time></trkpt>
			<trkpt lat="47.419880" lon="-1.436940"><ele>10</ele><time>2026-03-01T11:54:36Z</time></trkpt>
			<trkpt lat="47.419220" lon="-1.437120"><ele>11</ele><time>2026-03-01T11:54:48Z</time></trkpt>
			<trkpt lat="47.418700" lon="-1.437230"><ele>14</ele><time>2026-03-01T11:55:00Z</time></trkpt>
			<trkpt lat="47.418450" lon="-1.437260"><ele>15</ele><time>2026-03-01T11:55:12Z</time></trkpt>
			<trkpt lat="47.417580" lon="-1.437330"><ele>17</ele><time>2026-03-01T11:55:24Z</time></trkpt>
			<trkpt lat="47.416920" lon="-1.437380"><ele>18</ele><time>2026-03-01T11:55:36Z</time></trkpt>
			<trkpt lat="47.416050" lon="-1.437440"><ele>19</ele><time>2026-03-01T11:55:48Z</time></trkpt>
			<trkpt lat="47.415710" lon="-1.437500"><ele>19</ele><time>2026-03-01T11:56:00Z</time></trkpt>
			<trkpt lat="47.415410" lon="-1.437580"><ele>19</ele><time>2026-03-01T11:56:12Z</time></trkpt>
			<trkpt lat="47.415050" lon="-1.437710"><ele>19</ele><time>2026-03-01T11:56:24Z</time></trkpt>
			<trkpt lat="47.413790" lon="-1.438290"><ele>17</ele><time>2026-03-01T11:56:36Z</time></trkpt>
			<trkpt lat="47.413650" lon="-1.438370"><ele>17</ele><time>2026-03-01T11:56:48Z</time></trkpt>
			<trkpt lat="47.413390" lon="-1.438570"><ele>16</ele><time>2026-03-01T11:57:00Z</time></trkpt>
			<trkpt lat="47.413300" lon="-1.438650"><ele>16</ele><time>2026-03-01T11:57:12Z</time></trkpt>
			<trkpt lat="47.413060" lon="-1.438910"><ele>16</ele><time>2026-03-01T11:57:24Z</time></trkpt>
			<trkpt lat="47.412240" lon="-1.439970"><ele>16</ele><time>2026-03-01T11:57:36Z</time></trkpt>
			<trkpt lat="47.412010" lon="-1.440310"><ele>16</ele><time>2026-03-01T11:57:48Z</time></trkpt>
			<trkpt lat="47.411830" lon="-1.440650"><ele>16</ele><time>2026-03-01T11:58:00Z</time></trkpt>
			<trkpt lat="47.411410" lon="-1.441600"><ele>18</ele><time>2026-03-01T11:58:12Z</time></trkpt>
			<trkpt lat="47.411240" lon="-1.441940"><ele>18</ele><time>2026-03-01T11:58:24Z</time></trkpt>
			<trkpt lat="47.411030" lon="-1.442200"><ele>18</ele><time>2026-03-01T11:58:36Z</time></trkpt>
			<trkpt lat="47.410880" lon="-1.442320"><ele>18</ele><time>2026-03-01T11:58:48Z</time></trkpt>
			<trkpt lat="47.410680" lon="-1.442470"><ele>18</ele><time>2026-03-01T11:59:00Z</time></trkpt>
			<trkpt lat="47.410320" lon="-1.442660"><ele>18</ele><time>2026-03-01T11:59:12Z</time></trkpt>
			<trkpt lat="47.408910" lon="-1.443190"><ele>18</ele><time>2026-03-01T11:59:24Z</time></trkpt>
			<trkpt lat="47.408680" lon="-1.443290"><ele>19</ele><time>2026-03-01T11:59:36Z</time></trkpt>
			<trkpt lat="47.408520" lon="-1.443400"><ele>19</ele><time>2026-03-01T11:59:48Z</time></trkpt>
			<trkpt lat="47.408330" lon="-1.443540"><ele>19</ele><time>2026-03-01T12:00:00Z</time></trkpt>
			<trkpt lat="47.408170" lon="-1.443700"><ele>19</ele><time>2026-03-01T12:00:12Z</time></trkpt>
			<trkpt lat="47.407920" lon="-1.444000"><ele>19</ele><time>2026-03-01T12:00:24Z</time></trkpt>
			<trkpt lat="47.407430" lon="-1.444650"><ele>19</ele><time>2026-03-01T12:00:36Z</time></trkpt>
			<trkpt lat="47.407070" lon="-1.445110"><ele>18</ele><time>2026-03-01T12:00:48Z</time></trkpt>
			<trkpt lat="47.406720" lon="-1.445530"><ele>19</ele><time>2026-03-01T12:01:00Z</time></trkpt>
			<trkpt lat="47.406530" lon="-1.445740"><ele>20</ele><time>2026-03-01T12:01:12Z</time></trkpt>
			<trkpt lat="47.405610" lon="-1.446640"><ele>21</ele><time>2026-03-01T12:01:24Z</time></trkpt>
			<trkpt lat="47.405220" lon="-1.447020"><ele>22</ele><time>2026-03-01T12:01:36Z</time></trkpt>
			<trkpt lat="47.404840" lon="-1.447360"><ele>21</ele><time>2026-03-01T12:01:48Z</time></trkpt>
			<trkpt lat="47.404510" lon="-1.447630"><ele>21</ele><time>2026-03-01T12:02:00Z</time></trkpt>
			<trkpt lat="47.404190" lon="-1.447850"><ele>21</ele><time>2026-03-01T12:02:12Z</time></trkpt>
			<trkpt lat="47.403630" lon="-1.448230"><ele>20</ele><time>2026-03-01T12:02:24Z</time></trkpt>
			<trkpt lat="47.402760" lon="-1.448800"><ele>17</ele><time>2026-03-01T12:02:36Z</time></trkpt>
			<trkpt lat="47.402520" lon="-1.448950"><ele>16</ele><time>2026-03-01T12:02:48Z</time></trkpt>
			<trkpt lat="47.402300" lon="-1.449060"><ele>16</ele><time>2026-03-01T12:03:00Z</time></trkpt>
			<trkpt lat="47.402090" lon="-1.449150"><ele>16</ele><time>2026-03-01T12:03:12Z</time></trkpt>
			<trkpt lat="47.401250" lon="-1.449420"><ele>14</ele><time>2026-03-01T12:03:24Z</time></trkpt>
			<trkpt lat="47.401040" lon="-1.449510"><ele>13</ele><time>2026-03-01T12:03:36Z</time></trkpt>
			<trkpt lat="47.400870" lon="-1.449620"><ele>13</ele><time>2026-03-01T12:03:48Z</time></trkpt>
			<trkpt lat="47.400750" lon="-1.449730"><ele>12</ele><time>2026-03-01T12:04:00Z</time></trkpt>
			<trkpt lat="47.400600" lon="-1.449910"><ele>12</ele><time>2026-03-01T12:04:12Z</time></trkpt>
			<trkpt lat="47.400560" lon="-1.449970"><ele>12</ele><time>2026-03-01T12:04:24Z</time></trkpt>
			<trkpt lat="47.400590" lon="-1.450030"><ele>12</ele><time>2026-03-01T12:04:36Z</time></trkpt>
			<trkpt lat="47.400600" lon="-1.450090"><ele>12</ele><time>2026-03-01T12:04:48Z</time></trkpt>
			<trkpt lat="47.400600" lon="-1.450160"><ele>12</ele><time>2026-03-01T12:05:00Z</time></trkpt>
			<trkpt lat="47.400590" lon="-1.450220"><ele>12</ele><time>2026-03-01T12:05:12Z</time></trkpt>
			<trkpt lat="47.400570" lon="-1.450280"><ele>13</ele><time>2026-03-01T12:05:24Z</time></trkpt>
			<trkpt lat="47.400530" lon="-1.450320"><ele>13</ele><time>2026-03-01T12:05:36Z</time></trkpt>
			<trkpt lat="47.400490" lon="-1.450350"><ele>13</ele><time>2026-03-01T12:05:48Z</time></trkpt>
			<trkpt lat="47.400440" lon="-1.450350"><ele>13</ele><time>2026-03-01T12:06:00Z</time></trkpt>
			<trkpt lat="47.400390" lon="-1.450340"><ele>13</ele><time>2026-03-01T12:06:12Z</time></trkpt>
			<trkpt lat="47.400350" lon="-1.450300"><ele>13</ele><time>2026-03-01T12:06:24Z</time></trkpt>
			<trkpt lat="47.400320" lon="-1.450240"><ele>12</ele><time>2026-03-01T12:06:36Z</time></trkpt>
			<trkpt lat="47.400270" lon="-1.450280"><ele>12</ele><time>2026-03-01T12:06:48Z</time></trkpt>
			<trkpt lat="47.400190" lon="-1.450350"><ele>13</ele><time>2026-03-01T12:07:00Z</time></trkpt>
			<trkpt lat="47.399720" lon="-1.450950"><ele>12</ele><time>2026-03-01T12:07:12Z</time></trkpt>
			<trkpt lat="47.399350" lon="-1.451430"><ele>11</ele><time>2026-03-01T12:07:24Z</time></trkpt>
			<trkpt lat="47.398830" lon="-1.452110"><ele>11</ele><time>2026-03-01T12:07:36Z</time></trkpt>
			<trkpt lat="47.398770" lon="-1.452230"><ele>11</ele><time>2026-03-01T12:07:48Z</time></trkpt>
			<trkpt lat="47.398730" lon="-1.452350"><ele>11</ele><time>2026-03-01T12:08:00Z</time></trkpt>
			<trkpt lat="47.398730" lon="-1.452390"><ele>11</ele><time>2026-03-01T12:08:12Z</time></trkpt>
			<trkpt lat="47.398720" lon="-1.452430"><ele>11</ele><time>2026-03-01T12:08:24Z</time></trkpt>
			<trkpt lat="47.398700" lon="-1.452460"><ele>11</ele><time>2026-03-01T12:08:36Z</time></trkpt>
			<trkpt lat="47.398670" lon="-1.452480"><ele>11</ele><time>2026-03-01T12:08:48Z</time></trkpt>
			<trkpt lat="47.398630" lon="-1.452490"><ele>11</ele><time>2026-03-01T12:09:00Z</time></trkpt>
			<trkpt lat="47.398610" lon="-1.452480"><ele>11</ele><time>2026-03-01T12:09:12Z</time></trkpt>
			<trkpt lat="47.398450" lon="-1.452600"><ele>12</ele><time>2026-03-01T12:09:24Z</time></trkpt>
			<trkpt lat="47.398420" lon="-1.452650"><ele>12</ele><time>2026-03-01T12:09:36Z</time></trkpt>
			<trkpt lat="47.398120" lon="-1.453010"><ele>13</ele><time>2026-03-01T12:09:48Z</time></trkpt>
			<trkpt lat="47.398040" lon="-1.453110"><ele>13</ele><time>2026-03-01T12:10:00Z</time></trkpt>
			<trkpt lat="47.397910" lon="-1.453270"><ele>13</ele><time>2026-03-01T12:10:12Z</time></trkpt>
			<trkpt lat="47.397850" lon="-1.453360"><ele>14</ele><time>2026-03-01T12:10:24Z</time></trkpt>
			<trkpt lat="47.397810" lon="-1.453530"><ele>14</ele><time>2026-03-01T12:10:36Z</time></trkpt>
			<trkpt lat="47.397810" lon="-1.453560"><ele>14</ele><time>2026-03-01T12:10:48Z</time></trkpt>
			<trkpt lat="47.397790" lon="-1.453620"><ele>14</ele><time>2026-03-01T12:11:00Z</time></trkpt>
			<trkpt lat="47.397770" lon="-1.453650"><ele>14</ele><time>2026-03-01T12:11:12Z</time></trkpt>
			<trkpt lat="47.397740" lon="-1.453670"><ele>14</ele><time>2026-03-01T12:11:24Z</time></trkpt>
			<trkpt lat="47.397700" lon="-1.453670"><ele>14</ele><time>2026-03-01T12:11:36Z</time></trkpt>
			<trkpt lat="47.397690" lon="-1.453660"><ele>14</ele><time>2026-03-01T12:11:48Z</time></trkpt>
			<trkpt lat="47.397590" lon="-1.453670"><ele>14</ele><time>2026-03-01T12:12:00Z</time></trkpt>
			<trkpt lat="47.397520" lon="-1.453700"><ele>14</ele><time>2026-03-01T12:12:12Z</time></trkpt>
			<trkpt lat="47.397300" lon="-1.453840"><ele>15</ele><time>2026-03-01T12:12:24Z</time></trkpt>
			<trkpt lat="47.396570" lon="-1.454170"><ele>17</ele><time>2026-03-01T12:12:36Z</time></trkpt>
			<trkpt lat="47.396370" lon="-1.454260"><ele>18</ele><time>2026-03-01T12:12:48Z</time></trkpt>
			<trkpt lat="47.395960" lon="-1.454420"><ele>20</ele><time>2026-03-01T12:13:00Z</time></trkpt>
			<trkpt lat="47.395880" lon="-1.454460"><ele>20</ele><time>2026-03-01T12:13:12Z</time></trkpt>
			<trkpt lat="47.395800" lon="-1.454580"><ele>21</ele><time>2026-03-01T12:13:24Z</time></trkpt>
			<trkpt lat="47.395780" lon="-1.454690"><ele>20</ele><time>2026-03-01T12:13:36Z</time></trkpt>
			<trkpt lat="47.395780" lon="-1.454740"><ele>20</ele><time>2026-03-01T12:13:48Z</time></trkpt>
			<trkpt lat="47.395800" lon="-1.454740"><ele>20</ele><time>2026-03-01T12:14:00Z</time></trkpt>
			<trkpt lat="47.395830" lon="-1.454770"><ele>20</ele><time>2026-03-01T12:14:12Z</time></trkpt>
			<trkpt lat="47.395840" lon="-1.454800"><ele>20</ele><time>2026-03-01T12:14:24Z</time></trkpt>
			<trkpt lat="47.395840" lon="-1.454850"><ele>20</ele><time>2026-03-01T12:14:36Z</time></trkpt>
			<trkpt lat="47.395830" lon="-1.454890"><ele>20</ele><time>2026-03-01T12:14:48Z</time></trkpt>
			<trkpt lat="47.395810" lon="-1.454910"><ele>20</ele><time>2026-03-01T12:15:00Z</time></trkpt>
			<trkpt lat="47.395780" lon="-1.454930"><ele>20</ele><time>2026-03-01T12:15:12Z</time></trkpt>
			<trkpt lat="47.395750" lon="-1.454930"><ele>20</ele><time>2026-03-01T12:15:24Z</time></trkpt>
			<trkpt lat="47.395720" lon="-1.454930"><ele>20</ele><time>2026-03-01T12:15:36Z</time></trkpt>
			<trkpt lat="47.395710" lon="-1.454910"><ele>20</ele><time>2026-03-01T12:15:48Z</time></trkpt>
			<trkpt lat="47.395690" lon="-1.454880"><ele>20</ele><time>2026-03-01T12:16:00Z</time></trkpt>
			<trkpt lat="47.395690" lon="-1.454830"><ele>20</ele><time>2026-03-01T12:16:12Z</time></trkpt>
			<trkpt lat="47.395450" lon="-1.454790"><ele>21</ele><time>2026-03-01T12:16:24Z</time></trkpt>
			<trkpt lat="47.395350" lon="-1.454770"><ele>21</ele><time>2026-03-01T12:16:36Z</time></trkpt>
			<trkpt lat="47.395290" lon="-1.454760"><ele>21</ele><time>2026-03-01T12:16:48Z</time></trkpt>
			<trkpt lat="47.395240" lon="-1.454750"><ele>21</ele><time>2026-03-01T12:17:00Z</time></trkpt>
			<trkpt lat="47.395150" lon="-1.454760"><ele>21</ele><time>2026-03-01T12:17:12Z</time></trkpt>
			<trkpt lat="47.394410" lon="-1.454930"><ele>20</ele><time>2026-03-01T12:17:24Z</time></trkpt>
			<trkpt lat="47.394270" lon="-1.454980"><ele>19</ele><time>2026-03-01T12:17:36Z</time></trkpt>
			<trkpt lat="47.394170" lon="-1.455010"><ele>19</ele><time>2026-03-01T12:17:48Z</time></trkpt>
			<trkpt lat="47.394140" lon="-1.455030"><ele>19</ele><time>2026-03-01T12:18:00Z</time></trkpt>
			<trkpt lat="47.394110" lon="-1.455010"><ele>19</ele><time>2026-03-01T12:18:12Z</time></trkpt>
			<trkpt lat="47.394100" lon="-1.454980"><ele>19</ele><time>2026-03-01T12:18:24Z</time></trkpt>
			<trkpt lat="47.394110" lon="-1.454920"><ele>19</ele><time>2026-03-01T12:18:36Z</time></trkpt>
			<trkpt lat="47.394100" lon="-1.454800"><ele>19</ele><time>2026-03-01T12:18:48Z</time></trkpt>
			<trkpt lat="47.394090" lon="-1.454600"><ele>20</ele><time>2026-03-01T12:19:00Z</time></trkpt>
			<trkpt lat="47.394050" lon="-1.454470"><ele>20</ele><time>2026-03-01T12:19:12Z</time></trkpt>
			<trkpt lat="47.393880" lon="-1.454090"><ele>20</ele><time>2026-03-01T12:19:24Z</time></trkpt>
			<trkpt lat="47.393690" lon="-1.453440"><ele>20</ele><time>2026-03-01T12:19:36Z</time></trkpt>
			<trkpt lat="47.393520" lon="-1.452620"><ele>19</ele><time>2026-03-01T12:19:48Z</time></trkpt>
			<trkpt lat="47.393390" lon="-1.452240"><ele>19</ele><time>2026-03-01T12:20:00Z</time></trkpt>
			<trkpt lat="47.393330" lon="-1.452040"><ele>19</ele><time>2026-03-01T12:20:12Z</time></trkpt>
			<trkpt lat="47.393240" lon="-1.451760"><ele>19</ele><time>2026-03-01T12:20:24Z</time></trkpt>
			<trkpt lat="47.393180" lon="-1.451420"><ele>19</ele><time>2026-03-01T12:20:36Z</time></trkpt>
			<trkpt lat="47.393170" lon="-1.451240"><ele>20</ele><time>2026-03-01T12:20:48Z</time></trkpt>
			<trkpt lat="47.393160" lon="-1.451030"><ele>20</ele><time>2026-03-01T12:21:00Z</time></trkpt>
			<trkpt lat="47.393080" lon="-1.450570"><ele>20</ele><time>2026-03-01T12:21:12Z</time></trkpt>
			<trkpt lat="47.392930" lon="-1.449740"><ele>18</ele><time>2026-03-01T12:21:24Z</time></trkpt>
			<trkpt lat="47.392700" lon="-1.448370"><ele>15</ele><time>2026-03-01T12:21:36Z</time></trkpt>
			<trkpt lat="47.392490" lon="-1.447140"><ele>15</ele><time>2026-03-01T12:21:48Z</time></trkpt>
			<trkpt lat="47.392470" lon="-1.446920"><ele>15</ele><time>2026-03-01T12:22:00Z</time></trkpt>
			<trkpt lat="47.392410" lon="-1.445880"><ele>17</ele><time>2026-03-01T12:22:12Z</time></trkpt>
			<trkpt lat="47.392410" lon="-1.445700"><ele>17</ele><time>2026-03-01T12:22:24Z</time></trkpt>
			<trkpt lat="47.392420" lon="-1.445470"><ele>16</ele><time>2026-03-01T12:22:36Z</time></trkpt>
			<trkpt lat="47.392410" lon="-1.445350"><ele>16</ele><time>2026-03-01T12:22:48Z</time></trkpt>
			<trkpt lat="47.392390" lon="-1.445280"><ele>16</ele><time>2026-03-01T12:23:00Z</time></trkpt>
			<trkpt lat="47.392350" lon="-1.445180"><ele>16</ele><time>2026-03-01T12:23:12Z</time></trkpt>
			<trkpt lat="47.392310" lon="-1.445130"><ele>16</ele><time>2026-03-01T12:23:24Z</time></trkpt>
			<trkpt lat="47.392250" lon="-1.445100"><ele>16</ele><time>2026-03-01T12:23:36Z</time></trkpt>
			<trkpt lat="47.391720" lon="-1.444960"><ele>18</ele><time>2026-03-01T12:23:48Z</time></trkpt>
			<trkpt lat="47.391660" lon="-1.444920"><ele>18</ele><time>2026-03-01T12:24:00Z</time></trkpt>
			<trkpt lat="47.391500" lon="-1.444870"><ele>19</ele><time>2026-03-01T12:24:12Z</time></trkpt>
			<trkpt lat="47.390440" lon="-1.444550"><ele>24</ele><time>2026-03-01T12:24:24Z</time></trkpt>
			<trkpt lat="47.390400" lon="-1.444530"><ele>24</ele><time>2026-03-01T12:24:36Z</time></trkpt>
			<trkpt lat="47.390260" lon="-1.444440"><ele>25</ele><time>2026-03-01T12:24:48Z</time></trkpt>
			<trkpt lat="47.390170" lon="-1.444330"><ele>25</ele><time>2026-03-01T12:25:00Z</time></trkpt>
			<trkpt lat="47.390130" lon="-1.444190"><ele>26</ele><time>2026-03-01T12:25:12Z</time></trkpt>
			<trkpt lat="47.390100" lon="-1.444050"><ele>26</ele><time>2026-03-01T12:25:24Z</time></trkpt>
			<trkpt lat="47.390060" lon="-1.442940"><ele>28</ele><time>2026-03-01T12:25:36Z</time></trkpt>
			<trkpt lat="47.389980" lon="-1.440630"><ele>29</ele><time>2026-03-01T12:25:48Z</time></trkpt>
			<trkpt lat="47.389920" lon="-1.439070"><ele>31</ele><time>2026-03-01T12:26:00Z</time></trkpt>
			<trkpt lat="47.389910" lon="-1.438850"><ele>31</ele><time>2026-03-01T12:26:12Z</time></trkpt>
			<trkpt lat="47.389840" lon="-1.438740"><ele>30</ele><time>2026-03-01T12:26:24Z</time></trkpt>
			<trkpt lat="47.389810" lon="-1.438680"><ele>30</ele><time>2026-03-01T12:26:36Z</time></trkpt>
			<trkpt lat="47.389700" lon="-1.438620"><ele>30</ele><time>2026-03-01T12:26:48Z</time></trkpt>
			<trkpt lat="47.389500" lon="-1.438520"><ele>29</ele><time>2026-03-01T12:27:00Z</time></trkpt>
			<trkpt lat="47.389340" lon="-1.438400"><ele>28</ele><time>2026-03-01T12:27:12Z</time></trkpt>
			<trkpt lat="47.389030" lon="-1.437960"><ele>28</ele><time>2026-03-01T12:27:24Z</time></trkpt>
			<trkpt lat="47.388760" lon="-1.437560"><ele>29</ele><time>2026-03-01T12:27:36Z</time></trkpt>
			<trkpt lat="47.388610" lon="-1.437260"><ele>30</ele><time>2026-03-01T12:27:48Z</time></trkpt>
			<trkpt lat="47.388520" lon="-1.436990"><ele>31</ele><time>2026-03-01T12:28:00Z</time></trkpt>
			<trkpt lat="47.388220" lon="-1.435970"><ele>32</ele><time>2026-03-01T12:28:12Z</time></trkpt>
			<trkpt lat="47.388100" lon="-1.435450"><ele>31</ele><time>2026-03-01T12:28:24Z</time></trkpt>
			<trkpt lat="47.388070" lon="-1.435200"><ele>31</ele><time>2026-03-01T12:28:36Z</time></trkpt>
			<trkpt lat="47.387850" lon="-1.433440"><ele>34</ele><time>2026-03-01T12:28:48Z</time></trkpt>
			<trkpt lat="47.387810" lon="-1.433240"><ele>35</ele><time>2026-03-01T12:29:00Z</time></trkpt>
			<trkpt lat="47.387780" lon="-1.433080"><ele>34</ele><time>2026-03-01T12:29:12Z</time></trkpt>
			<trkpt lat="47.387710" lon="-1.432690"><ele>34</ele><time>2026-03-01T12:29:24Z</time></trkpt>
			<trkpt lat="47.387400" lon="-1.431170"><ele>34</ele><time>2026-03-01T12:29:36Z</time></trkpt>
			<trkpt lat="47.387340" lon="-1.430940"><ele>34</ele><time>2026-03-01T12:29:48Z</time></trkpt>
			<trkpt lat="47.387300" lon="-1.430820"><ele>34</ele><time>2026-03-01T12:30:00Z</time></trkpt>
			<trkpt lat="47.387260" lon="-1.430710"><ele>34</ele><time>2026-03-01T12:30:12Z</time></trkpt>
			<trkpt lat="47.387200" lon="-1.430590"><ele>34</ele><time>2026-03-01T12:30:24Z</time></trkpt>
			<trkpt lat="47.387070" lon="-1.430410"><ele>35</ele><time>2026-03-01T12:30:36Z</time></trkpt>
			<trkpt lat="47.386720" lon="-1.430030"><ele>35</ele><time>2026-03-01T12:30:48Z</time></trkpt>
			<trkpt lat="47.386330" lon="-1.429640"><ele>33</ele><time>2026-03-01T12:31:00Z</time></trkpt>
			<trkpt lat="47.386040" lon="-1.429380"><ele>31</ele><time>2026-03-01T12:31:12Z</time></trkpt>
			<trkpt lat="47.385950" lon="-1.429210"><ele>31</ele><time>2026-03-01T12:31:24Z</time></trkpt>
			<trkpt lat="47.385800" lon="-1.428780"><ele>29</ele><time>2026-03-01T12:31:36Z</time></trkpt>
			<trkpt lat="47.385710" lon="-1.428640"><ele>29</ele><time>2026-03-01T12:31:48Z</time></trkpt>
			<trkpt lat="47.385630" lon="-1.428530"><ele>29</ele><time>2026-03-01T12:32:00Z</time></trkpt>
			<trkpt lat="47.385450" lon="-1.428330"><ele>28</ele><time>2026-03-01T12:32:12Z</time></trkpt>
			<trkpt lat="47.385310" lon="-1.428210"><ele>28</ele><time>2026-03-01T12:32:24Z</time></trkpt>
			<trkpt lat="47.385090" lon="-1.428090"><ele>27</ele><time>2026-03-01T12:32:36Z</time></trkpt>
			<trkpt lat="47.384850" lon="-1.428050"><ele>27</ele><time>2026-03-01T12:32:48Z</time></trkpt>
			<trkpt lat="47.384500" lon="-1.428010"><ele>25</ele><time>2026-03-01T12:33:00Z</time></trkpt>
			<trkpt lat="47.384370" lon="-1.427980"><ele>25</ele><time>2026-03-01T12:33:12Z</time></trkpt>
			<trkpt lat="47.384270" lon="-1.427920"><ele>24</ele><time>2026-03-01T12:33:24Z</time></trkpt>
			<trkpt lat="47.384120" lon="-1.427780"><ele>24</ele><time>2026-03-01T12:33:36Z</time></trkpt>
			<trkpt lat="47.383900" lon="-1.427530"><ele>24</ele><time>2026-03-01T12:33:48Z</time></trkpt>
			<trkpt lat="47.384460" lon="-1.426900"><ele>24</ele><time>2026-03-01T12:34:00Z</time></trkpt>
			<trkpt lat="47.384780" lon="-1.426460"><ele>24</ele><time>2026-03-01T12:34:12Z</time></trkpt>
			<trkpt lat="47.384860" lon="-1.426380"><ele>24</ele><time>2026-03-01T12:34:24Z</time></trkpt>
			<trkpt lat="47.384840" lon="-1.426330"><ele>25</ele><time>2026-03-01T12:34:36Z</time></trkpt>
			<trkpt lat="47.384830" lon="-1.426240"><ele>25</ele><time>2026-03-01T12:34:48Z</time></trkpt>
			<trkpt lat="47.384860" lon="-1.425970"><ele>25</ele><time>2026-03-01T12:35:00Z</time></trkpt>
			<trkpt lat="47.384860" lon="-1.425760"><ele>25</ele><time>2026-03-01T12:35:12Z</time></trkpt>
			<trkpt lat="47.384840" lon="-1.425480"><ele>27</ele><time>2026-03-01T12:35:24Z</time></trkpt>
			<trkpt lat="47.384810" lon="-1.425170"><ele>29</ele><time>2026-03-01T12:35:36Z</time></trkpt>
			<trkpt lat="47.384770" lon="-1.424830"><ele>30</ele><time>2026-03-01T12:35:48Z</time></trkpt>
			<trkpt lat="47.384720" lon="-1.424490"><ele>32</ele><time>2026-03-01T12:36:00Z</time></trkpt>
			<trkpt lat="47.384560" lon="-1.423800"><ele>35</ele><time>2026-03-01T12:36:12Z</time></trkpt>
			<trkpt lat="47.384520" lon="-1.423590"><ele>36</ele><time>2026-03-01T12:36:24Z</time></trkpt>
			<trkpt lat="47.384510" lon="-1.423380"><ele>37</ele><time>2026-03-01T12:36:36Z</time></trkpt>
			<trkpt lat="47.384440" lon="-1.421810"><ele>42</ele><time>2026-03-01T12:36:48Z</time></trkpt>
			<trkpt lat="47.384420" lon="-1.421500"><ele>42</ele><time>2026-03-01T12:37:00Z</time></trkpt>
			<trkpt lat="47.384370" lon="-1.421260"><ele>42</ele><time>2026-03-01T12:37:12Z</time></trkpt>
			<trkpt lat="47.384130" lon="-1.420540"><ele>42</ele><time>2026-03-01T12:37:24Z</time></trkpt>
			<trkpt lat="47.383910" lon="-1.419840"><ele>39</ele><time>2026-03-01T12:37:36Z</time></trkpt>
			<trkpt lat="47.383630" lon="-1.419150"><ele>36</ele><time>2026-03-01T12:37:48Z</time></trkpt>
			<trkpt lat="47.383530" lon="-1.418940"><ele>35</ele><time>2026-03-01T12:38:00Z</time></trkpt>
			<trkpt lat="47.383460" lon="-1.418820"><ele>35</ele><time>2026-03-01T12:38:12Z</time></trkpt>
			<trkpt lat="47.383400" lon="-1.418740"><ele>34</ele><time>2026-03-01T12:38:24Z</time></trkpt>
			<trkpt lat="47.383310" lon="-1.418680"><ele>34</ele><time>2026-03-01T12:38:36Z</time></trkpt>
			<trkpt lat="47.383130" lon="-1.418580"><ele>33</ele><time>2026-03-01T12:38:48Z</time></trkpt>
			<trkpt lat="47.383050" lon="-1.418490"><ele>33</ele><time>2026-03-01T12:39:00Z</time></trkpt>
			<trkpt lat="47.382980" lon="-1.418330"><ele>32</ele><time>2026-03-01T12:39:12Z</time></trkpt>
			<trkpt lat="47.382810" lon="-1.417590"><ele>32</ele><time>2026-03-01T12:39:24Z</time></trkpt>
			<trkpt lat="47.382780" lon="-1.417390"><ele>33</ele><time>2026-03-01T12:39:36Z</time></trkpt>
			<trkpt lat="47.382780" lon="-1.417210"><ele>33</ele><time>2026-03-01T12:39:48Z</time></trkpt>
			<trkpt lat="47.382790" lon="-1.417020"><ele>34</ele><time>2026-03-01T12:40:00Z</time></trkpt>
			<trkpt lat="47.382880" lon="-1.416440"><ele>35</ele><time>2026-03-01T12:40:12Z</time></trkpt>
			<trkpt lat="47.382990" lon="-1.415810"><ele>36</ele><time>2026-03-01T12:40:24Z</time></trkpt>
			<trkpt lat="47.383130" lon="-1.414820"><ele>40</ele><time>2026-03-01T12:40:36Z</time></trkpt>
			<trkpt lat="47.383190" lon="-1.414350"><ele>41</ele><time>2026-03-01T12:40:48Z</time></trkpt>
			<trkpt lat="47.383220" lon="-1.413720"><ele>43</ele><time>2026-03-01T12:41:00Z</time></trkpt>
			<trkpt lat="47.383220" lon="-1.413510"><ele>44</ele><time>2026-03-01T12:41:12Z</time></trkpt>
			<trkpt lat="47.383200" lon="-1.413310"><ele>44</ele><time>2026-03-01T12:41:24Z</time></trkpt>
			<trkpt lat="47.383160" lon="-1.413110"><ele>45</ele><time>2026-03-01T12:41:36Z</time></trkpt>
			<trkpt lat="47.383060" lon="-1.412620"><ele>47</ele><time>2026-03-01T12:41:48Z</time></trkpt>
			<trkpt lat="47.382950" lon="-1.412300"><ele>48</ele><time>2026-03-01T12:42:00Z</time></trkpt>
			<trkpt lat="47.382590" lon="-1.411810"><ele>49</ele><time>2026-03-01T12:42:12Z</time></trkpt>
			<trkpt lat="47.382280" lon="-1.411530"><ele>49</ele><time>2026-03-01T12:42:24Z</time></trkpt>
			<trkpt lat="47.381850" lon="-1.411240"><ele>50</ele><time>2026-03-01T12:42:36Z</time></trkpt>
			<trkpt lat="47.381560" lon="-1.410950"><ele>50</ele><time>2026-03-01T12:42:48Z</time></trkpt>
			<trkpt lat="47.381390" lon="-1.410710"><ele>50</ele><time>2026-03-01T12:43:00Z</time></trkpt>
			<trkpt lat="47.381160" lon="-1.410350"><ele>51</ele><time>2026-03-01T12:43:12Z</time></trkpt>
			<trkpt lat="47.380810" lon="-1.409400"><ele>52</ele><time>2026-03-01T12:43:24Z</time></trkpt>
			<trkpt lat="47.380640" lon="-1.408900"><ele>51</ele><time>2026-03-01T12:43:36Z</time></trkpt>
			<trkpt lat="47.380510" lon="-1.408660"><ele>51</ele><time>2026-03-01T12:43:48Z</time></trkpt>
			<trkpt lat="47.380430" lon="-1.408420"><ele>51</ele><time>2026-03-01T12:44:00Z</time></trkpt>
			<trkpt lat="47.380370" lon="-1.408140"><ele>50</ele><time>2026-03-01T12:44:12Z</time></trkpt>
			<trkpt lat="47.380350" lon="-1.407960"><ele>50</ele><time>2026-03-01T12:44:24Z</time></trkpt>
			<trkpt lat="47.380310" lon="-1.407820"><ele>50</ele><time>2026-03-01T12:44:36Z</time></trkpt>
			<trkpt lat="47.380270" lon="-1.407730"><ele>50</ele><time>2026-03-01T12:44:48Z</time></trkpt>
			<trkpt lat="47.380180" lon="-1.407570"><ele>50</ele><time>2026-03-01T12:45:00Z</time></trkpt>
			<trkpt lat="47.380030" lon="-1.407410"><ele>50</ele><time>2026-03-01T12:45:12Z</time></trkpt>
			<trkpt lat="47.379930" lon="-1.407290"><ele>50</ele><time>2026-03-01T12:45:24Z</time></trkpt>
			<trkpt lat="47.379850" lon="-1.407080"><ele>50</ele><time>2026-03-01T12:45:36Z</time></trkpt>
			<trkpt lat="47.379710" lon="-1.406620"><ele>50</ele><time>2026-03-01T12:45:48Z</time></trkpt>
			<trkpt lat="47.379660" lon="-1.406440"><ele>51</ele><time>2026-03-01T12:46:00Z</time></trkpt>
			<trkpt lat="47.379580" lon="-1.405400"><ele>51</ele><time>2026-03-01T12:46:12Z</time></trkpt>
			<trkpt lat="47.379610" lon="-1.405180"><ele>51</ele><time>2026-03-01T12:46:24Z</time></trkpt>
			<trkpt lat="47.379710" lon="-1.404920"><ele>51</ele><time>2026-03-01T12:46:36Z</time></trkpt>
			<trkpt lat="47.379820" lon="-1.404700"><ele>51</ele><time>2026-03-01T12:46:48Z</time></trkpt>
			<trkpt lat="47.379860" lon="-1.404590"><ele>51</ele><time>2026-03-01T12:47:00Z</time></trkpt>
			<trkpt lat="47.379870" lon="-1.404480"><ele>51</ele><time>2026-03-01T12:47:12Z</time></trkpt>
			<trkpt lat="47.379860" lon="-1.404370"><ele>52</ele><time>2026-03-01T12:47:24Z</time></trkpt>
			<trkpt lat="47.379810" lon="-1.404210"><ele>52</ele><time>2026-03-01T12:47:36Z</time></trkpt>
			<trkpt lat="47.379410" lon="-1.403610"><ele>53</ele><time>2026-03-01T12:47:48Z</time></trkpt>
			<trkpt lat="47.379210" lon="-1.403290"><ele>53</ele><time>2026-03-01T12:48:00Z</time></trkpt>
			<trkpt lat="47.378960" lon="-1.402830"><ele>53</ele><time>2026-03-01T12:48:12Z</time></trkpt>
			<trkpt lat="47.378730" lon="-1.402370"><ele>54</ele><time>2026-03-01T12:48:24Z</time></trkpt>
			<trkpt lat="47.378070" lon="-1.400560"><ele>53</ele><time>2026-03-01T12:48:36Z</time></trkpt>
			<trkpt lat="47.377850" lon="-1.400080"><ele>53</ele><time>2026-03-01T12:48:48Z</time></trkpt>
			<trkpt lat="47.377490" lon="-1.399280"><ele>53</ele><time>2026-03-01T12:49:00Z</time></trkpt>
			<trkpt lat="47.377130" lon="-1.399710"><ele>53</ele><time>2026-03-01T12:49:12Z</time></trkpt>
			<trkpt lat="47.377040" lon="-1.399820"><ele>53</ele><time>2026-03-01T12:49:24Z</time></trkpt>
			<trkpt lat="47.376920" lon="-1.399940"><ele>53</ele><time>2026-03-01T12:49:36Z</time></trkpt>
			<trkpt lat="47.376570" lon="-1.400230"><ele>52</ele><time>2026-03-01T12:49:48Z</time></trkpt>
			<trkpt lat="47.375910" lon="-1.397750"><ele>53</ele><time>2026-03-01T12:50:00Z</time></trkpt>
			<trkpt lat="47.375260" lon="-1.395290"><ele>55</ele><time>2026-03-01T12:50:12Z</time></trkpt>
			<trkpt lat="47.375080" lon="-1.394640"><ele>55</ele><time>2026-03-01T12:50:24Z</time></trkpt>
			<trkpt lat="47.375020" lon="-1.394450"><ele>56</ele><time>2026-03-01T12:50:36Z</time></trkpt>
			<trkpt lat="47.374570" lon="-1.393310"><ele>57</ele><time>2026-03-01T12:50:48Z</time></trkpt>
			<trkpt lat="47.374010" lon="-1.391850"><ele>57</ele><time>2026-03-01T12:51:00Z</time></trkpt>
			<trkpt lat="47.373230" lon="-1.389600"><ele>58</ele><time>2026-03-01T12:51:12Z</time></trkpt>
			<trkpt lat="47.372640" lon="-1.387890"><ele>58</ele><time>2026-03-01T12:51:24Z</time></trkpt>
			<trkpt lat="47.372360" lon="-1.387130"><ele>58</ele><time>2026-03-01T12:51:36Z</time></trkpt>
			<trkpt lat="47.372170" lon="-1.386560"><ele>58</ele><time>2026-03-01T12:51:48Z</time></trkpt>
			<trkpt lat="47.371860" lon="-1.385500"><ele>60</ele><time>2026-03-01T12:52:00Z</time></trkpt>
			<trkpt lat="47.371820" lon="-1.385350"><ele>60</ele><time>2026-03-01T12:52:12Z</time></trkpt>
			<trkpt lat="47.371750" lon="-1.385070"><ele>60</ele><time>2026-03-01T12:52:24Z</time></trkpt>
			<trkpt lat="47.371560" lon="-1.384530"><ele>61</ele><time>2026-03-01T12:52:36Z</time></trkpt>
			<trkpt lat="47.371430" lon="-1.384080"><ele>61</ele><time>2026-03-01T12:52:48Z</time></trkpt>
			<trkpt lat="47.371400" lon="-1.383910"><ele>61</ele><time>2026-03-01T12:53:00Z</time></trkpt>
			<trkpt lat="47.371400" lon="-1.383700"><ele>61</ele><time>2026-03-01T12:53:12Z</time></trkpt>
			<trkpt lat="47.371440" lon="-1.383430"><ele>61</ele><time>2026-03-01T12:53:24Z</time></trkpt>
			<trkpt lat="47.371600" lon="-1.382570"><ele>59</ele><time>2026-03-01T12:53:36Z</time></trkpt>
			<trkpt lat="47.372130" lon="-1.380330"><ele>57</ele><time>2026-03-01T12:53:48Z</time></trkpt>
			<trkpt lat="47.372360" lon="-1.379350"><ele>58</ele><time>2026-03-01T12:54:00Z</time></trkpt>
			<trkpt lat="47.372550" lon="-1.378350"><ele>59</ele><time>2026-03-01T12:54:12Z</time></trkpt>
			<trkpt lat="47.372900" lon="-1.376360"><ele>55</ele><time>2026-03-01T12:54:24Z</time></trkpt>
			<trkpt lat="47.373010" lon="-1.375660"><ele>54</ele><time>2026-03-01T12:54:36Z</time></trkpt>
			<trkpt lat="47.373050" lon="-1.375330"><ele>53</ele><time>2026-03-01T12:54:48Z</time></trkpt>
			<trkpt lat="47.373070" lon="-1.375000"><ele>53</ele><time>2026-03-01T12:55:00Z</time></trkpt>
			<trkpt lat="47.373200" lon="-1.373660"><ele>50</ele><time>2026-03-01T12:55:12Z</time></trkpt>
			<trkpt lat="47.373260" lon="-1.373200"><ele>48</ele><time>2026-03-01T12:55:24Z</time></trkpt>
			<trkpt lat="47.373300" lon="-1.372980"><ele>48</ele><time>2026-03-01T12:55:36Z</time></trkpt>
			<trkpt lat="47.373370" lon="-1.372730"><ele>48</ele><time>2026-03-01T12:55:48Z</time></trkpt>
			<trkpt lat="47.373510" lon="-1.372430"><ele>48</ele><time>2026-03-01T12:56:00Z</time></trkpt>
			<trkpt lat="47.373660" lon="-1.372120"><ele>47</ele><time>2026-03-01T12:56:12Z</time></trkpt>
			<trkpt lat="47.373820" lon="-1.371860"><ele>47</ele><time>2026-03-01T12:56:24Z</time></trkpt>
			<trkpt lat="47.373910" lon="-1.371640"><ele>47</ele><time>2026-03-01T12:56:36Z</time></trkpt>
			<trkpt lat="47.373960" lon="-1.371440"><ele>47</ele><time>2026-03-01T12:56:48Z</time></trkpt>
			<trkpt lat="47.373970" lon="-1.371190"><ele>47</ele><time>2026-03-01T12:57:00Z</time></trkpt>
			<trkpt lat="47.373910" lon="-1.369560"><ele>53</ele><time>2026-03-01T12:57:12Z</time></trkpt>
			<trkpt lat="47.373920" lon="-1.369280"><ele>54</ele><time>2026-03-01T12:57:24Z</time></trkpt>
			<trkpt lat="47.373950" lon="-1.369120"><ele>54</ele><time>2026-03-01T12:57:36Z</time></trkpt>
			<trkpt lat="47.374020" lon="-1.368880"><ele>54</ele><time>2026-03-01T12:57:48Z</time></trkpt>
			<trkpt lat="47.374090" lon="-1.368740"><ele>54</ele><time>2026-03-01T12:58:00Z</time></trkpt>
			<trkpt lat="47.374040" lon="-1.368510"><ele>54</ele><time>2026-03-01T12:58:12Z</time></trkpt>
			<trkpt lat="47.373600" lon="-1.364950"><ele>55</ele><time>2026-03-01T12:58:24Z</time></trkpt>
			<trkpt lat="47.373270" lon="-1.362190"><ele>55</ele><time>2026-03-01T12:58:36Z</time></trkpt>
			<trkpt lat="47.372870" lon="-1.358860"><ele>54</ele><time>2026-03-01T12:58:48Z</time></trkpt>
			<trkpt lat="47.372820" lon="-1.358550"><ele>54</ele><time>2026-03-01T12:59:00Z</time></trkpt>
			<trkpt lat="47.371460" lon="-1.353730"><ele>49</ele><time>2026-03-01T12:59:12Z</time></trkpt>
			<trkpt lat="47.371410" lon="-1.353550"><ele>49</ele><time>2026-03-01T12:59:24Z</time></trkpt>
			<trkpt lat="47.371410" lon="-1.353500"><ele>49</ele><time>2026-03-01T12:59:36Z</time></trkpt>
			<trkpt lat="47.371940" lon="-1.353590"><ele>48</ele><time>2026-03-01T12:59:48Z</time></trkpt>
			<trkpt lat="47.371940" lon="-1.353550"><ele>48</ele><time>2026-03-01T13:00:00Z</time></trkpt>
			<trkpt lat="47.371930" lon="-1.353470"><ele>48</ele><time>2026-03-01T13:00:12Z</time></trkpt>
			<trkpt lat="47.371650" lon="-1.352450"><ele>50</ele><time>2026-03-01T13:00:24Z</time></trkpt>
			<trkpt lat="47.371600" lon="-1.352240"><ele>50</ele><time>2026-03-01T13:00:36Z</time></trkpt>
			<trkpt lat="47.371520" lon="-1.351780"><ele>51</ele><time>2026-03-01T13:00:48Z</time></trkpt>
			<trkpt lat="47.371510" lon="-1.351570"><ele>51</ele><time>2026-03-01T13:01:00Z</time></trkpt>
			<trkpt lat="47.371540" lon="-1.351330"><ele>51</ele><time>2026-03-01T13:01:12Z</time></trkpt>
			<trkpt lat="47.371590" lon="-1.351190"><ele>51</ele><time>2026-03-01T13:01:24Z</time></trkpt>
			<trkpt lat="47.371730" lon="-1.350900"><ele>52</ele><time>2026-03-01T13:01:36Z</time></trkpt>
			<trkpt lat="47.371980" lon="-1.350520"><ele>52</ele><time>2026-03-01T13:01:48Z</time></trkpt>
			<trkpt lat="47.372420" lon="-1.349960"><ele>53</ele><time>2026-03-01T13:02:00Z</time></trkpt>
			<trkpt lat="47.372410" lon="-1.349850"><ele>53</ele><time>2026-03-01T13:02:12Z</time></trkpt>
			<trkpt lat="47.372680" lon="-1.348180"><ele>55</ele><time>2026-03-01T13:02:24Z</time></trkpt>
			<trkpt lat="47.372720" lon="-1.348010"><ele>54</ele><time>2026-03-01T13:02:36Z</time></trkpt>
			<trkpt lat="47.372790" lon="-1.347860"><ele>54</ele><time>2026-03-01T13:02:48Z</time></trkpt>
			<trkpt lat="47.372870" lon="-1.347730"><ele>54</ele><time>2026-03-01T13:03:00Z</time></trkpt>
			<trkpt lat="47.373210" lon="-1.347220"><ele>53</ele><time>2026-03-01T13:03:12Z</time></trkpt>
			<trkpt lat="47.373320" lon="-1.347090"><ele>53</ele><time>2026-03-01T13:03:24Z</time></trkpt>
			<trkpt lat="47.373440" lon="-1.347000"><ele>53</ele><time>2026-03-01T13:03:36Z</time></trkpt>
			<trkpt lat="47.373950" lon="-1.346760"><ele>52</ele><time>2026-03-01T13:03:48Z</time></trkpt>
			<trkpt lat="47.374110" lon="-1.346700"><ele>52</ele><time>2026-03-01T13:04:00Z</time></trkpt>
			<trkpt lat="47.374550" lon="-1.346610"><ele>51</ele><time>2026-03-01T13:04:12Z</time></trkpt>
			<trkpt lat="47.375040" lon="-1.346450"><ele>49</ele><time>2026-03-01T13:04:24Z</time></trkpt>
			<trkpt lat="47.375180" lon="-1.346390"><ele>48</ele><time>2026-03-01T13:04:36Z</time></trkpt>
			<trkpt lat="47.375260" lon="-1.346310"><ele>47</ele><time>2026-03-01T13:04:48Z</time></trkpt>
			<trkpt lat="47.375330" lon="-1.346180"><ele>47</ele><time>2026-03-01T13:05:00Z</time></trkpt>
			<trkpt lat="47.375360" lon="-1.346040"><ele>47</ele><time>2026-03-01T13:05:12Z</time></trkpt>
			<trkpt lat="47.375360" lon="-1.345890"><ele>47</ele><time>2026-03-01T13:05:24Z</time></trkpt>
			<trkpt lat="47.375340" lon="-1.345730"><ele>47</ele><time>2026-03-01T13:05:36Z</time></trkpt>
			<trkpt lat="47.374970" lon="-1.344820"><ele>46</ele><time>2026-03-01T13:05:48Z</time></trkpt>
			<trkpt lat="47.374720" lon="-1.344380"><ele>47</ele><time>2026-03-01T13:06:00Z</time></trkpt>
			<trkpt lat="47.374690" lon="-1.344230"><ele>47</ele><time>2026-03-01T13:06:12Z</time></trkpt>
			<trkpt lat="47.374690" lon="-1.344090"><ele>47</ele><time>2026-03-01T13:06:24Z</time></trkpt>
			<trkpt lat="47.374710" lon="-1.343960"><ele>47</ele><time>2026-03-01T13:06:36Z</time></trkpt>
			<trkpt lat="47.374880" lon="-1.343310"><ele>47</ele><time>2026-03-01T13:06:48Z</time></trkpt>
			<trkpt lat="47.375070" lon="-1.342600"><ele>47</ele><time>2026-03-01T13:07:00Z</time></trkpt>
			<trkpt lat="47.375100" lon="-1.342300"><ele>48</ele><time>2026-03-01T13:07:12Z</time></trkpt>
			<trkpt lat="47.375100" lon="-1.340940"><ele>48</ele><time>2026-03-01T13:07:24Z</time></trkpt>
			<trkpt lat="47.375070" lon="-1.340570"><ele>48</ele><time>2026-03-01T13:07:36Z</time></trkpt>
			<trkpt lat="47.375020" lon="-1.340270"><ele>49</ele><time>2026-03-01T13:07:48Z</time></trkpt>
			<trkpt lat="47.374950" lon="-1.339920"><ele>49</ele><time>2026-03-01T13:08:00Z</time></trkpt>
			<trkpt lat="47.374530" lon="-1.338790"><ele>51</ele><time>2026-03-01T13:08:12Z</time></trkpt>
			<trkpt lat="47.374230" lon="-1.337970"><ele>53</ele><time>2026-03-01T13:08:24Z</time></trkpt>
			<trkpt lat="47.374190" lon="-1.337760"><ele>53</ele><time>2026-03-01T13:08:36Z</time></trkpt>
			<trkpt lat="47.374180" lon="-1.337530"><ele>54</ele><time>2026-03-01T13:08:48Z</time></trkpt>
			<trkpt lat="47.374210" lon="-1.337160"><ele>53</ele><time>2026-03-01T13:09:00Z</time></trkpt>
			<trkpt lat="47.374200" lon="-1.337010"><ele>53</ele><time>2026-03-01T13:09:12Z</time></trkpt>
			<trkpt lat="47.374150" lon="-1.336870"><ele>53</ele><time>2026-03-01T13:09:24Z</time></trkpt>
			<trkpt lat="47.374040" lon="-1.336770"><ele>53</ele><time>2026-03-01T13:09:36Z</time></trkpt>
			<trkpt lat="47.373620" lon="-1.336590"><ele>54</ele><time>2026-03-01T13:09:48Z</time></trkpt>
			<trkpt lat="47.373560" lon="-1.336540"><ele>54</ele><time>2026-03-01T13:10:00Z</time></trkpt>
			<trkpt lat="47.373480" lon="-1.336430"><ele>54</ele><time>2026-03-01T13:10:12Z</time></trkpt>
			<trkpt lat="47.373440" lon="-1.336310"><ele>54</ele><time>2026-03-01T13:10:24Z</time></trkpt>
			<trkpt lat="47.373400" lon="-1.336150"><ele>54</ele><time>2026-03-01T13:10:36Z</time></trkpt>
			<trkpt lat="47.373200" lon="-1.334760"><ele>54</ele><time>2026-03-01T13:10:48Z</time></trkpt>
			<trkpt lat="47.373150" lon="-1.334640"><ele>53</ele><time>2026-03-01T13:11:00Z</time></trkpt>
			<trkpt lat="47.373290" lon="-1.334440"><ele>53</ele><time>2026-03-01T13:11:12Z</time></trkpt>
			<trkpt lat="47.373850" lon="-1.334000"><ele>53</ele><time>2026-03-01T13:11:24Z</time></trkpt>
			<trkpt lat="47.375030" lon="-1.333100"><ele>52</ele><time>2026-03-01T13:11:36Z</time></trkpt>
			<trkpt lat="47.375260" lon="-1.332890"><ele>50</ele><time>2026-03-01T13:11:48Z</time></trkpt>
			<trkpt lat="47.375510" lon="-1.332570"><ele>49</ele><time>2026-03-01T13:12:00Z</time></trkpt>
			<trkpt lat="47.375840" lon="-1.332020"><ele>48</ele><time>2026-03-01T13:12:12Z</time></trkpt>
			<trkpt lat="47.375950" lon="-1.331910"><ele>47</ele><time>2026-03-01T13:12:24Z</time></trkpt>
			<trkpt lat="47.376770" lon="-1.331270"><ele>43</ele><time>2026-03-01T13:12:36Z</time></trkpt>
			<trkpt lat="47.377110" lon="-1.331080"><ele>42</ele><time>2026-03-01T13:12:48Z</time></trkpt>
			<trkpt lat="47.377690" lon="-1.330940"><ele>38</ele><time>2026-03-01T13:13:00Z</time></trkpt>
			<trkpt lat="47.377830" lon="-1.330880"><ele>37</ele><time>2026-03-01T13:13:12Z</time></trkpt>
			<trkpt lat="47.377940" lon="-1.330720"><ele>35</ele><time>2026-03-01T13:13:24Z</time></trkpt>
			<trkpt lat="47.378030" lon="-1.330540"><ele>34</ele><time>2026-03-01T13:13:36Z</time></trkpt>
			<trkpt lat="47.378080" lon="-1.330300"><ele>33</ele><time>2026-03-01T13:13:48Z</time></trkpt>
			<trkpt lat="47.378050" lon="-1.329360"><ele>33</ele><time>2026-03-01T13:14:00Z</time></trkpt>
			<trkpt lat="47.378080" lon="-1.329110"><ele>33</ele><time>2026-03-01T13:14:12Z</time></trkpt>
			<trkpt lat="47.378150" lon="-1.328890"><ele>32</ele><time>2026-03-01T13:14:24Z</time></trkpt>
			<trkpt lat="47.378240" lon="-1.328760"><ele>31</ele><time>2026-03-01T13:14:36Z</time></trkpt>
			<trkpt lat="47.378590" lon="-1.328470"><ele>30</ele><time>2026-03-01T13:14:48Z</time></trkpt>
			<trkpt lat="47.378800" lon="-1.328180"><ele>31</ele><time>2026-03-01T13:15:00Z</time></trkpt>
			<trkpt lat="47.378880" lon="-1.328000"><ele>30</ele><time>2026-03-01T13:15:12Z</time></trkpt>
			<trkpt lat="47.378980" lon="-1.327740"><ele>30</ele><time>2026-03-01T13:15:24Z</time></trkpt>
			<trkpt lat="47.379080" lon="-1.327590"><ele>29</ele><time>2026-03-01T13:15:36Z</time></trkpt>
			<trkpt lat="47.379220" lon="-1.327440"><ele>29</ele><time>2026-03-01T13:15:48Z</time></trkpt>
			<trkpt lat="47.379390" lon="-1.327400"><ele>30</ele><time>2026-03-01T13:16:00Z</time></trkpt>
			<trkpt lat="47.379520" lon="-1.327430"><ele>31</ele><time>2026-03-01T13:16:12Z</time></trkpt>
			<trkpt lat="47.379690" lon="-1.327530"><ele>33</ele><time>2026-03-01T13:16:24Z</time></trkpt>
			<trkpt lat="47.379830" lon="-1.327720"><ele>34</ele><time>2026-03-01T13:16:36Z</time></trkpt>
			<trkpt lat="47.380140" lon="-1.328270"><ele>36</ele><time>2026-03-01T13:16:48Z</time></trkpt>
			<trkpt lat="47.380310" lon="-1.328500"><ele>37</ele><time>2026-03-01T13:17:00Z</time></trkpt>
			<trkpt lat="47.380460" lon="-1.328550"><ele>37</ele><time>2026-03-01T13:17:12Z</time></trkpt>
			<trkpt lat="47.380690" lon="-1.328580"><ele>37</ele><time>2026-03-01T13:17:24Z</time></trkpt>
			<trkpt lat="47.381150" lon="-1.328600"><ele>40</ele><time>2026-03-01T13:17:36Z</time></trkpt>
			<trkpt lat="47.381260" lon="-1.328570"><ele>40</ele><time>2026-03-01T13:17:48Z</time></trkpt>
			<trkpt lat="47.381390" lon="-1.328510"><ele>41</ele><time>2026-03-01T13:18:00Z</time></trkpt>
			<trkpt lat="47.381490" lon="-1.328360"><ele>42</ele><time>2026-03-01T13:18:12Z</time></trkpt>
			<trkpt lat="47.381580" lon="-1.328170"><ele>42</ele><time>2026-03-01T13:18:24Z</time></trkpt>
			<trkpt lat="47.381840" lon="-1.327440"><ele>43</ele><time>2026-03-01T13:18:36Z</time></trkpt>
			<trkpt lat="47.381880" lon="-1.327240"><ele>44</ele><time>2026-03-01T13:18:48Z</time></trkpt>
			<trkpt lat="47.381890" lon="-1.327070"><ele>44</ele><time>2026-03-01T13:19:00Z</time></trkpt>
			<trkpt lat="47.381890" lon="-1.325490"><ele>45</ele><time>2026-03-01T13:19:12Z</time></trkpt>
			<trkpt lat="47.381900" lon="-1.325180"><ele>44</ele><time>2026-03-01T13:19:24Z</time></trkpt>
			<trkpt lat="47.381960" lon="-1.324810"><ele>43</ele><time>2026-03-01T13:19:36Z</time></trkpt>
			<trkpt lat="47.382070" lon="-1.324470"><ele>43</ele><time>2026-03-01T13:19:48Z</time></trkpt>
			<trkpt lat="47.382240" lon="-1.324040"><ele>44</ele><time>2026-03-01T13:20:00Z</time></trkpt>
			<trkpt lat="47.382320" lon="-1.323750"><ele>44</ele><time>2026-03-01T13:20:12Z</time></trkpt>
			<trkpt lat="47.382490" lon="-1.322620"><ele>46</ele><time>2026-03-01T13:20:24Z</time></trkpt>
			<trkpt lat="47.382620" lon="-1.322230"><ele>46</ele><time>2026-03-01T13:20:36Z</time></trkpt>
			<trkpt lat="47.383000" lon="-1.321300"><ele>48</ele><time>2026-03-01T13:20:48Z</time></trkpt>
			<trkpt lat="47.383250" lon="-1.320570"><ele>49</ele><time>2026-03-01T13:21:00Z</time></trkpt>
			<trkpt lat="47.383560" lon="-1.319390"><ele>52</ele><time>2026-03-01T13:21:12Z</time></trkpt>
			<trkpt lat="47.383960" lon="-1.318320"><ele>56</ele><time>2026-03-01T13:21:24Z</time></trkpt>
			<trkpt lat="47.384000" lon="-1.318160"><ele>56</ele><time>2026-03-01T13:21:36Z</time></trkpt>
			<trkpt lat="47.384120" lon="-1.317760"><ele>57</ele><time>2026-03-01T13:21:48Z</time></trkpt>
			<trkpt lat="47.384200" lon="-1.317420"><ele>57</ele><time>2026-03-01T13:22:00Z</time></trkpt>
			<trkpt lat="47.384290" lon="-1.316860"><ele>58</ele><time>2026-03-01T13:22:12Z</time></trkpt>
			<trkpt lat="47.384470" lon="-1.315800"><ele>59</ele><time>2026-03-01T13:22:24Z</time></trkpt>
			<trkpt lat="47.384530" lon="-1.315590"><ele>58</ele><time>2026-03-01T13:22:36Z</time></trkpt>
			<trkpt lat="47.385000" lon="-1.314320"><ele>58</ele><time>2026-03-01T13:22:48Z</time></trkpt>
			<trkpt lat="47.385120" lon="-1.314050"><ele>57</ele><time>2026-03-01T13:23:00Z</time></trkpt>
			<trkpt lat="47.386240" lon="-1.312140"><ele>52</ele><time>2026-03-01T13:23:12Z</time></trkpt>
			<trkpt lat="47.386480" lon="-1.311590"><ele>50</ele><time>2026-03-01T13:23:24Z</time></trkpt>
			<trkpt lat="47.386580" lon="-1.311420"><ele>50</ele><time>2026-03-01T13:23:36Z</time></trkpt>
			<trkpt lat="47.386710" lon="-1.311350"><ele>49</ele><time>2026-03-01T13:23:48Z</time></trkpt>
			<trkpt lat="47.387260" lon="-1.311150"><ele>46</ele><time>2026-03-01T13:24:00Z</time></trkpt>
			<trkpt lat="47.387220" lon="-1.310800"><ele>46</ele><time>2026-03-01T13:24:12Z</time></trkpt>
			<trkpt lat="47.387060" lon="-1.309640"><ele>42</ele><time>2026-03-01T13:24:24Z</time></trkpt>
			<trkpt lat="47.386990" lon="-1.309020"><ele>41</ele><time>2026-03-01T13:24:36Z</time></trkpt>
			<trkpt lat="47.386990" lon="-1.308730"><ele>40</ele><time>2026-03-01T13:24:48Z</time></trkpt>
			<trkpt lat="47.387010" lon="-1.308430"><ele>39</ele><time>2026-03-01T13:25:00Z</time></trkpt>
			<trkpt lat="47.387040" lon="-1.308130"><ele>38</ele><time>2026-03-01T13:25:12Z</time></trkpt>
			<trkpt lat="47.387280" lon="-1.306780"><ele>33</ele><time>2026-03-01T13:25:24Z</time></trkpt>
			<trkpt lat="47.387320" lon="-1.306550"><ele>33</ele><time>2026-03-01T13:25:36Z</time></trkpt>
			<trkpt lat="47.387350" lon="-1.306270"><ele>32</ele><time>2026-03-01T13:25:48Z</time></trkpt>
			<trkpt lat="47.387380" lon="-1.305870"><ele>31</ele><time>2026-03-01T13:26:00Z</time></trkpt>
			<trkpt lat="47.387430" lon="-1.304790"><ele>30</ele><time>2026-03-01T13:26:12Z</time></trkpt>
			<trkpt lat="47.387450" lon="-1.304490"><ele>30</ele><time>2026-03-01T13:26:24Z</time></trkpt>
			<trkpt lat="47.387490" lon="-1.304180"><ele>30</ele><time>2026-03-01T13:26:36Z</time></trkpt>
			<trkpt lat="47.387560" lon="-1.303890"><ele>29</ele><time>2026-03-01T13:26:48Z</time></trkpt>
			<trkpt lat="47.387810" lon="-1.302940"><ele>25</ele><time>2026-03-01T13:27:00Z</time></trkpt>
			<trkpt lat="47.387860" lon="-1.302670"><ele>24</ele><time>2026-03-01T13:27:12Z</time></trkpt>
			<trkpt lat="47.387890" lon="-1.302430"><ele>23</ele><time>2026-03-01T13:27:24Z</time></trkpt>
			<trkpt lat="47.387910" lon="-1.302150"><ele>22</ele><time>2026-03-01T13:27:36Z</time></trkpt>
			<trkpt lat="47.387900" lon="-1.302020"><ele>22</ele><time>2026-03-01T13:27:48Z</time></trkpt>
			<trkpt lat="47.387890" lon="-1.301190"><ele>21</ele><time>2026-03-01T13:28:00Z</time></trkpt>
			<trkpt lat="47.387900" lon="-1.300740"><ele>21</ele><time>2026-03-01T13:28:12Z</time></trkpt>
			<trkpt lat="47.387930" lon="-1.300460"><ele>21</ele><time>2026-03-01T13:28:24Z</time></trkpt>
			<trkpt lat="47.388000" lon="-1.300140"><ele>20</ele><time>2026-03-01T13:28:36Z</time></trkpt>
			<trkpt lat="47.388200" lon="-1.299510"><ele>19</ele><time>2026-03-01T13:28:48Z</time></trkpt>
			<trkpt lat="47.388330" lon="-1.299170"><ele>19</ele><time>2026-03-01T13:29:00Z</time></trkpt>
			<trkpt lat="47.388350" lon="-1.299030"><ele>19</ele><time>2026-03-01T13:29:12Z</time></trkpt>
			<trkpt lat="47.388320" lon="-1.298960"><ele>19</ele><time>2026-03-01T13:29:24Z</time></trkpt>
			<trkpt lat="47.388440" lon="-1.298790"><ele>18</ele><time>2026-03-01T13:29:36Z</time></trkpt>
			<trkpt lat="47.388570" lon="-1.298450"><ele>17</ele><time>2026-03-01T13:29:48Z</time></trkpt>
			<trkpt lat="47.388980" lon="-1.297260"><ele>12</ele><time>2026-03-01T13:30:00Z</time></trkpt>
			<trkpt lat="47.389040" lon="-1.297120"><ele>12</ele><time>2026-03-01T13:30:12Z</time></trkpt>
			<trkpt lat="47.389110" lon="-1.297000"><ele>12</ele><time>2026-03-01T13:30:24Z</time></trkpt>
			<trkpt lat="47.389350" lon="-1.296660"><ele>12</ele><time>2026-03-01T13:30:36Z</time></trkpt>
			<trkpt lat="47.389390" lon="-1.296580"><ele>11</ele><time>2026-03-01T13:30:48Z</time></trkpt>
			<trkpt lat="47.389520" lon="-1.296220"><ele>11</ele><time>2026-03-01T13:31:00Z</time></trkpt>
			<trkpt lat="47.389610" lon="-1.295950"><ele>12</ele><time>2026-03-01T13:31:12Z</time></trkpt>
			<trkpt lat="47.389720" lon="-1.295650"><ele>13</ele><time>2026-03-01T13:31:24Z</time></trkpt>
			<trkpt lat="47.389430" lon="-1.295440"><ele>13</ele><time>2026-03-01T13:31:36Z</time></trkpt>
			<trkpt lat="47.389260" lon="-1.295340"><ele>13</ele><time>2026-03-01T13:31:48Z</time></trkpt>
			<trkpt lat="47.389120" lon="-1.295260"><ele>12</ele><time>2026-03-01T13:32:00Z</time></trkpt>
			<trkpt lat="47.389050" lon="-1.295210"><ele>12</ele><time>2026-03-01T13:32:12Z</time></trkpt>
			<trkpt lat="47.388940" lon="-1.295100"><ele>12</ele><time>2026-03-01T13:32:24Z</time></trkpt>
			<trkpt lat="47.388850" lon="-1.294980"><ele>12</ele><time>2026-03-01T13:32:36Z</time></trkpt>
			<trkpt lat="47.388750" lon="-1.294810"><ele>11</ele><time>2026-03-01T13:32:48Z</time></trkpt>
			<trkpt lat="47.388690" lon="-1.294670"><ele>11</ele><time>2026-03-01T13:33:00Z</time></trkpt>
			<trkpt lat="47.388640" lon="-1.294550"><ele>11</ele><time>2026-03-01T13:33:12Z</time></trkpt>
			<trkpt lat="47.388410" lon="-1.293820"><ele>12</ele><time>2026-03-01T13:33:24Z</time></trkpt>
			<trkpt lat="47.387930" lon="-1.292260"><ele>21</ele><time>2026-03-01T13:33:36Z</time></trkpt>
			<trkpt lat="47.387800" lon="-1.291820"><ele>25</ele><time>2026-03-01T13:33:48Z</time></trkpt>
			<trkpt lat="47.387580" lon="-1.291200"><ele>29</ele><time>2026-03-01T13:34:00Z</time></trkpt>
			<trkpt lat="47.386870" lon="-1.289390"><ele>33</ele><time>2026-03-01T13:34:12Z</time></trkpt>
			<trkpt lat="47.386400" lon="-1.288230"><ele>33</ele><time>2026-03-01T13:34:24Z</time></trkpt>
			<trkpt lat="47.386300" lon="-1.287880"><ele>33</ele><time>2026-03-01T13:34:36Z</time></trkpt>
			<trkpt lat="47.386270" lon="-1.287710"><ele>33</ele><time>2026-03-01T13:34:48Z</time></trkpt>
			<trkpt lat="47.386250" lon="-1.287390"><ele>33</ele><time>2026-03-01T13:35:00Z</time></trkpt>
			<trkpt lat="47.386250" lon="-1.287230"><ele>34</ele><time>2026-03-01T13:35:12Z</time></trkpt>
			<trkpt lat="47.386390" lon="-1.285500"><ele>38</ele><time>2026-03-01T13:35:24Z</time></trkpt>
			<trkpt lat="47.386400" lon="-1.285280"><ele>38</ele><time>2026-03-01T13:35:36Z</time></trkpt>
			<trkpt lat="47.386390" lon="-1.285080"><ele>39</ele><time>2026-03-01T13:35:48Z</time></trkpt>
			<trkpt lat="47.386380" lon="-1.284900"><ele>39</ele><time>2026-03-01T13:36:00Z</time></trkpt>
			<trkpt lat="47.386350" lon="-1.284700"><ele>40</ele><time>2026-03-01T13:36:12Z</time></trkpt>
			<trkpt lat="47.386300" lon="-1.284520"><ele>40</ele><time>2026-03-01T13:36:24Z</time></trkpt>
			<trkpt lat="47.386260" lon="-1.284360"><ele>40</ele><time>2026-03-01T13:36:36Z</time></trkpt>
			<trkpt lat="47.385750" lon="-1.282930"><ele>42</ele><time>2026-03-01T13:36:48Z</time></trkpt>
			<trkpt lat="47.385320" lon="-1.281680"><ele>45</ele><time>2026-03-01T13:37:00Z</time></trkpt>
			<trkpt lat="47.385220" lon="-1.281340"><ele>45</ele><time>2026-03-01T13:37:12Z</time></trkpt>
			<trkpt lat="47.385140" lon="-1.280890"><ele>45</ele><time>2026-03-01T13:37:24Z</time></trkpt>
			<trkpt lat="47.385100" lon="-1.280590"><ele>45</ele><time>2026-03-01T13:37:36Z</time></trkpt>
			<trkpt lat="47.384990" lon="-1.279470"><ele>46</ele><time>2026-03-01T13:37:48Z</time></trkpt>
			<trkpt lat="47.384570" lon="-1.274760"><ele>39</ele><time>2026-03-01T13:38:00Z</time></trkpt>
			<trkpt lat="47.384510" lon="-1.274060"><ele>38</ele><time>2026-03-01T13:38:12Z</time></trkpt>
			<trkpt lat="47.384450" lon="-1.273610"><ele>38</ele><time>2026-03-01T13:38:24Z</time></trkpt>
			<trkpt lat="47.384380" lon="-1.273150"><ele>37</ele><time>2026-03-01T13:38:36Z</time></trkpt>
			<trkpt lat="47.384310" lon="-1.272860"><ele>36</ele><time>2026-03-01T13:38:48Z</time></trkpt>
			<trkpt lat="47.384220" lon="-1.272560"><ele>36</ele><time>2026-03-01T13:39:00Z</time></trkpt>
			<trkpt lat="47.383880" lon="-1.271370"><ele>35</ele><time>2026-03-01T13:39:12Z</time></trkpt>
			<trkpt lat="47.383150" lon="-1.268810"><ele>37</ele><time>2026-03-01T13:39:24Z</time></trkpt>
			<trkpt lat="47.382490" lon="-1.266580"><ele>34</ele><time>2026-03-01T13:39:36Z</time></trkpt>
			<trkpt lat="47.382260" lon="-1.265780"><ele>35</ele><time>2026-03-01T13:39:48Z</time></trkpt>
			<trkpt lat="47.382160" lon="-1.265410"><ele>36</ele><time>2026-03-01T13:40:00Z</time></trkpt>
			<trkpt lat="47.382060" lon="-1.264930"><ele>37</ele><time>2026-03-01T13:40:12Z</time></trkpt>
			<trkpt lat="47.382030" lon="-1.264680"><ele>37</ele><time>2026-03-01T13:40:24Z</time></trkpt>
			<trkpt lat="47.381960" lon="-1.264020"><ele>36</ele><time>2026-03-01T13:40:36Z</time></trkpt>
			<trkpt lat="47.381880" lon="-1.263060"><ele>35</ele><time>2026-03-01T13:40:48Z</time></trkpt>
			<trkpt lat="47.381830" lon="-1.262640"><ele>35</ele><time>2026-03-01T13:41:00Z</time></trkpt>
			<trkpt lat="47.381780" lon="-1.262350"><ele>36</ele><time>2026-03-01T13:41:12Z</time></trkpt>
			<trkpt lat="47.381710" lon="-1.262000"><ele>36</ele><time>2026-03-01T13:41:24Z</time></trkpt>
			<trkpt lat="47.381620" lon="-1.261660"><ele>37</ele><time>2026-03-01T13:41:36Z</time></trkpt>
			<trkpt lat="47.381540" lon="-1.261380"><ele>37</ele><time>2026-03-01T13:41:48Z</time></trkpt>
			<trkpt lat="47.381420" lon="-1.261040"><ele>38</ele><time>2026-03-01T13:42:00Z</time></trkpt>
			<trkpt lat="47.381180" lon="-1.260460"><ele>38</ele><time>2026-03-01T13:42:12Z</time></trkpt>
			<trkpt lat="47.380940" lon="-1.259930"><ele>38</ele><time>2026-03-01T13:42:24Z</time></trkpt>
			<trkpt lat="47.380060" lon="-1.257970"><ele>36</ele><time>2026-03-01T13:42:36Z</time></trkpt>
			<trkpt lat="47.379990" lon="-1.257790"><ele>36</ele><time>2026-03-01T13:42:48Z</time></trkpt>
			<trkpt lat="47.379700" lon="-1.257050"><ele>36</ele><time>2026-03-01T13:43:00Z</time></trkpt>
			<trkpt lat="47.379520" lon="-1.256500"><ele>37</ele><time>2026-03-01T13:43:12Z</time></trkpt>
			<trkpt lat="47.379330" lon="-1.255870"><ele>39</ele><time>2026-03-01T13:43:24Z</time></trkpt>
			<trkpt lat="47.379070" lon="-1.254990"><ele>39</ele><time>2026-03-01T13:43:36Z</time></trkpt>
			<trkpt lat="47.377790" lon="-1.250720"><ele>40</ele><time>2026-03-01T13:43:48Z</time></trkpt>
			<trkpt lat="47.377370" lon="-1.249300"><ele>40</ele><time>2026-03-01T13:44:00Z</time></trkpt>
			<trkpt lat="47.376680" lon="-1.247050"><ele>41</ele><time>2026-03-01T13:44:12Z</time></trkpt>
			<trkpt lat="47.376200" lon="-1.245420"><ele>43</ele><time>2026-03-01T13:44:24Z</time></trkpt>
			<trkpt lat="47.375750" lon="-1.243940"><ele>45</ele><time>2026-03-01T13:44:36Z</time></trkpt>
			<trkpt lat="47.375460" lon="-1.242960"><ele>46</ele><time>2026-03-01T13:44:48Z</time></trkpt>
			<trkpt lat="47.375260" lon="-1.242200"><ele>47</ele><time>2026-03-01T13:45:00Z</time></trkpt>
			<trkpt lat="47.373490" lon="-1.234930"><ele>47</ele><time>2026-03-01T13:45:12Z</time></trkpt>
			<trkpt lat="47.373090" lon="-1.233310"><ele>46</ele><time>2026-03-01T13:45:24Z</time></trkpt>
			<trkpt lat="47.371290" lon="-1.225980"><ele>44</ele><time>2026-03-01T13:45:36Z</time></trkpt>
			<trkpt lat="47.370900" lon="-1.224370"><ele>44</ele><time>2026-03-01T13:45:48Z</time></trkpt>
			<trkpt lat="47.370260" lon="-1.221760"><ele>47</ele><time>2026-03-01T13:46:00Z</time></trkpt>
			<trkpt lat="47.370060" lon="-1.220970"><ele>48</ele><time>2026-03-01T13:46:12Z</time></trkpt>
			<trkpt lat="47.370020" lon="-1.220730"><ele>48</ele><time>2026-03-01T13:46:24Z</time></trkpt>
			<trkpt lat="47.369940" lon="-1.220180"><ele>47</ele><time>2026-03-01T13:46:36Z</time></trkpt>
			<trkpt lat="47.369770" lon="-1.218870"><ele>47</ele><time>2026-03-01T13:46:48Z</time></trkpt>
			<trkpt lat="47.369710" lon="-1.218420"><ele>47</ele><time>2026-03-01T13:47:00Z</time></trkpt>
			<trkpt lat="47.369490" lon="-1.216900"><ele>46</ele><time>2026-03-01T13:47:12Z</time></trkpt>
			<trkpt lat="47.369410" lon="-1.216430"><ele>45</ele><time>2026-03-01T13:47:24Z</time></trkpt>
			<trkpt lat="47.369350" lon="-1.216170"><ele>45</ele><time>2026-03-01T13:47:36Z</time></trkpt>
			<trkpt lat="47.368860" lon="-1.214250"><ele>45</ele><time>2026-03-01T13:47:48Z</time></trkpt>
			<trkpt lat="47.368810" lon="-1.214120"><ele>45</ele><time>2026-03-01T13:48:00Z</time></trkpt>
			<trkpt lat="47.368740" lon="-1.213950"><ele>45</ele><time>2026-03-01T13:48:12Z</time></trkpt>
			<trkpt lat="47.368630" lon="-1.213790"><ele>45</ele><time>2026-03-01T13:48:24Z</time></trkpt>
			<trkpt lat="47.368590" lon="-1.213810"><ele>45</ele><time>2026-03-01T13:48:36Z</time></trkpt>
			<trkpt lat="47.368520" lon="-1.213810"><ele>45</ele><time>2026-03-01T13:48:48Z</time></trkpt>
			<trkpt lat="47.368480" lon="-1.213800"><ele>45</ele><time>2026-03-01T13:49:00Z</time></trkpt>
			<trkpt lat="47.368420" lon="-1.213760"><ele>45</ele><time>2026-03-01T13:49:12Z</time></trkpt>
			<trkpt lat="47.368370" lon="-1.213700"><ele>45</ele><time>2026-03-01T13:49:24Z</time></trkpt>
			<trkpt lat="47.368320" lon="-1.213590"><ele>45</ele><time>2026-03-01T13:49:36Z</time></trkpt>
			<trkpt lat="47.368300" lon="-1.213490"><ele>44</ele><time>2026-03-01T13:49:48Z</time></trkpt>
			<trkpt lat="47.368300" lon="-1.213350"><ele>44</ele><time>2026-03-01T13:50:00Z</time></trkpt>
			<trkpt lat="47.368240" lon="-1.213050"><ele>43</ele><time>2026-03-01T13:50:12Z</time></trkpt>
			<trkpt lat="47.368190" lon="-1.212870"><ele>43</ele><time>2026-03-01T13:50:24Z</time></trkpt>
			<trkpt lat="47.368200" lon="-1.212500"><ele>42</ele><time>2026-03-01T13:50:36Z</time></trkpt>
			<trkpt lat="47.368160" lon="-1.212290"><ele>42</ele><time>2026-03-01T13:50:48Z</time></trkpt>
			<trkpt lat="47.368340" lon="-1.212190"><ele>42</ele><time>2026-03-01T13:51:00Z</time></trkpt>
			<trkpt lat="47.368420" lon="-1.212130"><ele>42</ele><time>2026-03-01T13:51:12Z</time></trkpt>
			<trkpt lat="47.368510" lon="-1.212040"><ele>42</ele><time>2026-03-01T13:51:24Z</time></trkpt>
			<trkpt lat="47.368590" lon="-1.211920"><ele>43</ele><time>2026-03-01T13:51:36Z</time></trkpt>
			<trkpt lat="47.368630" lon="-1.211820"><ele>43</ele><time>2026-03-01T13:51:48Z</time></trkpt>
			<trkpt lat="47.368670" lon="-1.211680"><ele>43</ele><time>2026-03-01T13:52:00Z</time></trkpt>
			<trkpt lat="47.368750" lon="-1.211300"><ele>43</ele><time>2026-03-01T13:52:12Z</time></trkpt>
			<trkpt lat="47.368780" lon="-1.211060"><ele>43</ele><time>2026-03-01T13:52:24Z</time></trkpt>
			<trkpt lat="47.368790" lon="-1.210940"><ele>43</ele><time>2026-03-01T13:52:36Z</time></trkpt>
			<trkpt lat="47.368790" lon="-1.210670"><ele>43</ele><time>2026-03-01T13:52:48Z</time></trkpt>
			<trkpt lat="47.368780" lon="-1.210520"><ele>42</ele><time>2026-03-01T13:53:00Z</time></trkpt>
			<trkpt lat="47.368730" lon="-1.210050"><ele>42</ele><time>2026-03-01T13:53:12Z</time></trkpt>
			<trkpt lat="47.368670" lon="-1.209560"><ele>41</ele><time>2026-03-01T13:53:24Z</time></trkpt>
			<trkpt lat="47.368600" lon="-1.209040"><ele>40</ele><time>2026-03-01T13:53:36Z</time></trkpt>
			<trkpt lat="47.368490" lon="-1.208270"><ele>40</ele><time>2026-03-01T13:53:48Z</time></trkpt>
			<trkpt lat="47.368450" lon="-1.208050"><ele>40</ele><time>2026-03-01T13:54:00Z</time></trkpt>
			<trkpt lat="47.368440" lon="-1.208000"><ele>40</ele><time>2026-03-01T13:54:12Z</time></trkpt>
			<trkpt lat="47.368330" lon="-1.207440"><ele>40</ele><time>2026-03-01T13:54:24Z</time></trkpt>
			<trkpt lat="47.368300" lon="-1.207210"><ele>40</ele><time>2026-03-01T13:54:36Z</time></trkpt>
			<trkpt lat="47.368300" lon="-1.207030"><ele>39</ele><time>2026-03-01T13:54:48Z</time></trkpt>
			<trkpt lat="47.368310" lon="-1.206560"><ele>39</ele><time>2026-03-01T13:55:00Z</time></trkpt>
			<trkpt lat="47.368370" lon="-1.205330"><ele>38</ele><time>2026-03-01T13:55:12Z</time></trkpt>
			<trkpt lat="47.368390" lon="-1.205070"><ele>38</ele><time>2026-03-01T13:55:24Z</time></trkpt>
			<trkpt lat="47.368390" lon="-1.204940"><ele>38</ele><time>2026-03-01T13:55:36Z</time></trkpt>
			<trkpt lat="47.368440" lon="-1.204630"><ele>38</ele><time>2026-03-01T13:55:48Z</time></trkpt>
			<trkpt lat="47.368530" lon="-1.204150"><ele>38</ele><time>2026-03-01T13:56:00Z</time></trkpt>
			<trkpt lat="47.368600" lon="-1.203770"><ele>37</ele><time>2026-03-01T13:56:12Z</time></trkpt>
			<trkpt lat="47.368620" lon="-1.203690"><ele>37</ele><time>2026-03-01T13:56:24Z</time></trkpt>
			<trkpt lat="47.368740" lon="-1.203080"><ele>36</ele><time>2026-03-01T13:56:36Z</time></trkpt>
			<trkpt lat="47.368770" lon="-1.202950"><ele>35</ele><time>2026-03-01T13:56:48Z</time></trkpt>
			<trkpt lat="47.368860" lon="-1.202490"><ele>35</ele><time>2026-03-01T13:57:00Z</time></trkpt>
			<trkpt lat="47.369050" lon="-1.201530"><ele>33</ele><time>2026-03-01T13:57:12Z</time></trkpt>
			<trkpt lat="47.369110" lon="-1.201250"><ele>34</ele><time>2026-03-01T13:57:24Z</time></trkpt>
			<trkpt lat="47.369140" lon="-1.201100"><ele>34</ele><time>2026-03-01T13:57:36Z</time></trkpt>
			<trkpt lat="47.369260" lon="-1.200510"><ele>34</ele><time>2026-03-01T13:57:48Z</time></trkpt>
			<trkpt lat="47.369310" lon="-1.200290"><ele>35</ele><time>2026-03-01T13:58:00Z</time></trkpt>
			<trkpt lat="47.369540" lon="-1.199210"><ele>37</ele><time>2026-03-01T13:58:12Z</time></trkpt>
			<trkpt lat="47.369530" lon="-1.198870"><ele>37</ele><time>2026-03-01T13:58:24Z</time></trkpt>
			<trkpt lat="47.369590" lon="-1.198560"><ele>37</ele><time>2026-03-01T13:58:36Z</time></trkpt>
			<trkpt lat="47.369620" lon="-1.198420"><ele>37</ele><time>2026-03-01T13:58:48Z</time></trkpt>
			<trkpt lat="47.369660" lon="-1.198300"><ele>36</ele><time>2026-03-01T13:59:00Z</time></trkpt>
			<trkpt lat="47.369730" lon="-1.198090"><ele>36</ele><time>2026-03-01T13:59:12Z</time></trkpt>
			<trkpt lat="47.369790" lon="-1.197970"><ele>36</ele><time>2026-03-01T13:59:24Z</time></trkpt>
			<trkpt lat="47.369920" lon="-1.197740"><ele>35</ele><time>2026-03-01T13:59:36Z</time></trkpt>
			<trkpt lat="47.369950" lon="-1.197660"><ele>35</ele><time>2026-03-01T13:59:48Z</time></trkpt>
			<trkpt lat="47.370010" lon="-1.197470"><ele>35</ele><time>2026-03-01T14:00:00Z</time></trkpt>
			<trkpt lat="47.370070" lon="-1.197210"><ele>34</ele><time>2026-03-01T14:00:12Z</time></trkpt>
			<trkpt lat="47.370090" lon="-1.197100"><ele>34</ele><time>2026-03-01T14:00:24Z</time></trkpt>
			<trkpt lat="47.370140" lon="-1.196830"><ele>34</ele><time>2026-03-01T14:00:36Z</time></trkpt>
			<trkpt lat="47.370220" lon="-1.196460"><ele>33</ele><time>2026-03-01T14:00:48Z</time></trkpt>
			<trkpt lat="47.370270" lon="-1.196200"><ele>32</ele><time>2026-03-01T14:01:00Z</time></trkpt>
			<trkpt lat="47.370300" lon="-1.196040"><ele>32</ele><time>2026-03-01T14:01:12Z</time></trkpt>
			<trkpt lat="47.370360" lon="-1.195620"><ele>31</ele><time>2026-03-01T14:01:24Z</time></trkpt>
			<trkpt lat="47.370410" lon="-1.195420"><ele>31</ele><time>2026-03-01T14:01:36Z</time></trkpt>
			<trkpt lat="47.370450" lon="-1.195080"><ele>30</ele><time>2026-03-01T14:01:48Z</time></trkpt>
			<trkpt lat="47.370450" lon="-1.194910"><ele>30</ele><time>2026-03-01T14:02:00Z</time></trkpt>
			<trkpt lat="47.370580" lon="-1.193730"><ele>28</ele><time>2026-03-01T14:02:12Z</time></trkpt>
			<trkpt lat="47.370620" lon="-1.193350"><ele>27</ele><time>2026-03-01T14:02:24Z</time></trkpt>
			<trkpt lat="47.370700" lon="-1.192490"><ele>25</ele><time>2026-03-01T14:02:36Z</time></trkpt>
			<trkpt lat="47.370750" lon="-1.192000"><ele>24</ele><time>2026-03-01T14:02:48Z</time></trkpt>
			<trkpt lat="47.370780" lon="-1.191680"><ele>23</ele><time>2026-03-01T14:03:00Z</time></trkpt>
			<trkpt lat="47.370780" lon="-1.191587"><ele>23</ele><time>2026-03-01T14:03:12Z</time></trkpt>
			<trkpt lat="47.369939" lon="-1.190482"><ele>23</ele><time>2026-03-01T14:03:24Z</time></trkpt>
			<trkpt lat="47.369098" lon="-1.189376"><ele>23</ele><time>2026-03-01T14:03:36Z</time></trkpt>
			<trkpt lat="47.368257" lon="-1.188271"><ele>23</ele><time>2026-03-01T14:03:48Z</time></trkpt>
			<trkpt lat="47.367416" lon="-1.187166"><ele>23</ele><time>2026-03-01T14:04:00Z</time></trkpt>
			<trkpt lat="47.366574" lon="-1.186061"><ele>23</ele><time>2026-03-01T14:04:12Z</time></trkpt>
			<trkpt lat="47.365733" lon="-1.184956"><ele>23</ele><time>2026-03-01T14:04:24Z</time></trkpt>
			<trkpt lat="47.364892" lon="-1.183850"><ele>23</ele><time>2026-03-01T14:04:36Z</time></trkpt>
			<trkpt lat="47.364051" lon="-1.182745"><ele>23</ele><time>2026-03-01T14:04:48Z</time></trkpt>
			<trkpt lat="47.363210" lon="-1.181640"><ele>23</ele><time>2026-03-01T14:05:00Z</time></trkpt>
		</trkseg>
	</trk>
</gpx>
