<?xml version="1.0" encoding="UTF-8" ?>
<gpx version="1.1" xmlns:xsi="http://www.w3.org/2001/XMLSchema-instance"
    xmlns="http://www.topografix.com/GPX/1/1"
    xsi:schemaLocation="http://www.topografix.com/GPX/1/1 http://www.topografix.com/GPX/1/1/gpx.xsd"
    creator="Club'O'Clock — jeu de démonstration">
	<trk>
		<name>Ouest 52 km</name>
		<trkseg>
			<trkpt lat="47.363210" lon="-1.181640"><ele>23</ele><time>2026-03-01T08:00:00Z</time></trkpt>
			<trkpt lat="47.364051" lon="-1.182707"><ele>23</ele><time>2026-03-01T08:00:12Z</time></trkpt>
			<trkpt lat="47.364892" lon="-1.183775"><ele>23</ele><time>2026-03-01T08:00:24Z</time></trkpt>
			<trkpt lat="47.365733" lon="-1.184842"><ele>23</ele><time>2026-03-01T08:00:36Z</time></trkpt>
			<trkpt lat="47.366573" lon="-1.185909"><ele>23</ele><time>2026-03-01T08:00:48Z</time></trkpt>
			<trkpt lat="47.367414" lon="-1.186976"><ele>23</ele><time>2026-03-01T08:01:00Z</time></trkpt>
			<trkpt lat="47.368255" lon="-1.188044"><ele>23</ele><time>2026-03-01T08:01:12Z</time></trkpt>
			<trkpt lat="47.369096" lon="-1.189111"><ele>23</ele><time>2026-03-01T08:01:24Z</time></trkpt>
			<trkpt lat="47.369937" lon="-1.190178"><ele>23</ele><time>2026-03-01T08:01:36Z</time></trkpt>
			<trkpt lat="47.370778" lon="-1.191245"><ele>23</ele><time>2026-03-01T08:01:48Z</time></trkpt>
			<trkpt lat="47.370780" lon="-1.191320"><ele>23</ele><time>2026-03-01T08:02:00Z</time></trkpt>
			<trkpt lat="47.370780" lon="-1.191570"><ele>23</ele><time>2026-03-01T08:02:12Z</time></trkpt>
			<trkpt lat="47.370780" lon="-1.191680"><ele>23</ele><time>2026-03-01T08:02:24Z</time></trkpt>
			<trkpt lat="47.370750" lon="-1.192000"><ele>24</ele><time>2026-03-01T08:02:36Z</time></trkpt>
			<trkpt lat="47.370700" lon="-1.192490"><ele>25</ele><time>2026-03-01T08:02:48Z</time></trkpt>
			<trkpt lat="47.370620" lon="-1.193350"><ele>27</ele><time>2026-03-01T08:03:00Z</time></trkpt>
			<trkpt lat="47.370570" lon="-1.193850"><ele>28</ele><time>2026-03-01T08:03:12Z</time></trkpt>
			<trkpt lat="47.370450" lon="-1.194910"><ele>30</ele><time>2026-03-01T08:03:24Z</time></trkpt>
			<trkpt lat="47.370450" lon="-1.195080"><ele>30</ele><time>2026-03-01T08:03:36Z</time></trkpt>
			<trkpt lat="47.370410" lon="-1.195420"><ele>31</ele><time>2026-03-01T08:03:48Z</time></trkpt>
			<trkpt lat="47.370360" lon="-1.195620"><ele>31</ele><time>2026-03-01T08:04:00Z</time></trkpt>
			<trkpt lat="47.370300" lon="-1.196040"><ele>32</ele><time>2026-03-01T08:04:12Z</time></trkpt>
			<trkpt lat="47.370270" lon="-1.196200"><ele>32</ele><time>2026-03-01T08:04:24Z</time></trkpt>
			<trkpt lat="47.370220" lon="-1.196460"><ele>33</ele><time>2026-03-01T08:04:36Z</time></trkpt>
			<trkpt lat="47.370140" lon="-1.196830"><ele>34</ele><time>2026-03-01T08:04:48Z</time></trkpt>
			<trkpt lat="47.370090" lon="-1.197100"><ele>34</ele><time>2026-03-01T08:05:00Z</time></trkpt>
			<trkpt lat="47.370070" lon="-1.197210"><ele>34</ele><time>2026-03-01T08:05:12Z</time></trkpt>
			<trkpt lat="47.370010" lon="-1.197470"><ele>35</ele><time>2026-03-01T08:05:24Z</time></trkpt>
			<trkpt lat="47.369950" lon="-1.197660"><ele>35</ele><time>2026-03-01T08:05:36Z</time></trkpt>
			<trkpt lat="47.369920" lon="-1.197740"><ele>35</ele><time>2026-03-01T08:05:48Z</time></trkpt>
			<trkpt lat="47.369790" lon="-1.197970"><ele>36</ele><time>2026-03-01T08:06:00Z</time></trkpt>
			<trkpt lat="47.369730" lon="-1.198090"><ele>36</ele><time>2026-03-01T08:06:12Z</time></trkpt>
			<trkpt lat="47.369660" lon="-1.198300"><ele>36</ele><time>2026-03-01T08:06:24Z</time></trkpt>
			<trkpt lat="47.369620" lon="-1.198420"><ele>37</ele><time>2026-03-01T08:06:36Z</time></trkpt>
			<trkpt lat="47.369590" lon="-1.198560"><ele>37</ele><time>2026-03-01T08:06:48Z</time></trkpt>
			<trkpt lat="47.369530" lon="-1.198870"><ele>37</ele><time>2026-03-01T08:07:00Z</time></trkpt>
			<trkpt lat="47.369540" lon="-1.199210"><ele>37</ele><time>2026-03-01T08:07:12Z</time></trkpt>
			<trkpt lat="47.369310" lon="-1.200290"><ele>35</ele><time>2026-03-01T08:07:24Z</time></trkpt>
			<trkpt lat="47.369260" lon="-1.200510"><ele>34</ele><time>2026-03-01T08:07:36Z</time></trkpt>
			<trkpt lat="47.369140" lon="-1.201100"><ele>34</ele><time>2026-03-01T08:07:48Z</time></trkpt>
			<trkpt lat="47.369110" lon="-1.201250"><ele>34</ele><time>2026-03-01T08:08:00Z</time></trkpt>
			<trkpt lat="47.369050" lon="-1.201530"><ele>33</ele><time>2026-03-01T08:08:12Z</time></trkpt>
			<trkpt lat="47.368770" lon="-1.202950"><ele>35</ele><time>2026-03-01T08:08:24Z</time></trkpt>
			<trkpt lat="47.368740" lon="-1.203080"><ele>36</ele><time>2026-03-01T08:08:36Z</time></trkpt>
			<trkpt lat="47.368620" lon="-1.203690"><ele>37</ele><time>2026-03-01T08:08:48Z</time></trkpt>
			<trkpt lat="47.368600" lon="-1.203770"><ele>37</ele><time>2026-03-01T08:09:00Z</time></trkpt>
			<trkpt lat="47.368530" lon="-1.204150"><ele>38</ele><time>2026-03-01T08:09:12Z</time></trkpt>
			<trkpt lat="47.368460" lon="-1.204510"><ele>38</ele><time>2026-03-01T08:09:24Z</time></trkpt>
			<trkpt lat="47.368390" lon="-1.204940"><ele>38</ele><time>2026-03-01T08:09:36Z</time></trkpt>
			<trkpt lat="47.368390" lon="-1.205070"><ele>38</ele><time>2026-03-01T08:09:48Z</time></trkpt>
			<trkpt lat="47.368370" lon="-1.205330"><ele>38</ele><time>2026-03-01T08:10:00Z</time></trkpt>
			<trkpt lat="47.368310" lon="-1.206560"><ele>39</ele><time>2026-03-01T08:10:12Z</time></trkpt>
			<trkpt lat="47.368300" lon="-1.207030"><ele>39</ele><time>2026-03-01T08:10:24Z</time></trkpt>
			<trkpt lat="47.368300" lon="-1.207210"><ele>40</ele><time>2026-03-01T08:10:36Z</time></trkpt>
			<trkpt lat="47.368330" lon="-1.207440"><ele>40</ele><time>2026-03-01T08:10:48Z</time></trkpt>
			<trkpt lat="47.368440" lon="-1.208000"><ele>40</ele><time>2026-03-01T08:11:00Z</time></trkpt>
			<trkpt lat="47.368450" lon="-1.208050"><ele>40</ele><time>2026-03-01T08:11:12Z</time></trkpt>
			<trkpt lat="47.368490" lon="-1.208270"><ele>40</ele><time>2026-03-01T08:11:24Z</time></trkpt>
			<trkpt lat="47.368600" lon="-1.209040"><ele>40</ele><time>2026-03-01T08:11:36Z</time></trkpt>
			<trkpt lat="47.368670" lon="-1.209560"><ele>41</ele><time>2026-03-01T08:11:48Z</time></trkpt>
			<trkpt lat="47.368730" lon="-1.210050"><ele>42</ele><time>2026-03-01T08:12:00Z</time></trkpt>
			<trkpt lat="47.368780" lon="-1.210520"><ele>42</ele><time>2026-03-01T08:12:12Z</time></trkpt>
			<trkpt lat="47.368790" lon="-1.210670"><ele>43</ele><time>2026-03-01T08:12:24Z</time></trkpt>
			<trkpt lat="47.368790" lon="-1.210940"><ele>43</ele><time>2026-03-01T08:12:36Z</time></trkpt>
			<trkpt lat="47.368780" lon="-1.211060"><ele>43</ele><time>2026-03-01T08:12:48Z</time></trkpt>
			<trkpt lat="47.368750" lon="-1.211300"><ele>43</ele><time>2026-03-01T08:13:00Z</time></trkpt>
			<trkpt lat="47.368670" lon="-1.211680"><ele>43</ele><time>2026-03-01T08:13:12Z</time></trkpt>
			<trkpt lat="47.368630" lon="-1.211820"><ele>43</ele><time>2026-03-01T08:13:24Z</time></trkpt>
			<trkpt lat="47.368590" lon="-1.211920"><ele>43</ele><time>2026-03-01T08:13:36Z</time></trkpt>
			<trkpt lat="47.368510" lon="-1.212040"><ele>42</ele><time>2026-03-01T08:13:48Z</time></trkpt>
			<trkpt lat="47.368420" lon="-1.212130"><ele>42</ele><time>2026-03-01T08:14:00Z</time></trkpt>
			<trkpt lat="47.368340" lon="-1.212190"><ele>42</ele><time>2026-03-01T08:14:12Z</time></trkpt>
			<trkpt lat="47.368160" lon="-1.212290"><ele>42</ele><time>2026-03-01T08:14:24Z</time></trkpt>
			<trkpt lat="47.368200" lon="-1.212500"><ele>42</ele><time>2026-03-01T08:14:36Z</time></trkpt>
			<trkpt lat="47.368190" lon="-1.212870"><ele>43</ele><time>2026-03-01T08:14:48Z</time></trkpt>
			<trkpt lat="47.368240" lon="-1.213050"><ele>43</ele><time>2026-03-01T08:15:00Z</time></trkpt>
			<trkpt lat="47.368390" lon="-1.213150"><ele>44</ele><time>2026-03-01T08:15:12Z</time></trkpt>
			<trkpt lat="47.368420" lon="-1.213120"><ele>44</ele><time>2026-03-01T08:15:24Z</time></trkpt>
			<trkpt lat="47.368470" lon="-1.213080"><ele>44</ele><time>2026-03-01T08:15:36Z</time></trkpt>
			<trkpt lat="47.368500" lon="-1.213070"><ele>44</ele><time>2026-03-01T08:15:48Z</time></trkpt>
			<trkpt lat="47.368570" lon="-1.213060"><ele>44</ele><time>2026-03-01T08:16:00Z</time></trkpt>
			<trkpt lat="47.368650" lon="-1.213100"><ele>44</ele><time>2026-03-01T08:16:12Z</time></trkpt>
			<trkpt lat="47.368730" lon="-1.213180"><ele>44</ele><time>2026-03-01T08:16:24Z</time></trkpt>
			<trkpt lat="47.368760" lon="-1.213240"><ele>44</ele><time>2026-03-01T08:16:36Z</time></trkpt>
			<trkpt lat="47.368790" lon="-1.213320"><ele>45</ele><time>2026-03-01T08:16:48Z</time></trkpt>
			<trkpt lat="47.368800" lon="-1.213440"><ele>45</ele><time>2026-03-01T08:17:00Z</time></trkpt>
			<trkpt lat="47.368790" lon="-1.213570"><ele>45</ele><time>2026-03-01T08:17:12Z</time></trkpt>
			<trkpt lat="47.368770" lon="-1.213630"><ele>45</ele><time>2026-03-01T08:17:24Z</time></trkpt>
			<trkpt lat="47.368770" lon="-1.213780"><ele>45</ele><time>2026-03-01T08:17:36Z</time></trkpt>
			<trkpt lat="47.368810" lon="-1.214120"><ele>45</ele><time>2026-03-01T08:17:48Z</time></trkpt>
			<trkpt lat="47.368860" lon="-1.214250"><ele>45</ele><time>2026-03-01T08:18:00Z</time></trkpt>
			<trkpt lat="47.369350" lon="-1.216170"><ele>45</ele><time>2026-03-01T08:18:12Z</time></trkpt>
			<trkpt lat="47.369410" lon="-1.216430"><ele>45</ele><time>2026-03-01T08:18:24Z</time></trkpt>
			<trkpt lat="47.369490" lon="-1.216900"><ele>46</ele><time>2026-03-01T08:18:36Z</time></trkpt>
			<trkpt lat="47.369710" lon="-1.218420"><ele>47</ele><time>2026-03-01T08:18:48Z</time></trkpt>
			<trkpt lat="47.369770" lon="-1.218870"><ele>47</ele><time>2026-03-01T08:19:00Z</time></trkpt>
			<trkpt lat="47.370300" lon="-1.218720"><ele>45</ele><time>2026-03-01T08:19:12Z</time></trkpt>
			<trkpt lat="47.370960" lon="-1.218500"><ele>44</ele><time>2026-03-01T08:19:24Z</time></trkpt>
			<trkpt lat="47.371480" lon="-1.218280"><ele>42</ele><time>2026-03-01T08:19:36Z</time></trkpt>
			<trkpt lat="47.372500" lon="-1.217810"><ele>38</ele><time>2026-03-01T08:19:48Z</time></trkpt>
			<trkpt lat="47.372950" lon="-1.217530"><ele>39</ele><time>2026-03-01T08:20:00Z</time></trkpt>
			<trkpt lat="47.373050" lon="-1.217480"><ele>39</ele><time>2026-03-01T08:20:12Z</time></trkpt>
			<trkpt lat="47.373160" lon="-1.217470"><ele>39</ele><time>2026-03-01T08:20:24Z</time></trkpt>
			<trkpt lat="47.373280" lon="-1.217500"><ele>39</ele><time>2026-03-01T08:20:36Z</time></trkpt>
			<trkpt lat="47.373420" lon="-1.217590"><ele>39</ele><time>2026-03-01T08:20:48Z</time></trkpt>
			<trkpt lat="47.373490" lon="-1.217740"><ele>38</ele><time>2026-03-01T08:21:00Z</time></trkpt>
			<trkpt lat="47.373540" lon="-1.217850"><ele>38</ele><time>2026-03-01T08:21:12Z</time></trkpt>
			<trkpt lat="47.373580" lon="-1.217980"><ele>38</ele><time>2026-03-01T08:21:24Z</time></trkpt>
			<trkpt lat="47.373610" lon="-1.218320"><ele>38</ele><time>2026-03-01T08:21:36Z</time></trkpt>
			<trkpt lat="47.373600" lon="-1.218600"><ele>37</ele><time>2026-03-01T08:21:48Z</time></trkpt>
			<trkpt lat="47.373620" lon="-1.218880"><ele>37</ele><time>2026-03-01T08:22:00Z</time></trkpt>
			<trkpt lat="47.373690" lon="-1.219080"><ele>37</ele><time>2026-03-01T08:22:12Z</time></trkpt>
			<trkpt lat="47.373820" lon="-1.219360"><ele>37</ele><time>2026-03-01T08:22:24Z</time></trkpt>
			<trkpt lat="47.373960" lon="-1.219690"><ele>36</ele><time>2026-03-01T08:22:36Z</time></trkpt>
			<trkpt lat="47.374520" lon="-1.220900"><ele>36</ele><time>2026-03-01T08:22:48Z</time></trkpt>
			<trkpt lat="47.374800" lon="-1.221440"><ele>36</ele><time>2026-03-01T08:23:00Z</time></trkpt>
			<trkpt lat="47.374980" lon="-1.222230"><ele>37</ele><time>2026-03-01T08:23:12Z</time></trkpt>
			<trkpt lat="47.375120" lon="-1.222610"><ele>37</ele><time>2026-03-01T08:23:24Z</time></trkpt>
			<trkpt lat="47.375200" lon="-1.222800"><ele>37</ele><time>2026-03-01T08:23:36Z</time></trkpt>
			<trkpt lat="47.375300" lon="-1.222920"><ele>37</ele><time>2026-03-01T08:23:48Z</time></trkpt>
			<trkpt lat="47.375430" lon="-1.223030"><ele>37</ele><time>2026-03-01T08:24:00Z</time></trkpt>
			<trkpt lat="47.375600" lon="-1.223110"><ele>36</ele><time>2026-03-01T08:24:12Z</time></trkpt>
			<trkpt lat="47.376290" lon="-1.223290"><ele>35</ele><time>2026-03-01T08:24:24Z</time></trkpt>
			<trkpt lat="47.376580" lon="-1.223380"><ele>34</ele><time>2026-03-01T08:24:36Z</time></trkpt>
			<trkpt lat="47.377070" lon="-1.223520"><ele>33</ele><time>2026-03-01T08:24:48Z</time></trkpt>
			<trkpt lat="47.377500" lon="-1.223680"><ele>31</ele><time>2026-03-01T08:25:00Z</time></trkpt>
			<trkpt lat="47.377670" lon="-1.223830"><ele>31</ele><time>2026-03-01T08:25:12Z</time></trkpt>
			<trkpt lat="47.377830" lon="-1.223940"><ele>31</ele><time>2026-03-01T08:25:24Z</time></trkpt>
			<trkpt lat="47.378030" lon="-1.224040"><ele>31</ele><time>2026-03-01T08:25:36Z</time></trkpt>
			<trkpt lat="47.379370" lon="-1.224410"><ele>31</ele><time>2026-03-01T08:25:48Z</time></trkpt>
			<trkpt lat="47.379580" lon="-1.224490"><ele>31</ele><time>2026-03-01T08:26:00Z</time></trkpt>
			<trkpt lat="47.380070" lon="-1.224790"><ele>31</ele><time>2026-03-01T08:26:12Z</time></trkpt>
			<trkpt lat="47.381060" lon="-1.225160"><ele>30</ele><time>2026-03-01T08:26:24Z</time></trkpt>
			<trkpt lat="47.381610" lon="-1.225370"><ele>30</ele><time>2026-03-01T08:26:36Z</time></trkpt>
			<trkpt lat="47.381660" lon="-1.225400"><ele>29</ele><time>2026-03-01T08:26:48Z</time></trkpt>
			<trkpt lat="47.381740" lon="-1.225470"><ele>30</ele><time>2026-03-01T08:27:00Z</time></trkpt>
			<trkpt lat="47.381800" lon="-1.225560"><ele>30</ele><time>2026-03-01T08:27:12Z</time></trkpt>
			<trkpt lat="47.381880" lon="-1.225790"><ele>30</ele><time>2026-03-01T08:27:24Z</time></trkpt>
			<trkpt lat="47.381880" lon="-1.225970"><ele>30</ele><time>2026-03-01T08:27:36Z</time></trkpt>
			<trkpt lat="47.381760" lon="-1.226640"><ele>30</ele><time>2026-03-01T08:27:48Z</time></trkpt>
			<trkpt lat="47.381800" lon="-1.226860"><ele>30</ele><time>2026-03-01T08:28:00Z</time></trkpt>
			<trkpt lat="47.381850" lon="-1.226960"><ele>30</ele><time>2026-03-01T08:28:12Z</time></trkpt>
			<trkpt lat="47.382020" lon="-1.227140"><ele>30</ele><time>2026-03-01T08:28:24Z</time></trkpt>
			<trkpt lat="47.382440" lon="-1.227330"><ele>31</ele><time>2026-03-01T08:28:36Z</time></trkpt>
			<trkpt lat="47.382770" lon="-1.227400"><ele>31</ele><time>2026-03-01T08:28:48Z</time></trkpt>
			<trkpt lat="47.383700" lon="-1.227430"><ele>32</ele><time>2026-03-01T08:29:00Z</time></trkpt>
			<trkpt lat="47.384040" lon="-1.227320"><ele>32</ele><time>2026-03-01T08:29:12Z</time></trkpt>
			<trkpt lat="47.384320" lon="-1.227230"><ele>32</ele><time>2026-03-01T08:29:24Z</time></trkpt>
			<trkpt lat="47.384390" lon="-1.227210"><ele>32</ele><time>2026-03-01T08:29:36Z</time></trkpt>
			<trkpt lat="47.384450" lon="-1.227170"><ele>32</ele><time>2026-03-01T08:29:48Z</time></trkpt>
			<trkpt lat="47.384770" lon="-1.226880"><ele>32</ele><time>2026-03-01T08:30:00Z</time></trkpt>
			<trkpt lat="47.384880" lon="-1.226790"><ele>32</ele><time>2026-03-01T08:30:12Z</time></trkpt>
			<trkpt lat="47.384970" lon="-1.226720"><ele>32</ele><time>2026-03-01T08:30:24Z</time></trkpt>
			<trkpt lat="47.385110" lon="-1.226610"><ele>32</ele><time>2026-03-01T08:30:36Z</time></trkpt>
			<trkpt lat="47.385140" lon="-1.226680"><ele>32</ele><time>2026-03-01T08:30:48Z</time></trkpt>
			<trkpt lat="47.385450" lon="-1.227850"><ele>32</ele><time>2026-03-01T08:31:00Z</time></trkpt>
			<trkpt lat="47.386110" lon="-1.230210"><ele>29</ele><time>2026-03-01T08:31:12Z</time></trkpt>
			<trkpt lat="47.386720" lon="-1.232060"><ele>28</ele><time>2026-03-01T08:31:24Z</time></trkpt>
			<trkpt lat="47.386780" lon="-1.232270"><ele>27</ele><time>2026-03-01T08:31:36Z</time></trkpt>
			<trkpt lat="47.386820" lon="-1.232470"><ele>27</ele><time>2026-03-01T08:31:48Z</time></trkpt>
			<trkpt lat="47.386850" lon="-1.232700"><ele>27</ele><time>2026-03-01T08:32:00Z</time></trkpt>
			<trkpt lat="47.386980" lon="-1.234080"><ele>27</ele><time>2026-03-01T08:32:12Z</time></trkpt>
			<trkpt lat="47.387240" lon="-1.236810"><ele>26</ele><time>2026-03-01T08:32:24Z</time></trkpt>
			<trkpt lat="47.387300" lon="-1.237090"><ele>26</ele><time>2026-03-01T08:32:36Z</time></trkpt>
			<trkpt lat="47.387360" lon="-1.237320"><ele>25</ele><time>2026-03-01T08:32:48Z</time></trkpt>
			<trkpt lat="47.387630" lon="-1.238010"><ele>24</ele><time>2026-03-01T08:33:00Z</time></trkpt>
			<trkpt lat="47.387690" lon="-1.238150"><ele>24</ele><time>2026-03-01T08:33:12Z</time></trkpt>
			<trkpt lat="47.388120" lon="-1.239210"><ele>25</ele><time>2026-03-01T08:33:24Z</time></trkpt>
			<trkpt lat="47.388170" lon="-1.239360"><ele>25</ele><time>2026-03-01T08:33:36Z</time></trkpt>
			<trkpt lat="47.388190" lon="-1.239510"><ele>25</ele><time>2026-03-01T08:33:48Z</time></trkpt>
			<trkpt lat="47.388190" lon="-1.239670"><ele>25</ele><time>2026-03-01T08:34:00Z</time></trkpt>
			<trkpt lat="47.388150" lon="-1.239950"><ele>25</ele><time>2026-03-01T08:34:12Z</time></trkpt>
			<trkpt lat="47.388040" lon="-1.240450"><ele>24</ele><time>2026-03-01T08:34:24Z</time></trkpt>
			<trkpt lat="47.388010" lon="-1.240690"><ele>24</ele><time>2026-03-01T08:34:36Z</time></trkpt>
			<trkpt lat="47.388000" lon="-1.240900"><ele>23</ele><time>2026-03-01T08:34:48Z</time></trkpt>
			<trkpt lat="47.388010" lon="-1.242110"><ele>23</ele><time>2026-03-01T08:35:00Z</time></trkpt>
			<trkpt lat="47.388050" lon="-1.242840"><ele>23</ele><time>2026-03-01T08:35:12Z</time></trkpt>
			<trkpt lat="47.388040" lon="-1.243100"><ele>23</ele><time>2026-03-01T08:35:24Z</time></trkpt>
			<trkpt lat="47.388010" lon="-1.243310"><ele>22</ele><time>2026-03-01T08:35:36Z</time></trkpt>
			<trkpt lat="47.387940" lon="-1.243550"><ele>23</ele><time>2026-03-01T08:35:48Z</time></trkpt>
			<trkpt lat="47.387870" lon="-1.243720"><ele>23</ele><time>2026-03-01T08:36:00Z</time></trkpt>
			<trkpt lat="47.387750" lon="-1.243900"><ele>23</ele><time>2026-03-01T08:36:12Z</time></trkpt>
			<trkpt lat="47.387570" lon="-1.244170"><ele>24</ele><time>2026-03-01T08:36:24Z</time></trkpt>
			<trkpt lat="47.387510" lon="-1.244280"><ele>24</ele><time>2026-03-01T08:36:36Z</time></trkpt>
			<trkpt lat="47.387460" lon="-1.244440"><ele>24</ele><time>2026-03-01T08:36:48Z</time></trkpt>
			<trkpt lat="47.387290" lon="-1.245440"><ele>23</ele><time>2026-03-01T08:37:00Z</time></trkpt>
			<trkpt lat="47.387100" lon="-1.246340"><ele>24</ele><time>2026-03-01T08:37:12Z</time></trkpt>
			<trkpt lat="47.387060" lon="-1.246420"><ele>24</ele><time>2026-03-01T08:37:24Z</time></trkpt>
			<trkpt lat="47.386980" lon="-1.246470"><ele>24</ele><time>2026-03-01T08:37:36Z</time></trkpt>
			<trkpt lat="47.386610" lon="-1.246580"><ele>24</ele><time>2026-03-01T08:37:48Z</time></trkpt>
			<trkpt lat="47.386500" lon="-1.246650"><ele>24</ele><time>2026-03-01T08:38:00Z</time></trkpt>
			<trkpt lat="47.386420" lon="-1.246800"><ele>24</ele><time>2026-03-01T08:38:12Z</time></trkpt>
			<trkpt lat="47.386320" lon="-1.247020"><ele>24</ele><time>2026-03-01T08:38:24Z</time></trkpt>
			<trkpt lat="47.386250" lon="-1.247230"><ele>23</ele><time>2026-03-01T08:38:36Z</time></trkpt>
			<trkpt lat="47.386160" lon="-1.247560"><ele>23</ele><time>2026-03-01T08:38:48Z</time></trkpt>
			<trkpt lat="47.385910" lon="-1.248520"><ele>22</ele><time>2026-03-01T08:39:00Z</time></trkpt>
			<trkpt lat="47.385800" lon="-1.248840"><ele>21</ele><time>2026-03-01T08:39:12Z</time></trkpt>
			<trkpt lat="47.385640" lon="-1.249160"><ele>21</ele><time>2026-03-01T08:39:24Z</time></trkpt>
			<trkpt lat="47.384650" lon="-1.250530"><ele>25</ele><time>2026-03-01T08:39:36Z</time></trkpt>
			<trkpt lat="47.384540" lon="-1.250670"><ele>25</ele><time>2026-03-01T08:39:48Z</time></trkpt>
			<trkpt lat="47.384350" lon="-1.250870"><ele>26</ele><time>2026-03-01T08:40:00Z</time></trkpt>
			<trkpt lat="47.384080" lon="-1.251020"><ele>26</ele><time>2026-03-01T08:40:12Z</time></trkpt>
			<trkpt lat="47.382150" lon="-1.252030"><ele>29</ele><time>2026-03-01T08:40:24Z</time></trkpt>
			<trkpt lat="47.381470" lon="-1.252390"><ele>30</ele><time>2026-03-01T08:40:36Z</time></trkpt>
			<trkpt lat="47.381270" lon="-1.252520"><ele>30</ele><time>2026-03-01T08:40:48Z</time></trkpt>
			<trkpt lat="47.381230" lon="-1.252560"><ele>30</ele><time>2026-03-01T08:41:00Z</time></trkpt>
			<trkpt lat="47.381090" lon="-1.252690"><ele>31</ele><time>2026-03-01T08:41:12Z</time></trkpt>
			<trkpt lat="47.380930" lon="-1.252860"><ele>31</ele><time>2026-03-01T08:41:24Z</time></trkpt>
			<trkpt lat="47.380360" lon="-1.253530"><ele>34</ele><time>2026-03-01T08:41:36Z</time></trkpt>
			<trkpt lat="47.379800" lon="-1.254170"><ele>36</ele><time>2026-03-01T08:41:48Z</time></trkpt>
			<trkpt lat="47.379230" lon="-1.254830"><ele>39</ele><time>2026-03-01T08:42:00Z</time></trkpt>
			<trkpt lat="47.379070" lon="-1.254990"><ele>39</ele><time>2026-03-01T08:42:12Z</time></trkpt>
			<trkpt lat="47.379050" lon="-1.255040"><ele>39</ele><time>2026-03-01T08:42:24Z</time></trkpt>
			<trkpt lat="47.378820" lon="-1.255270"><ele>39</ele><time>2026-03-01T08:42:36Z</time></trkpt>
			<trkpt lat="47.378620" lon="-1.255390"><ele>39</ele><time>2026-03-01T08:42:48Z</time></trkpt>
			<trkpt lat="47.378430" lon="-1.255460"><ele>39</ele><time>2026-03-01T08:43:00Z</time></trkpt>
			<trkpt lat="47.378190" lon="-1.255460"><ele>40</ele><time>2026-03-01T08:43:12Z</time></trkpt>
			<trkpt lat="47.377500" lon="-1.255340"><ele>41</ele><time>2026-03-01T08:43:24Z</time></trkpt>
			<trkpt lat="47.377240" lon="-1.255310"><ele>41</ele><time>2026-03-01T08:43:36Z</time></trkpt>
			<trkpt lat="47.377090" lon="-1.255320"><ele>42</ele><time>2026-03-01T08:43:48Z</time></trkpt>
			<trkpt lat="47.376900" lon="-1.255420"><ele>42</ele><time>2026-03-01T08:44:00Z</time></trkpt>
			<trkpt lat="47.376790" lon="-1.255520"><ele>42</ele><time>2026-03-01T08:44:12Z</time></trkpt>
			<trkpt lat="47.376410" lon="-1.255970"><ele>44</ele><time>2026-03-01T08:44:24Z</time></trkpt>
			<trkpt lat="47.375640" lon="-1.256880"><ele>48</ele><time>2026-03-01T08:44:36Z</time></trkpt>
			<trkpt lat="47.375210" lon="-1.257430"><ele>50</ele><time>2026-03-01T08:44:48Z</time></trkpt>
			<trkpt lat="47.374960" lon="-1.257880"><ele>51</ele><time>2026-03-01T08:45:00Z</time></trkpt>
			<trkpt lat="47.374790" lon="-1.258300"><ele>52</ele><time>2026-03-01T08:45:12Z</time></trkpt>
			<trkpt lat="47.374640" lon="-1.258660"><ele>53</ele><time>2026-03-01T08:45:24Z</time></trkpt>
			<trkpt lat="47.374450" lon="-1.258950"><ele>54</ele><time>2026-03-01T08:45:36Z</time></trkpt>
			<trkpt lat="47.373920" lon="-1.259500"><ele>55</ele><time>2026-03-01T08:45:48Z</time></trkpt>
			<trkpt lat="47.373210" lon="-1.260260"><ele>55</ele><time>2026-03-01T08:46:00Z</time></trkpt>
			<trkpt lat="47.372650" lon="-1.260750"><ele>52</ele><time>2026-03-01T08:46:12Z</time></trkpt>
			<trkpt lat="47.372560" lon="-1.260800"><ele>51</ele><time>2026-03-01T08:46:24Z</time></trkpt>
			<trkpt lat="47.371450" lon="-1.261750"><ele>47</ele><time>2026-03-01T08:46:36Z</time></trkpt>
			<trkpt lat="47.369210" lon="-1.263610"><ele>50</ele><time>2026-03-01T08:46:48Z</time></trkpt>
			<trkpt lat="47.367160" lon="-1.265290"><ele>55</ele><time>2026-03-01T08:47:00Z</time></trkpt>
			<trkpt lat="47.367050" lon="-1.265400"><ele>56</ele><time>2026-03-01T08:47:12Z</time></trkpt>
			<trkpt lat="47.366950" lon="-1.265510"><ele>56</ele><time>2026-03-01T08:47:24Z</time></trkpt>
			<trkpt lat="47.366910" lon="-1.265650"><ele>56</ele><time>2026-03-01T08:47:36Z</time></trkpt>
			<trkpt lat="47.366880" lon="-1.265790"><ele>56</ele><time>2026-03-01T08:47:48Z</time></trkpt>
			<trkpt lat="47.366700" lon="-1.267460"><ele>60</ele><time>2026-03-01T08:48:00Z</time></trkpt>
			<trkpt lat="47.366620" lon="-1.267700"><ele>60</ele><time>2026-03-01T08:48:12Z</time></trkpt>
			<trkpt lat="47.366710" lon="-1.267790"><ele>60</ele><time>2026-03-01T08:48:24Z</time></trkpt>
			<trkpt lat="47.367470" lon="-1.268650"><ele>57</ele><time>2026-03-01T08:48:36Z</time></trkpt>
			<trkpt lat="47.368450" lon="-1.269740"><ele>54</ele><time>2026-03-01T08:48:48Z</time></trkpt>
			<trkpt lat="47.368530" lon="-1.269840"><ele>54</ele><time>2026-03-01T08:49:00Z</time></trkpt>
			<trkpt lat="47.368560" lon="-1.269910"><ele>54</ele><time>2026-03-01T08:49:12Z</time></trkpt>
			<trkpt lat="47.368590" lon="-1.269980"><ele>54</ele><time>2026-03-01T08:49:24Z</time></trkpt>
			<trkpt lat="47.368600" lon="-1.270090"><ele>54</ele><time>2026-03-01T08:49:36Z</time></trkpt>
			<trkpt lat="47.368600" lon="-1.270160"><ele>54</ele><time>2026-03-01T08:49:48Z</time></trkpt>
			<trkpt lat="47.368490" lon="-1.270180"><ele>55</ele><time>2026-03-01T08:50:00Z</time></trkpt>
			<trkpt lat="47.368330" lon="-1.270250"><ele>55</ele><time>2026-03-01T08:50:12Z</time></trkpt>
			<trkpt lat="47.367930" lon="-1.270500"><ele>57</ele><time>2026-03-01T08:50:24Z</time></trkpt>
			<trkpt lat="47.367070" lon="-1.271010"><ele>59</ele><time>2026-03-01T08:50:36Z</time></trkpt>
			<trkpt lat="47.366530" lon="-1.271340"><ele>61</ele><time>2026-03-01T08:50:48Z</time></trkpt>
			<trkpt lat="47.366250" lon="-1.271510"><ele>61</ele><time>2026-03-01T08:51:00Z</time></trkpt>
			<trkpt lat="47.365190" lon="-1.272150"><ele>62</ele><time>2026-03-01T08:51:12Z</time></trkpt>
			<trkpt lat="47.364500" lon="-1.272560"><ele>60</ele><time>2026-03-01T08:51:24Z</time></trkpt>
			<trkpt lat="47.364220" lon="-1.272700"><ele>60</ele><time>2026-03-01T08:51:36Z</time></trkpt>
			<trkpt lat="47.363840" lon="-1.272860"><ele>59</ele><time>2026-03-01T08:51:48Z</time></trkpt>
			<trkpt lat="47.363520" lon="-1.272940"><ele>58</ele><time>2026-03-01T08:52:00Z</time></trkpt>
			<trkpt lat="47.363150" lon="-1.272990"><ele>57</ele><time>2026-03-01T08:52:12Z</time></trkpt>
			<trkpt lat="47.362430" lon="-1.273060"><ele>55</ele><time>2026-03-01T08:52:24Z</time></trkpt>
			<trkpt lat="47.362020" lon="-1.273090"><ele>54</ele><time>2026-03-01T08:52:36Z</time></trkpt>
			<trkpt lat="47.361850" lon="-1.273150"><ele>54</ele><time>2026-03-01T08:52:48Z</time></trkpt>
			<trkpt lat="47.361650" lon="-1.273270"><ele>53</ele><time>2026-03-01T08:53:00Z</time></trkpt>
			<trkpt lat="47.361550" lon="-1.273350"><ele>54</ele><time>2026-03-01T08:53:12Z</time></trkpt>
			<trkpt lat="47.361450" lon="-1.273480"><ele>54</ele><time>2026-03-01T08:53:24Z</time></trkpt>
			<trkpt lat="47.361180" lon="-1.273860"><ele>54</ele><time>2026-03-01T08:53:36Z</time></trkpt>
			<trkpt lat="47.360370" lon="-1.275070"><ele>59</ele><time>2026-03-01T08:53:48Z</time></trkpt>
			<trkpt lat="47.360290" lon="-1.275210"><ele>60</ele><time>2026-03-01T08:54:00Z</time></trkpt>
			<trkpt lat="47.360200" lon="-1.275410"><ele>61</ele><time>2026-03-01T08:54:12Z</time></trkpt>
			<trkpt lat="47.360100" lon="-1.275650"><ele>61</ele><time>2026-03-01T08:54:24Z</time></trkpt>
			<trkpt lat="47.360030" lon="-1.275880"><ele>62</ele><time>2026-03-01T08:54:36Z</time></trkpt>
			<trkpt lat="47.359700" lon="-1.277130"><ele>66</ele><time>2026-03-01T08:54:48Z</time></trkpt>
			<trkpt lat="47.359510" lon="-1.277900"><ele>69</ele><time>2026-03-01T08:55:00Z</time></trkpt>
			<trkpt lat="47.359400" lon="-1.278330"><ele>71</ele><time>2026-03-01T08:55:12Z</time></trkpt>
			<trkpt lat="47.359280" lon="-1.278800"><ele>71</ele><time>2026-03-01T08:55:24Z</time></trkpt>
			<trkpt lat="47.358980" lon="-1.279960"><ele>70</ele><time>2026-03-01T08:55:36Z</time></trkpt>
			<trkpt lat="47.358880" lon="-1.280340"><ele>70</ele><time>2026-03-01T08:55:48Z</time></trkpt>
			<trkpt lat="47.358760" lon="-1.280880"><ele>69</ele><time>2026-03-01T08:56:00Z</time></trkpt>
			<trkpt lat="47.358730" lon="-1.281230"><ele>70</ele><time>2026-03-01T08:56:12Z</time></trkpt>
			<trkpt lat="47.358740" lon="-1.281780"><ele>69</ele><time>2026-03-01T08:56:24Z</time></trkpt>
			<trkpt lat="47.358750" lon="-1.282450"><ele>69</ele><time>2026-03-01T08:56:36Z</time></trkpt>
			<trkpt lat="47.358740" lon="-1.282650"><ele>68</ele><time>2026-03-01T08:56:48Z</time></trkpt>
			<trkpt lat="47.358730" lon="-1.282730"><ele>68</ele><time>2026-03-01T08:57:00Z</time></trkpt>
			<trkpt lat="47.358680" lon="-1.282890"><ele>68</ele><time>2026-03-01T08:57:12Z</time></trkpt>
			<trkpt lat="47.358620" lon="-1.283000"><ele>68</ele><time>2026-03-01T08:57:24Z</time></trkpt>
			<trkpt lat="47.358550" lon="-1.283070"><ele>68</ele><time>2026-03-01T08:57:36Z</time></trkpt>
			<trkpt lat="47.358510" lon="-1.283120"><ele>68</ele><time>2026-03-01T08:57:48Z</time></trkpt>
			<trkpt lat="47.358440" lon="-1.283160"><ele>68</ele><time>2026-03-01T08:58:00Z</time></trkpt>
			<trkpt lat="47.358300" lon="-1.283230"><ele>68</ele><time>2026-03-01T08:58:12Z</time></trkpt>
			<trkpt lat="47.358140" lon="-1.283280"><ele>68</ele><time>2026-03-01T08:58:24Z</time></trkpt>
			<trkpt lat="47.358120" lon="-1.283290"><ele>68</ele><time>2026-03-01T08:58:36Z</time></trkpt>
			<trkpt lat="47.356200" lon="-1.283850"><ele>64</ele><time>2026-03-01T08:58:48Z</time></trkpt>
			<trkpt lat="47.355290" lon="-1.284100"><ele>59</ele><time>2026-03-01T08:59:00Z</time></trkpt>
			<trkpt lat="47.354590" lon="-1.284310"><ele>56</ele><time>2026-03-01T08:59:12Z</time></trkpt>
			<trkpt lat="47.354340" lon="-1.284390"><ele>54</ele><time>2026-03-01T08:59:24Z</time></trkpt>
			<trkpt lat="47.354220" lon="-1.284490"><ele>53</ele><time>2026-03-01T08:59:36Z</time></trkpt>
			<trkpt lat="47.354230" lon="-1.284520"><ele>52</ele><time>2026-03-01T08:59:48Z</time></trkpt>
			<trkpt lat="47.354250" lon="-1.284600"><ele>52</ele><time>2026-03-01T09:00:00Z</time></trkpt>
			<trkpt lat="47.354240" lon="-1.284660"><ele>51</ele><time>2026-03-01T09:00:12Z</time></trkpt>
			<trkpt lat="47.354220" lon="-1.284710"><ele>50</ele><time>2026-03-01T09:00:24Z</time></trkpt>
			<trkpt lat="47.354200" lon="-1.284730"><ele>50</ele><time>2026-03-01T09:00:36Z</time></trkpt>
			<trkpt lat="47.354160" lon="-1.284750"><ele>50</ele><time>2026-03-01T09:00:48Z</time></trkpt>
			<trkpt lat="47.354110" lon="-1.284740"><ele>50</ele><time>2026-03-01T09:01:00Z</time></trkpt>
			<trkpt lat="47.354090" lon="-1.284720"><ele>50</ele><time>2026-03-01T09:01:12Z</time></trkpt>
			<trkpt lat="47.354060" lon="-1.284690"><ele>50</ele><time>2026-03-01T09:01:24Z</time></trkpt>
			<trkpt lat="47.354050" lon="-1.284650"><ele>51</ele><time>2026-03-01T09:01:36Z</time></trkpt>
			<trkpt lat="47.354050" lon="-1.284600"><ele>51</ele><time>2026-03-01T09:01:48Z</time></trkpt>
			<trkpt lat="47.353810" lon="-1.284590"><ele>51</ele><time>2026-03-01T09:02:00Z</time></trkpt>
			<trkpt lat="47.353650" lon="-1.284590"><ele>50</ele><time>2026-03-01T09:02:12Z</time></trkpt>
			<trkpt lat="47.353160" lon="-1.284720"><ele>49</ele><time>2026-03-01T09:02:24Z</time></trkpt>
			<trkpt lat="47.353010" lon="-1.284770"><ele>49</ele><time>2026-03-01T09:02:36Z</time></trkpt>
			<trkpt lat="47.352660" lon="-1.284910"><ele>50</ele><time>2026-03-01T09:02:48Z</time></trkpt>
			<trkpt lat="47.352520" lon="-1.285000"><ele>50</ele><time>2026-03-01T09:03:00Z</time></trkpt>
			<trkpt lat="47.352380" lon="-1.285120"><ele>49</ele><time>2026-03-01T09:03:12Z</time></trkpt>
			<trkpt lat="47.352240" lon="-1.285260"><ele>49</ele><time>2026-03-01T09:03:24Z</time></trkpt>
			<trkpt lat="47.352090" lon="-1.285440"><ele>48</ele><time>2026-03-01T09:03:36Z</time></trkpt>
			<trkpt lat="47.351830" lon="-1.285840"><ele>46</ele><time>2026-03-01T09:03:48Z</time></trkpt>
			<trkpt lat="47.351690" lon="-1.286050"><ele>45</ele><time>2026-03-01T09:04:00Z</time></trkpt>
			<trkpt lat="47.351440" lon="-1.286460"><ele>45</ele><time>2026-03-01T09:04:12Z</time></trkpt>
			<trkpt lat="47.351300" lon="-1.286750"><ele>44</ele><time>2026-03-01T09:04:24Z</time></trkpt>
			<trkpt lat="47.351060" lon="-1.287320"><ele>39</ele><time>2026-03-01T09:04:36Z</time></trkpt>
			<trkpt lat="47.350980" lon="-1.287470"><ele>38</ele><time>2026-03-01T09:04:48Z</time></trkpt>
			<trkpt lat="47.350900" lon="-1.287570"><ele>37</ele><time>2026-03-01T09:05:00Z</time></trkpt>
			<trkpt lat="47.350770" lon="-1.287700"><ele>35</ele><time>2026-03-01T09:05:12Z</time></trkpt>
			<trkpt lat="47.350640" lon="-1.287790"><ele>34</ele><time>2026-03-01T09:05:24Z</time></trkpt>
			<trkpt lat="47.350350" lon="-1.287920"><ele>32</ele><time>2026-03-01T09:05:36Z</time></trkpt>
			<trkpt lat="47.350180" lon="-1.287990"><ele>31</ele><time>2026-03-01T09:05:48Z</time></trkpt>
			<trkpt lat="47.350030" lon="-1.288040"><ele>31</ele><time>2026-03-01T09:06:00Z</time></trkpt>
			<trkpt lat="47.349790" lon="-1.288080"><ele>29</ele><time>2026-03-01T09:06:12Z</time></trkpt>
			<trkpt lat="47.349430" lon="-1.288050"><ele>27</ele><time>2026-03-01T09:06:24Z</time></trkpt>
			<trkpt lat="47.349290" lon="-1.288030"><ele>27</ele><time>2026-03-01T09:06:36Z</time></trkpt>
			<trkpt lat="47.349030" lon="-1.287960"><ele>27</ele><time>2026-03-01T09:06:48Z</time></trkpt>
			<trkpt lat="47.348690" lon="-1.287860"><ele>26</ele><time>2026-03-01T09:07:00Z</time></trkpt>
			<trkpt lat="47.348100" lon="-1.287660"><ele>23</ele><time>2026-03-01T09:07:12Z</time></trkpt>
			<trkpt lat="47.347830" lon="-1.287580"><ele>21</ele><time>2026-03-01T09:07:24Z</time></trkpt>
			<trkpt lat="47.347710" lon="-1.287510"><ele>20</ele><time>2026-03-01T09:07:36Z</time></trkpt>
			<trkpt lat="47.347590" lon="-1.287420"><ele>19</ele><time>2026-03-01T09:07:48Z</time></trkpt>
			<trkpt lat="47.347460" lon="-1.287280"><ele>18</ele><time>2026-03-01T09:08:00Z</time></trkpt>
			<trkpt lat="47.347220" lon="-1.286980"><ele>18</ele><time>2026-03-01T09:08:12Z</time></trkpt>
			<trkpt lat="47.347090" lon="-1.286830"><ele>17</ele><time>2026-03-01T09:08:24Z</time></trkpt>
			<trkpt lat="47.346790" lon="-1.286450"><ele>16</ele><time>2026-03-01T09:08:36Z</time></trkpt>
			<trkpt lat="47.346560" lon="-1.286110"><ele>15</ele><time>2026-03-01T09:08:48Z</time></trkpt>
			<trkpt lat="47.346530" lon="-1.286080"><ele>15</ele><time>2026-03-01T09:09:00Z</time></trkpt>
			<trkpt lat="47.346500" lon="-1.285990"><ele>14</ele><time>2026-03-01T09:09:12Z</time></trkpt>
			<trkpt lat="47.346330" lon="-1.286280"><ele>13</ele><time>2026-03-01T09:09:24Z</time></trkpt>
			<trkpt lat="47.346220" lon="-1.286460"><ele>12</ele><time>2026-03-01T09:09:36Z</time></trkpt>
			<trkpt lat="47.346100" lon="-1.286720"><ele>11</ele><time>2026-03-01T09:09:48Z</time></trkpt>
			<trkpt lat="47.345990" lon="-1.286950"><ele>10</ele><time>2026-03-01T09:10:00Z</time></trkpt>
			<trkpt lat="47.345940" lon="-1.287060"><ele>10</ele><time>2026-03-01T09:10:12Z</time></trkpt>
			<trkpt lat="47.345840" lon="-1.287380"><ele>9</ele><time>2026-03-01T09:10:24Z</time></trkpt>
			<trkpt lat="47.345750" lon="-1.287690"><ele>9</ele><time>2026-03-01T09:10:36Z</time></trkpt>
			<trkpt lat="47.345640" lon="-1.288070"><ele>9</ele><time>2026-03-01T09:10:48Z</time></trkpt>
			<trkpt lat="47.345630" lon="-1.288130"><ele>9</ele><time>2026-03-01T09:11:00Z</time></trkpt>
			<trkpt lat="47.345550" lon="-1.288490"><ele>10</ele><time>2026-03-01T09:11:12Z</time></trkpt>
			<trkpt lat="47.345530" lon="-1.288590"><ele>11</ele><time>2026-03-01T09:11:24Z</time></trkpt>
			<trkpt lat="47.345500" lon="-1.288670"><ele>12</ele><time>2026-03-01T09:11:36Z</time></trkpt>
			<trkpt lat="47.345490" lon="-1.288720"><ele>12</ele><time>2026-03-01T09:11:48Z</time></trkpt>
			<trkpt lat="47.345480" lon="-1.288760"><ele>12</ele><time>2026-03-01T09:12:00Z</time></trkpt>
			<trkpt lat="47.345450" lon="-1.288820"><ele>13</ele><time>2026-03-01T09:12:12Z</time></trkpt>
			<trkpt lat="47.345390" lon="-1.288980"><ele>14</ele><time>2026-03-01T09:12:24Z</time></trkpt>
			<trkpt lat="47.345100" lon="-1.289540"><ele>16</ele><time>2026-03-01T09:12:36Z</time></trkpt>
			<trkpt lat="47.344990" lon="-1.289760"><ele>16</ele><time>2026-03-01T09:12:48Z</time></trkpt>
			<trkpt lat="47.344880" lon="-1.290010"><ele>16</ele><time>2026-03-01T09:13:00Z</time></trkpt>
			<trkpt lat="47.344770" lon="-1.290330"><ele>15</ele><time>2026-03-01T09:13:12Z</time></trkpt>
			<trkpt lat="47.344730" lon="-1.290470"><ele>15</ele><time>2026-03-01T09:13:24Z</time></trkpt>
			<trkpt lat="47.344600" lon="-1.290970"><ele>14</ele><time>2026-03-01T09:13:36Z</time></trkpt>
			<trkpt lat="47.344580" lon="-1.291060"><ele>13</ele><time>2026-03-01T09:13:48Z</time></trkpt>
			<trkpt lat="47.344570" lon="-1.291130"><ele>13</ele><time>2026-03-01T09:14:00Z</time></trkpt>
			<trkpt lat="47.344570" lon="-1.291220"><ele>13</ele><time>2026-03-01T09:14:12Z</time></trkpt>
			<trkpt lat="47.344590" lon="-1.291300"><ele>13</ele><time>2026-03-01T09:14:24Z</time></trkpt>
			<trkpt lat="47.344430" lon="-1.291270"><ele>11</ele><time>2026-03-01T09:14:36Z</time></trkpt>
			<trkpt lat="47.344380" lon="-1.291260"><ele>11</ele><time>2026-03-01T09:14:48Z</time></trkpt>
			<trkpt lat="47.344390" lon="-1.291920"><ele>10</ele><time>2026-03-01T09:15:00Z</time></trkpt>
			<trkpt lat="47.344410" lon="-1.294050"><ele>9</ele><time>2026-03-01T09:15:12Z</time></trkpt>
			<trkpt lat="47.344400" lon="-1.294260"><ele>9</ele><time>2026-03-01T09:15:24Z</time></trkpt>
			<trkpt lat="47.344390" lon="-1.294490"><ele>10</ele><time>2026-03-01T09:15:36Z</time></trkpt>
			<trkpt lat="47.344260" lon="-1.295440"><ele>10</ele><time>2026-03-01T09:15:48Z</time></trkpt>
			<trkpt lat="47.344160" lon="-1.296090"><ele>10</ele><time>2026-03-01T09:16:00Z</time></trkpt>
			<trkpt lat="47.344110" lon="-1.296340"><ele>10</ele><time>2026-03-01T09:16:12Z</time></trkpt>
			<trkpt lat="47.344030" lon="-1.296560"><ele>10</ele><time>2026-03-01T09:16:24Z</time></trkpt>
			<trkpt lat="47.343680" lon="-1.297240"><ele>10</ele><time>2026-03-01T09:16:36Z</time></trkpt>
			<trkpt lat="47.343210" lon="-1.298260"><ele>10</ele><time>2026-03-01T09:16:48Z</time></trkpt>
			<trkpt lat="47.342790" lon="-1.299540"><ele>10</ele><time>2026-03-01T09:17:00Z</time></trkpt>
			<trkpt lat="47.342750" lon="-1.299730"><ele>10</ele><time>2026-03-01T09:17:12Z</time></trkpt>
			<trkpt lat="47.342730" lon="-1.299880"><ele>10</ele><time>2026-03-01T09:17:24Z</time></trkpt>
			<trkpt lat="47.342740" lon="-1.300090"><ele>11</ele><time>2026-03-01T09:17:36Z</time></trkpt>
			<trkpt lat="47.342760" lon="-1.300220"><ele>11</ele><time>2026-03-01T09:17:48Z</time></trkpt>
			<trkpt lat="47.342920" lon="-1.300760"><ele>12</ele><time>2026-03-01T09:18:00Z</time></trkpt>
			<trkpt lat="47.343030" lon="-1.301080"><ele>14</ele><time>2026-03-01T09:18:12Z</time></trkpt>
			<trkpt lat="47.343050" lon="-1.301300"><ele>16</ele><time>2026-03-01T09:18:24Z</time></trkpt>
			<trkpt lat="47.343060" lon="-1.301490"><ele>18</ele><time>2026-03-01T09:18:36Z</time></trkpt>
			<trkpt lat="47.343020" lon="-1.301640"><ele>19</ele><time>2026-03-01T09:18:48Z</time></trkpt>
			<trkpt lat="47.342950" lon="-1.301800"><ele>19</ele><time>2026-03-01T09:19:00Z</time></trkpt>
			<trkpt lat="47.342920" lon="-1.301840"><ele>20</ele><time>2026-03-01T09:19:12Z</time></trkpt>
			<trkpt lat="47.342840" lon="-1.301950"><ele>20</ele><time>2026-03-01T09:19:24Z</time></trkpt>
			<trkpt lat="47.342470" lon="-1.302320"><ele>19</ele><time>2026-03-01T09:19:36Z</time></trkpt>
			<trkpt lat="47.342350" lon="-1.302500"><ele>19</ele><time>2026-03-01T09:19:48Z</time></trkpt>
			<trkpt lat="47.342290" lon="-1.302680"><ele>20</ele><time>2026-03-01T09:20:00Z</time></trkpt>
			<trkpt lat="47.342150" lon="-1.303240"><ele>22</ele><time>2026-03-01T09:20:12Z</time></trkpt>
			<trkpt lat="47.342130" lon="-1.303490"><ele>23</ele><time>2026-03-01T09:20:24Z</time></trkpt>
			<trkpt lat="47.342120" lon="-1.303740"><ele>25</ele><time>2026-03-01T09:20:36Z</time></trkpt>
			<trkpt lat="47.342140" lon="-1.303970"><ele>27</ele><time>2026-03-01T09:20:48Z</time></trkpt>
			<trkpt lat="47.342170" lon="-1.304270"><ele>29</ele><time>2026-03-01T09:21:00Z</time></trkpt>
			<trkpt lat="47.342330" lon="-1.305610"><ele>32</ele><time>2026-03-01T09:21:12Z</time></trkpt>
			<trkpt lat="47.342370" lon="-1.305740"><ele>33</ele><time>2026-03-01T09:21:24Z</time></trkpt>
			<trkpt lat="47.342420" lon="-1.305840"><ele>33</ele><time>2026-03-01T09:21:36Z</time></trkpt>
			<trkpt lat="47.342490" lon="-1.305920"><ele>34</ele><time>2026-03-01T09:21:48Z</time></trkpt>
			<trkpt lat="47.342830" lon="-1.306190"><ele>39</ele><time>2026-03-01T09:22:00Z</time></trkpt>
			<trkpt lat="47.342920" lon="-1.306290"><ele>41</ele><time>2026-03-01T09:22:12Z</time></trkpt>
			<trkpt lat="47.343010" lon="-1.306410"><ele>42</ele><time>2026-03-01T09:22:24Z</time></trkpt>
			<trkpt lat="47.343180" lon="-1.306690"><ele>45</ele><time>2026-03-01T09:22:36Z</time></trkpt>
			<trkpt lat="47.343250" lon="-1.306780"><ele>47</ele><time>2026-03-01T09:22:48Z</time></trkpt>
			<trkpt lat="47.343340" lon="-1.306840"><ele>48</ele><time>2026-03-01T09:23:00Z</time></trkpt>
			<trkpt lat="47.343430" lon="-1.306860"><ele>48</ele><time>2026-03-01T09:23:12Z</time></trkpt>
			<trkpt lat="47.343770" lon="-1.306760"><ele>48</ele><time>2026-03-01T09:23:24Z</time></trkpt>
			<trkpt lat="47.343810" lon="-1.306760"><ele>48</ele><time>2026-03-01T09:23:36Z</time></trkpt>
			<trkpt lat="47.343880" lon="-1.306770"><ele>48</ele><time>2026-03-01T09:23:48Z</time></trkpt>
			<trkpt lat="47.343980" lon="-1.306800"><ele>48</ele><time>2026-03-01T09:24:00Z</time></trkpt>
			<trkpt lat="47.344090" lon="-1.306860"><ele>49</ele><time>2026-03-01T09:24:12Z</time></trkpt>
			<trkpt lat="47.344250" lon="-1.306970"><ele>49</ele><time>2026-03-01T09:24:24Z</time></trkpt>
			<trkpt lat="47.344290" lon="-1.307020"><ele>49</ele><time>2026-03-01T09:24:36Z</time></trkpt>
			<trkpt lat="47.344330" lon="-1.307070"><ele>49</ele><time>2026-03-01T09:24:48Z</time></trkpt>
			<trkpt lat="47.344370" lon="-1.307200"><ele>50</ele><time>2026-03-01T09:25:00Z</time></trkpt>
			<trkpt lat="47.344390" lon="-1.307340"><ele>50</ele><time>2026-03-01T09:25:12Z</time></trkpt>
			<trkpt lat="47.344370" lon="-1.307530"><ele>51</ele><time>2026-03-01T09:25:24Z</time></trkpt>
			<trkpt lat="47.344320" lon="-1.307810"><ele>52</ele><time>2026-03-01T09:25:36Z</time></trkpt>
			<trkpt lat="47.344240" lon="-1.308100"><ele>54</ele><time>2026-03-01T09:25:48Z</time></trkpt>
			<trkpt lat="47.344110" lon="-1.308510"><ele>56</ele><time>2026-03-01T09:26:00Z</time></trkpt>
			<trkpt lat="47.343790" lon="-1.309320"><ele>59</ele><time>2026-03-01T09:26:12Z</time></trkpt>
			<trkpt lat="47.343770" lon="-1.309440"><ele>60</ele><time>2026-03-01T09:26:24Z</time></trkpt>
			<trkpt lat="47.343770" lon="-1.309560"><ele>60</ele><time>2026-03-01T09:26:36Z</time></trkpt>
			<trkpt lat="47.343790" lon="-1.309770"><ele>61</ele><time>2026-03-01T09:26:48Z</time></trkpt>
			<trkpt lat="47.344110" lon="-1.310970"><ele>66</ele><time>2026-03-01T09:27:00Z</time></trkpt>
			<trkpt lat="47.344170" lon="-1.311240"><ele>67</ele><time>2026-03-01T09:27:12Z</time></trkpt>
			<trkpt lat="47.344200" lon="-1.311520"><ele>68</ele><time>2026-03-01T09:27:24Z</time></trkpt>
			<trkpt lat="47.344220" lon="-1.311810"><ele>69</ele><time>2026-03-01T09:27:36Z</time></trkpt>
			<trkpt lat="47.344230" lon="-1.312050"><ele>69</ele><time>2026-03-01T09:27:48Z</time></trkpt>
			<trkpt lat="47.344200" lon="-1.312890"><ele>72</ele><time>2026-03-01T09:28:00Z</time></trkpt>
			<trkpt lat="47.344160" lon="-1.313510"><ele>73</ele><time>2026-03-01T09:28:12Z</time></trkpt>
			<trkpt lat="47.344130" lon="-1.313710"><ele>73</ele><time>2026-03-01T09:28:24Z</time></trkpt>
			<trkpt lat="47.344100" lon="-1.313910"><ele>73</ele><time>2026-03-01T09:28:36Z</time></trkpt>
			<trkpt lat="47.344050" lon="-1.314060"><ele>73</ele><time>2026-03-01T09:28:48Z</time></trkpt>
			<trkpt lat="47.343900" lon="-1.314440"><ele>74</ele><time>2026-03-01T09:29:00Z</time></trkpt>
			<trkpt lat="47.343740" lon="-1.314800"><ele>74</ele><time>2026-03-01T09:29:12Z</time></trkpt>
			<trkpt lat="47.343690" lon="-1.314960"><ele>75</ele><time>2026-03-01T09:29:24Z</time></trkpt>
			<trkpt lat="47.343680" lon="-1.315110"><ele>75</ele><time>2026-03-01T09:29:36Z</time></trkpt>
			<trkpt lat="47.343690" lon="-1.315280"><ele>74</ele><time>2026-03-01T09:29:48Z</time></trkpt>
			<trkpt lat="47.343800" lon="-1.315750"><ele>74</ele><time>2026-03-01T09:30:00Z</time></trkpt>
			<trkpt lat="47.343830" lon="-1.315950"><ele>74</ele><time>2026-03-01T09:30:12Z</time></trkpt>
			<trkpt lat="47.343850" lon="-1.316170"><ele>74</ele><time>2026-03-01T09:30:24Z</time></trkpt>
			<trkpt lat="47.343850" lon="-1.316640"><ele>75</ele><time>2026-03-01T09:30:36Z</time></trkpt>
			<trkpt lat="47.343810" lon="-1.316840"><ele>75</ele><time>2026-03-01T09:30:48Z</time></trkpt>
			<trkpt lat="47.343740" lon="-1.317030"><ele>75</ele><time>2026-03-01T09:31:00Z</time></trkpt>
			<trkpt lat="47.343600" lon="-1.317320"><ele>75</ele><time>2026-03-01T09:31:12Z</time></trkpt>
			<trkpt lat="47.343520" lon="-1.317450"><ele>76</ele><time>2026-03-01T09:31:24Z</time></trkpt>
			<trkpt lat="47.343680" lon="-1.317660"><ele>75</ele><time>2026-03-01T09:31:36Z</time></trkpt>
			<trkpt lat="47.343930" lon="-1.317990"><ele>74</ele><time>2026-03-01T09:31:48Z</time></trkpt>
			<trkpt lat="47.344080" lon="-1.318200"><ele>74</ele><time>2026-03-01T09:32:00Z</time></trkpt>
			<trkpt lat="47.344750" lon="-1.319180"><ele>72</ele><time>2026-03-01T09:32:12Z</time></trkpt>
			<trkpt lat="47.345000" lon="-1.319580"><ele>71</ele><time>2026-03-01T09:32:24Z</time></trkpt>
			<trkpt lat="47.345370" lon="-1.320160"><ele>69</ele><time>2026-03-01T09:32:36Z</time></trkpt>
			<trkpt lat="47.345630" lon="-1.320490"><ele>68</ele><time>2026-03-01T09:32:48Z</time></trkpt>
			<trkpt lat="47.345880" lon="-1.320760"><ele>68</ele><time>2026-03-01T09:33:00Z</time></trkpt>
			<trkpt lat="47.346260" lon="-1.321060"><ele>67</ele><time>2026-03-01T09:33:12Z</time></trkpt>
			<trkpt lat="47.346380" lon="-1.321180"><ele>67</ele><time>2026-03-01T09:33:24Z</time></trkpt>
			<trkpt lat="47.346550" lon="-1.321430"><ele>67</ele><time>2026-03-01T09:33:36Z</time></trkpt>
			<trkpt lat="47.346620" lon="-1.321560"><ele>67</ele><time>2026-03-01T09:33:48Z</time></trkpt>
			<trkpt lat="47.347090" lon="-1.322650"><ele>68</ele><time>2026-03-01T09:34:00Z</time></trkpt>
			<trkpt lat="47.347290" lon="-1.323140"><ele>69</ele><time>2026-03-01T09:34:12Z</time></trkpt>
			<trkpt lat="47.347610" lon="-1.324000"><ele>70</ele><time>2026-03-01T09:34:24Z</time></trkpt>
			<trkpt lat="47.348110" lon="-1.325080"><ele>71</ele><time>2026-03-01T09:34:36Z</time></trkpt>
			<trkpt lat="47.348260" lon="-1.325380"><ele>71</ele><time>2026-03-01T09:34:48Z</time></trkpt>
			<trkpt lat="47.348420" lon="-1.325640"><ele>71</ele><time>2026-03-01T09:35:00Z</time></trkpt>
			<trkpt lat="47.348390" lon="-1.325750"><ele>71</ele><time>2026-03-01T09:35:12Z</time></trkpt>
			<trkpt lat="47.348390" lon="-1.325900"><ele>71</ele><time>2026-03-01T09:35:24Z</time></trkpt>
			<trkpt lat="47.348400" lon="-1.326100"><ele>71</ele><time>2026-03-01T09:35:36Z</time></trkpt>
			<trkpt lat="47.348380" lon="-1.326350"><ele>70</ele><time>2026-03-01T09:35:48Z</time></trkpt>
			<trkpt lat="47.348350" lon="-1.326500"><ele>70</ele><time>2026-03-01T09:36:00Z</time></trkpt>
			<trkpt lat="47.348200" lon="-1.326980"><ele>70</ele><time>2026-03-01T09:36:12Z</time></trkpt>
			<trkpt lat="47.348050" lon="-1.327330"><ele>71</ele><time>2026-03-01T09:36:24Z</time></trkpt>
			<trkpt lat="47.348000" lon="-1.327420"><ele>71</ele><time>2026-03-01T09:36:36Z</time></trkpt>
			<trkpt lat="47.347940" lon="-1.327500"><ele>71</ele><time>2026-03-01T09:36:48Z</time></trkpt>
			<trkpt lat="47.347920" lon="-1.327510"><ele>70</ele><time>2026-03-01T09:37:00Z</time></trkpt>
			<trkpt lat="47.347850" lon="-1.327510"><ele>70</ele><time>2026-03-01T09:37:12Z</time></trkpt>
			<trkpt lat="47.347670" lon="-1.327460"><ele>70</ele><time>2026-03-01T09:37:24Z</time></trkpt>
			<trkpt lat="47.347500" lon="-1.327390"><ele>70</ele><time>2026-03-01T09:37:36Z</time></trkpt>
			<trkpt lat="47.347390" lon="-1.327310"><ele>70</ele><time>2026-03-01T09:37:48Z</time></trkpt>
			<trkpt lat="47.347200" lon="-1.327150"><ele>70</ele><time>2026-03-01T09:38:00Z</time></trkpt>
			<trkpt lat="47.347100" lon="-1.327100"><ele>70</ele><time>2026-03-01T09:38:12Z</time></trkpt>
			<trkpt lat="47.347040" lon="-1.327090"><ele>70</ele><time>2026-03-01T09:38:24Z</time></trkpt>
			<trkpt lat="47.346950" lon="-1.327090"><ele>69</ele><time>2026-03-01T09:38:36Z</time></trkpt>
			<trkpt lat="47.346640" lon="-1.327190"><ele>69</ele><time>2026-03-01T09:38:48Z</time></trkpt>
			<trkpt lat="47.346460" lon="-1.327310"><ele>68</ele><time>2026-03-01T09:39:00Z</time></trkpt>
			<trkpt lat="47.346380" lon="-1.327410"><ele>67</ele><time>2026-03-01T09:39:12Z</time></trkpt>
			<trkpt lat="47.346320" lon="-1.327530"><ele>67</ele><time>2026-03-01T09:39:24Z</time></trkpt>
			<trkpt lat="47.346170" lon="-1.327900"><ele>65</ele><time>2026-03-01T09:39:36Z</time></trkpt>
			<trkpt lat="47.346070" lon="-1.328300"><ele>64</ele><time>2026-03-01T09:39:48Z</time></trkpt>
			<trkpt lat="47.345980" lon="-1.329280"><ele>63</ele><time>2026-03-01T09:40:00Z</time></trkpt>
			<trkpt lat="47.345990" lon="-1.329420"><ele>64</ele><time>2026-03-01T09:40:12Z</time></trkpt>
			<trkpt lat="47.346010" lon="-1.329530"><ele>64</ele><time>2026-03-01T09:40:24Z</time></trkpt>
			<trkpt lat="47.346090" lon="-1.329670"><ele>64</ele><time>2026-03-01T09:40:36Z</time></trkpt>
			<trkpt lat="47.346210" lon="-1.329820"><ele>65</ele><time>2026-03-01T09:40:48Z</time></trkpt>
			<trkpt lat="47.346320" lon="-1.330020"><ele>65</ele><time>2026-03-01T09:41:00Z</time></trkpt>
			<trkpt lat="47.346360" lon="-1.330150"><ele>65</ele><time>2026-03-01T09:41:12Z</time></trkpt>
			<trkpt lat="47.346430" lon="-1.330340"><ele>66</ele><time>2026-03-01T09:41:24Z</time></trkpt>
			<trkpt lat="47.346530" lon="-1.330700"><ele>67</ele><time>2026-03-01T09:41:36Z</time></trkpt>
			<trkpt lat="47.346560" lon="-1.331050"><ele>68</ele><time>2026-03-01T09:41:48Z</time></trkpt>
			<trkpt lat="47.346570" lon="-1.331870"><ele>71</ele><time>2026-03-01T09:42:00Z</time></trkpt>
			<trkpt lat="47.346610" lon="-1.332140"><ele>71</ele><time>2026-03-01T09:42:12Z</time></trkpt>
			<trkpt lat="47.346640" lon="-1.332210"><ele>72</ele><time>2026-03-01T09:42:24Z</time></trkpt>
			<trkpt lat="47.346550" lon="-1.332340"><ele>72</ele><time>2026-03-01T09:42:36Z</time></trkpt>
			<trkpt lat="47.346040" lon="-1.333310"><ele>72</ele><time>2026-03-01T09:42:48Z</time></trkpt>
			<trkpt lat="47.345920" lon="-1.333500"><ele>72</ele><time>2026-03-01T09:43:00Z</time></trkpt>
			<trkpt lat="47.345840" lon="-1.333600"><ele>72</ele><time>2026-03-01T09:43:12Z</time></trkpt>
			<trkpt lat="47.345770" lon="-1.333670"><ele>72</ele><time>2026-03-01T09:43:24Z</time></trkpt>
			<trkpt lat="47.345690" lon="-1.333700"><ele>72</ele><time>2026-03-01T09:43:36Z</time></trkpt>
			<trkpt lat="47.345560" lon="-1.333730"><ele>71</ele><time>2026-03-01T09:43:48Z</time></trkpt>
			<trkpt lat="47.345510" lon="-1.333760"><ele>71</ele><time>2026-03-01T09:44:00Z</time></trkpt>
			<trkpt lat="47.345480" lon="-1.333810"><ele>71</ele><time>2026-03-01T09:44:12Z</time></trkpt>
			<trkpt lat="47.345480" lon="-1.333860"><ele>71</ele><time>2026-03-01T09:44:24Z</time></trkpt>
			<trkpt lat="47.345540" lon="-1.333980"><ele>71</ele><time>2026-03-01T09:44:36Z</time></trkpt>
			<trkpt lat="47.346350" lon="-1.334910"><ele>74</ele><time>2026-03-01T09:44:48Z</time></trkpt>
			<trkpt lat="47.346390" lon="-1.334990"><ele>74</ele><time>2026-03-01T09:45:00Z</time></trkpt>
			<trkpt lat="47.346400" lon="-1.335120"><ele>74</ele><time>2026-03-01T09:45:12Z</time></trkpt>
			<trkpt lat="47.346420" lon="-1.336920"><ele>71</ele><time>2026-03-01T09:45:24Z</time></trkpt>
			<trkpt lat="47.346390" lon="-1.337290"><ele>70</ele><time>2026-03-01T09:45:36Z</time></trkpt>
			<trkpt lat="47.346400" lon="-1.337460"><ele>70</ele><time>2026-03-01T09:45:48Z</time></trkpt>
			<trkpt lat="47.346410" lon="-1.337640"><ele>69</ele><time>2026-03-01T09:46:00Z</time></trkpt>
			<trkpt lat="47.346500" lon="-1.338090"><ele>68</ele><time>2026-03-01T09:46:12Z</time></trkpt>
			<trkpt lat="47.346500" lon="-1.338240"><ele>68</ele><time>2026-03-01T09:46:24Z</time></trkpt>
			<trkpt lat="47.346470" lon="-1.338360"><ele>67</ele><time>2026-03-01T09:46:36Z</time></trkpt>
			<trkpt lat="47.346430" lon="-1.338450"><ele>67</ele><time>2026-03-01T09:46:48Z</time></trkpt>
			<trkpt lat="47.346350" lon="-1.338560"><ele>67</ele><time>2026-03-01T09:47:00Z</time></trkpt>
			<trkpt lat="47.346040" lon="-1.338890"><ele>65</ele><time>2026-03-01T09:47:12Z</time></trkpt>
			<trkpt lat="47.345330" lon="-1.339400"><ele>65</ele><time>2026-03-01T09:47:24Z</time></trkpt>
			<trkpt lat="47.344950" lon="-1.339810"><ele>66</ele><time>2026-03-01T09:47:36Z</time></trkpt>
			<trkpt lat="47.344540" lon="-1.340410"><ele>69</ele><time>2026-03-01T09:47:48Z</time></trkpt>
			<trkpt lat="47.344430" lon="-1.340510"><ele>70</ele><time>2026-03-01T09:48:00Z</time></trkpt>
			<trkpt lat="47.343720" lon="-1.340950"><ele>71</ele><time>2026-03-01T09:48:12Z</time></trkpt>
			<trkpt lat="47.343570" lon="-1.341090"><ele>71</ele><time>2026-03-01T09:48:24Z</time></trkpt>
			<trkpt lat="47.343440" lon="-1.341280"><ele>71</ele><time>2026-03-01T09:48:36Z</time></trkpt>
			<trkpt lat="47.343350" lon="-1.341480"><ele>72</ele><time>2026-03-01T09:48:48Z</time></trkpt>
			<trkpt lat="47.343300" lon="-1.341680"><ele>72</ele><time>2026-03-01T09:49:00Z</time></trkpt>
			<trkpt lat="47.343170" lon="-1.342400"><ele>75</ele><time>2026-03-01T09:49:12Z</time></trkpt>
			<trkpt lat="47.342970" lon="-1.343030"><ele>77</ele><time>2026-03-01T09:49:24Z</time></trkpt>
			<trkpt lat="47.342940" lon="-1.343160"><ele>78</ele><time>2026-03-01T09:49:36Z</time></trkpt>
			<trkpt lat="47.342930" lon="-1.343260"><ele>78</ele><time>2026-03-01T09:49:48Z</time></trkpt>
			<trkpt lat="47.342840" lon="-1.343420"><ele>78</ele><time>2026-03-01T09:50:00Z</time></trkpt>
			<trkpt lat="47.341860" lon="-1.344740"><ele>81</ele><time>2026-03-01T09:50:12Z</time></trkpt>
			<trkpt lat="47.341760" lon="-1.344850"><ele>81</ele><time>2026-03-01T09:50:24Z</time></trkpt>
			<trkpt lat="47.341670" lon="-1.344910"><ele>81</ele><time>2026-03-01T09:50:36Z</time></trkpt>
			<trkpt lat="47.341540" lon="-1.344980"><ele>81</ele><time>2026-03-01T09:50:48Z</time></trkpt>
			<trkpt lat="47.341400" lon="-1.345080"><ele>80</ele><time>2026-03-01T09:51:00Z</time></trkpt>
			<trkpt lat="47.341280" lon="-1.345190"><ele>80</ele><time>2026-03-01T09:51:12Z</time></trkpt>
			<trkpt lat="47.340890" lon="-1.345660"><ele>78</ele><time>2026-03-01T09:51:24Z</time></trkpt>
			<trkpt lat="47.340870" lon="-1.345700"><ele>78</ele><time>2026-03-01T09:51:36Z</time></trkpt>
			<trkpt lat="47.340840" lon="-1.345760"><ele>78</ele><time>2026-03-01T09:51:48Z</time></trkpt>
			<trkpt lat="47.340780" lon="-1.345900"><ele>78</ele><time>2026-03-01T09:52:00Z</time></trkpt>
			<trkpt lat="47.341870" lon="-1.346600"><ele>80</ele><time>2026-03-01T09:52:12Z</time></trkpt>
			<trkpt lat="47.341930" lon="-1.346670"><ele>80</ele><time>2026-03-01T09:52:24Z</time></trkpt>
			<trkpt lat="47.341990" lon="-1.346800"><ele>80</ele><time>2026-03-01T09:52:36Z</time></trkpt>
			<trkpt lat="47.342030" lon="-1.346870"><ele>80</ele><time>2026-03-01T09:52:48Z</time></trkpt>
			<trkpt lat="47.342160" lon="-1.346980"><ele>79</ele><time>2026-03-01T09:53:00Z</time></trkpt>
			<trkpt lat="47.342460" lon="-1.347170"><ele>79</ele><time>2026-03-01T09:53:12Z</time></trkpt>
			<trkpt lat="47.345600" lon="-1.349010"><ele>73</ele><time>2026-03-01T09:53:24Z</time></trkpt>
			<trkpt lat="47.347650" lon="-1.350240"><ele>74</ele><time>2026-03-01T09:53:36Z</time></trkpt>
			<trkpt lat="47.347960" lon="-1.350420"><ele>74</ele><time>2026-03-01T09:53:48Z</time></trkpt>
			<trkpt lat="47.348220" lon="-1.350530"><ele>74</ele><time>2026-03-01T09:54:00Z</time></trkpt>
			<trkpt lat="47.348410" lon="-1.350580"><ele>74</ele><time>2026-03-01T09:54:12Z</time></trkpt>
			<trkpt lat="47.348640" lon="-1.350620"><ele>75</ele><time>2026-03-01T09:54:24Z</time></trkpt>
			<trkpt lat="47.348790" lon="-1.350620"><ele>75</ele><time>2026-03-01T09:54:36Z</time></trkpt>
			<trkpt lat="47.349080" lon="-1.350580"><ele>75</ele><time>2026-03-01T09:54:48Z</time></trkpt>
			<trkpt lat="47.349330" lon="-1.350520"><ele>75</ele><time>2026-03-01T09:55:00Z</time></trkpt>
			<trkpt lat="47.350890" lon="-1.349950"><ele>74</ele><time>2026-03-01T09:55:12Z</time></trkpt>
			<trkpt lat="47.351430" lon="-1.349750"><ele>73</ele><time>2026-03-01T09:55:24Z</time></trkpt>
			<trkpt lat="47.351980" lon="-1.349600"><ele>74</ele><time>2026-03-01T09:55:36Z</time></trkpt>
			<trkpt lat="47.352180" lon="-1.349570"><ele>74</ele><time>2026-03-01T09:55:48Z</time></trkpt>
			<trkpt lat="47.352450" lon="-1.349590"><ele>74</ele><time>2026-03-01T09:56:00Z</time></trkpt>
			<trkpt lat="47.352690" lon="-1.349620"><ele>75</ele><time>2026-03-01T09:56:12Z</time></trkpt>
			<trkpt lat="47.352940" lon="-1.349660"><ele>75</ele><time>2026-03-01T09:56:24Z</time></trkpt>
			<trkpt lat="47.354090" lon="-1.349930"><ele>75</ele><time>2026-03-01T09:56:36Z</time></trkpt>
			<trkpt lat="47.355790" lon="-1.350230"><ele>74</ele><time>2026-03-01T09:56:48Z</time></trkpt>
			<trkpt lat="47.356840" lon="-1.350500"><ele>69</ele><time>2026-03-01T09:57:00Z</time></trkpt>
			<trkpt lat="47.360070" lon="-1.351190"><ele>65</ele><time>2026-03-01T09:57:12Z</time></trkpt>
			<trkpt lat="47.362330" lon="-1.351650"><ele>67</ele><time>2026-03-01T09:57:24Z</time></trkpt>
			<trkpt lat="47.364740" lon="-1.352140"><ele>61</ele><time>2026-03-01T09:57:36Z</time></trkpt>
			<trkpt lat="47.368050" lon="-1.352830"><ele>55</ele><time>2026-03-01T09:57:48Z</time></trkpt>
			<trkpt lat="47.368420" lon="-1.352900"><ele>54</ele><time>2026-03-01T09:58:00Z</time></trkpt>
			<trkpt lat="47.369470" lon="-1.353120"><ele>53</ele><time>2026-03-01T09:58:12Z</time></trkpt>
			<trkpt lat="47.371400" lon="-1.353490"><ele>49</ele><time>2026-03-01T09:58:24Z</time></trkpt>
			<trkpt lat="47.371930" lon="-1.353590"><ele>48</ele><time>2026-03-01T09:58:36Z</time></trkpt>
			<trkpt lat="47.372180" lon="-1.353660"><ele>47</ele><time>2026-03-01T09:58:48Z</time></trkpt>
			<trkpt lat="47.372390" lon="-1.353810"><ele>46</ele><time>2026-03-01T09:59:00Z</time></trkpt>
			<trkpt lat="47.372670" lon="-1.354060"><ele>45</ele><time>2026-03-01T09:59:12Z</time></trkpt>
			<trkpt lat="47.372870" lon="-1.354180"><ele>45</ele><time>2026-03-01T09:59:24Z</time></trkpt>
			<trkpt lat="47.373050" lon="-1.354230"><ele>45</ele><time>2026-03-01T09:59:36Z</time></trkpt>
			<trkpt lat="47.373990" lon="-1.354330"><ele>46</ele><time>2026-03-01T09:59:48Z</time></trkpt>
			<trkpt lat="47.374150" lon="-1.354370"><ele>47</ele><time>2026-03-01T10:00:00Z</time></trkpt>
			<trkpt lat="47.374410" lon="-1.354500"><ele>47</ele><time>2026-03-01T10:00:12Z</time></trkpt>
			<trkpt lat="47.374710" lon="-1.354720"><ele>47</ele><time>2026-03-01T10:00:24Z</time></trkpt>
			<trkpt lat="47.375690" lon="-1.355610"><ele>50</ele><time>2026-03-01T10:00:36Z</time></trkpt>
			<trkpt lat="47.378850" lon="-1.358470"><ele>47</ele><time>2026-03-01T10:00:48Z</time></trkpt>
			<trkpt lat="47.379300" lon="-1.358880"><ele>48</ele><time>2026-03-01T10:01:00Z</time></trkpt>
			<trkpt lat="47.379390" lon="-1.358960"><ele>48</ele><time>2026-03-01T10:01:12Z</time></trkpt>
			<trkpt lat="47.380010" lon="-1.359520"><ele>47</ele><time>2026-03-01T10:01:24Z</time></trkpt>
			<trkpt lat="47.380040" lon="-1.359550"><ele>47</ele><time>2026-03-01T10:01:36Z</time></trkpt>
			<trkpt lat="47.385960" lon="-1.364940"><ele>41</ele><time>2026-03-01T10:01:48Z</time></trkpt>
			<trkpt lat="47.386100" lon="-1.365040"><ele>40</ele><time>2026-03-01T10:02:00Z</time></trkpt>
			<trkpt lat="47.386250" lon="-1.365080"><ele>40</ele><time>2026-03-01T10:02:12Z</time></trkpt>
			<trkpt lat="47.386410" lon="-1.365080"><ele>40</ele><time>2026-03-01T10:02:24Z</time></trkpt>
			<trkpt lat="47.386750" lon="-1.364940"><ele>39</ele><time>2026-03-01T10:02:36Z</time></trkpt>
			<trkpt lat="47.386930" lon="-1.364920"><ele>40</ele><time>2026-03-01T10:02:48Z</time></trkpt>
			<trkpt lat="47.387020" lon="-1.364930"><ele>40</ele><time>2026-03-01T10:03:00Z</time></trkpt>
			<trkpt lat="47.387090" lon="-1.364960"><ele>40</ele><time>2026-03-01T10:03:12Z</time></trkpt>
			<trkpt lat="47.387230" lon="-1.365040"><ele>40</ele><time>2026-03-01T10:03:24Z</time></trkpt>
			<trkpt lat="47.389550" lon="-1.366930"><ele>46</ele><time>2026-03-01T10:03:36Z</time></trkpt>
			<trkpt lat="47.390240" lon="-1.367500"><ele>47</ele><time>2026-03-01T10:03:48Z</time></trkpt>
			<trkpt lat="47.393810" lon="-1.370430"><ele>51</ele><time>2026-03-01T10:04:00Z</time></trkpt>
			<trkpt lat="47.396260" lon="-1.372450"><ele>53</ele><time>2026-03-01T10:04:12Z</time></trkpt>
			<trkpt lat="47.396630" lon="-1.372730"><ele>54</ele><time>2026-03-01T10:04:24Z</time></trkpt>
			<trkpt lat="47.397810" lon="-1.373710"><ele>53</ele><time>2026-03-01T10:04:36Z</time></trkpt>
			<trkpt lat="47.399480" lon="-1.375090"><ele>54</ele><time>2026-03-01T10:04:48Z</time></trkpt>
			<trkpt lat="47.402360" lon="-1.377460"><ele>43</ele><time>2026-03-01T10:05:00Z</time></trkpt>
			<trkpt lat="47.402370" lon="-1.377510"><ele>43</ele><time>2026-03-01T10:05:12Z</time></trkpt>
			<trkpt lat="47.402530" lon="-1.377460"><ele>43</ele><time>2026-03-01T10:05:24Z</time></trkpt>
			<trkpt lat="47.402700" lon="-1.377430"><ele>42</ele><time>2026-03-01T10:05:36Z</time></trkpt>
			<trkpt lat="47.403190" lon="-1.377380"><ele>40</ele><time>2026-03-01T10:05:48Z</time></trkpt>
			<trkpt lat="47.404700" lon="-1.377260"><ele>38</ele><time>2026-03-01T10:06:00Z</time></trkpt>
			<trkpt lat="47.404870" lon="-1.377240"><ele>38</ele><time>2026-03-01T10:06:12Z</time></trkpt>
			<trkpt lat="47.404870" lon="-1.377190"><ele>37</ele><time>2026-03-01T10:06:24Z</time></trkpt>
			<trkpt lat="47.404890" lon="-1.377140"><ele>37</ele><time>2026-03-01T10:06:36Z</time></trkpt>
			<trkpt lat="47.404910" lon="-1.377110"><ele>37</ele><time>2026-03-01T10:06:48Z</time></trkpt>
			<trkpt lat="47.404940" lon="-1.377080"><ele>37</ele><time>2026-03-01T10:07:00Z</time></trkpt>
			<trkpt lat="47.404980" lon="-1.377080"><ele>37</ele><time>2026-03-01T10:07:12Z</time></trkpt>
			<trkpt lat="47.405030" lon="-1.377100"><ele>37</ele><time>2026-03-01T10:07:24Z</time></trkpt>
			<trkpt lat="47.405050" lon="-1.377120"><ele>37</ele><time>2026-03-01T10:07:36Z</time></trkpt>
			<trkpt lat="47.405070" lon="-1.377160"><ele>37</ele><time>2026-03-01T10:07:48Z</time></trkpt>
			<trkpt lat="47.405080" lon="-1.377230"><ele>37</ele><time>2026-03-01T10:08:00Z</time></trkpt>
			<trkpt lat="47.406180" lon="-1.377150"><ele>35</ele><time>2026-03-01T10:08:12Z</time></trkpt>
			<trkpt lat="47.406600" lon="-1.377090"><ele>34</ele><time>2026-03-01T10:08:24Z</time></trkpt>
			<trkpt lat="47.407080" lon="-1.377000"><ele>32</ele><time>2026-03-01T10:08:36Z</time></trkpt>
			<trkpt lat="47.407340" lon="-1.376930"><ele>32</ele><time>2026-03-01T10:08:48Z</time></trkpt>
			<trkpt lat="47.407470" lon="-1.376890"><ele>32</ele><time>2026-03-01T10:09:00Z</time></trkpt>
			<trkpt lat="47.407990" lon="-1.376740"><ele>32</ele><time>2026-03-01T10:09:12Z</time></trkpt>
			<trkpt lat="47.408590" lon="-1.376520"><ele>34</ele><time>2026-03-01T10:09:24Z</time></trkpt>
			<trkpt lat="47.408670" lon="-1.376490"><ele>34</ele><time>2026-03-01T10:09:36Z</time></trkpt>
			<trkpt lat="47.408670" lon="-1.376460"><ele>34</ele><time>2026-03-01T10:09:48Z</time></trkpt>
			<trkpt lat="47.408690" lon="-1.376400"><ele>34</ele><time>2026-03-01T10:10:00Z</time></trkpt>
			<trkpt lat="47.408720" lon="-1.376360"><ele>34</ele><time>2026-03-01T10:10:12Z</time></trkpt>
			<trkpt lat="47.408770" lon="-1.376370"><ele>35</ele><time>2026-03-01T10:10:24Z</time></trkpt>
			<trkpt lat="47.408790" lon="-1.376390"><ele>35</ele><time>2026-03-01T10:10:36Z</time></trkpt>
			<trkpt lat="47.408820" lon="-1.376460"><ele>35</ele><time>2026-03-01T10:10:48Z</time></trkpt>
			<trkpt lat="47.408910" lon="-1.376430"><ele>35</ele><time>2026-03-01T10:11:00Z</time></trkpt>
			<trkpt lat="47.409370" lon="-1.376320"><ele>36</ele><time>2026-03-01T10:11:12Z</time></trkpt>
			<trkpt lat="47.410340" lon="-1.376010"><ele>38</ele><time>2026-03-01T10:11:24Z</time></trkpt>
			<trkpt lat="47.410520" lon="-1.375950"><ele>38</ele><time>2026-03-01T10:11:36Z</time></trkpt>
			<trkpt lat="47.410850" lon="-1.375840"><ele>39</ele><time>2026-03-01T10:11:48Z</time></trkpt>
			<trkpt lat="47.410970" lon="-1.375810"><ele>39</ele><time>2026-03-01T10:12:00Z</time></trkpt>
			<trkpt lat="47.411050" lon="-1.375790"><ele>39</ele><time>2026-03-01T10:12:12Z</time></trkpt>
			<trkpt lat="47.411050" lon="-1.375740"><ele>39</ele><time>2026-03-01T10:12:24Z</time></trkpt>
			<trkpt lat="47.411060" lon="-1.375690"><ele>38</ele><time>2026-03-01T10:12:36Z</time></trkpt>
			<trkpt lat="47.411070" lon="-1.375650"><ele>38</ele><time>2026-03-01T10:12:48Z</time></trkpt>
			<trkpt lat="47.411100" lon="-1.375610"><ele>38</ele><time>2026-03-01T10:13:00Z</time></trkpt>
			<trkpt lat="47.411140" lon="-1.375580"><ele>38</ele><time>2026-03-01T10:13:12Z</time></trkpt>
			<trkpt lat="47.411180" lon="-1.375570"><ele>38</ele><time>2026-03-01T10:13:24Z</time></trkpt>
			<trkpt lat="47.411220" lon="-1.375590"><ele>38</ele><time>2026-03-01T10:13:36Z</time></trkpt>
			<trkpt lat="47.411250" lon="-1.375620"><ele>38</ele><time>2026-03-01T10:13:48Z</time></trkpt>
			<trkpt lat="47.411300" lon="-1.375530"><ele>38</ele><time>2026-03-01T10:14:00Z</time></trkpt>
			<trkpt lat="47.411410" lon="-1.375330"><ele>37</ele><time>2026-03-01T10:14:12Z</time></trkpt>
			<trkpt lat="47.411470" lon="-1.375200"><ele>37</ele><time>2026-03-01T10:14:24Z</time></trkpt>
			<trkpt lat="47.411510" lon="-1.375120"><ele>36</ele><time>2026-03-01T10:14:36Z</time></trkpt>
			<trkpt lat="47.411810" lon="-1.374460"><ele>35</ele><time>2026-03-01T10:14:48Z</time></trkpt>
			<trkpt lat="47.411870" lon="-1.374330"><ele>35</ele><time>2026-03-01T10:15:00Z</time></trkpt>
			<trkpt lat="47.412070" lon="-1.373920"><ele>35</ele><time>2026-03-01T10:15:12Z</time></trkpt>
			<trkpt lat="47.412440" lon="-1.373090"><ele>34</ele><time>2026-03-01T10:15:24Z</time></trkpt>
			<trkpt lat="47.412510" lon="-1.372780"><ele>34</ele><time>2026-03-01T10:15:36Z</time></trkpt>
			<trkpt lat="47.412580" lon="-1.372570"><ele>35</ele><time>2026-03-01T10:15:48Z</time></trkpt>
			<trkpt lat="47.412620" lon="-1.372470"><ele>35</ele><time>2026-03-01T10:16:00Z</time></trkpt>
			<trkpt lat="47.412590" lon="-1.372430"><ele>35</ele><time>2026-03-01T10:16:12Z</time></trkpt>
			<trkpt lat="47.412570" lon="-1.372380"><ele>35</ele><time>2026-03-01T10:16:24Z</time></trkpt>
			<trkpt lat="47.412570" lon="-1.372330"><ele>35</ele><time>2026-03-01T10:16:36Z</time></trkpt>
			<trkpt lat="47.412580" lon="-1.372280"><ele>35</ele><time>2026-03-01T10:16:48Z</time></trkpt>
			<trkpt lat="47.412600" lon="-1.372230"><ele>35</ele><time>2026-03-01T10:17:00Z</time></trkpt>
			<trkpt lat="47.412660" lon="-1.372190"><ele>34</ele><time>2026-03-01T10:17:12Z</time></trkpt>
			<trkpt lat="47.412720" lon="-1.372200"><ele>34</ele><time>2026-03-01T10:17:24Z</time></trkpt>
			<trkpt lat="47.412740" lon="-1.372220"><ele>34</ele><time>2026-03-01T10:17:36Z</time></trkpt>
			<trkpt lat="47.412800" lon="-1.372090"><ele>34</ele><time>2026-03-01T10:17:48Z</time></trkpt>
			<trkpt lat="47.412890" lon="-1.371940"><ele>33</ele><time>2026-03-01T10:18:00Z</time></trkpt>
			<trkpt lat="47.413080" lon="-1.371690"><ele>32</ele><time>2026-03-01T10:18:12Z</time></trkpt>
			<trkpt lat="47.413160" lon="-1.371540"><ele>32</ele><time>2026-03-01T10:18:24Z</time></trkpt>
			<trkpt lat="47.413450" lon="-1.370910"><ele>29</ele><time>2026-03-01T10:18:36Z</time></trkpt>
			<trkpt lat="47.413540" lon="-1.370690"><ele>29</ele><time>2026-03-01T10:18:48Z</time></trkpt>
			<trkpt lat="47.413880" lon="-1.369970"><ele>30</ele><time>2026-03-01T10:19:00Z</time></trkpt>
			<trkpt lat="47.413900" lon="-1.369850"><ele>30</ele><time>2026-03-01T10:19:12Z</time></trkpt>
			<trkpt lat="47.414000" lon="-1.369610"><ele>30</ele><time>2026-03-01T10:19:24Z</time></trkpt>
			<trkpt lat="47.414140" lon="-1.369350"><ele>30</ele><time>2026-03-01T10:19:36Z</time></trkpt>
			<trkpt lat="47.414200" lon="-1.369270"><ele>30</ele><time>2026-03-01T10:19:48Z</time></trkpt>
			<trkpt lat="47.414320" lon="-1.368990"><ele>30</ele><time>2026-03-01T10:20:00Z</time></trkpt>
			<trkpt lat="47.414350" lon="-1.368940"><ele>30</ele><time>2026-03-01T10:20:12Z</time></trkpt>
			<trkpt lat="47.414730" lon="-1.368080"><ele>32</ele><time>2026-03-01T10:20:24Z</time></trkpt>
			<trkpt lat="47.415310" lon="-1.366820"><ele>33</ele><time>2026-03-01T10:20:36Z</time></trkpt>
			<trkpt lat="47.416260" lon="-1.364770"><ele>33</ele><time>2026-03-01T10:20:48Z</time></trkpt>
			<trkpt lat="47.418360" lon="-1.360170"><ele>34</ele><time>2026-03-01T10:21:00Z</time></trkpt>
			<trkpt lat="47.418520" lon="-1.359830"><ele>34</ele><time>2026-03-01T10:21:12Z</time></trkpt>
			<trkpt lat="47.420470" lon="-1.355600"><ele>33</ele><time>2026-03-01T10:21:24Z</time></trkpt>
			<trkpt lat="47.423530" lon="-1.348930"><ele>35</ele><time>2026-03-01T10:21:36Z</time></trkpt>
			<trkpt lat="47.424400" lon="-1.347010"><ele>40</ele><time>2026-03-01T10:21:48Z</time></trkpt>
			<trkpt lat="47.425200" lon="-1.345290"><ele>41</ele><time>2026-03-01T10:22:00Z</time></trkpt>
			<trkpt lat="47.425230" lon="-1.345230"><ele>41</ele><time>2026-03-01T10:22:12Z</time></trkpt>
			<trkpt lat="47.426530" lon="-1.342400"><ele>42</ele><time>2026-03-01T10:22:24Z</time></trkpt>
			<trkpt lat="47.427760" lon="-1.339730"><ele>46</ele><time>2026-03-01T10:22:36Z</time></trkpt>
			<trkpt lat="47.428020" lon="-1.339170"><ele>46</ele><time>2026-03-01T10:22:48Z</time></trkpt>
			<trkpt lat="47.428650" lon="-1.337850"><ele>48</ele><time>2026-03-01T10:23:00Z</time></trkpt>
			<trkpt lat="47.429970" lon="-1.334980"><ele>50</ele><time>2026-03-01T10:23:12Z</time></trkpt>
			<trkpt lat="47.430400" lon="-1.334030"><ele>50</ele><time>2026-03-01T10:23:24Z</time></trkpt>
			<trkpt lat="47.430460" lon="-1.333980"><ele>50</ele><time>2026-03-01T10:23:36Z</time></trkpt>
			<trkpt lat="47.430320" lon="-1.332000"><ele>49</ele><time>2026-03-01T10:23:48Z</time></trkpt>
			<trkpt lat="47.430280" lon="-1.331310"><ele>48</ele><time>2026-03-01T10:24:00Z</time></trkpt>
			<trkpt lat="47.430190" lon="-1.329770"><ele>50</ele><time>2026-03-01T10:24:12Z</time></trkpt>
			<trkpt lat="47.430160" lon="-1.329350"><ele>49</ele><time>2026-03-01T10:24:24Z</time></trkpt>
			<trkpt lat="47.430160" lon="-1.329170"><ele>49</ele><time>2026-03-01T10:24:36Z</time></trkpt>
			<trkpt lat="47.430180" lon="-1.328820"><ele>49</ele><time>2026-03-01T10:24:48Z</time></trkpt>
			<trkpt lat="47.430200" lon="-1.328630"><ele>49</ele><time>2026-03-01T10:25:00Z</time></trkpt>
			<trkpt lat="47.430230" lon="-1.328430"><ele>48</ele><time>2026-03-01T10:25:12Z</time></trkpt>
			<trkpt lat="47.430280" lon="-1.328200"><ele>48</ele><time>2026-03-01T10:25:24Z</time></trkpt>
			<trkpt lat="47.430320" lon="-1.328060"><ele>48</ele><time>2026-03-01T10:25:36Z</time></trkpt>
			<trkpt lat="47.430400" lon="-1.327690"><ele>49</ele><time>2026-03-01T10:25:48Z</time></trkpt>
			<trkpt lat="47.430520" lon="-1.327220"><ele>49</ele><time>2026-03-01T10:26:00Z</time></trkpt>
			<trkpt lat="47.430560" lon="-1.327060"><ele>49</ele><time>2026-03-01T10:26:12Z</time></trkpt>
			<trkpt lat="47.430700" lon="-1.326520"><ele>49</ele><time>2026-03-01T10:26:24Z</time></trkpt>
			<trkpt lat="47.430790" lon="-1.326030"><ele>49</ele><time>2026-03-01T10:26:36Z</time></trkpt>
			<trkpt lat="47.430860" lon="-1.325500"><ele>49</ele><time>2026-03-01T10:26:48Z</time></trkpt>
			<trkpt lat="47.430880" lon="-1.325300"><ele>50</ele><time>2026-03-01T10:27:00Z</time></trkpt>
			<trkpt lat="47.430890" lon="-1.325170"><ele>50</ele><time>2026-03-01T10:27:12Z</time></trkpt>
			<trkpt lat="47.430960" lon="-1.325070"><ele>50</ele><time>2026-03-01T10:27:24Z</time></trkpt>
			<trkpt lat="47.431060" lon="-1.325060"><ele>50</ele><time>2026-03-01T10:27:36Z</time></trkpt>
			<trkpt lat="47.431150" lon="-1.325010"><ele>50</ele><time>2026-03-01T10:27:48Z</time></trkpt>
			<trkpt lat="47.431440" lon="-1.324310"><ele>49</ele><time>2026-03-01T10:28:00Z</time></trkpt>
			<trkpt lat="47.432930" lon="-1.320510"><ele>45</ele><time>2026-03-01T10:28:12Z</time></trkpt>
			<trkpt lat="47.433470" lon="-1.319140"><ele>42</ele><time>2026-03-01T10:28:24Z</time></trkpt>
			<trkpt lat="47.433530" lon="-1.318990"><ele>42</ele><time>2026-03-01T10:28:36Z</time></trkpt>
			<trkpt lat="47.433670" lon="-1.318800"><ele>41</ele><time>2026-03-01T10:28:48Z</time></trkpt>
			<trkpt lat="47.433790" lon="-1.318700"><ele>41</ele><time>2026-03-01T10:29:00Z</time></trkpt>
			<trkpt lat="47.433880" lon="-1.318650"><ele>41</ele><time>2026-03-01T10:29:12Z</time></trkpt>
			<trkpt lat="47.433980" lon="-1.318600"><ele>40</ele><time>2026-03-01T10:29:24Z</time></trkpt>
			<trkpt lat="47.434180" lon="-1.318580"><ele>40</ele><time>2026-03-01T10:29:36Z</time></trkpt>
			<trkpt lat="47.434700" lon="-1.318620"><ele>38</ele><time>2026-03-01T10:29:48Z</time></trkpt>
			<trkpt lat="47.434880" lon="-1.318590"><ele>37</ele><time>2026-03-01T10:30:00Z</time></trkpt>
			<trkpt lat="47.435030" lon="-1.318540"><ele>37</ele><time>2026-03-01T10:30:12Z</time></trkpt>
			<trkpt lat="47.435190" lon="-1.318430"><ele>36</ele><time>2026-03-01T10:30:24Z</time></trkpt>
			<trkpt lat="47.435350" lon="-1.318250"><ele>35</ele><time>2026-03-01T10:30:36Z</time></trkpt>
			<trkpt lat="47.435440" lon="-1.318080"><ele>35</ele><time>2026-03-01T10:30:48Z</time></trkpt>
			<trkpt lat="47.435500" lon="-1.317920"><ele>34</ele><time>2026-03-01T10:31:00Z</time></trkpt>
			<trkpt lat="47.435540" lon="-1.317780"><ele>34</ele><time>2026-03-01T10:31:12Z</time></trkpt>
			<trkpt lat="47.435580" lon="-1.317590"><ele>34</ele><time>2026-03-01T10:31:24Z</time></trkpt>
			<trkpt lat="47.435710" lon="-1.316450"><ele>34</ele><time>2026-03-01T10:31:36Z</time></trkpt>
			<trkpt lat="47.435760" lon="-1.316170"><ele>33</ele><time>2026-03-01T10:31:48Z</time></trkpt>
			<trkpt lat="47.435820" lon="-1.315910"><ele>32</ele><time>2026-03-01T10:32:00Z</time></trkpt>
			<trkpt lat="47.435920" lon="-1.315660"><ele>32</ele><time>2026-03-01T10:32:12Z</time></trkpt>
			<trkpt lat="47.436030" lon="-1.315410"><ele>31</ele><time>2026-03-01T10:32:24Z</time></trkpt>
			<trkpt lat="47.436670" lon="-1.314200"><ele>30</ele><time>2026-03-01T10:32:36Z</time></trkpt>
			<trkpt lat="47.437590" lon="-1.312450"><ele>27</ele><time>2026-03-01T10:32:48Z</time></trkpt>
			<trkpt lat="47.438780" lon="-1.310200"><ele>23</ele><time>2026-03-01T10:33:00Z</time></trkpt>
			<trkpt lat="47.438940" lon="-1.309850"><ele>23</ele><time>2026-03-01T10:33:12Z</time></trkpt>
			<trkpt lat="47.439050" lon="-1.309460"><ele>22</ele><time>2026-03-01T10:33:24Z</time></trkpt>
			<trkpt lat="47.439090" lon="-1.309180"><ele>21</ele><time>2026-03-01T10:33:36Z</time></trkpt>
			<trkpt lat="47.439110" lon="-1.308970"><ele>21</ele><time>2026-03-01T10:33:48Z</time></trkpt>
			<trkpt lat="47.439120" lon="-1.308690"><ele>21</ele><time>2026-03-01T10:34:00Z</time></trkpt>
			<trkpt lat="47.439140" lon="-1.306580"><ele>20</ele><time>2026-03-01T10:34:12Z</time></trkpt>
			<trkpt lat="47.439150" lon="-1.306120"><ele>20</ele><time>2026-03-01T10:34:24Z</time></trkpt>
			<trkpt lat="47.439180" lon="-1.305810"><ele>20</ele><time>2026-03-01T10:34:36Z</time></trkpt>
			<trkpt lat="47.439240" lon="-1.305480"><ele>20</ele><time>2026-03-01T10:34:48Z</time></trkpt>
			<trkpt lat="47.439340" lon="-1.305110"><ele>20</ele><time>2026-03-01T10:35:00Z</time></trkpt>
			<trkpt lat="47.439420" lon="-1.304890"><ele>20</ele><time>2026-03-01T10:35:12Z</time></trkpt>
			<trkpt lat="47.439530" lon="-1.304600"><ele>20</ele><time>2026-03-01T10:35:24Z</time></trkpt>
			<trkpt lat="47.439650" lon="-1.304380"><ele>20</ele><time>2026-03-01T10:35:36Z</time></trkpt>
			<trkpt lat="47.439860" lon="-1.304070"><ele>19</ele><time>2026-03-01T10:35:48Z</time></trkpt>
			<trkpt lat="47.440280" lon="-1.303590"><ele>20</ele><time>2026-03-01T10:36:00Z</time></trkpt>
			<trkpt lat="47.440360" lon="-1.303470"><ele>20</ele><time>2026-03-01T10:36:12Z</time></trkpt>
			<trkpt lat="47.440410" lon="-1.303360"><ele>20</ele><time>2026-03-01T10:36:24Z</time></trkpt>
			<trkpt lat="47.440490" lon="-1.303120"><ele>20</ele><time>2026-03-01T10:36:36Z</time></trkpt>
			<trkpt lat="47.440540" lon="-1.302930"><ele>20</ele><time>2026-03-01T10:36:48Z</time></trkpt>
			<trkpt lat="47.440590" lon="-1.302350"><ele>20</ele><time>2026-03-01T10:37:00Z</time></trkpt>
			<trkpt lat="47.440630" lon="-1.302100"><ele>19</ele><time>2026-03-01T10:37:12Z</time></trkpt>
			<trkpt lat="47.440700" lon="-1.301880"><ele>19</ele><time>2026-03-01T10:37:24Z</time></trkpt>
			<trkpt lat="47.440830" lon="-1.301660"><ele>19</ele><time>2026-03-01T10:37:36Z</time></trkpt>
			<trkpt lat="47.440970" lon="-1.301490"><ele>19</ele><time>2026-03-01T10:37:48Z</time></trkpt>
			<trkpt lat="47.441320" lon="-1.301110"><ele>19</ele><time>2026-03-01T10:38:00Z</time></trkpt>
			<trkpt lat="47.441480" lon="-1.300900"><ele>19</ele><time>2026-03-01T10:38:12Z</time></trkpt>
			<trkpt lat="47.441580" lon="-1.300700"><ele>19</ele><time>2026-03-01T10:38:24Z</time></trkpt>
			<trkpt lat="47.441670" lon="-1.300460"><ele>19</ele><time>2026-03-01T10:38:36Z</time></trkpt>
			<trkpt lat="47.441740" lon="-1.300160"><ele>18</ele><time>2026-03-01T10:38:48Z</time></trkpt>
			<trkpt lat="47.441760" lon="-1.299900"><ele>18</ele><time>2026-03-01T10:39:00Z</time></trkpt>
			<trkpt lat="47.441760" lon="-1.299830"><ele>18</ele><time>2026-03-01T10:39:12Z</time></trkpt>
			<trkpt lat="47.441760" lon="-1.299720"><ele>18</ele><time>2026-03-01T10:39:24Z</time></trkpt>
			<trkpt lat="47.441750" lon="-1.299500"><ele>18</ele><time>2026-03-01T10:39:36Z</time></trkpt>
			<trkpt lat="47.441520" lon="-1.296670"><ele>20</ele><time>2026-03-01T10:39:48Z</time></trkpt>
			<trkpt lat="47.441510" lon="-1.296410"><ele>19</ele><time>2026-03-01T10:40:00Z</time></trkpt>
			<trkpt lat="47.441530" lon="-1.296180"><ele>19</ele><time>2026-03-01T10:40:12Z</time></trkpt>
			<trkpt lat="47.441580" lon="-1.295950"><ele>19</ele><time>2026-03-01T10:40:24Z</time></trkpt>
			<trkpt lat="47.441670" lon="-1.295720"><ele>19</ele><time>2026-03-01T10:40:36Z</time></trkpt>
			<trkpt lat="47.441790" lon="-1.295490"><ele>19</ele><time>2026-03-01T10:40:48Z</time></trkpt>
			<trkpt lat="47.441930" lon="-1.295290"><ele>19</ele><time>2026-03-01T10:41:00Z</time></trkpt>
			<trkpt lat="47.442230" lon="-1.294870"><ele>20</ele><time>2026-03-01T10:41:12Z</time></trkpt>
			<trkpt lat="47.442450" lon="-1.294460"><ele>21</ele><time>2026-03-01T10:41:24Z</time></trkpt>
			<trkpt lat="47.442700" lon="-1.293850"><ele>20</ele><time>2026-03-01T10:41:36Z</time></trkpt>
			<trkpt lat="47.443540" lon="-1.291660"><ele>17</ele><time>2026-03-01T10:41:48Z</time></trkpt>
			<trkpt lat="47.443660" lon="-1.291390"><ele>17</ele><time>2026-03-01T10:42:00Z</time></trkpt>
			<trkpt lat="47.443910" lon="-1.291020"><ele>18</ele><time>2026-03-01T10:42:12Z</time></trkpt>
			<trkpt lat="47.444020" lon="-1.290880"><ele>18</ele><time>2026-03-01T10:42:24Z</time></trkpt>
			<trkpt lat="47.444100" lon="-1.290820"><ele>19</ele><time>2026-03-01T10:42:36Z</time></trkpt>
			<trkpt lat="47.444060" lon="-1.290670"><ele>18</ele><time>2026-03-01T10:42:48Z</time></trkpt>
			<trkpt lat="47.443720" lon="-1.289290"><ele>18</ele><time>2026-03-01T10:43:00Z</time></trkpt>
			<trkpt lat="47.443660" lon="-1.289040"><ele>18</ele><time>2026-03-01T10:43:12Z</time></trkpt>
			<trkpt lat="47.443650" lon="-1.288990"><ele>18</ele><time>2026-03-01T10:43:24Z</time></trkpt>
			<trkpt lat="47.443190" lon="-1.287140"><ele>22</ele><time>2026-03-01T10:43:36Z</time></trkpt>
			<trkpt lat="47.443050" lon="-1.286660"><ele>24</ele><time>2026-03-01T10:43:48Z</time></trkpt>
			<trkpt lat="47.442910" lon="-1.286330"><ele>25</ele><time>2026-03-01T10:44:00Z</time></trkpt>
			<trkpt lat="47.442820" lon="-1.286020"><ele>26</ele><time>2026-03-01T10:44:12Z</time></trkpt>
			<trkpt lat="47.442770" lon="-1.285710"><ele>26</ele><time>2026-03-01T10:44:24Z</time></trkpt>
			<trkpt lat="47.442700" lon="-1.285130"><ele>27</ele><time>2026-03-01T10:44:36Z</time></trkpt>
			<trkpt lat="47.442520" lon="-1.283670"><ele>30</ele><time>2026-03-01T10:44:48Z</time></trkpt>
			<trkpt lat="47.442500" lon="-1.283500"><ele>30</ele><time>2026-03-01T10:45:00Z</time></trkpt>
			<trkpt lat="47.442440" lon="-1.283020"><ele>31</ele><time>2026-03-01T10:45:12Z</time></trkpt>
			<trkpt lat="47.442430" lon="-1.282850"><ele>31</ele><time>2026-03-01T10:45:24Z</time></trkpt>
			<trkpt lat="47.442430" lon="-1.282620"><ele>31</ele><time>2026-03-01T10:45:36Z</time></trkpt>
			<trkpt lat="47.442520" lon="-1.281890"><ele>31</ele><time>2026-03-01T10:45:48Z</time></trkpt>
			<trkpt lat="47.442680" lon="-1.280800"><ele>31</ele><time>2026-03-01T10:46:00Z</time></trkpt>
			<trkpt lat="47.442750" lon="-1.280310"><ele>32</ele><time>2026-03-01T10:46:12Z</time></trkpt>
			<trkpt lat="47.442800" lon="-1.279890"><ele>32</ele><time>2026-03-01T10:46:24Z</time></trkpt>
			<trkpt lat="47.442820" lon="-1.279510"><ele>34</ele><time>2026-03-01T10:46:36Z</time></trkpt>
			<trkpt lat="47.442820" lon="-1.278700"><ele>35</ele><time>2026-03-01T10:46:48Z</time></trkpt>
			<trkpt lat="47.442840" lon="-1.278580"><ele>35</ele><time>2026-03-01T10:47:00Z</time></trkpt>
			<trkpt lat="47.442900" lon="-1.278420"><ele>35</ele><time>2026-03-01T10:47:12Z</time></trkpt>
			<trkpt lat="47.443090" lon="-1.278090"><ele>35</ele><time>2026-03-01T10:47:24Z</time></trkpt>
			<trkpt lat="47.443700" lon="-1.277220"><ele>33</ele><time>2026-03-01T10:47:36Z</time></trkpt>
			<trkpt lat="47.443980" lon="-1.276670"><ele>32</ele><time>2026-03-01T10:47:48Z</time></trkpt>
			<trkpt lat="47.444410" lon="-1.275640"><ele>31</ele><time>2026-03-01T10:48:00Z</time></trkpt>
			<trkpt lat="47.444460" lon="-1.275410"><ele>31</ele><time>2026-03-01T10:48:12Z</time></trkpt>
			<trkpt lat="47.444450" lon="-1.275310"><ele>31</ele><time>2026-03-01T10:48:24Z</time></trkpt>
			<trkpt lat="47.444430" lon="-1.275120"><ele>31</ele><time>2026-03-01T10:48:36Z</time></trkpt>
			<trkpt lat="47.444390" lon="-1.274950"><ele>32</ele><time>2026-03-01T10:48:48Z</time></trkpt>
			<trkpt lat="47.444300" lon="-1.274170"><ele>34</ele><time>2026-03-01T10:49:00Z</time></trkpt>
			<trkpt lat="47.444250" lon="-1.272970"><ele>37</ele><time>2026-03-01T10:49:12Z</time></trkpt>
			<trkpt lat="47.444270" lon="-1.272680"><ele>38</ele><time>2026-03-01T10:49:24Z</time></trkpt>
			<trkpt lat="47.444530" lon="-1.270550"><ele>42</ele><time>2026-03-01T10:49:36Z</time></trkpt>
			<trkpt lat="47.444550" lon="-1.270430"><ele>42</ele><time>2026-03-01T10:49:48Z</time></trkpt>
			<trkpt lat="47.444650" lon="-1.269970"><ele>42</ele><time>2026-03-01T10:50:00Z</time></trkpt>
			<trkpt lat="47.444800" lon="-1.269510"><ele>42</ele><time>2026-03-01T10:50:12Z</time></trkpt>
			<trkpt lat="47.445760" lon="-1.266920"><ele>44</ele><time>2026-03-01T10:50:24Z</time></trkpt>
			<trkpt lat="47.446030" lon="-1.266310"><ele>45</ele><time>2026-03-01T10:50:36Z</time></trkpt>
			<trkpt lat="47.447010" lon="-1.264280"><ele>43</ele><time>2026-03-01T10:50:48Z</time></trkpt>
			<trkpt lat="47.447120" lon="-1.264060"><ele>42</ele><time>2026-03-01T10:51:00Z</time></trkpt>
			<trkpt lat="47.447500" lon="-1.263560"><ele>41</ele><time>2026-03-01T10:51:12Z</time></trkpt>
			<trkpt lat="47.447750" lon="-1.263220"><ele>41</ele><time>2026-03-01T10:51:24Z</time></trkpt>
			<trkpt lat="47.447560" lon="-1.262850"><ele>42</ele><time>2026-03-01T10:51:36Z</time></trkpt>
			<trkpt lat="47.446330" lon="-1.260550"><ele>49</ele><time>2026-03-01T10:51:48Z</time></trkpt>
			<trkpt lat="47.444180" lon="-1.256510"><ele>54</ele><time>2026-03-01T10:52:00Z</time></trkpt>
			<trkpt lat="47.443440" lon="-1.255110"><ele>54</ele><time>2026-03-01T10:52:12Z</time></trkpt>
			<trkpt lat="47.442500" lon="-1.253340"><ele>52</ele><time>2026-03-01T10:52:24Z</time></trkpt>
			<trkpt lat="47.440970" lon="-1.250530"><ele>45</ele><time>2026-03-01T10:52:36Z</time></trkpt>
			<trkpt lat="47.440550" lon="-1.249590"><ele>46</ele><time>2026-03-01T10:52:48Z</time></trkpt>
			<trkpt lat="47.439800" lon="-1.247840"><ele>44</ele><time>2026-03-01T10:53:00Z</time></trkpt>
			<trkpt lat="47.439350" lon="-1.246770"><ele>41</ele><time>2026-03-01T10:53:12Z</time></trkpt>
			<trkpt lat="47.437720" lon="-1.242910"><ele>35</ele><time>2026-03-01T10:53:24Z</time></trkpt>
			<trkpt lat="47.436870" lon="-1.240910"><ele>35</ele><time>2026-03-01T10:53:36Z</time></trkpt>
			<trkpt lat="47.436320" lon="-1.239600"><ele>33</ele><time>2026-03-01T10:53:48Z</time></trkpt>
			<trkpt lat="47.436180" lon="-1.239370"><ele>32</ele><time>2026-03-01T10:54:00Z</time></trkpt>
			<trkpt lat="47.436100" lon="-1.239290"><ele>32</ele><time>2026-03-01T10:54:12Z</time></trkpt>
			<trkpt lat="47.436050" lon="-1.239290"><ele>32</ele><time>2026-03-01T10:54:24Z</time></trkpt>
			<trkpt lat="47.436030" lon="-1.239280"><ele>32</ele><time>2026-03-01T10:54:36Z</time></trkpt>
			<trkpt lat="47.435980" lon="-1.239230"><ele>31</ele><time>2026-03-01T10:54:48Z</time></trkpt>
			<trkpt lat="47.435970" lon="-1.239190"><ele>31</ele><time>2026-03-01T10:55:00Z</time></trkpt>
			<trkpt lat="47.435960" lon="-1.239100"><ele>31</ele><time>2026-03-01T10:55:12Z</time></trkpt>
			<trkpt lat="47.435990" lon="-1.239020"><ele>31</ele><time>2026-03-01T10:55:24Z</time></trkpt>
			<trkpt lat="47.435970" lon="-1.238920"><ele>31</ele><time>2026-03-01T10:55:36Z</time></trkpt>
			<trkpt lat="47.435870" lon="-1.238540"><ele>31</ele><time>2026-03-01T10:55:48Z</time></trkpt>
			<trkpt lat="47.435750" lon="-1.238250"><ele>31</ele><time>2026-03-01T10:56:00Z</time></trkpt>
			<trkpt lat="47.435270" lon="-1.237120"><ele>33</ele><time>2026-03-01T10:56:12Z</time></trkpt>
			<trkpt lat="47.435150" lon="-1.236820"><ele>33</ele><time>2026-03-01T10:56:24Z</time></trkpt>
			<trkpt lat="47.434340" lon="-1.234900"><ele>35</ele><time>2026-03-01T10:56:36Z</time></trkpt>
			<trkpt lat="47.434230" lon="-1.234640"><ele>34</ele><time>2026-03-01T10:56:48Z</time></trkpt>
			<trkpt lat="47.434060" lon="-1.234250"><ele>33</ele><time>2026-03-01T10:57:00Z</time></trkpt>
			<trkpt lat="47.434010" lon="-1.234130"><ele>33</ele><time>2026-03-01T10:57:12Z</time></trkpt>
			<trkpt lat="47.433610" lon="-1.233190"><ele>31</ele><time>2026-03-01T10:57:24Z</time></trkpt>
			<trkpt lat="47.433480" lon="-1.232900"><ele>31</ele><time>2026-03-01T10:57:36Z</time></trkpt>
			<trkpt lat="47.433360" lon="-1.232620"><ele>31</ele><time>2026-03-01T10:57:48Z</time></trkpt>
			<trkpt lat="47.433340" lon="-1.232520"><ele>31</ele><time>2026-03-01T10:58:00Z</time></trkpt>
			<trkpt lat="47.433310" lon="-1.232530"><ele>31</ele><time>2026-03-01T10:58:12Z</time></trkpt>
			<trkpt lat="47.433260" lon="-1.232510"><ele>31</ele><time>2026-03-01T10:58:24Z</time></trkpt>
			<trkpt lat="47.433230" lon="-1.232450"><ele>31</ele><time>2026-03-01T10:58:36Z</time></trkpt>
			<trkpt lat="47.433230" lon="-1.232410"><ele>31</ele><time>2026-03-01T10:58:48Z</time></trkpt>
			<trkpt lat="47.433110" lon="-1.232340"><ele>31</ele><time>2026-03-01T10:59:00Z</time></trkpt>
			<trkpt lat="47.432650" lon="-1.231800"><ele>33</ele><time>2026-03-01T10:59:12Z</time></trkpt>
			<trkpt lat="47.432500" lon="-1.231660"><ele>34</ele><time>2026-03-01T10:59:24Z</time></trkpt>
			<trkpt lat="47.432200" lon="-1.231340"><ele>35</ele><time>2026-03-01T10:59:36Z</time></trkpt>
			<trkpt lat="47.432060" lon="-1.231320"><ele>35</ele><time>2026-03-01T10:59:48Z</time></trkpt>
			<trkpt lat="47.431840" lon="-1.230550"><ele>37</ele><time>2026-03-01T11:00:00Z</time></trkpt>
			<trkpt lat="47.431640" lon="-1.229890"><ele>39</ele><time>2026-03-01T11:00:12Z</time></trkpt>
			<trkpt lat="47.431570" lon="-1.229620"><ele>39</ele><time>2026-03-01T11:00:24Z</time></trkpt>
			<trkpt lat="47.431520" lon="-1.229400"><ele>39</ele><time>2026-03-01T11:00:36Z</time></trkpt>
			<trkpt lat="47.431510" lon="-1.229330"><ele>39</ele><time>2026-03-01T11:00:48Z</time></trkpt>
			<trkpt lat="47.431510" lon="-1.229030"><ele>39</ele><time>2026-03-01T11:01:00Z</time></trkpt>
			<trkpt lat="47.431520" lon="-1.228690"><ele>39</ele><time>2026-03-01T11:01:12Z</time></trkpt>
			<trkpt lat="47.431520" lon="-1.228580"><ele>39</ele><time>2026-03-01T11:01:24Z</time></trkpt>
			<trkpt lat="47.431530" lon="-1.228340"><ele>39</ele><time>2026-03-01T11:01:36Z</time></trkpt>
			<trkpt lat="47.431520" lon="-1.228220"><ele>39</ele><time>2026-03-01T11:01:48Z</time></trkpt>
			<trkpt lat="47.431500" lon="-1.228090"><ele>39</ele><time>2026-03-01T11:02:00Z</time></trkpt>
			<trkpt lat="47.431470" lon="-1.227900"><ele>39</ele><time>2026-03-01T11:02:12Z</time></trkpt>
			<trkpt lat="47.431370" lon="-1.227440"><ele>39</ele><time>2026-03-01T11:02:24Z</time></trkpt>
			<trkpt lat="47.431240" lon="-1.226910"><ele>40</ele><time>2026-03-01T11:02:36Z</time></trkpt>
			<trkpt lat="47.431120" lon="-1.226410"><ele>40</ele><time>2026-03-01T11:02:48Z</time></trkpt>
			<trkpt lat="47.430900" lon="-1.225520"><ele>40</ele><time>2026-03-01T11:03:00Z</time></trkpt>
			<trkpt lat="47.430840" lon="-1.225200"><ele>40</ele><time>2026-03-01T11:03:12Z</time></trkpt>
			<trkpt lat="47.430830" lon="-1.224960"><ele>40</ele><time>2026-03-01T11:03:24Z</time></trkpt>
			<trkpt lat="47.430820" lon="-1.224730"><ele>40</ele><time>2026-03-01T11:03:36Z</time></trkpt>
			<trkpt lat="47.430840" lon="-1.224380"><ele>41</ele><time>2026-03-01T11:03:48Z</time></trkpt>
			<trkpt lat="47.430880" lon="-1.224020"><ele>41</ele><time>2026-03-01T11:04:00Z</time></trkpt>
			<trkpt lat="47.430910" lon="-1.223840"><ele>41</ele><time>2026-03-01T11:04:12Z</time></trkpt>
			<trkpt lat="47.431090" lon="-1.222660"><ele>45</ele><time>2026-03-01T11:04:24Z</time></trkpt>
			<trkpt lat="47.431180" lon="-1.221970"><ele>48</ele><time>2026-03-01T11:04:36Z</time></trkpt>
			<trkpt lat="47.431190" lon="-1.221620"><ele>50</ele><time>2026-03-01T11:04:48Z</time></trkpt>
			<trkpt lat="47.431190" lon="-1.221390"><ele>50</ele><time>2026-03-01T11:05:00Z</time></trkpt>
			<trkpt lat="47.430870" lon="-1.216670"><ele>61</ele><time>2026-03-01T11:05:12Z</time></trkpt>
			<trkpt lat="47.430860" lon="-1.216410"><ele>61</ele><time>2026-03-01T11:05:24Z</time></trkpt>
			<trkpt lat="47.430870" lon="-1.216150"><ele>61</ele><time>2026-03-01T11:05:36Z</time></trkpt>
			<trkpt lat="47.430890" lon="-1.215960"><ele>62</ele><time>2026-03-01T11:05:48Z</time></trkpt>
			<trkpt lat="47.430920" lon="-1.215760"><ele>62</ele><time>2026-03-01T11:06:00Z</time></trkpt>
			<trkpt lat="47.430950" lon="-1.215550"><ele>62</ele><time>2026-03-01T11:06:12Z</time></trkpt>
			<trkpt lat="47.431000" lon="-1.215360"><ele>62</ele><time>2026-03-01T11:06:24Z</time></trkpt>
			<trkpt lat="47.431760" lon="-1.212670"><ele>61</ele><time>2026-03-01T11:06:36Z</time></trkpt>
			<trkpt lat="47.432640" lon="-1.209530"><ele>58</ele><time>2026-03-01T11:06:48Z</time></trkpt>
			<trkpt lat="47.433240" lon="-1.207380"><ele>55</ele><time>2026-03-01T11:07:00Z</time></trkpt>
			<trkpt lat="47.433380" lon="-1.206920"><ele>56</ele><time>2026-03-01T11:07:12Z</time></trkpt>
			<trkpt lat="47.434220" lon="-1.203950"><ele>54</ele><time>2026-03-01T11:07:24Z</time></trkpt>
			<trkpt lat="47.434310" lon="-1.203590"><ele>53</ele><time>2026-03-01T11:07:36Z</time></trkpt>
			<trkpt lat="47.434370" lon="-1.203220"><ele>52</ele><time>2026-03-01T11:07:48Z</time></trkpt>
			<trkpt lat="47.434400" lon="-1.202950"><ele>52</ele><time>2026-03-01T11:08:00Z</time></trkpt>
			<trkpt lat="47.434420" lon="-1.202720"><ele>52</ele><time>2026-03-01T11:08:12Z</time></trkpt>
			<trkpt lat="47.434420" lon="-1.202370"><ele>52</ele><time>2026-03-01T11:08:24Z</time></trkpt>
			<trkpt lat="47.434210" lon="-1.197910"><ele>50</ele><time>2026-03-01T11:08:36Z</time></trkpt>
			<trkpt lat="47.434070" lon="-1.195040"><ele>53</ele><time>2026-03-01T11:08:48Z</time></trkpt>
			<trkpt lat="47.434030" lon="-1.193930"><ele>55</ele><time>2026-03-01T11:09:00Z</time></trkpt>
			<trkpt lat="47.434020" lon="-1.193290"><ele>55</ele><time>2026-03-01T11:09:12Z</time></trkpt>
			<trkpt lat="47.434040" lon="-1.192740"><ele>55</ele><time>2026-03-01T11:09:24Z</time></trkpt>
			<trkpt lat="47.434030" lon="-1.192420"><ele>55</ele><time>2026-03-01T11:09:36Z</time></trkpt>
			<trkpt lat="47.434020" lon="-1.192200"><ele>55</ele><time>2026-03-01T11:09:48Z</time></trkpt>
			<trkpt lat="47.433970" lon="-1.191850"><ele>55</ele><time>2026-03-01T11:10:00Z</time></trkpt>
			<trkpt lat="47.433920" lon="-1.191620"><ele>55</ele><time>2026-03-01T11:10:12Z</time></trkpt>
			<trkpt lat="47.433860" lon="-1.191450"><ele>55</ele><time>2026-03-01T11:10:24Z</time></trkpt>
			<trkpt lat="47.433780" lon="-1.191220"><ele>56</ele><time>2026-03-01T11:10:36Z</time></trkpt>
			<trkpt lat="47.433670" lon="-1.190960"><ele>56</ele><time>2026-03-01T11:10:48Z</time></trkpt>
			<trkpt lat="47.431580" lon="-1.186320"><ele>52</ele><time>2026-03-01T11:11:00Z</time></trkpt>
			<trkpt lat="47.431440" lon="-1.186000"><ele>52</ele><time>2026-03-01T11:11:12Z</time></trkpt>
			<trkpt lat="47.431370" lon="-1.185920"><ele>51</ele><time>2026-03-01T11:11:24Z</time></trkpt>
			<trkpt lat="47.431330" lon="-1.185890"><ele>51</ele><time>2026-03-01T11:11:36Z</time></trkpt>
			<trkpt lat="47.431310" lon="-1.185840"><ele>51</ele><time>2026-03-01T11:11:48Z</time></trkpt>
			<trkpt lat="47.431290" lon="-1.185780"><ele>51</ele><time>2026-03-01T11:12:00Z</time></trkpt>
			<trkpt lat="47.431280" lon="-1.185720"><ele>51</ele><time>2026-03-01T11:12:12Z</time></trkpt>
			<trkpt lat="47.431300" lon="-1.185630"><ele>51</ele><time>2026-03-01T11:12:24Z</time></trkpt>
			<trkpt lat="47.431330" lon="-1.185570"><ele>51</ele><time>2026-03-01T11:12:36Z</time></trkpt>
			<trkpt lat="47.431350" lon="-1.185440"><ele>51</ele><time>2026-03-01T11:12:48Z</time></trkpt>
			<trkpt lat="47.431340" lon="-1.185130"><ele>51</ele><time>2026-03-01T11:13:00Z</time></trkpt>
			<trkpt lat="47.430510" lon="-1.179430"><ele>40</ele><time>2026-03-01T11:13:12Z</time></trkpt>
			<trkpt lat="47.430170" lon="-1.177170"><ele>33</ele><time>2026-03-01T11:13:24Z</time></trkpt>
			<trkpt lat="47.429790" lon="-1.174610"><ele>26</ele><time>2026-03-01T11:13:36Z</time></trkpt>
			<trkpt lat="47.429650" lon="-1.173640"><ele>24</ele><time>2026-03-01T11:13:48Z</time></trkpt>
			<trkpt lat="47.427530" lon="-1.174690"><ele>32</ele><time>2026-03-01T11:14:00Z</time></trkpt>
			<trkpt lat="47.427050" lon="-1.174940"><ele>32</ele><time>2026-03-01T11:14:12Z</time></trkpt>
			<trkpt lat="47.426940" lon="-1.174990"><ele>32</ele><time>2026-03-01T11:14:24Z</time></trkpt>
			<trkpt lat="47.426880" lon="-1.175000"><ele>32</ele><time>2026-03-01T11:14:36Z</time></trkpt>
			<trkpt lat="47.425270" lon="-1.175290"><ele>29</ele><time>2026-03-01T11:14:48Z</time></trkpt>
			<trkpt lat="47.424450" lon="-1.175440"><ele>26</ele><time>2026-03-01T11:15:00Z</time></trkpt>
			<trkpt lat="47.423660" lon="-1.175560"><ele>23</ele><time>2026-03-01T11:15:12Z</time></trkpt>
			<trkpt lat="47.422910" lon="-1.175410"><ele>21</ele><time>2026-03-01T11:15:24Z</time></trkpt>
			<trkpt lat="47.422220" lon="-1.175280"><ele>19</ele><time>2026-03-01T11:15:36Z</time></trkpt>
			<trkpt lat="47.421810" lon="-1.175170"><ele>18</ele><time>2026-03-01T11:15:48Z</time></trkpt>
			<trkpt lat="47.420250" lon="-1.174060"><ele>27</ele><time>2026-03-01T11:16:00Z</time></trkpt>
			<trkpt lat="47.418290" lon="-1.172630"><ele>29</ele><time>2026-03-01T11:16:12Z</time></trkpt>
			<trkpt lat="47.418030" lon="-1.172460"><ele>29</ele><time>2026-03-01T11:16:24Z</time></trkpt>
			<trkpt lat="47.417950" lon="-1.172430"><ele>29</ele><time>2026-03-01T11:16:36Z</time></trkpt>
			<trkpt lat="47.417830" lon="-1.172430"><ele>30</ele><time>2026-03-01T11:16:48Z</time></trkpt>
			<trkpt lat="47.417590" lon="-1.172470"><ele>31</ele><time>2026-03-01T11:17:00Z</time></trkpt>
			<trkpt lat="47.416160" lon="-1.172790"><ele>36</ele><time>2026-03-01T11:17:12Z</time></trkpt>
			<trkpt lat="47.416040" lon="-1.172790"><ele>36</ele><time>2026-03-01T11:17:24Z</time></trkpt>
			<trkpt lat="47.415960" lon="-1.172800"><ele>36</ele><time>2026-03-01T11:17:36Z</time></trkpt>
			<trkpt lat="47.415900" lon="-1.172710"><ele>36</ele><time>2026-03-01T11:17:48Z</time></trkpt>
			<trkpt lat="47.415840" lon="-1.172660"><ele>36</ele><time>2026-03-01T11:18:00Z</time></trkpt>
			<trkpt lat="47.415790" lon="-1.172630"><ele>35</ele><time>2026-03-01T11:18:12Z</time></trkpt>
			<trkpt lat="47.415050" lon="-1.172330"><ele>31</ele><time>2026-03-01T11:18:24Z</time></trkpt>
			<trkpt lat="47.414860" lon="-1.172240"><ele>30</ele><time>2026-03-01T11:18:36Z</time></trkpt>
			<trkpt lat="47.414210" lon="-1.171850"><ele>25</ele><time>2026-03-01T11:18:48Z</time></trkpt>
			<trkpt lat="47.414100" lon="-1.171790"><ele>24</ele><time>2026-03-01T11:19:00Z</time></trkpt>
			<trkpt lat="47.414020" lon="-1.171760"><ele>24</ele><time>2026-03-01T11:19:12Z</time></trkpt>
			<trkpt lat="47.413840" lon="-1.171740"><ele>23</ele><time>2026-03-01T11:19:24Z</time></trkpt>
			<trkpt lat="47.412690" lon="-1.171790"><ele>25</ele><time>2026-03-01T11:19:36Z</time></trkpt>
			<trkpt lat="47.412560" lon="-1.171770"><ele>26</ele><time>2026-03-01T11:19:48Z</time></trkpt>
			<trkpt lat="47.412520" lon="-1.171740"><ele>26</ele><time>2026-03-01T11:20:00Z</time></trkpt>
			<trkpt lat="47.412440" lon="-1.171870"><ele>26</ele><time>2026-03-01T11:20:12Z</time></trkpt>
			<trkpt lat="47.412410" lon="-1.171830"><ele>26</ele><time>2026-03-01T11:20:24Z</time></trkpt>
			<trkpt lat="47.412290" lon="-1.171760"><ele>26</ele><time>2026-03-01T11:20:36Z</time></trkpt>
			<trkpt lat="47.412190" lon="-1.171660"><ele>26</ele><time>2026-03-01T11:20:48Z</time></trkpt>
			<trkpt lat="47.410800" lon="-1.169470"><ele>25</ele><time>2026-03-01T11:21:00Z</time></trkpt>
			<trkpt lat="47.410640" lon="-1.169260"><ele>25</ele><time>2026-03-01T11:21:12Z</time></trkpt>
			<trkpt lat="47.410500" lon="-1.169120"><ele>25</ele><time>2026-03-01T11:21:24Z</time></trkpt>
			<trkpt lat="47.410270" lon="-1.168960"><ele>25</ele><time>2026-03-01T11:21:36Z</time></trkpt>
			<trkpt lat="47.409850" lon="-1.168740"><ele>23</ele><time>2026-03-01T11:21:48Z</time></trkpt>
			<trkpt lat="47.409420" lon="-1.168530"><ele>21</ele><time>2026-03-01T11:22:00Z</time></trkpt>
			<trkpt lat="47.409260" lon="-1.168460"><ele>21</ele><time>2026-03-01T11:22:12Z</time></trkpt>
			<trkpt lat="47.408760" lon="-1.168300"><ele>20</ele><time>2026-03-01T11:22:24Z</time></trkpt>
			<trkpt lat="47.408570" lon="-1.168260"><ele>20</ele><time>2026-03-01T11:22:36Z</time></trkpt>
			<trkpt lat="47.408470" lon="-1.168280"><ele>21</ele><time>2026-03-01T11:22:48Z</time></trkpt>
			<trkpt lat="47.408380" lon="-1.168330"><ele>21</ele><time>2026-03-01T11:23:00Z</time></trkpt>
			<trkpt lat="47.408320" lon="-1.168390"><ele>21</ele><time>2026-03-01T11:23:12Z</time></trkpt>
			<trkpt lat="47.408290" lon="-1.168440"><ele>21</ele><time>2026-03-01T11:23:24Z</time></trkpt>
			<trkpt lat="47.408260" lon="-1.168490"><ele>21</ele><time>2026-03-01T11:23:36Z</time></trkpt>
			<trkpt lat="47.408220" lon="-1.168670"><ele>21</ele><time>2026-03-01T11:23:48Z</time></trkpt>
			<trkpt lat="47.407150" lon="-1.173640"><ele>22</ele><time>2026-03-01T11:24:00Z</time></trkpt>
			<trkpt lat="47.407040" lon="-1.174080"><ele>23</ele><time>2026-03-01T11:24:12Z</time></trkpt>
			<trkpt lat="47.406990" lon="-1.174220"><ele>23</ele><time>2026-03-01T11:24:24Z</time></trkpt>
			<trkpt lat="47.406920" lon="-1.174320"><ele>23</ele><time>2026-03-01T11:24:36Z</time></trkpt>
			<trkpt lat="47.406810" lon="-1.174400"><ele>23</ele><time>2026-03-01T11:24:48Z</time></trkpt>
			<trkpt lat="47.406690" lon="-1.174460"><ele>23</ele><time>2026-03-01T11:25:00Z</time></trkpt>
			<trkpt lat="47.406570" lon="-1.174510"><ele>23</ele><time>2026-03-01T11:25:12Z</time></trkpt>
			<trkpt lat="47.406380" lon="-1.174570"><ele>23</ele><time>2026-03-01T11:25:24Z</time></trkpt>
			<trkpt lat="47.406230" lon="-1.174600"><ele>23</ele><time>2026-03-01T11:25:36Z</time></trkpt>
			<trkpt lat="47.405990" lon="-1.174610"><ele>23</ele><time>2026-03-01T11:25:48Z</time></trkpt>
			<trkpt lat="47.405510" lon="-1.174620"><ele>23</ele><time>2026-03-01T11:26:00Z</time></trkpt>
			<trkpt lat="47.404960" lon="-1.174610"><ele>22</ele><time>2026-03-01T11:26:12Z</time></trkpt>
			<trkpt lat="47.403790" lon="-1.174630"><ele>20</ele><time>2026-03-01T11:26:24Z</time></trkpt>
			<trkpt lat="47.403180" lon="-1.174640"><ele>19</ele><time>2026-03-01T11:26:36Z</time></trkpt>
			<trkpt lat="47.402970" lon="-1.174600"><ele>19</ele><time>2026-03-01T11:26:48Z</time></trkpt>
			<trkpt lat="47.402820" lon="-1.174540"><ele>19</ele><time>2026-03-01T11:27:00Z</time></trkpt>
			<trkpt lat="47.402610" lon="-1.174420"><ele>18</ele><time>2026-03-01T11:27:12Z</time></trkpt>
			<trkpt lat="47.402330" lon="-1.174260"><ele>18</ele><time>2026-03-01T11:27:24Z</time></trkpt>
			<trkpt lat="47.402230" lon="-1.174230"><ele>18</ele><time>2026-03-01T11:27:36Z</time></trkpt>
			<trkpt lat="47.402130" lon="-1.174200"><ele>18</ele><time>2026-03-01T11:27:48Z</time></trkpt>
			<trkpt lat="47.401980" lon="-1.174210"><ele>19</ele><time>2026-03-01T11:28:00Z</time></trkpt>
			<trkpt lat="47.401680" lon="-1.174310"><ele>19</ele><time>2026-03-01T11:28:12Z</time></trkpt>
			<trkpt lat="47.400730" lon="-1.174640"><ele>20</ele><time>2026-03-01T11:28:24Z</time></trkpt>
			<trkpt lat="47.400480" lon="-1.174760"><ele>22</ele><time>2026-03-01T11:28:36Z</time></trkpt>
			<trkpt lat="47.400400" lon="-1.174830"><ele>22</ele><time>2026-03-01T11:28:48Z</time></trkpt>
			<trkpt lat="47.400300" lon="-1.174930"><ele>23</ele><time>2026-03-01T11:29:00Z</time></trkpt>
			<trkpt lat="47.399580" lon="-1.175700"><ele>26</ele><time>2026-03-01T11:29:12Z</time></trkpt>
			<trkpt lat="47.399040" lon="-1.176260"><ele>27</ele><time>2026-03-01T11:29:24Z</time></trkpt>
			<trkpt lat="47.398970" lon="-1.176320"><ele>27</ele><time>2026-03-01T11:29:36Z</time></trkpt>
			<trkpt lat="47.398480" lon="-1.176640"><ele>27</ele><time>2026-03-01T11:29:48Z</time></trkpt>
			<trkpt lat="47.398330" lon="-1.176760"><ele>27</ele><time>2026-03-01T11:30:00Z</time></trkpt>
			<trkpt lat="47.398080" lon="-1.176950"><ele>26</ele><time>2026-03-01T11:30:12Z</time></trkpt>
			<trkpt lat="47.397680" lon="-1.177210"><ele>26</ele><time>2026-03-01T11:30:24Z</time></trkpt>
			<trkpt lat="47.397460" lon="-1.177370"><ele>26</ele><time>2026-03-01T11:30:36Z</time></trkpt>
			<trkpt lat="47.397400" lon="-1.177440"><ele>26</ele><time>2026-03-01T11:30:48Z</time></trkpt>
			<trkpt lat="47.397020" lon="-1.177890"><ele>24</ele><time>2026-03-01T11:31:00Z</time></trkpt>
			<trkpt lat="47.396900" lon="-1.178060"><ele>24</ele><time>2026-03-01T11:31:12Z</time></trkpt>
			<trkpt lat="47.396780" lon="-1.178220"><ele>23</ele><time>2026-03-01T11:31:24Z</time></trkpt>
			<trkpt lat="47.396490" lon="-1.178550"><ele>22</ele><time>2026-03-01T11:31:36Z</time></trkpt>
			<trkpt lat="47.396330" lon="-1.178710"><ele>21</ele><time>2026-03-01T11:31:48Z</time></trkpt>
			<trkpt lat="47.396060" lon="-1.178940"><ele>20</ele><time>2026-03-01T11:32:00Z</time></trkpt>
			<trkpt lat="47.395350" lon="-1.179580"><ele>16</ele><time>2026-03-01T11:32:12Z</time></trkpt>
			<trkpt lat="47.394960" lon="-1.179940"><ele>14</ele><time>2026-03-01T11:32:24Z</time></trkpt>
			<trkpt lat="47.394830" lon="-1.180090"><ele>14</ele><time>2026-03-01T11:32:36Z</time></trkpt>
			<trkpt lat="47.394530" lon="-1.180490"><ele>13</ele><time>2026-03-01T11:32:48Z</time></trkpt>
			<trkpt lat="47.394480" lon="-1.180440"><ele>13</ele><time>2026-03-01T11:33:00Z</time></trkpt>
			<trkpt lat="47.394040" lon="-1.180090"><ele>12</ele><time>2026-03-01T11:33:12Z</time></trkpt>
			<trkpt lat="47.393840" lon="-1.179970"><ele>11</ele><time>2026-03-01T11:33:24Z</time></trkpt>
			<trkpt lat="47.393640" lon="-1.179880"><ele>10</ele><time>2026-03-01T11:33:36Z</time></trkpt>
			<trkpt lat="47.393550" lon="-1.179850"><ele>10</ele><time>2026-03-01T11:33:48Z</time></trkpt>
			<trkpt lat="47.393270" lon="-1.179740"><ele>9</ele><time>2026-03-01T11:34:00Z</time></trkpt>
			<trkpt lat="47.392870" lon="-1.179630"><ele>9</ele><time>2026-03-01T11:34:12Z</time></trkpt>
			<trkpt lat="47.392590" lon="-1.179700"><ele>9</ele><time>2026-03-01T11:34:24Z</time></trkpt>
			<trkpt lat="47.392430" lon="-1.179790"><ele>9</ele><time>2026-03-01T11:34:36Z</time></trkpt>
			<trkpt lat="47.391900" lon="-1.180030"><ele>11</ele><time>2026-03-01T11:34:48Z</time></trkpt>
			<trkpt lat="47.391660" lon="-1.180120"><ele>12</ele><time>2026-03-01T11:35:00Z</time></trkpt>
			<trkpt lat="47.391420" lon="-1.180260"><ele>13</ele><time>2026-03-01T11:35:12Z</time></trkpt>
			<trkpt lat="47.391380" lon="-1.180310"><ele>13</ele><time>2026-03-01T11:35:24Z</time></trkpt>
			<trkpt lat="47.391350" lon="-1.180340"><ele>13</ele><time>2026-03-01T11:35:36Z</time></trkpt>
			<trkpt lat="47.391310" lon="-1.180350"><ele>13</ele><time>2026-03-01T11:35:48Z</time></trkpt>
			<trkpt lat="47.391270" lon="-1.180350"><ele>14</ele><time>2026-03-01T11:36:00Z</time></trkpt>
			<trkpt lat="47.391230" lon="-1.180330"><ele>14</ele><time>2026-03-01T11:36:12Z</time></trkpt>
			<trkpt lat="47.391190" lon="-1.180280"><ele>14</ele><time>2026-03-01T11:36:24Z</time></trkpt>
			<trkpt lat="47.391090" lon="-1.180240"><ele>15</ele><time>2026-03-01T11:36:36Z</time></trkpt>
			<trkpt lat="47.390900" lon="-1.180220"><ele>16</ele><time>2026-03-01T11:36:48Z</time></trkpt>
			<trkpt lat="47.390660" lon="-1.180230"><ele>17</ele><time>2026-03-01T11:37:00Z</time></trkpt>
			<trkpt lat="47.390270" lon="-1.180220"><ele>18</ele><time>2026-03-01T11:37:12Z</time></trkpt>
			<trkpt lat="47.390040" lon="-1.180180"><ele>18</ele><time>2026-03-01T11:37:24Z</time></trkpt>
			<trkpt lat="47.389270" lon="-1.179990"><ele>20</ele><time>2026-03-01T11:37:36Z</time></trkpt>
			<trkpt lat="47.388980" lon="-1.179930"><ele>20</ele><time>2026-03-01T11:37:48Z</time></trkpt>
			<trkpt lat="47.388510" lon="-1.179910"><ele>21</ele><time>2026-03-01T11:38:00Z</time></trkpt>
			<trkpt lat="47.387760" lon="-1.179920"><ele>21</ele><time>2026-03-01T11:38:12Z</time></trkpt>
			<trkpt lat="47.387620" lon="-1.179920"><ele>21</ele><time>2026-03-01T11:38:24Z</time></trkpt>
			<trkpt lat="47.387240" lon="-1.179910"><ele>21</ele><time>2026-03-01T11:38:36Z</time></trkpt>
			<trkpt lat="47.386940" lon="-1.179900"><ele>21</ele><time>2026-03-01T11:38:48Z</time></trkpt>
			<trkpt lat="47.386810" lon="-1.179880"><ele>21</ele><time>2026-03-01T11:39:00Z</time></trkpt>
			<trkpt lat="47.386660" lon="-1.179860"><ele>21</ele><time>2026-03-01T11:39:12Z</time></trkpt>
			<trkpt lat="47.386500" lon="-1.179840"><ele>21</ele><time>2026-03-01T11:39:24Z</time></trkpt>
			<trkpt lat="47.386350" lon="-1.179820"><ele>21</ele><time>2026-03-01T11:39:36Z</time></trkpt>
			<trkpt lat="47.385920" lon="-1.179710"><ele>20</ele><time>2026-03-01T11:39:48Z</time></trkpt>
			<trkpt lat="47.385780" lon="-1.179670"><ele>20</ele><time>2026-03-01T11:40:00Z</time></trkpt>
			<trkpt lat="47.385560" lon="-1.179620"><ele>20</ele><time>2026-03-01T11:40:12Z</time></trkpt>
			<trkpt lat="47.385280" lon="-1.179550"><ele>20</ele><time>2026-03-01T11:40:24Z</time></trkpt>
			<trkpt lat="47.384890" lon="-1.179500"><ele>20</ele><time>2026-03-01T11:40:36Z</time></trkpt>
			<trkpt lat="47.384620" lon="-1.179470"><ele>20</ele><time>2026-03-01T11:40:48Z</time></trkpt>
			<trkpt lat="47.384510" lon="-1.179460"><ele>20</ele><time>2026-03-01T11:41:00Z</time></trkpt>
			<trkpt lat="47.384280" lon="-1.179430"><ele>21</ele><time>2026-03-01T11:41:12Z</time></trkpt>
			<trkpt lat="47.383820" lon="-1.179370"><ele>20</ele><time>2026-03-01T11:41:24Z</time></trkpt>
			<trkpt lat="47.383180" lon="-1.179300"><ele>20</ele><time>2026-03-01T11:41:36Z</time></trkpt>
			<trkpt lat="47.382930" lon="-1.179270"><ele>20</ele><time>2026-03-01T11:41:48Z</time></trkpt>
			<trkpt lat="47.382790" lon="-1.179250"><ele>21</ele><time>2026-03-01T11:42:00Z</time></trkpt>
			<trkpt lat="47.382620" lon="-1.179240"><ele>21</ele><time>2026-03-01T11:42:12Z</time></trkpt>
			<trkpt lat="47.382090" lon="-1.179170"><ele>21</ele><time>2026-03-01T11:42:24Z</time></trkpt>
			<trkpt lat="47.381780" lon="-1.179150"><ele>20</ele><time>2026-03-01T11:42:36Z</time></trkpt>
			<trkpt lat="47.381600" lon="-1.179150"><ele>20</ele><time>2026-03-01T11:42:48Z</time></trkpt>
			<trkpt lat="47.381320" lon="-1.179210"><ele>21</ele><time>2026-03-01T11:43:00Z</time></trkpt>
			<trkpt lat="47.381160" lon="-1.179260"><ele>22</ele><time>2026-03-01T11:43:12Z</time></trkpt>
			<trkpt lat="47.380830" lon="-1.179380"><ele>23</ele><time>2026-03-01T11:43:24Z</time></trkpt>
			<trkpt lat="47.380540" lon="-1.179470"><ele>23</ele><time>2026-03-01T11:43:36Z</time></trkpt>
			<trkpt lat="47.380180" lon="-1.179540"><ele>24</ele><time>2026-03-01T11:43:48Z</time></trkpt>
			<trkpt lat="47.379660" lon="-1.179520"><ele>24</ele><time>2026-03-01T11:44:00Z</time></trkpt>
			<trkpt lat="47.379510" lon="-1.179500"><ele>24</ele><time>2026-03-01T11:44:12Z</time></trkpt>
			<trkpt lat="47.379130" lon="-1.179430"><ele>23</ele><time>2026-03-01T11:44:24Z</time></trkpt>
			<trkpt lat="47.378452" lon="-1.179251"><ele>23</ele><time>2026-03-01T11:44:36Z</time></trkpt>
			<trkpt lat="47.377363" lon="-1.179421"><ele>23</ele><time>2026-03-01T11:44:48Z</time></trkpt>
			<trkpt lat="47.376275" lon="-1.179592"><ele>23</ele><time>2026-03-01T11:45:00Z</time></trkpt>
			<trkpt lat="47.375186" lon="-1.179763"><ele>23</ele><time>2026-03-01T11:45:12Z</time></trkpt>
			<trkpt lat="47.374097" lon="-1.179933"><ele>23</ele><time>2026-03-01T11:45:24Z</time></trkpt>
			<trkpt lat="47.373009" lon="-1.180104"><ele>23</ele><time>2026-03-01T11:45:36Z</time></trkpt>
			<trkpt lat="47.371920" lon="-1.180275"><ele>23</ele><time>2026-03-01T11:45:48Z</time></trkpt>
			<trkpt lat="47.370831" lon="-1.180445"><ele>23</ele><time>2026-03-01T11:46:00Z</time></trkpt>
			<trkpt lat="47.369742" lon="-1.180616"><ele>23</ele><time>2026-03-01T11:46:12Z</time></trkpt>
			<trkpt lat="47.368654" lon="-1.180787"><ele>23</ele><time>2026-03-01T11:46:24Z</time></trkpt>
			<trkpt lat="47.367565" lon="-1.180957"><ele>23</ele><time>2026-03-01T11:46:36Z</time></trkpt>
			<trkpt lat="47.366476" lon="-1.181128"><ele>23</ele><time>2026-03-01T11:46:48Z</time></trkpt>
			<trkpt lat="47.365387" lon="-1.181299"><ele>23</ele><time>2026-03-01T11:47:00Z</time></trkpt>
			<trkpt lat="47.364299" lon="-1.181469"><ele>23</ele><time>2026-03-01T11:47:12Z</time></trkpt>
			<trkpt lat="47.363210" lon="-1.181640"><ele>23</ele><time>2026-03-01T11:47:24Z</time></trkpt>
		</trkseg>
	</trk>
</gpx>
