<?xml version="1.0" encoding="UTF-8" ?>
<gpx version="1.1" xmlns:xsi="http://www.w3.org/2001/XMLSchema-instance"
    xmlns="http://www.topografix.com/GPX/1/1"
    xsi:schemaLocation="http://www.topografix.com/GPX/1/1 http://www.topografix.com/GPX/1/1/gpx.xsd"
    creator="Club'O'Clock — jeu de démonstration">
	<trk>
		<name>Ouest 85 km</name>
		<trkseg>
			<trkpt lat="47.363210" lon="-1.181640"><ele>22</ele><time>2026-03-01T08:00:00Z</time></trkpt>
			<trkpt lat="47.364050" lon="-1.182684"><ele>22</ele><time>2026-03-01T08:00:12Z</time></trkpt>
			<trkpt lat="47.364890" lon="-1.183729"><ele>22</ele><time>2026-03-01T08:00:24Z</time></trkpt>
			<trkpt lat="47.365730" lon="-1.184773"><ele>22</ele><time>2026-03-01T08:00:36Z</time></trkpt>
			<trkpt lat="47.366570" lon="-1.185817"><ele>22</ele><time>2026-03-01T08:00:48Z</time></trkpt>
			<trkpt lat="47.367411" lon="-1.186862"><ele>22</ele><time>2026-03-01T08:01:00Z</time></trkpt>
			<trkpt lat="47.368251" lon="-1.187906"><ele>22</ele><time>2026-03-01T08:01:12Z</time></trkpt>
			<trkpt lat="47.369091" lon="-1.188950"><ele>22</ele><time>2026-03-01T08:01:24Z</time></trkpt>
			<trkpt lat="47.369931" lon="-1.189995"><ele>22</ele><time>2026-03-01T08:01:36Z</time></trkpt>
			<trkpt lat="47.370771" lon="-1.191039"><ele>22</ele><time>2026-03-01T08:01:48Z</time></trkpt>
			<trkpt lat="47.370780" lon="-1.191320"><ele>23</ele><time>2026-03-01T08:02:00Z</time></trkpt>
			<trkpt lat="47.370780" lon="-1.191570"><ele>23</ele><time>2026-03-01T08:02:12Z</time></trkpt>
			<trkpt lat="47.370780" lon="-1.191680"><ele>23</ele><time>2026-03-01T08:02:24Z</time></trkpt>
			<trkpt lat="47.370750" lon="-1.192000"><ele>24</ele><time>2026-03-01T08:02:36Z</time></trkpt>
			<trkpt lat="47.370700" lon="-1.192490"><ele>25</ele><time>2026-03-01T08:02:48Z</time></trkpt>
			<trkpt lat="47.370620" lon="-1.193350"><ele>27</ele><time>2026-03-01T08:03:00Z</time></trkpt>
			<trkpt lat="47.370570" lon="-1.193850"><ele>28</ele><time>2026-03-01T08:03:12Z</time></trkpt>
			<trkpt lat="47.370450" lon="-1.194910"><ele>30</ele><time>2026-03-01T08:03:24Z</time></trkpt>
			<trkpt lat="47.370450" lon="-1.195080"><ele>30</ele><time>2026-03-01T08:03:36Z</time></trkpt>
			<trkpt lat="47.370410" lon="-1.195420"><ele>31</ele><time>2026-03-01T08:03:48Z</time></trkpt>
			<trkpt lat="47.370360" lon="-1.195620"><ele>31</ele><time>2026-03-01T08:04:00Z</time></trkpt>
			<trkpt lat="47.370300" lon="-1.196040"><ele>32</ele><time>2026-03-01T08:04:12Z</time></trkpt>
			<trkpt lat="47.370270" lon="-1.196200"><ele>32</ele><time>2026-03-01T08:04:24Z</time></trkpt>
			<trkpt lat="47.370230" lon="-1.196430"><ele>33</ele><time>2026-03-01T08:04:36Z</time></trkpt>
			<trkpt lat="47.370220" lon="-1.196460"><ele>33</ele><time>2026-03-01T08:04:48Z</time></trkpt>
			<trkpt lat="47.370140" lon="-1.196830"><ele>34</ele><time>2026-03-01T08:05:00Z</time></trkpt>
			<trkpt lat="47.370090" lon="-1.197100"><ele>34</ele><time>2026-03-01T08:05:12Z</time></trkpt>
			<trkpt lat="47.370070" lon="-1.197210"><ele>34</ele><time>2026-03-01T08:05:24Z</time></trkpt>
			<trkpt lat="47.370010" lon="-1.197470"><ele>35</ele><time>2026-03-01T08:05:36Z</time></trkpt>
			<trkpt lat="47.369950" lon="-1.197660"><ele>35</ele><time>2026-03-01T08:05:48Z</time></trkpt>
			<trkpt lat="47.369920" lon="-1.197740"><ele>35</ele><time>2026-03-01T08:06:00Z</time></trkpt>
			<trkpt lat="47.369790" lon="-1.197970"><ele>36</ele><time>2026-03-01T08:06:12Z</time></trkpt>
			<trkpt lat="47.369730" lon="-1.198090"><ele>36</ele><time>2026-03-01T08:06:24Z</time></trkpt>
			<trkpt lat="47.369660" lon="-1.198300"><ele>36</ele><time>2026-03-01T08:06:36Z</time></trkpt>
			<trkpt lat="47.369620" lon="-1.198420"><ele>37</ele><time>2026-03-01T08:06:48Z</time></trkpt>
			<trkpt lat="47.369590" lon="-1.198560"><ele>37</ele><time>2026-03-01T08:07:00Z</time></trkpt>
			<trkpt lat="47.369530" lon="-1.198870"><ele>37</ele><time>2026-03-01T08:07:12Z</time></trkpt>
			<trkpt lat="47.369540" lon="-1.199210"><ele>37</ele><time>2026-03-01T08:07:24Z</time></trkpt>
			<trkpt lat="47.369310" lon="-1.200290"><ele>35</ele><time>2026-03-01T08:07:36Z</time></trkpt>
			<trkpt lat="47.369260" lon="-1.200510"><ele>34</ele><time>2026-03-01T08:07:48Z</time></trkpt>
			<trkpt lat="47.369140" lon="-1.201100"><ele>34</ele><time>2026-03-01T08:08:00Z</time></trkpt>
			<trkpt lat="47.369110" lon="-1.201250"><ele>34</ele><time>2026-03-01T08:08:12Z</time></trkpt>
			<trkpt lat="47.369050" lon="-1.201530"><ele>33</ele><time>2026-03-01T08:08:24Z</time></trkpt>
			<trkpt lat="47.368770" lon="-1.202950"><ele>35</ele><time>2026-03-01T08:08:36Z</time></trkpt>
			<trkpt lat="47.368740" lon="-1.203080"><ele>36</ele><time>2026-03-01T08:08:48Z</time></trkpt>
			<trkpt lat="47.368620" lon="-1.203690"><ele>37</ele><time>2026-03-01T08:09:00Z</time></trkpt>
			<trkpt lat="47.368600" lon="-1.203770"><ele>37</ele><time>2026-03-01T08:09:12Z</time></trkpt>
			<trkpt lat="47.368540" lon="-1.204080"><ele>38</ele><time>2026-03-01T08:09:24Z</time></trkpt>
			<trkpt lat="47.368530" lon="-1.204150"><ele>38</ele><time>2026-03-01T08:09:36Z</time></trkpt>
			<trkpt lat="47.368440" lon="-1.204630"><ele>38</ele><time>2026-03-01T08:09:48Z</time></trkpt>
			<trkpt lat="47.368390" lon="-1.204940"><ele>38</ele><time>2026-03-01T08:10:00Z</time></trkpt>
			<trkpt lat="47.368390" lon="-1.205070"><ele>38</ele><time>2026-03-01T08:10:12Z</time></trkpt>
			<trkpt lat="47.368370" lon="-1.205330"><ele>38</ele><time>2026-03-01T08:10:24Z</time></trkpt>
			<trkpt lat="47.368310" lon="-1.206560"><ele>39</ele><time>2026-03-01T08:10:36Z</time></trkpt>
			<trkpt lat="47.368300" lon="-1.207030"><ele>39</ele><time>2026-03-01T08:10:48Z</time></trkpt>
			<trkpt lat="47.368300" lon="-1.207210"><ele>40</ele><time>2026-03-01T08:11:00Z</time></trkpt>
			<trkpt lat="47.368330" lon="-1.207440"><ele>40</ele><time>2026-03-01T08:11:12Z</time></trkpt>
			<trkpt lat="47.368440" lon="-1.208000"><ele>40</ele><time>2026-03-01T08:11:24Z</time></trkpt>
			<trkpt lat="47.368450" lon="-1.208050"><ele>40</ele><time>2026-03-01T08:11:36Z</time></trkpt>
			<trkpt lat="47.368490" lon="-1.208280"><ele>40</ele><time>2026-03-01T08:11:48Z</time></trkpt>
			<trkpt lat="47.368600" lon="-1.209040"><ele>40</ele><time>2026-03-01T08:12:00Z</time></trkpt>
			<trkpt lat="47.368670" lon="-1.209560"><ele>41</ele><time>2026-03-01T08:12:12Z</time></trkpt>
			<trkpt lat="47.368730" lon="-1.210050"><ele>42</ele><time>2026-03-01T08:12:24Z</time></trkpt>
			<trkpt lat="47.368780" lon="-1.210520"><ele>42</ele><time>2026-03-01T08:12:36Z</time></trkpt>
			<trkpt lat="47.368790" lon="-1.210670"><ele>43</ele><time>2026-03-01T08:12:48Z</time></trkpt>
			<trkpt lat="47.368790" lon="-1.210940"><ele>43</ele><time>2026-03-01T08:13:00Z</time></trkpt>
			<trkpt lat="47.368780" lon="-1.211060"><ele>43</ele><time>2026-03-01T08:13:12Z</time></trkpt>
			<trkpt lat="47.368750" lon="-1.211300"><ele>43</ele><time>2026-03-01T08:13:24Z</time></trkpt>
			<trkpt lat="47.368670" lon="-1.211680"><ele>43</ele><time>2026-03-01T08:13:36Z</time></trkpt>
			<trkpt lat="47.368630" lon="-1.211820"><ele>43</ele><time>2026-03-01T08:13:48Z</time></trkpt>
			<trkpt lat="47.368590" lon="-1.211920"><ele>43</ele><time>2026-03-01T08:14:00Z</time></trkpt>
			<trkpt lat="47.368510" lon="-1.212040"><ele>42</ele><time>2026-03-01T08:14:12Z</time></trkpt>
			<trkpt lat="47.368420" lon="-1.212130"><ele>42</ele><time>2026-03-01T08:14:24Z</time></trkpt>
			<trkpt lat="47.368340" lon="-1.212190"><ele>42</ele><time>2026-03-01T08:14:36Z</time></trkpt>
			<trkpt lat="47.368160" lon="-1.212290"><ele>42</ele><time>2026-03-01T08:14:48Z</time></trkpt>
			<trkpt lat="47.368200" lon="-1.212500"><ele>42</ele><time>2026-03-01T08:15:00Z</time></trkpt>
			<trkpt lat="47.368190" lon="-1.212870"><ele>43</ele><time>2026-03-01T08:15:12Z</time></trkpt>
			<trkpt lat="47.368240" lon="-1.213050"><ele>43</ele><time>2026-03-01T08:15:24Z</time></trkpt>
			<trkpt lat="47.368390" lon="-1.213150"><ele>44</ele><time>2026-03-01T08:15:36Z</time></trkpt>
			<trkpt lat="47.368420" lon="-1.213120"><ele>44</ele><time>2026-03-01T08:15:48Z</time></trkpt>
			<trkpt lat="47.368470" lon="-1.213080"><ele>44</ele><time>2026-03-01T08:16:00Z</time></trkpt>
			<trkpt lat="47.368500" lon="-1.213070"><ele>44</ele><time>2026-03-01T08:16:12Z</time></trkpt>
			<trkpt lat="47.368570" lon="-1.213060"><ele>44</ele><time>2026-03-01T08:16:24Z</time></trkpt>
			<trkpt lat="47.368650" lon="-1.213100"><ele>44</ele><time>2026-03-01T08:16:36Z</time></trkpt>
			<trkpt lat="47.368730" lon="-1.213180"><ele>44</ele><time>2026-03-01T08:16:48Z</time></trkpt>
			<trkpt lat="47.368760" lon="-1.213240"><ele>44</ele><time>2026-03-01T08:17:00Z</time></trkpt>
			<trkpt lat="47.368790" lon="-1.213320"><ele>45</ele><time>2026-03-01T08:17:12Z</time></trkpt>
			<trkpt lat="47.368800" lon="-1.213440"><ele>45</ele><time>2026-03-01T08:17:24Z</time></trkpt>
			<trkpt lat="47.368790" lon="-1.213570"><ele>45</ele><time>2026-03-01T08:17:36Z</time></trkpt>
			<trkpt lat="47.368770" lon="-1.213630"><ele>45</ele><time>2026-03-01T08:17:48Z</time></trkpt>
			<trkpt lat="47.368770" lon="-1.213780"><ele>45</ele><time>2026-03-01T08:18:00Z</time></trkpt>
			<trkpt lat="47.368810" lon="-1.214120"><ele>45</ele><time>2026-03-01T08:18:12Z</time></trkpt>
			<trkpt lat="47.368860" lon="-1.214250"><ele>45</ele><time>2026-03-01T08:18:24Z</time></trkpt>
			<trkpt lat="47.369350" lon="-1.216170"><ele>45</ele><time>2026-03-01T08:18:36Z</time></trkpt>
			<trkpt lat="47.369410" lon="-1.216430"><ele>45</ele><time>2026-03-01T08:18:48Z</time></trkpt>
			<trkpt lat="47.369490" lon="-1.216900"><ele>46</ele><time>2026-03-01T08:19:00Z</time></trkpt>
			<trkpt lat="47.369710" lon="-1.218420"><ele>47</ele><time>2026-03-01T08:19:12Z</time></trkpt>
			<trkpt lat="47.369770" lon="-1.218870"><ele>47</ele><time>2026-03-01T08:19:24Z</time></trkpt>
			<trkpt lat="47.369940" lon="-1.220180"><ele>47</ele><time>2026-03-01T08:19:36Z</time></trkpt>
			<trkpt lat="47.370020" lon="-1.220730"><ele>48</ele><time>2026-03-01T08:19:48Z</time></trkpt>
			<trkpt lat="47.370060" lon="-1.220970"><ele>48</ele><time>2026-03-01T08:20:00Z</time></trkpt>
			<trkpt lat="47.370260" lon="-1.221760"><ele>47</ele><time>2026-03-01T08:20:12Z</time></trkpt>
			<trkpt lat="47.370900" lon="-1.224370"><ele>44</ele><time>2026-03-01T08:20:24Z</time></trkpt>
			<trkpt lat="47.371290" lon="-1.225980"><ele>44</ele><time>2026-03-01T08:20:36Z</time></trkpt>
			<trkpt lat="47.373090" lon="-1.233310"><ele>46</ele><time>2026-03-01T08:20:48Z</time></trkpt>
			<trkpt lat="47.373490" lon="-1.234930"><ele>47</ele><time>2026-03-01T08:21:00Z</time></trkpt>
			<trkpt lat="47.375260" lon="-1.242200"><ele>47</ele><time>2026-03-01T08:21:12Z</time></trkpt>
			<trkpt lat="47.375460" lon="-1.242960"><ele>46</ele><time>2026-03-01T08:21:24Z</time></trkpt>
			<trkpt lat="47.375750" lon="-1.243940"><ele>45</ele><time>2026-03-01T08:21:36Z</time></trkpt>
			<trkpt lat="47.376200" lon="-1.245420"><ele>43</ele><time>2026-03-01T08:21:48Z</time></trkpt>
			<trkpt lat="47.376680" lon="-1.247050"><ele>41</ele><time>2026-03-01T08:22:00Z</time></trkpt>
			<trkpt lat="47.377370" lon="-1.249300"><ele>40</ele><time>2026-03-01T08:22:12Z</time></trkpt>
			<trkpt lat="47.377790" lon="-1.250720"><ele>40</ele><time>2026-03-01T08:22:24Z</time></trkpt>
			<trkpt lat="47.379070" lon="-1.254990"><ele>39</ele><time>2026-03-01T08:22:36Z</time></trkpt>
			<trkpt lat="47.379120" lon="-1.254940"><ele>39</ele><time>2026-03-01T08:22:48Z</time></trkpt>
			<trkpt lat="47.379070" lon="-1.254990"><ele>39</ele><time>2026-03-01T08:23:00Z</time></trkpt>
			<trkpt lat="47.379050" lon="-1.255040"><ele>39</ele><time>2026-03-01T08:23:12Z</time></trkpt>
			<trkpt lat="47.378820" lon="-1.255270"><ele>39</ele><time>2026-03-01T08:23:24Z</time></trkpt>
			<trkpt lat="47.378620" lon="-1.255390"><ele>39</ele><time>2026-03-01T08:23:36Z</time></trkpt>
			<trkpt lat="47.378430" lon="-1.255460"><ele>39</ele><time>2026-03-01T08:23:48Z</time></trkpt>
			<trkpt lat="47.378190" lon="-1.255460"><ele>40</ele><time>2026-03-01T08:24:00Z</time></trkpt>
			<trkpt lat="47.377500" lon="-1.255340"><ele>41</ele><time>2026-03-01T08:24:12Z</time></trkpt>
			<trkpt lat="47.377240" lon="-1.255310"><ele>41</ele><time>2026-03-01T08:24:24Z</time></trkpt>
			<trkpt lat="47.377090" lon="-1.255320"><ele>42</ele><time>2026-03-01T08:24:36Z</time></trkpt>
			<trkpt lat="47.376900" lon="-1.255420"><ele>42</ele><time>2026-03-01T08:24:48Z</time></trkpt>
			<trkpt lat="47.376790" lon="-1.255520"><ele>42</ele><time>2026-03-01T08:25:00Z</time></trkpt>
			<trkpt lat="47.376410" lon="-1.255970"><ele>44</ele><time>2026-03-01T08:25:12Z</time></trkpt>
			<trkpt lat="47.375640" lon="-1.256880"><ele>48</ele><time>2026-03-01T08:25:24Z</time></trkpt>
			<trkpt lat="47.375210" lon="-1.257430"><ele>50</ele><time>2026-03-01T08:25:36Z</time></trkpt>
			<trkpt lat="47.374960" lon="-1.257880"><ele>51</ele><time>2026-03-01T08:25:48Z</time></trkpt>
			<trkpt lat="47.374790" lon="-1.258300"><ele>52</ele><time>2026-03-01T08:26:00Z</time></trkpt>
			<trkpt lat="47.374640" lon="-1.258660"><ele>53</ele><time>2026-03-01T08:26:12Z</time></trkpt>
			<trkpt lat="47.374450" lon="-1.258950"><ele>54</ele><time>2026-03-01T08:26:24Z</time></trkpt>
			<trkpt lat="47.373920" lon="-1.259500"><ele>55</ele><time>2026-03-01T08:26:36Z</time></trkpt>
			<trkpt lat="47.373210" lon="-1.260260"><ele>55</ele><time>2026-03-01T08:26:48Z</time></trkpt>
			<trkpt lat="47.372650" lon="-1.260750"><ele>52</ele><time>2026-03-01T08:27:00Z</time></trkpt>
			<trkpt lat="47.372560" lon="-1.260800"><ele>51</ele><time>2026-03-01T08:27:12Z</time></trkpt>
			<trkpt lat="47.371450" lon="-1.261750"><ele>47</ele><time>2026-03-01T08:27:24Z</time></trkpt>
			<trkpt lat="47.369210" lon="-1.263610"><ele>50</ele><time>2026-03-01T08:27:36Z</time></trkpt>
			<trkpt lat="47.367160" lon="-1.265290"><ele>55</ele><time>2026-03-01T08:27:48Z</time></trkpt>
			<trkpt lat="47.367050" lon="-1.265400"><ele>56</ele><time>2026-03-01T08:28:00Z</time></trkpt>
			<trkpt lat="47.366950" lon="-1.265510"><ele>56</ele><time>2026-03-01T08:28:12Z</time></trkpt>
			<trkpt lat="47.366910" lon="-1.265650"><ele>56</ele><time>2026-03-01T08:28:24Z</time></trkpt>
			<trkpt lat="47.366880" lon="-1.265790"><ele>56</ele><time>2026-03-01T08:28:36Z</time></trkpt>
			<trkpt lat="47.366700" lon="-1.267460"><ele>60</ele><time>2026-03-01T08:28:48Z</time></trkpt>
			<trkpt lat="47.366620" lon="-1.267700"><ele>60</ele><time>2026-03-01T08:29:00Z</time></trkpt>
			<trkpt lat="47.366710" lon="-1.267790"><ele>60</ele><time>2026-03-01T08:29:12Z</time></trkpt>
			<trkpt lat="47.367780" lon="-1.269000"><ele>56</ele><time>2026-03-01T08:29:24Z</time></trkpt>
			<trkpt lat="47.368450" lon="-1.269740"><ele>54</ele><time>2026-03-01T08:29:36Z</time></trkpt>
			<trkpt lat="47.368530" lon="-1.269840"><ele>54</ele><time>2026-03-01T08:29:48Z</time></trkpt>
			<trkpt lat="47.368560" lon="-1.269910"><ele>54</ele><time>2026-03-01T08:30:00Z</time></trkpt>
			<trkpt lat="47.368590" lon="-1.269980"><ele>54</ele><time>2026-03-01T08:30:12Z</time></trkpt>
			<trkpt lat="47.368600" lon="-1.270090"><ele>54</ele><time>2026-03-01T08:30:24Z</time></trkpt>
			<trkpt lat="47.368600" lon="-1.270160"><ele>54</ele><time>2026-03-01T08:30:36Z</time></trkpt>
			<trkpt lat="47.368490" lon="-1.270180"><ele>55</ele><time>2026-03-01T08:30:48Z</time></trkpt>
			<trkpt lat="47.368330" lon="-1.270250"><ele>55</ele><time>2026-03-01T08:31:00Z</time></trkpt>
			<trkpt lat="47.367930" lon="-1.270500"><ele>57</ele><time>2026-03-01T08:31:12Z</time></trkpt>
			<trkpt lat="47.367070" lon="-1.271010"><ele>59</ele><time>2026-03-01T08:31:24Z</time></trkpt>
			<trkpt lat="47.366530" lon="-1.271340"><ele>61</ele><time>2026-03-01T08:31:36Z</time></trkpt>
			<trkpt lat="47.366250" lon="-1.271510"><ele>61</ele><time>2026-03-01T08:31:48Z</time></trkpt>
			<trkpt lat="47.365190" lon="-1.272150"><ele>62</ele><time>2026-03-01T08:32:00Z</time></trkpt>
			<trkpt lat="47.364500" lon="-1.272560"><ele>60</ele><time>2026-03-01T08:32:12Z</time></trkpt>
			<trkpt lat="47.364220" lon="-1.272700"><ele>60</ele><time>2026-03-01T08:32:24Z</time></trkpt>
			<trkpt lat="47.363840" lon="-1.272860"><ele>59</ele><time>2026-03-01T08:32:36Z</time></trkpt>
			<trkpt lat="47.363520" lon="-1.272940"><ele>58</ele><time>2026-03-01T08:32:48Z</time></trkpt>
			<trkpt lat="47.363150" lon="-1.272990"><ele>57</ele><time>2026-03-01T08:33:00Z</time></trkpt>
			<trkpt lat="47.362020" lon="-1.273090"><ele>54</ele><time>2026-03-01T08:33:12Z</time></trkpt>
			<trkpt lat="47.361850" lon="-1.273150"><ele>54</ele><time>2026-03-01T08:33:24Z</time></trkpt>
			<trkpt lat="47.361750" lon="-1.273200"><ele>53</ele><time>2026-03-01T08:33:36Z</time></trkpt>
			<trkpt lat="47.361650" lon="-1.273270"><ele>53</ele><time>2026-03-01T08:33:48Z</time></trkpt>
			<trkpt lat="47.361550" lon="-1.273350"><ele>54</ele><time>2026-03-01T08:34:00Z</time></trkpt>
			<trkpt lat="47.361450" lon="-1.273480"><ele>54</ele><time>2026-03-01T08:34:12Z</time></trkpt>
			<trkpt lat="47.361180" lon="-1.273860"><ele>54</ele><time>2026-03-01T08:34:24Z</time></trkpt>
			<trkpt lat="47.360470" lon="-1.274930"><ele>58</ele><time>2026-03-01T08:34:36Z</time></trkpt>
			<trkpt lat="47.360370" lon="-1.275070"><ele>59</ele><time>2026-03-01T08:34:48Z</time></trkpt>
			<trkpt lat="47.360290" lon="-1.275210"><ele>60</ele><time>2026-03-01T08:35:00Z</time></trkpt>
			<trkpt lat="47.360200" lon="-1.275410"><ele>61</ele><time>2026-03-01T08:35:12Z</time></trkpt>
			<trkpt lat="47.360100" lon="-1.275650"><ele>61</ele><time>2026-03-01T08:35:24Z</time></trkpt>
			<trkpt lat="47.360030" lon="-1.275880"><ele>62</ele><time>2026-03-01T08:35:36Z</time></trkpt>
			<trkpt lat="47.359700" lon="-1.277130"><ele>66</ele><time>2026-03-01T08:35:48Z</time></trkpt>
			<trkpt lat="47.359510" lon="-1.277900"><ele>69</ele><time>2026-03-01T08:36:00Z</time></trkpt>
			<trkpt lat="47.359400" lon="-1.278330"><ele>71</ele><time>2026-03-01T08:36:12Z</time></trkpt>
			<trkpt lat="47.359280" lon="-1.278800"><ele>71</ele><time>2026-03-01T08:36:24Z</time></trkpt>
			<trkpt lat="47.358980" lon="-1.279960"><ele>70</ele><time>2026-03-01T08:36:36Z</time></trkpt>
			<trkpt lat="47.358880" lon="-1.280340"><ele>70</ele><time>2026-03-01T08:36:48Z</time></trkpt>
			<trkpt lat="47.358760" lon="-1.280880"><ele>69</ele><time>2026-03-01T08:37:00Z</time></trkpt>
			<trkpt lat="47.358730" lon="-1.281230"><ele>70</ele><time>2026-03-01T08:37:12Z</time></trkpt>
			<trkpt lat="47.358740" lon="-1.281780"><ele>69</ele><time>2026-03-01T08:37:24Z</time></trkpt>
			<trkpt lat="47.358750" lon="-1.282450"><ele>69</ele><time>2026-03-01T08:37:36Z</time></trkpt>
			<trkpt lat="47.358740" lon="-1.282650"><ele>68</ele><time>2026-03-01T08:37:48Z</time></trkpt>
			<trkpt lat="47.358730" lon="-1.282730"><ele>68</ele><time>2026-03-01T08:38:00Z</time></trkpt>
			<trkpt lat="47.358680" lon="-1.282890"><ele>68</ele><time>2026-03-01T08:38:12Z</time></trkpt>
			<trkpt lat="47.358620" lon="-1.283000"><ele>68</ele><time>2026-03-01T08:38:24Z</time></trkpt>
			<trkpt lat="47.358550" lon="-1.283070"><ele>68</ele><time>2026-03-01T08:38:36Z</time></trkpt>
			<trkpt lat="47.358510" lon="-1.283120"><ele>68</ele><time>2026-03-01T08:38:48Z</time></trkpt>
			<trkpt lat="47.358440" lon="-1.283160"><ele>68</ele><time>2026-03-01T08:39:00Z</time></trkpt>
			<trkpt lat="47.358300" lon="-1.283230"><ele>68</ele><time>2026-03-01T08:39:12Z</time></trkpt>
			<trkpt lat="47.358140" lon="-1.283280"><ele>68</ele><time>2026-03-01T08:39:24Z</time></trkpt>
			<trkpt lat="47.358120" lon="-1.283290"><ele>68</ele><time>2026-03-01T08:39:36Z</time></trkpt>
			<trkpt lat="47.356200" lon="-1.283850"><ele>64</ele><time>2026-03-01T08:39:48Z</time></trkpt>
			<trkpt lat="47.355290" lon="-1.284100"><ele>59</ele><time>2026-03-01T08:40:00Z</time></trkpt>
			<trkpt lat="47.354590" lon="-1.284310"><ele>56</ele><time>2026-03-01T08:40:12Z</time></trkpt>
			<trkpt lat="47.354340" lon="-1.284390"><ele>54</ele><time>2026-03-01T08:40:24Z</time></trkpt>
			<trkpt lat="47.354220" lon="-1.284490"><ele>53</ele><time>2026-03-01T08:40:36Z</time></trkpt>
			<trkpt lat="47.354230" lon="-1.284520"><ele>52</ele><time>2026-03-01T08:40:48Z</time></trkpt>
			<trkpt lat="47.354250" lon="-1.284600"><ele>52</ele><time>2026-03-01T08:41:00Z</time></trkpt>
			<trkpt lat="47.354240" lon="-1.284660"><ele>51</ele><time>2026-03-01T08:41:12Z</time></trkpt>
			<trkpt lat="47.354220" lon="-1.284710"><ele>50</ele><time>2026-03-01T08:41:24Z</time></trkpt>
			<trkpt lat="47.354200" lon="-1.284730"><ele>50</ele><time>2026-03-01T08:41:36Z</time></trkpt>
			<trkpt lat="47.354160" lon="-1.284750"><ele>50</ele><time>2026-03-01T08:41:48Z</time></trkpt>
			<trkpt lat="47.354110" lon="-1.284740"><ele>50</ele><time>2026-03-01T08:42:00Z</time></trkpt>
			<trkpt lat="47.354090" lon="-1.284720"><ele>50</ele><time>2026-03-01T08:42:12Z</time></trkpt>
			<trkpt lat="47.354060" lon="-1.284690"><ele>50</ele><time>2026-03-01T08:42:24Z</time></trkpt>
			<trkpt lat="47.354050" lon="-1.284650"><ele>51</ele><time>2026-03-01T08:42:36Z</time></trkpt>
			<trkpt lat="47.354050" lon="-1.284600"><ele>51</ele><time>2026-03-01T08:42:48Z</time></trkpt>
			<trkpt lat="47.353810" lon="-1.284590"><ele>51</ele><time>2026-03-01T08:43:00Z</time></trkpt>
			<trkpt lat="47.353650" lon="-1.284590"><ele>50</ele><time>2026-03-01T08:43:12Z</time></trkpt>
			<trkpt lat="47.353160" lon="-1.284720"><ele>49</ele><time>2026-03-01T08:43:24Z</time></trkpt>
			<trkpt lat="47.353010" lon="-1.284770"><ele>49</ele><time>2026-03-01T08:43:36Z</time></trkpt>
			<trkpt lat="47.352660" lon="-1.284910"><ele>50</ele><time>2026-03-01T08:43:48Z</time></trkpt>
			<trkpt lat="47.352520" lon="-1.285000"><ele>50</ele><time>2026-03-01T08:44:00Z</time></trkpt>
			<trkpt lat="47.352380" lon="-1.285120"><ele>49</ele><time>2026-03-01T08:44:12Z</time></trkpt>
			<trkpt lat="47.352240" lon="-1.285260"><ele>49</ele><time>2026-03-01T08:44:24Z</time></trkpt>
			<trkpt lat="47.352090" lon="-1.285440"><ele>48</ele><time>2026-03-01T08:44:36Z</time></trkpt>
			<trkpt lat="47.351830" lon="-1.285840"><ele>46</ele><time>2026-03-01T08:44:48Z</time></trkpt>
			<trkpt lat="47.351690" lon="-1.286050"><ele>45</ele><time>2026-03-01T08:45:00Z</time></trkpt>
			<trkpt lat="47.351440" lon="-1.286460"><ele>45</ele><time>2026-03-01T08:45:12Z</time></trkpt>
			<trkpt lat="47.351300" lon="-1.286750"><ele>44</ele><time>2026-03-01T08:45:24Z</time></trkpt>
			<trkpt lat="47.351060" lon="-1.287320"><ele>39</ele><time>2026-03-01T08:45:36Z</time></trkpt>
			<trkpt lat="47.350980" lon="-1.287470"><ele>38</ele><time>2026-03-01T08:45:48Z</time></trkpt>
			<trkpt lat="47.350900" lon="-1.287570"><ele>37</ele><time>2026-03-01T08:46:00Z</time></trkpt>
			<trkpt lat="47.350770" lon="-1.287700"><ele>35</ele><time>2026-03-01T08:46:12Z</time></trkpt>
			<trkpt lat="47.350640" lon="-1.287790"><ele>34</ele><time>2026-03-01T08:46:24Z</time></trkpt>
			<trkpt lat="47.350350" lon="-1.287920"><ele>32</ele><time>2026-03-01T08:46:36Z</time></trkpt>
			<trkpt lat="47.350180" lon="-1.287990"><ele>31</ele><time>2026-03-01T08:46:48Z</time></trkpt>
			<trkpt lat="47.350030" lon="-1.288040"><ele>31</ele><time>2026-03-01T08:47:00Z</time></trkpt>
			<trkpt lat="47.349790" lon="-1.288080"><ele>29</ele><time>2026-03-01T08:47:12Z</time></trkpt>
			<trkpt lat="47.349430" lon="-1.288050"><ele>27</ele><time>2026-03-01T08:47:24Z</time></trkpt>
			<trkpt lat="47.349290" lon="-1.288030"><ele>27</ele><time>2026-03-01T08:47:36Z</time></trkpt>
			<trkpt lat="47.349030" lon="-1.287960"><ele>27</ele><time>2026-03-01T08:47:48Z</time></trkpt>
			<trkpt lat="47.348690" lon="-1.287860"><ele>26</ele><time>2026-03-01T08:48:00Z</time></trkpt>
			<trkpt lat="47.348100" lon="-1.287660"><ele>23</ele><time>2026-03-01T08:48:12Z</time></trkpt>
			<trkpt lat="47.347830" lon="-1.287580"><ele>21</ele><time>2026-03-01T08:48:24Z</time></trkpt>
			<trkpt lat="47.347710" lon="-1.287510"><ele>20</ele><time>2026-03-01T08:48:36Z</time></trkpt>
			<trkpt lat="47.347590" lon="-1.287420"><ele>19</ele><time>2026-03-01T08:48:48Z</time></trkpt>
			<trkpt lat="47.347460" lon="-1.287280"><ele>18</ele><time>2026-03-01T08:49:00Z</time></trkpt>
			<trkpt lat="47.347090" lon="-1.286830"><ele>17</ele><time>2026-03-01T08:49:12Z</time></trkpt>
			<trkpt lat="47.346790" lon="-1.286450"><ele>16</ele><time>2026-03-01T08:49:24Z</time></trkpt>
			<trkpt lat="47.346560" lon="-1.286110"><ele>15</ele><time>2026-03-01T08:49:36Z</time></trkpt>
			<trkpt lat="47.346530" lon="-1.286080"><ele>15</ele><time>2026-03-01T08:49:48Z</time></trkpt>
			<trkpt lat="47.346500" lon="-1.285990"><ele>14</ele><time>2026-03-01T08:50:00Z</time></trkpt>
			<trkpt lat="47.346330" lon="-1.286280"><ele>13</ele><time>2026-03-01T08:50:12Z</time></trkpt>
			<trkpt lat="47.346220" lon="-1.286460"><ele>12</ele><time>2026-03-01T08:50:24Z</time></trkpt>
			<trkpt lat="47.346100" lon="-1.286720"><ele>11</ele><time>2026-03-01T08:50:36Z</time></trkpt>
			<trkpt lat="47.345990" lon="-1.286950"><ele>10</ele><time>2026-03-01T08:50:48Z</time></trkpt>
			<trkpt lat="47.345940" lon="-1.287060"><ele>10</ele><time>2026-03-01T08:51:00Z</time></trkpt>
			<trkpt lat="47.345840" lon="-1.287380"><ele>9</ele><time>2026-03-01T08:51:12Z</time></trkpt>
			<trkpt lat="47.345750" lon="-1.287690"><ele>9</ele><time>2026-03-01T08:51:24Z</time></trkpt>
			<trkpt lat="47.345640" lon="-1.288070"><ele>9</ele><time>2026-03-01T08:51:36Z</time></trkpt>
			<trkpt lat="47.345630" lon="-1.288130"><ele>9</ele><time>2026-03-01T08:51:48Z</time></trkpt>
			<trkpt lat="47.345550" lon="-1.288490"><ele>10</ele><time>2026-03-01T08:52:00Z</time></trkpt>
			<trkpt lat="47.345530" lon="-1.288590"><ele>11</ele><time>2026-03-01T08:52:12Z</time></trkpt>
			<trkpt lat="47.345500" lon="-1.288670"><ele>12</ele><time>2026-03-01T08:52:24Z</time></trkpt>
			<trkpt lat="47.345490" lon="-1.288720"><ele>12</ele><time>2026-03-01T08:52:36Z</time></trkpt>
			<trkpt lat="47.345480" lon="-1.288760"><ele>12</ele><time>2026-03-01T08:52:48Z</time></trkpt>
			<trkpt lat="47.345450" lon="-1.288820"><ele>13</ele><time>2026-03-01T08:53:00Z</time></trkpt>
			<trkpt lat="47.345390" lon="-1.288980"><ele>14</ele><time>2026-03-01T08:53:12Z</time></trkpt>
			<trkpt lat="47.345100" lon="-1.289540"><ele>16</ele><time>2026-03-01T08:53:24Z</time></trkpt>
			<trkpt lat="47.344990" lon="-1.289760"><ele>16</ele><time>2026-03-01T08:53:36Z</time></trkpt>
			<trkpt lat="47.344880" lon="-1.290010"><ele>16</ele><time>2026-03-01T08:53:48Z</time></trkpt>
			<trkpt lat="47.344770" lon="-1.290330"><ele>15</ele><time>2026-03-01T08:54:00Z</time></trkpt>
			<trkpt lat="47.344730" lon="-1.290470"><ele>15</ele><time>2026-03-01T08:54:12Z</time></trkpt>
			<trkpt lat="47.344600" lon="-1.290970"><ele>14</ele><time>2026-03-01T08:54:24Z</time></trkpt>
			<trkpt lat="47.344580" lon="-1.291060"><ele>13</ele><time>2026-03-01T08:54:36Z</time></trkpt>
			<trkpt lat="47.344570" lon="-1.291130"><ele>13</ele><time>2026-03-01T08:54:48Z</time></trkpt>
			<trkpt lat="47.344570" lon="-1.291220"><ele>13</ele><time>2026-03-01T08:55:00Z</time></trkpt>
			<trkpt lat="47.344590" lon="-1.291300"><ele>13</ele><time>2026-03-01T08:55:12Z</time></trkpt>
			<trkpt lat="47.344430" lon="-1.291270"><ele>11</ele><time>2026-03-01T08:55:24Z</time></trkpt>
			<trkpt lat="47.344380" lon="-1.291260"><ele>11</ele><time>2026-03-01T08:55:36Z</time></trkpt>
			<trkpt lat="47.344390" lon="-1.291920"><ele>10</ele><time>2026-03-01T08:55:48Z</time></trkpt>
			<trkpt lat="47.344400" lon="-1.292780"><ele>10</ele><time>2026-03-01T08:56:00Z</time></trkpt>
			<trkpt lat="47.344410" lon="-1.294050"><ele>9</ele><time>2026-03-01T08:56:12Z</time></trkpt>
			<trkpt lat="47.344400" lon="-1.294260"><ele>9</ele><time>2026-03-01T08:56:24Z</time></trkpt>
			<trkpt lat="47.344390" lon="-1.294490"><ele>10</ele><time>2026-03-01T08:56:36Z</time></trkpt>
			<trkpt lat="47.344260" lon="-1.295440"><ele>10</ele><time>2026-03-01T08:56:48Z</time></trkpt>
			<trkpt lat="47.344160" lon="-1.296090"><ele>10</ele><time>2026-03-01T08:57:00Z</time></trkpt>
			<trkpt lat="47.344110" lon="-1.296340"><ele>10</ele><time>2026-03-01T08:57:12Z</time></trkpt>
			<trkpt lat="47.344030" lon="-1.296560"><ele>10</ele><time>2026-03-01T08:57:24Z</time></trkpt>
			<trkpt lat="47.343680" lon="-1.297240"><ele>10</ele><time>2026-03-01T08:57:36Z</time></trkpt>
			<trkpt lat="47.343210" lon="-1.298260"><ele>10</ele><time>2026-03-01T08:57:48Z</time></trkpt>
			<trkpt lat="47.342790" lon="-1.299540"><ele>10</ele><time>2026-03-01T08:58:00Z</time></trkpt>
			<trkpt lat="47.342750" lon="-1.299730"><ele>10</ele><time>2026-03-01T08:58:12Z</time></trkpt>
			<trkpt lat="47.342730" lon="-1.299880"><ele>10</ele><time>2026-03-01T08:58:24Z</time></trkpt>
			<trkpt lat="47.342740" lon="-1.300090"><ele>11</ele><time>2026-03-01T08:58:36Z</time></trkpt>
			<trkpt lat="47.342760" lon="-1.300220"><ele>11</ele><time>2026-03-01T08:58:48Z</time></trkpt>
			<trkpt lat="47.342920" lon="-1.300760"><ele>12</ele><time>2026-03-01T08:59:00Z</time></trkpt>
			<trkpt lat="47.343030" lon="-1.301080"><ele>14</ele><time>2026-03-01T08:59:12Z</time></trkpt>
			<trkpt lat="47.343050" lon="-1.301300"><ele>16</ele><time>2026-03-01T08:59:24Z</time></trkpt>
			<trkpt lat="47.343060" lon="-1.301490"><ele>18</ele><time>2026-03-01T08:59:36Z</time></trkpt>
			<trkpt lat="47.343020" lon="-1.301640"><ele>19</ele><time>2026-03-01T08:59:48Z</time></trkpt>
			<trkpt lat="47.342950" lon="-1.301800"><ele>19</ele><time>2026-03-01T09:00:00Z</time></trkpt>
			<trkpt lat="47.342840" lon="-1.301950"><ele>20</ele><time>2026-03-01T09:00:12Z</time></trkpt>
			<trkpt lat="47.342470" lon="-1.302320"><ele>19</ele><time>2026-03-01T09:00:24Z</time></trkpt>
			<trkpt lat="47.342350" lon="-1.302500"><ele>19</ele><time>2026-03-01T09:00:36Z</time></trkpt>
			<trkpt lat="47.342290" lon="-1.302680"><ele>20</ele><time>2026-03-01T09:00:48Z</time></trkpt>
			<trkpt lat="47.342150" lon="-1.303240"><ele>22</ele><time>2026-03-01T09:01:00Z</time></trkpt>
			<trkpt lat="47.342130" lon="-1.303490"><ele>23</ele><time>2026-03-01T09:01:12Z</time></trkpt>
			<trkpt lat="47.342120" lon="-1.303740"><ele>25</ele><time>2026-03-01T09:01:24Z</time></trkpt>
			<trkpt lat="47.342140" lon="-1.303970"><ele>27</ele><time>2026-03-01T09:01:36Z</time></trkpt>
			<trkpt lat="47.342170" lon="-1.304270"><ele>29</ele><time>2026-03-01T09:01:48Z</time></trkpt>
			<trkpt lat="47.342330" lon="-1.305610"><ele>32</ele><time>2026-03-01T09:02:00Z</time></trkpt>
			<trkpt lat="47.342370" lon="-1.305740"><ele>33</ele><time>2026-03-01T09:02:12Z</time></trkpt>
			<trkpt lat="47.342420" lon="-1.305840"><ele>33</ele><time>2026-03-01T09:02:24Z</time></trkpt>
			<trkpt lat="47.342490" lon="-1.305920"><ele>34</ele><time>2026-03-01T09:02:36Z</time></trkpt>
			<trkpt lat="47.342830" lon="-1.306190"><ele>39</ele><time>2026-03-01T09:02:48Z</time></trkpt>
			<trkpt lat="47.342920" lon="-1.306290"><ele>41</ele><time>2026-03-01T09:03:00Z</time></trkpt>
			<trkpt lat="47.343010" lon="-1.306410"><ele>42</ele><time>2026-03-01T09:03:12Z</time></trkpt>
			<trkpt lat="47.343180" lon="-1.306690"><ele>45</ele><time>2026-03-01T09:03:24Z</time></trkpt>
			<trkpt lat="47.343250" lon="-1.306780"><ele>47</ele><time>2026-03-01T09:03:36Z</time></trkpt>
			<trkpt lat="47.343340" lon="-1.306840"><ele>48</ele><time>2026-03-01T09:03:48Z</time></trkpt>
			<trkpt lat="47.343430" lon="-1.306860"><ele>48</ele><time>2026-03-01T09:04:00Z</time></trkpt>
			<trkpt lat="47.343770" lon="-1.306760"><ele>48</ele><time>2026-03-01T09:04:12Z</time></trkpt>
			<trkpt lat="47.343810" lon="-1.306760"><ele>48</ele><time>2026-03-01T09:04:24Z</time></trkpt>
			<trkpt lat="47.343880" lon="-1.306770"><ele>48</ele><time>2026-03-01T09:04:36Z</time></trkpt>
			<trkpt lat="47.343980" lon="-1.306800"><ele>48</ele><time>2026-03-01T09:04:48Z</time></trkpt>
			<trkpt lat="47.344090" lon="-1.306860"><ele>49</ele><time>2026-03-01T09:05:00Z</time></trkpt>
			<trkpt lat="47.344250" lon="-1.306970"><ele>49</ele><time>2026-03-01T09:05:12Z</time></trkpt>
			<trkpt lat="47.344290" lon="-1.307020"><ele>49</ele><time>2026-03-01T09:05:24Z</time></trkpt>
			<trkpt lat="47.344330" lon="-1.307070"><ele>49</ele><time>2026-03-01T09:05:36Z</time></trkpt>
			<trkpt lat="47.344370" lon="-1.307200"><ele>50</ele><time>2026-03-01T09:05:48Z</time></trkpt>
			<trkpt lat="47.344390" lon="-1.307340"><ele>50</ele><time>2026-03-01T09:06:00Z</time></trkpt>
			<trkpt lat="47.344370" lon="-1.307530"><ele>51</ele><time>2026-03-01T09:06:12Z</time></trkpt>
			<trkpt lat="47.344320" lon="-1.307810"><ele>52</ele><time>2026-03-01T09:06:24Z</time></trkpt>
			<trkpt lat="47.344240" lon="-1.308100"><ele>54</ele><time>2026-03-01T09:06:36Z</time></trkpt>
			<trkpt lat="47.344110" lon="-1.308510"><ele>56</ele><time>2026-03-01T09:06:48Z</time></trkpt>
			<trkpt lat="47.343790" lon="-1.309320"><ele>59</ele><time>2026-03-01T09:07:00Z</time></trkpt>
			<trkpt lat="47.343770" lon="-1.309440"><ele>60</ele><time>2026-03-01T09:07:12Z</time></trkpt>
			<trkpt lat="47.343770" lon="-1.309560"><ele>60</ele><time>2026-03-01T09:07:24Z</time></trkpt>
			<trkpt lat="47.343790" lon="-1.309770"><ele>61</ele><time>2026-03-01T09:07:36Z</time></trkpt>
			<trkpt lat="47.344110" lon="-1.310970"><ele>66</ele><time>2026-03-01T09:07:48Z</time></trkpt>
			<trkpt lat="47.344170" lon="-1.311240"><ele>67</ele><time>2026-03-01T09:08:00Z</time></trkpt>
			<trkpt lat="47.344200" lon="-1.311520"><ele>68</ele><time>2026-03-01T09:08:12Z</time></trkpt>
			<trkpt lat="47.344220" lon="-1.311810"><ele>69</ele><time>2026-03-01T09:08:24Z</time></trkpt>
			<trkpt lat="47.344230" lon="-1.312050"><ele>69</ele><time>2026-03-01T09:08:36Z</time></trkpt>
			<trkpt lat="47.344200" lon="-1.312890"><ele>72</ele><time>2026-03-01T09:08:48Z</time></trkpt>
			<trkpt lat="47.344160" lon="-1.313510"><ele>73</ele><time>2026-03-01T09:09:00Z</time></trkpt>
			<trkpt lat="47.344130" lon="-1.313710"><ele>73</ele><time>2026-03-01T09:09:12Z</time></trkpt>
			<trkpt lat="47.344100" lon="-1.313910"><ele>73</ele><time>2026-03-01T09:09:24Z</time></trkpt>
			<trkpt lat="47.344050" lon="-1.314060"><ele>73</ele><time>2026-03-01T09:09:36Z</time></trkpt>
			<trkpt lat="47.343900" lon="-1.314440"><ele>74</ele><time>2026-03-01T09:09:48Z</time></trkpt>
			<trkpt lat="47.343740" lon="-1.314800"><ele>74</ele><time>2026-03-01T09:10:00Z</time></trkpt>
			<trkpt lat="47.343690" lon="-1.314960"><ele>75</ele><time>2026-03-01T09:10:12Z</time></trkpt>
			<trkpt lat="47.343680" lon="-1.315110"><ele>75</ele><time>2026-03-01T09:10:24Z</time></trkpt>
			<trkpt lat="47.343690" lon="-1.315280"><ele>74</ele><time>2026-03-01T09:10:36Z</time></trkpt>
			<trkpt lat="47.343800" lon="-1.315750"><ele>74</ele><time>2026-03-01T09:10:48Z</time></trkpt>
			<trkpt lat="47.343830" lon="-1.315950"><ele>74</ele><time>2026-03-01T09:11:00Z</time></trkpt>
			<trkpt lat="47.343850" lon="-1.316170"><ele>74</ele><time>2026-03-01T09:11:12Z</time></trkpt>
			<trkpt lat="47.343850" lon="-1.316640"><ele>75</ele><time>2026-03-01T09:11:24Z</time></trkpt>
			<trkpt lat="47.343810" lon="-1.316840"><ele>75</ele><time>2026-03-01T09:11:36Z</time></trkpt>
			<trkpt lat="47.343740" lon="-1.317030"><ele>75</ele><time>2026-03-01T09:11:48Z</time></trkpt>
			<trkpt lat="47.343600" lon="-1.317320"><ele>75</ele><time>2026-03-01T09:12:00Z</time></trkpt>
			<trkpt lat="47.343520" lon="-1.317450"><ele>76</ele><time>2026-03-01T09:12:12Z</time></trkpt>
			<trkpt lat="47.343930" lon="-1.317990"><ele>74</ele><time>2026-03-01T09:12:24Z</time></trkpt>
			<trkpt lat="47.344080" lon="-1.318200"><ele>74</ele><time>2026-03-01T09:12:36Z</time></trkpt>
			<trkpt lat="47.344750" lon="-1.319180"><ele>72</ele><time>2026-03-01T09:12:48Z</time></trkpt>
			<trkpt lat="47.345000" lon="-1.319580"><ele>71</ele><time>2026-03-01T09:13:00Z</time></trkpt>
			<trkpt lat="47.345370" lon="-1.320160"><ele>69</ele><time>2026-03-01T09:13:12Z</time></trkpt>
			<trkpt lat="47.345630" lon="-1.320490"><ele>68</ele><time>2026-03-01T09:13:24Z</time></trkpt>
			<trkpt lat="47.345880" lon="-1.320760"><ele>68</ele><time>2026-03-01T09:13:36Z</time></trkpt>
			<trkpt lat="47.346260" lon="-1.321060"><ele>67</ele><time>2026-03-01T09:13:48Z</time></trkpt>
			<trkpt lat="47.346380" lon="-1.321180"><ele>67</ele><time>2026-03-01T09:14:00Z</time></trkpt>
			<trkpt lat="47.346550" lon="-1.321430"><ele>67</ele><time>2026-03-01T09:14:12Z</time></trkpt>
			<trkpt lat="47.346620" lon="-1.321560"><ele>67</ele><time>2026-03-01T09:14:24Z</time></trkpt>
			<trkpt lat="47.347090" lon="-1.322650"><ele>68</ele><time>2026-03-01T09:14:36Z</time></trkpt>
			<trkpt lat="47.347290" lon="-1.323140"><ele>69</ele><time>2026-03-01T09:14:48Z</time></trkpt>
			<trkpt lat="47.347610" lon="-1.324000"><ele>70</ele><time>2026-03-01T09:15:00Z</time></trkpt>
			<trkpt lat="47.348110" lon="-1.325080"><ele>71</ele><time>2026-03-01T09:15:12Z</time></trkpt>
			<trkpt lat="47.348260" lon="-1.325380"><ele>71</ele><time>2026-03-01T09:15:24Z</time></trkpt>
			<trkpt lat="47.348420" lon="-1.325640"><ele>71</ele><time>2026-03-01T09:15:36Z</time></trkpt>
			<trkpt lat="47.348390" lon="-1.325750"><ele>71</ele><time>2026-03-01T09:15:48Z</time></trkpt>
			<trkpt lat="47.348390" lon="-1.325900"><ele>71</ele><time>2026-03-01T09:16:00Z</time></trkpt>
			<trkpt lat="47.348400" lon="-1.326100"><ele>71</ele><time>2026-03-01T09:16:12Z</time></trkpt>
			<trkpt lat="47.348380" lon="-1.326350"><ele>70</ele><time>2026-03-01T09:16:24Z</time></trkpt>
			<trkpt lat="47.348350" lon="-1.326500"><ele>70</ele><time>2026-03-01T09:16:36Z</time></trkpt>
			<trkpt lat="47.348200" lon="-1.326980"><ele>70</ele><time>2026-03-01T09:16:48Z</time></trkpt>
			<trkpt lat="47.348050" lon="-1.327330"><ele>71</ele><time>2026-03-01T09:17:00Z</time></trkpt>
			<trkpt lat="47.348000" lon="-1.327420"><ele>71</ele><time>2026-03-01T09:17:12Z</time></trkpt>
			<trkpt lat="47.347940" lon="-1.327500"><ele>71</ele><time>2026-03-01T09:17:24Z</time></trkpt>
			<trkpt lat="47.347920" lon="-1.327510"><ele>70</ele><time>2026-03-01T09:17:36Z</time></trkpt>
			<trkpt lat="47.347850" lon="-1.327510"><ele>70</ele><time>2026-03-01T09:17:48Z</time></trkpt>
			<trkpt lat="47.347670" lon="-1.327460"><ele>70</ele><time>2026-03-01T09:18:00Z</time></trkpt>
			<trkpt lat="47.347500" lon="-1.327390"><ele>70</ele><time>2026-03-01T09:18:12Z</time></trkpt>
			<trkpt lat="47.347390" lon="-1.327310"><ele>70</ele><time>2026-03-01T09:18:24Z</time></trkpt>
			<trkpt lat="47.347200" lon="-1.327150"><ele>70</ele><time>2026-03-01T09:18:36Z</time></trkpt>
			<trkpt lat="47.347100" lon="-1.327100"><ele>70</ele><time>2026-03-01T09:18:48Z</time></trkpt>
			<trkpt lat="47.347040" lon="-1.327090"><ele>70</ele><time>2026-03-01T09:19:00Z</time></trkpt>
			<trkpt lat="47.346950" lon="-1.327090"><ele>69</ele><time>2026-03-01T09:19:12Z</time></trkpt>
			<trkpt lat="47.346640" lon="-1.327190"><ele>69</ele><time>2026-03-01T09:19:24Z</time></trkpt>
			<trkpt lat="47.346460" lon="-1.327310"><ele>68</ele><time>2026-03-01T09:19:36Z</time></trkpt>
			<trkpt lat="47.346380" lon="-1.327410"><ele>67</ele><time>2026-03-01T09:19:48Z</time></trkpt>
			<trkpt lat="47.346320" lon="-1.327530"><ele>67</ele><time>2026-03-01T09:20:00Z</time></trkpt>
			<trkpt lat="47.346170" lon="-1.327900"><ele>65</ele><time>2026-03-01T09:20:12Z</time></trkpt>
			<trkpt lat="47.346070" lon="-1.328300"><ele>64</ele><time>2026-03-01T09:20:24Z</time></trkpt>
			<trkpt lat="47.345980" lon="-1.329280"><ele>63</ele><time>2026-03-01T09:20:36Z</time></trkpt>
			<trkpt lat="47.345990" lon="-1.329420"><ele>64</ele><time>2026-03-01T09:20:48Z</time></trkpt>
			<trkpt lat="47.346010" lon="-1.329530"><ele>64</ele><time>2026-03-01T09:21:00Z</time></trkpt>
			<trkpt lat="47.346090" lon="-1.329670"><ele>64</ele><time>2026-03-01T09:21:12Z</time></trkpt>
			<trkpt lat="47.346210" lon="-1.329820"><ele>65</ele><time>2026-03-01T09:21:24Z</time></trkpt>
			<trkpt lat="47.346320" lon="-1.330020"><ele>65</ele><time>2026-03-01T09:21:36Z</time></trkpt>
			<trkpt lat="47.346360" lon="-1.330150"><ele>65</ele><time>2026-03-01T09:21:48Z</time></trkpt>
			<trkpt lat="47.346430" lon="-1.330340"><ele>66</ele><time>2026-03-01T09:22:00Z</time></trkpt>
			<trkpt lat="47.346530" lon="-1.330700"><ele>67</ele><time>2026-03-01T09:22:12Z</time></trkpt>
			<trkpt lat="47.346560" lon="-1.331050"><ele>68</ele><time>2026-03-01T09:22:24Z</time></trkpt>
			<trkpt lat="47.346570" lon="-1.331870"><ele>71</ele><time>2026-03-01T09:22:36Z</time></trkpt>
			<trkpt lat="47.346610" lon="-1.332140"><ele>71</ele><time>2026-03-01T09:22:48Z</time></trkpt>
			<trkpt lat="47.346640" lon="-1.332210"><ele>72</ele><time>2026-03-01T09:23:00Z</time></trkpt>
			<trkpt lat="47.346550" lon="-1.332340"><ele>72</ele><time>2026-03-01T09:23:12Z</time></trkpt>
			<trkpt lat="47.346040" lon="-1.333310"><ele>72</ele><time>2026-03-01T09:23:24Z</time></trkpt>
			<trkpt lat="47.345920" lon="-1.333500"><ele>72</ele><time>2026-03-01T09:23:36Z</time></trkpt>
			<trkpt lat="47.345840" lon="-1.333600"><ele>72</ele><time>2026-03-01T09:23:48Z</time></trkpt>
			<trkpt lat="47.345770" lon="-1.333670"><ele>72</ele><time>2026-03-01T09:24:00Z</time></trkpt>
			<trkpt lat="47.345690" lon="-1.333700"><ele>72</ele><time>2026-03-01T09:24:12Z</time></trkpt>
			<trkpt lat="47.345560" lon="-1.333730"><ele>71</ele><time>2026-03-01T09:24:24Z</time></trkpt>
			<trkpt lat="47.345510" lon="-1.333760"><ele>71</ele><time>2026-03-01T09:24:36Z</time></trkpt>
			<trkpt lat="47.345480" lon="-1.333810"><ele>71</ele><time>2026-03-01T09:24:48Z</time></trkpt>
			<trkpt lat="47.345480" lon="-1.333860"><ele>71</ele><time>2026-03-01T09:25:00Z</time></trkpt>
			<trkpt lat="47.345540" lon="-1.333980"><ele>71</ele><time>2026-03-01T09:25:12Z</time></trkpt>
			<trkpt lat="47.346350" lon="-1.334910"><ele>74</ele><time>2026-03-01T09:25:24Z</time></trkpt>
			<trkpt lat="47.346390" lon="-1.334990"><ele>74</ele><time>2026-03-01T09:25:36Z</time></trkpt>
			<trkpt lat="47.346400" lon="-1.335120"><ele>74</ele><time>2026-03-01T09:25:48Z</time></trkpt>
			<trkpt lat="47.346420" lon="-1.336920"><ele>71</ele><time>2026-03-01T09:26:00Z</time></trkpt>
			<trkpt lat="47.346390" lon="-1.337290"><ele>70</ele><time>2026-03-01T09:26:12Z</time></trkpt>
			<trkpt lat="47.346400" lon="-1.337460"><ele>70</ele><time>2026-03-01T09:26:24Z</time></trkpt>
			<trkpt lat="47.346410" lon="-1.337640"><ele>69</ele><time>2026-03-01T09:26:36Z</time></trkpt>
			<trkpt lat="47.346500" lon="-1.338090"><ele>68</ele><time>2026-03-01T09:26:48Z</time></trkpt>
			<trkpt lat="47.346500" lon="-1.338240"><ele>68</ele><time>2026-03-01T09:27:00Z</time></trkpt>
			<trkpt lat="47.346470" lon="-1.338360"><ele>67</ele><time>2026-03-01T09:27:12Z</time></trkpt>
			<trkpt lat="47.346430" lon="-1.338450"><ele>67</ele><time>2026-03-01T09:27:24Z</time></trkpt>
			<trkpt lat="47.346350" lon="-1.338560"><ele>67</ele><time>2026-03-01T09:27:36Z</time></trkpt>
			<trkpt lat="47.346040" lon="-1.338890"><ele>65</ele><time>2026-03-01T09:27:48Z</time></trkpt>
			<trkpt lat="47.345330" lon="-1.339400"><ele>65</ele><time>2026-03-01T09:28:00Z</time></trkpt>
			<trkpt lat="47.344950" lon="-1.339810"><ele>66</ele><time>2026-03-01T09:28:12Z</time></trkpt>
			<trkpt lat="47.344540" lon="-1.340410"><ele>69</ele><time>2026-03-01T09:28:24Z</time></trkpt>
			<trkpt lat="47.344430" lon="-1.340510"><ele>70</ele><time>2026-03-01T09:28:36Z</time></trkpt>
			<trkpt lat="47.343720" lon="-1.340950"><ele>71</ele><time>2026-03-01T09:28:48Z</time></trkpt>
			<trkpt lat="47.343570" lon="-1.341090"><ele>71</ele><time>2026-03-01T09:29:00Z</time></trkpt>
			<trkpt lat="47.343440" lon="-1.341280"><ele>71</ele><time>2026-03-01T09:29:12Z</time></trkpt>
			<trkpt lat="47.343350" lon="-1.341480"><ele>72</ele><time>2026-03-01T09:29:24Z</time></trkpt>
			<trkpt lat="47.343300" lon="-1.341680"><ele>72</ele><time>2026-03-01T09:29:36Z</time></trkpt>
			<trkpt lat="47.343210" lon="-1.342210"><ele>74</ele><time>2026-03-01T09:29:48Z</time></trkpt>
			<trkpt lat="47.343170" lon="-1.342400"><ele>75</ele><time>2026-03-01T09:30:00Z</time></trkpt>
			<trkpt lat="47.342970" lon="-1.343030"><ele>77</ele><time>2026-03-01T09:30:12Z</time></trkpt>
			<trkpt lat="47.342940" lon="-1.343160"><ele>78</ele><time>2026-03-01T09:30:24Z</time></trkpt>
			<trkpt lat="47.342930" lon="-1.343260"><ele>78</ele><time>2026-03-01T09:30:36Z</time></trkpt>
			<trkpt lat="47.342840" lon="-1.343420"><ele>78</ele><time>2026-03-01T09:30:48Z</time></trkpt>
			<trkpt lat="47.342450" lon="-1.343950"><ele>79</ele><time>2026-03-01T09:31:00Z</time></trkpt>
			<trkpt lat="47.341860" lon="-1.344740"><ele>81</ele><time>2026-03-01T09:31:12Z</time></trkpt>
			<trkpt lat="47.341760" lon="-1.344850"><ele>81</ele><time>2026-03-01T09:31:24Z</time></trkpt>
			<trkpt lat="47.341670" lon="-1.344910"><ele>81</ele><time>2026-03-01T09:31:36Z</time></trkpt>
			<trkpt lat="47.341540" lon="-1.344980"><ele>81</ele><time>2026-03-01T09:31:48Z</time></trkpt>
			<trkpt lat="47.341400" lon="-1.345080"><ele>80</ele><time>2026-03-01T09:32:00Z</time></trkpt>
			<trkpt lat="47.341280" lon="-1.345190"><ele>80</ele><time>2026-03-01T09:32:12Z</time></trkpt>
			<trkpt lat="47.340890" lon="-1.345660"><ele>78</ele><time>2026-03-01T09:32:24Z</time></trkpt>
			<trkpt lat="47.340840" lon="-1.345760"><ele>78</ele><time>2026-03-01T09:32:36Z</time></trkpt>
			<trkpt lat="47.340780" lon="-1.345900"><ele>78</ele><time>2026-03-01T09:32:48Z</time></trkpt>
			<trkpt lat="47.340680" lon="-1.345790"><ele>78</ele><time>2026-03-01T09:33:00Z</time></trkpt>
			<trkpt lat="47.340440" lon="-1.345500"><ele>79</ele><time>2026-03-01T09:33:12Z</time></trkpt>
			<trkpt lat="47.340190" lon="-1.345120"><ele>80</ele><time>2026-03-01T09:33:24Z</time></trkpt>
			<trkpt lat="47.339010" lon="-1.343260"><ele>77</ele><time>2026-03-01T09:33:36Z</time></trkpt>
			<trkpt lat="47.338550" lon="-1.342460"><ele>76</ele><time>2026-03-01T09:33:48Z</time></trkpt>
			<trkpt lat="47.338070" lon="-1.341590"><ele>77</ele><time>2026-03-01T09:34:00Z</time></trkpt>
			<trkpt lat="47.336840" lon="-1.339350"><ele>73</ele><time>2026-03-01T09:34:12Z</time></trkpt>
			<trkpt lat="47.336730" lon="-1.339050"><ele>72</ele><time>2026-03-01T09:34:24Z</time></trkpt>
			<trkpt lat="47.336480" lon="-1.338260"><ele>72</ele><time>2026-03-01T09:34:36Z</time></trkpt>
			<trkpt lat="47.336100" lon="-1.337030"><ele>73</ele><time>2026-03-01T09:34:48Z</time></trkpt>
			<trkpt lat="47.336020" lon="-1.336750"><ele>73</ele><time>2026-03-01T09:35:00Z</time></trkpt>
			<trkpt lat="47.335920" lon="-1.336430"><ele>73</ele><time>2026-03-01T09:35:12Z</time></trkpt>
			<trkpt lat="47.335830" lon="-1.336230"><ele>72</ele><time>2026-03-01T09:35:24Z</time></trkpt>
			<trkpt lat="47.335270" lon="-1.335240"><ele>70</ele><time>2026-03-01T09:35:36Z</time></trkpt>
			<trkpt lat="47.334650" lon="-1.334040"><ele>69</ele><time>2026-03-01T09:35:48Z</time></trkpt>
			<trkpt lat="47.334500" lon="-1.333760"><ele>69</ele><time>2026-03-01T09:36:00Z</time></trkpt>
			<trkpt lat="47.334420" lon="-1.333610"><ele>69</ele><time>2026-03-01T09:36:12Z</time></trkpt>
			<trkpt lat="47.334320" lon="-1.333460"><ele>69</ele><time>2026-03-01T09:36:24Z</time></trkpt>
			<trkpt lat="47.334200" lon="-1.333280"><ele>69</ele><time>2026-03-01T09:36:36Z</time></trkpt>
			<trkpt lat="47.333980" lon="-1.332890"><ele>68</ele><time>2026-03-01T09:36:48Z</time></trkpt>
			<trkpt lat="47.333730" lon="-1.332480"><ele>67</ele><time>2026-03-01T09:37:00Z</time></trkpt>
			<trkpt lat="47.333240" lon="-1.331710"><ele>67</ele><time>2026-03-01T09:37:12Z</time></trkpt>
			<trkpt lat="47.333170" lon="-1.331560"><ele>67</ele><time>2026-03-01T09:37:24Z</time></trkpt>
			<trkpt lat="47.333000" lon="-1.331160"><ele>67</ele><time>2026-03-01T09:37:36Z</time></trkpt>
			<trkpt lat="47.332910" lon="-1.330920"><ele>67</ele><time>2026-03-01T09:37:48Z</time></trkpt>
			<trkpt lat="47.332870" lon="-1.330820"><ele>68</ele><time>2026-03-01T09:38:00Z</time></trkpt>
			<trkpt lat="47.332720" lon="-1.330490"><ele>67</ele><time>2026-03-01T09:38:12Z</time></trkpt>
			<trkpt lat="47.332200" lon="-1.329660"><ele>65</ele><time>2026-03-01T09:38:24Z</time></trkpt>
			<trkpt lat="47.332060" lon="-1.329410"><ele>65</ele><time>2026-03-01T09:38:36Z</time></trkpt>
			<trkpt lat="47.331860" lon="-1.328890"><ele>64</ele><time>2026-03-01T09:38:48Z</time></trkpt>
			<trkpt lat="47.331770" lon="-1.328690"><ele>64</ele><time>2026-03-01T09:39:00Z</time></trkpt>
			<trkpt lat="47.331620" lon="-1.328410"><ele>63</ele><time>2026-03-01T09:39:12Z</time></trkpt>
			<trkpt lat="47.331420" lon="-1.328090"><ele>62</ele><time>2026-03-01T09:39:24Z</time></trkpt>
			<trkpt lat="47.331230" lon="-1.327860"><ele>61</ele><time>2026-03-01T09:39:36Z</time></trkpt>
			<trkpt lat="47.331010" lon="-1.327590"><ele>60</ele><time>2026-03-01T09:39:48Z</time></trkpt>
			<trkpt lat="47.330770" lon="-1.327310"><ele>59</ele><time>2026-03-01T09:40:00Z</time></trkpt>
			<trkpt lat="47.330530" lon="-1.328030"><ele>61</ele><time>2026-03-01T09:40:12Z</time></trkpt>
			<trkpt lat="47.330470" lon="-1.328220"><ele>62</ele><time>2026-03-01T09:40:24Z</time></trkpt>
			<trkpt lat="47.330380" lon="-1.328490"><ele>62</ele><time>2026-03-01T09:40:36Z</time></trkpt>
			<trkpt lat="47.330330" lon="-1.328610"><ele>63</ele><time>2026-03-01T09:40:48Z</time></trkpt>
			<trkpt lat="47.329990" lon="-1.329100"><ele>64</ele><time>2026-03-01T09:41:00Z</time></trkpt>
			<trkpt lat="47.329910" lon="-1.329240"><ele>64</ele><time>2026-03-01T09:41:12Z</time></trkpt>
			<trkpt lat="47.329800" lon="-1.329530"><ele>63</ele><time>2026-03-01T09:41:24Z</time></trkpt>
			<trkpt lat="47.329630" lon="-1.329940"><ele>62</ele><time>2026-03-01T09:41:36Z</time></trkpt>
			<trkpt lat="47.329310" lon="-1.330690"><ele>56</ele><time>2026-03-01T09:41:48Z</time></trkpt>
			<trkpt lat="47.329270" lon="-1.330790"><ele>55</ele><time>2026-03-01T09:42:00Z</time></trkpt>
			<trkpt lat="47.329260" lon="-1.330890"><ele>54</ele><time>2026-03-01T09:42:12Z</time></trkpt>
			<trkpt lat="47.329260" lon="-1.331030"><ele>53</ele><time>2026-03-01T09:42:24Z</time></trkpt>
			<trkpt lat="47.329270" lon="-1.331140"><ele>52</ele><time>2026-03-01T09:42:36Z</time></trkpt>
			<trkpt lat="47.329300" lon="-1.331270"><ele>51</ele><time>2026-03-01T09:42:48Z</time></trkpt>
			<trkpt lat="47.330120" lon="-1.333080"><ele>42</ele><time>2026-03-01T09:43:00Z</time></trkpt>
			<trkpt lat="47.330340" lon="-1.333540"><ele>41</ele><time>2026-03-01T09:43:12Z</time></trkpt>
			<trkpt lat="47.330510" lon="-1.333790"><ele>41</ele><time>2026-03-01T09:43:24Z</time></trkpt>
			<trkpt lat="47.330800" lon="-1.334100"><ele>40</ele><time>2026-03-01T09:43:36Z</time></trkpt>
			<trkpt lat="47.330880" lon="-1.334210"><ele>40</ele><time>2026-03-01T09:43:48Z</time></trkpt>
			<trkpt lat="47.330920" lon="-1.334330"><ele>40</ele><time>2026-03-01T09:44:00Z</time></trkpt>
			<trkpt lat="47.330950" lon="-1.334440"><ele>41</ele><time>2026-03-01T09:44:12Z</time></trkpt>
			<trkpt lat="47.330960" lon="-1.334510"><ele>41</ele><time>2026-03-01T09:44:24Z</time></trkpt>
			<trkpt lat="47.330950" lon="-1.334550"><ele>41</ele><time>2026-03-01T09:44:36Z</time></trkpt>
			<trkpt lat="47.331010" lon="-1.334640"><ele>42</ele><time>2026-03-01T09:44:48Z</time></trkpt>
			<trkpt lat="47.331080" lon="-1.334770"><ele>43</ele><time>2026-03-01T09:45:00Z</time></trkpt>
			<trkpt lat="47.331170" lon="-1.335070"><ele>44</ele><time>2026-03-01T09:45:12Z</time></trkpt>
			<trkpt lat="47.331190" lon="-1.335200"><ele>45</ele><time>2026-03-01T09:45:24Z</time></trkpt>
			<trkpt lat="47.331190" lon="-1.335350"><ele>45</ele><time>2026-03-01T09:45:36Z</time></trkpt>
			<trkpt lat="47.331160" lon="-1.335550"><ele>46</ele><time>2026-03-01T09:45:48Z</time></trkpt>
			<trkpt lat="47.331120" lon="-1.335810"><ele>47</ele><time>2026-03-01T09:46:00Z</time></trkpt>
			<trkpt lat="47.330830" lon="-1.336780"><ele>47</ele><time>2026-03-01T09:46:12Z</time></trkpt>
			<trkpt lat="47.330760" lon="-1.336960"><ele>47</ele><time>2026-03-01T09:46:24Z</time></trkpt>
			<trkpt lat="47.330670" lon="-1.337170"><ele>48</ele><time>2026-03-01T09:46:36Z</time></trkpt>
			<trkpt lat="47.330300" lon="-1.337870"><ele>53</ele><time>2026-03-01T09:46:48Z</time></trkpt>
			<trkpt lat="47.329500" lon="-1.340000"><ele>57</ele><time>2026-03-01T09:47:00Z</time></trkpt>
			<trkpt lat="47.329410" lon="-1.340360"><ele>60</ele><time>2026-03-01T09:47:12Z</time></trkpt>
			<trkpt lat="47.329380" lon="-1.340590"><ele>60</ele><time>2026-03-01T09:47:24Z</time></trkpt>
			<trkpt lat="47.329390" lon="-1.340750"><ele>60</ele><time>2026-03-01T09:47:36Z</time></trkpt>
			<trkpt lat="47.329340" lon="-1.340760"><ele>61</ele><time>2026-03-01T09:47:48Z</time></trkpt>
			<trkpt lat="47.329160" lon="-1.340830"><ele>65</ele><time>2026-03-01T09:48:00Z</time></trkpt>
			<trkpt lat="47.329060" lon="-1.340860"><ele>65</ele><time>2026-03-01T09:48:12Z</time></trkpt>
			<trkpt lat="47.328270" lon="-1.341190"><ele>68</ele><time>2026-03-01T09:48:24Z</time></trkpt>
			<trkpt lat="47.327380" lon="-1.341550"><ele>73</ele><time>2026-03-01T09:48:36Z</time></trkpt>
			<trkpt lat="47.326270" lon="-1.342020"><ele>72</ele><time>2026-03-01T09:48:48Z</time></trkpt>
			<trkpt lat="47.326240" lon="-1.342040"><ele>72</ele><time>2026-03-01T09:49:00Z</time></trkpt>
			<trkpt lat="47.323580" lon="-1.343140"><ele>70</ele><time>2026-03-01T09:49:12Z</time></trkpt>
			<trkpt lat="47.323550" lon="-1.343160"><ele>70</ele><time>2026-03-01T09:49:24Z</time></trkpt>
			<trkpt lat="47.323200" lon="-1.343310"><ele>71</ele><time>2026-03-01T09:49:36Z</time></trkpt>
			<trkpt lat="47.322410" lon="-1.343660"><ele>72</ele><time>2026-03-01T09:49:48Z</time></trkpt>
			<trkpt lat="47.321750" lon="-1.343890"><ele>72</ele><time>2026-03-01T09:50:00Z</time></trkpt>
			<trkpt lat="47.321650" lon="-1.343940"><ele>72</ele><time>2026-03-01T09:50:12Z</time></trkpt>
			<trkpt lat="47.321540" lon="-1.344010"><ele>72</ele><time>2026-03-01T09:50:24Z</time></trkpt>
			<trkpt lat="47.321230" lon="-1.344280"><ele>70</ele><time>2026-03-01T09:50:36Z</time></trkpt>
			<trkpt lat="47.320850" lon="-1.344630"><ele>69</ele><time>2026-03-01T09:50:48Z</time></trkpt>
			<trkpt lat="47.319980" lon="-1.345410"><ele>61</ele><time>2026-03-01T09:51:00Z</time></trkpt>
			<trkpt lat="47.319810" lon="-1.345560"><ele>60</ele><time>2026-03-01T09:51:12Z</time></trkpt>
			<trkpt lat="47.319690" lon="-1.345690"><ele>59</ele><time>2026-03-01T09:51:24Z</time></trkpt>
			<trkpt lat="47.319360" lon="-1.345930"><ele>57</ele><time>2026-03-01T09:51:36Z</time></trkpt>
			<trkpt lat="47.318820" lon="-1.346310"><ele>53</ele><time>2026-03-01T09:51:48Z</time></trkpt>
			<trkpt lat="47.318740" lon="-1.346370"><ele>52</ele><time>2026-03-01T09:52:00Z</time></trkpt>
			<trkpt lat="47.318590" lon="-1.346490"><ele>51</ele><time>2026-03-01T09:52:12Z</time></trkpt>
			<trkpt lat="47.318520" lon="-1.346570"><ele>51</ele><time>2026-03-01T09:52:24Z</time></trkpt>
			<trkpt lat="47.318490" lon="-1.346600"><ele>51</ele><time>2026-03-01T09:52:36Z</time></trkpt>
			<trkpt lat="47.318260" lon="-1.346860"><ele>50</ele><time>2026-03-01T09:52:48Z</time></trkpt>
			<trkpt lat="47.318170" lon="-1.346940"><ele>50</ele><time>2026-03-01T09:53:00Z</time></trkpt>
			<trkpt lat="47.318070" lon="-1.347000"><ele>49</ele><time>2026-03-01T09:53:12Z</time></trkpt>
			<trkpt lat="47.317240" lon="-1.347260"><ele>43</ele><time>2026-03-01T09:53:24Z</time></trkpt>
			<trkpt lat="47.316940" lon="-1.347370"><ele>40</ele><time>2026-03-01T09:53:36Z</time></trkpt>
			<trkpt lat="47.316610" lon="-1.347480"><ele>37</ele><time>2026-03-01T09:53:48Z</time></trkpt>
			<trkpt lat="47.316400" lon="-1.347560"><ele>33</ele><time>2026-03-01T09:54:00Z</time></trkpt>
			<trkpt lat="47.316080" lon="-1.347770"><ele>30</ele><time>2026-03-01T09:54:12Z</time></trkpt>
			<trkpt lat="47.315880" lon="-1.347950"><ele>28</ele><time>2026-03-01T09:54:24Z</time></trkpt>
			<trkpt lat="47.315470" lon="-1.348380"><ele>26</ele><time>2026-03-01T09:54:36Z</time></trkpt>
			<trkpt lat="47.314240" lon="-1.349760"><ele>15</ele><time>2026-03-01T09:54:48Z</time></trkpt>
			<trkpt lat="47.314080" lon="-1.349940"><ele>14</ele><time>2026-03-01T09:55:00Z</time></trkpt>
			<trkpt lat="47.313900" lon="-1.350180"><ele>13</ele><time>2026-03-01T09:55:12Z</time></trkpt>
			<trkpt lat="47.313810" lon="-1.350330"><ele>12</ele><time>2026-03-01T09:55:24Z</time></trkpt>
			<trkpt lat="47.313550" lon="-1.350700"><ele>10</ele><time>2026-03-01T09:55:36Z</time></trkpt>
			<trkpt lat="47.313510" lon="-1.350760"><ele>10</ele><time>2026-03-01T09:55:48Z</time></trkpt>
			<trkpt lat="47.313490" lon="-1.350790"><ele>9</ele><time>2026-03-01T09:56:00Z</time></trkpt>
			<trkpt lat="47.313330" lon="-1.351050"><ele>9</ele><time>2026-03-01T09:56:12Z</time></trkpt>
			<trkpt lat="47.313280" lon="-1.351120"><ele>9</ele><time>2026-03-01T09:56:24Z</time></trkpt>
			<trkpt lat="47.313270" lon="-1.351140"><ele>9</ele><time>2026-03-01T09:56:36Z</time></trkpt>
			<trkpt lat="47.313120" lon="-1.351370"><ele>10</ele><time>2026-03-01T09:56:48Z</time></trkpt>
			<trkpt lat="47.312780" lon="-1.351970"><ele>13</ele><time>2026-03-01T09:57:00Z</time></trkpt>
			<trkpt lat="47.312670" lon="-1.352270"><ele>14</ele><time>2026-03-01T09:57:12Z</time></trkpt>
			<trkpt lat="47.312630" lon="-1.352490"><ele>15</ele><time>2026-03-01T09:57:24Z</time></trkpt>
			<trkpt lat="47.312570" lon="-1.352710"><ele>17</ele><time>2026-03-01T09:57:36Z</time></trkpt>
			<trkpt lat="47.312530" lon="-1.352780"><ele>18</ele><time>2026-03-01T09:57:48Z</time></trkpt>
			<trkpt lat="47.312390" lon="-1.353030"><ele>20</ele><time>2026-03-01T09:58:00Z</time></trkpt>
			<trkpt lat="47.312350" lon="-1.353120"><ele>20</ele><time>2026-03-01T09:58:12Z</time></trkpt>
			<trkpt lat="47.312340" lon="-1.353200"><ele>21</ele><time>2026-03-01T09:58:24Z</time></trkpt>
			<trkpt lat="47.312330" lon="-1.353260"><ele>22</ele><time>2026-03-01T09:58:36Z</time></trkpt>
			<trkpt lat="47.312340" lon="-1.353340"><ele>23</ele><time>2026-03-01T09:58:48Z</time></trkpt>
			<trkpt lat="47.312370" lon="-1.353400"><ele>24</ele><time>2026-03-01T09:59:00Z</time></trkpt>
			<trkpt lat="47.312430" lon="-1.353450"><ele>26</ele><time>2026-03-01T09:59:12Z</time></trkpt>
			<trkpt lat="47.312480" lon="-1.353470"><ele>27</ele><time>2026-03-01T09:59:24Z</time></trkpt>
			<trkpt lat="47.312530" lon="-1.353470"><ele>28</ele><time>2026-03-01T09:59:36Z</time></trkpt>
			<trkpt lat="47.312590" lon="-1.353430"><ele>28</ele><time>2026-03-01T09:59:48Z</time></trkpt>
			<trkpt lat="47.312660" lon="-1.353360"><ele>27</ele><time>2026-03-01T10:00:00Z</time></trkpt>
			<trkpt lat="47.312880" lon="-1.352970"><ele>24</ele><time>2026-03-01T10:00:12Z</time></trkpt>
			<trkpt lat="47.312930" lon="-1.352910"><ele>24</ele><time>2026-03-01T10:00:24Z</time></trkpt>
			<trkpt lat="47.312990" lon="-1.352880"><ele>24</ele><time>2026-03-01T10:00:36Z</time></trkpt>
			<trkpt lat="47.313050" lon="-1.352870"><ele>24</ele><time>2026-03-01T10:00:48Z</time></trkpt>
			<trkpt lat="47.313110" lon="-1.352880"><ele>25</ele><time>2026-03-01T10:01:00Z</time></trkpt>
			<trkpt lat="47.313160" lon="-1.352920"><ele>26</ele><time>2026-03-01T10:01:12Z</time></trkpt>
			<trkpt lat="47.313200" lon="-1.352960"><ele>27</ele><time>2026-03-01T10:01:24Z</time></trkpt>
			<trkpt lat="47.313250" lon="-1.353100"><ele>30</ele><time>2026-03-01T10:01:36Z</time></trkpt>
			<trkpt lat="47.313260" lon="-1.353190"><ele>31</ele><time>2026-03-01T10:01:48Z</time></trkpt>
			<trkpt lat="47.313250" lon="-1.353260"><ele>32</ele><time>2026-03-01T10:02:00Z</time></trkpt>
			<trkpt lat="47.313220" lon="-1.353340"><ele>33</ele><time>2026-03-01T10:02:12Z</time></trkpt>
			<trkpt lat="47.313180" lon="-1.353400"><ele>33</ele><time>2026-03-01T10:02:24Z</time></trkpt>
			<trkpt lat="47.313120" lon="-1.353470"><ele>34</ele><time>2026-03-01T10:02:36Z</time></trkpt>
			<trkpt lat="47.312720" lon="-1.353750"><ele>34</ele><time>2026-03-01T10:02:48Z</time></trkpt>
			<trkpt lat="47.312530" lon="-1.353930"><ele>35</ele><time>2026-03-01T10:03:00Z</time></trkpt>
			<trkpt lat="47.312330" lon="-1.354150"><ele>35</ele><time>2026-03-01T10:03:12Z</time></trkpt>
			<trkpt lat="47.312170" lon="-1.354380"><ele>36</ele><time>2026-03-01T10:03:24Z</time></trkpt>
			<trkpt lat="47.312060" lon="-1.354590"><ele>37</ele><time>2026-03-01T10:03:36Z</time></trkpt>
			<trkpt lat="47.311970" lon="-1.354880"><ele>41</ele><time>2026-03-01T10:03:48Z</time></trkpt>
			<trkpt lat="47.311900" lon="-1.355040"><ele>43</ele><time>2026-03-01T10:04:00Z</time></trkpt>
			<trkpt lat="47.311730" lon="-1.355320"><ele>45</ele><time>2026-03-01T10:04:12Z</time></trkpt>
			<trkpt lat="47.311590" lon="-1.355500"><ele>46</ele><time>2026-03-01T10:04:24Z</time></trkpt>
			<trkpt lat="47.311450" lon="-1.355650"><ele>47</ele><time>2026-03-01T10:04:36Z</time></trkpt>
			<trkpt lat="47.311320" lon="-1.355760"><ele>47</ele><time>2026-03-01T10:04:48Z</time></trkpt>
			<trkpt lat="47.311230" lon="-1.355870"><ele>48</ele><time>2026-03-01T10:05:00Z</time></trkpt>
			<trkpt lat="47.311000" lon="-1.356230"><ele>50</ele><time>2026-03-01T10:05:12Z</time></trkpt>
			<trkpt lat="47.310950" lon="-1.356320"><ele>51</ele><time>2026-03-01T10:05:24Z</time></trkpt>
			<trkpt lat="47.310790" lon="-1.356590"><ele>53</ele><time>2026-03-01T10:05:36Z</time></trkpt>
			<trkpt lat="47.310640" lon="-1.356860"><ele>54</ele><time>2026-03-01T10:05:48Z</time></trkpt>
			<trkpt lat="47.310400" lon="-1.357170"><ele>55</ele><time>2026-03-01T10:06:00Z</time></trkpt>
			<trkpt lat="47.310320" lon="-1.357320"><ele>56</ele><time>2026-03-01T10:06:12Z</time></trkpt>
			<trkpt lat="47.310290" lon="-1.357410"><ele>57</ele><time>2026-03-01T10:06:24Z</time></trkpt>
			<trkpt lat="47.310250" lon="-1.357520"><ele>59</ele><time>2026-03-01T10:06:36Z</time></trkpt>
			<trkpt lat="47.310210" lon="-1.357760"><ele>60</ele><time>2026-03-01T10:06:48Z</time></trkpt>
			<trkpt lat="47.310200" lon="-1.358020"><ele>62</ele><time>2026-03-01T10:07:00Z</time></trkpt>
			<trkpt lat="47.310220" lon="-1.358160"><ele>63</ele><time>2026-03-01T10:07:12Z</time></trkpt>
			<trkpt lat="47.310270" lon="-1.358340"><ele>64</ele><time>2026-03-01T10:07:24Z</time></trkpt>
			<trkpt lat="47.310420" lon="-1.358670"><ele>65</ele><time>2026-03-01T10:07:36Z</time></trkpt>
			<trkpt lat="47.310750" lon="-1.359340"><ele>66</ele><time>2026-03-01T10:07:48Z</time></trkpt>
			<trkpt lat="47.310780" lon="-1.359430"><ele>66</ele><time>2026-03-01T10:08:00Z</time></trkpt>
			<trkpt lat="47.310800" lon="-1.359600"><ele>65</ele><time>2026-03-01T10:08:12Z</time></trkpt>
			<trkpt lat="47.310720" lon="-1.360140"><ele>65</ele><time>2026-03-01T10:08:24Z</time></trkpt>
			<trkpt lat="47.310680" lon="-1.360400"><ele>64</ele><time>2026-03-01T10:08:36Z</time></trkpt>
			<trkpt lat="47.310500" lon="-1.361380"><ele>62</ele><time>2026-03-01T10:08:48Z</time></trkpt>
			<trkpt lat="47.310480" lon="-1.361580"><ele>62</ele><time>2026-03-01T10:09:00Z</time></trkpt>
			<trkpt lat="47.310490" lon="-1.361800"><ele>62</ele><time>2026-03-01T10:09:12Z</time></trkpt>
			<trkpt lat="47.310540" lon="-1.362060"><ele>62</ele><time>2026-03-01T10:09:24Z</time></trkpt>
			<trkpt lat="47.311800" lon="-1.366140"><ele>67</ele><time>2026-03-01T10:09:36Z</time></trkpt>
			<trkpt lat="47.312050" lon="-1.366950"><ele>66</ele><time>2026-03-01T10:09:48Z</time></trkpt>
			<trkpt lat="47.312130" lon="-1.367250"><ele>66</ele><time>2026-03-01T10:10:00Z</time></trkpt>
			<trkpt lat="47.312170" lon="-1.367500"><ele>65</ele><time>2026-03-01T10:10:12Z</time></trkpt>
			<trkpt lat="47.312160" lon="-1.367760"><ele>65</ele><time>2026-03-01T10:10:24Z</time></trkpt>
			<trkpt lat="47.312130" lon="-1.367970"><ele>65</ele><time>2026-03-01T10:10:36Z</time></trkpt>
			<trkpt lat="47.312060" lon="-1.368300"><ele>64</ele><time>2026-03-01T10:10:48Z</time></trkpt>
			<trkpt lat="47.311940" lon="-1.368830"><ele>63</ele><time>2026-03-01T10:11:00Z</time></trkpt>
			<trkpt lat="47.311670" lon="-1.370140"><ele>61</ele><time>2026-03-01T10:11:12Z</time></trkpt>
			<trkpt lat="47.311530" lon="-1.370760"><ele>63</ele><time>2026-03-01T10:11:24Z</time></trkpt>
			<trkpt lat="47.311340" lon="-1.371740"><ele>65</ele><time>2026-03-01T10:11:36Z</time></trkpt>
			<trkpt lat="47.311320" lon="-1.371940"><ele>65</ele><time>2026-03-01T10:11:48Z</time></trkpt>
			<trkpt lat="47.311330" lon="-1.372100"><ele>65</ele><time>2026-03-01T10:12:00Z</time></trkpt>
			<trkpt lat="47.311360" lon="-1.372260"><ele>65</ele><time>2026-03-01T10:12:12Z</time></trkpt>
			<trkpt lat="47.311420" lon="-1.372490"><ele>65</ele><time>2026-03-01T10:12:24Z</time></trkpt>
			<trkpt lat="47.311590" lon="-1.373030"><ele>65</ele><time>2026-03-01T10:12:36Z</time></trkpt>
			<trkpt lat="47.311640" lon="-1.373270"><ele>65</ele><time>2026-03-01T10:12:48Z</time></trkpt>
			<trkpt lat="47.311640" lon="-1.373420"><ele>65</ele><time>2026-03-01T10:13:00Z</time></trkpt>
			<trkpt lat="47.311610" lon="-1.373590"><ele>65</ele><time>2026-03-01T10:13:12Z</time></trkpt>
			<trkpt lat="47.311540" lon="-1.373770"><ele>66</ele><time>2026-03-01T10:13:24Z</time></trkpt>
			<trkpt lat="47.311470" lon="-1.373890"><ele>66</ele><time>2026-03-01T10:13:36Z</time></trkpt>
			<trkpt lat="47.311190" lon="-1.374310"><ele>68</ele><time>2026-03-01T10:13:48Z</time></trkpt>
			<trkpt lat="47.311000" lon="-1.374520"><ele>69</ele><time>2026-03-01T10:14:00Z</time></trkpt>
			<trkpt lat="47.310250" lon="-1.375150"><ele>72</ele><time>2026-03-01T10:14:12Z</time></trkpt>
			<trkpt lat="47.310150" lon="-1.375310"><ele>73</ele><time>2026-03-01T10:14:24Z</time></trkpt>
			<trkpt lat="47.310040" lon="-1.375520"><ele>73</ele><time>2026-03-01T10:14:36Z</time></trkpt>
			<trkpt lat="47.309880" lon="-1.376080"><ele>74</ele><time>2026-03-01T10:14:48Z</time></trkpt>
			<trkpt lat="47.309540" lon="-1.377230"><ele>76</ele><time>2026-03-01T10:15:00Z</time></trkpt>
			<trkpt lat="47.309470" lon="-1.377500"><ele>77</ele><time>2026-03-01T10:15:12Z</time></trkpt>
			<trkpt lat="47.309300" lon="-1.378310"><ele>77</ele><time>2026-03-01T10:15:24Z</time></trkpt>
			<trkpt lat="47.309220" lon="-1.379000"><ele>79</ele><time>2026-03-01T10:15:36Z</time></trkpt>
			<trkpt lat="47.309190" lon="-1.379180"><ele>79</ele><time>2026-03-01T10:15:48Z</time></trkpt>
			<trkpt lat="47.309090" lon="-1.379720"><ele>80</ele><time>2026-03-01T10:16:00Z</time></trkpt>
			<trkpt lat="47.308960" lon="-1.380250"><ele>80</ele><time>2026-03-01T10:16:12Z</time></trkpt>
			<trkpt lat="47.308830" lon="-1.380910"><ele>80</ele><time>2026-03-01T10:16:24Z</time></trkpt>
			<trkpt lat="47.308790" lon="-1.381170"><ele>81</ele><time>2026-03-01T10:16:36Z</time></trkpt>
			<trkpt lat="47.308770" lon="-1.381320"><ele>81</ele><time>2026-03-01T10:16:48Z</time></trkpt>
			<trkpt lat="47.308750" lon="-1.381820"><ele>81</ele><time>2026-03-01T10:17:00Z</time></trkpt>
			<trkpt lat="47.308780" lon="-1.382530"><ele>81</ele><time>2026-03-01T10:17:12Z</time></trkpt>
			<trkpt lat="47.308750" lon="-1.382610"><ele>81</ele><time>2026-03-01T10:17:24Z</time></trkpt>
			<trkpt lat="47.308680" lon="-1.382720"><ele>80</ele><time>2026-03-01T10:17:36Z</time></trkpt>
			<trkpt lat="47.308550" lon="-1.382840"><ele>80</ele><time>2026-03-01T10:17:48Z</time></trkpt>
			<trkpt lat="47.307450" lon="-1.384360"><ele>78</ele><time>2026-03-01T10:18:00Z</time></trkpt>
			<trkpt lat="47.307170" lon="-1.384680"><ele>77</ele><time>2026-03-01T10:18:12Z</time></trkpt>
			<trkpt lat="47.306710" lon="-1.385060"><ele>76</ele><time>2026-03-01T10:18:24Z</time></trkpt>
			<trkpt lat="47.305670" lon="-1.385750"><ele>77</ele><time>2026-03-01T10:18:36Z</time></trkpt>
			<trkpt lat="47.305220" lon="-1.386050"><ele>76</ele><time>2026-03-01T10:18:48Z</time></trkpt>
			<trkpt lat="47.304960" lon="-1.386190"><ele>76</ele><time>2026-03-01T10:19:00Z</time></trkpt>
			<trkpt lat="47.304860" lon="-1.386220"><ele>76</ele><time>2026-03-01T10:19:12Z</time></trkpt>
			<trkpt lat="47.304720" lon="-1.386250"><ele>76</ele><time>2026-03-01T10:19:24Z</time></trkpt>
			<trkpt lat="47.304570" lon="-1.386250"><ele>76</ele><time>2026-03-01T10:19:36Z</time></trkpt>
			<trkpt lat="47.304350" lon="-1.386230"><ele>76</ele><time>2026-03-01T10:19:48Z</time></trkpt>
			<trkpt lat="47.304340" lon="-1.386270"><ele>76</ele><time>2026-03-01T10:20:00Z</time></trkpt>
			<trkpt lat="47.304330" lon="-1.386290"><ele>76</ele><time>2026-03-01T10:20:12Z</time></trkpt>
			<trkpt lat="47.304290" lon="-1.386310"><ele>76</ele><time>2026-03-01T10:20:24Z</time></trkpt>
			<trkpt lat="47.304300" lon="-1.386410"><ele>76</ele><time>2026-03-01T10:20:36Z</time></trkpt>
			<trkpt lat="47.304940" lon="-1.388500"><ele>73</ele><time>2026-03-01T10:20:48Z</time></trkpt>
			<trkpt lat="47.304800" lon="-1.388550"><ele>73</ele><time>2026-03-01T10:21:00Z</time></trkpt>
			<trkpt lat="47.304680" lon="-1.388610"><ele>73</ele><time>2026-03-01T10:21:12Z</time></trkpt>
			<trkpt lat="47.304420" lon="-1.388810"><ele>73</ele><time>2026-03-01T10:21:24Z</time></trkpt>
			<trkpt lat="47.304180" lon="-1.389140"><ele>72</ele><time>2026-03-01T10:21:36Z</time></trkpt>
			<trkpt lat="47.303790" lon="-1.389790"><ele>70</ele><time>2026-03-01T10:21:48Z</time></trkpt>
			<trkpt lat="47.303370" lon="-1.390520"><ele>67</ele><time>2026-03-01T10:22:00Z</time></trkpt>
			<trkpt lat="47.303240" lon="-1.390820"><ele>66</ele><time>2026-03-01T10:22:12Z</time></trkpt>
			<trkpt lat="47.303160" lon="-1.391110"><ele>66</ele><time>2026-03-01T10:22:24Z</time></trkpt>
			<trkpt lat="47.302750" lon="-1.392600"><ele>65</ele><time>2026-03-01T10:22:36Z</time></trkpt>
			<trkpt lat="47.302670" lon="-1.392810"><ele>64</ele><time>2026-03-01T10:22:48Z</time></trkpt>
			<trkpt lat="47.302620" lon="-1.392920"><ele>64</ele><time>2026-03-01T10:23:00Z</time></trkpt>
			<trkpt lat="47.302620" lon="-1.393040"><ele>63</ele><time>2026-03-01T10:23:12Z</time></trkpt>
			<trkpt lat="47.302510" lon="-1.393180"><ele>62</ele><time>2026-03-01T10:23:24Z</time></trkpt>
			<trkpt lat="47.302260" lon="-1.393710"><ele>60</ele><time>2026-03-01T10:23:36Z</time></trkpt>
			<trkpt lat="47.302100" lon="-1.394110"><ele>58</ele><time>2026-03-01T10:23:48Z</time></trkpt>
			<trkpt lat="47.301950" lon="-1.394660"><ele>56</ele><time>2026-03-01T10:24:00Z</time></trkpt>
			<trkpt lat="47.301830" lon="-1.395000"><ele>54</ele><time>2026-03-01T10:24:12Z</time></trkpt>
			<trkpt lat="47.301730" lon="-1.395230"><ele>54</ele><time>2026-03-01T10:24:24Z</time></trkpt>
			<trkpt lat="47.301600" lon="-1.395440"><ele>54</ele><time>2026-03-01T10:24:36Z</time></trkpt>
			<trkpt lat="47.301430" lon="-1.395670"><ele>54</ele><time>2026-03-01T10:24:48Z</time></trkpt>
			<trkpt lat="47.300640" lon="-1.396630"><ele>50</ele><time>2026-03-01T10:25:00Z</time></trkpt>
			<trkpt lat="47.300610" lon="-1.396640"><ele>50</ele><time>2026-03-01T10:25:12Z</time></trkpt>
			<trkpt lat="47.300570" lon="-1.396620"><ele>49</ele><time>2026-03-01T10:25:24Z</time></trkpt>
			<trkpt lat="47.300260" lon="-1.396350"><ele>47</ele><time>2026-03-01T10:25:36Z</time></trkpt>
			<trkpt lat="47.300070" lon="-1.396190"><ele>46</ele><time>2026-03-01T10:25:48Z</time></trkpt>
			<trkpt lat="47.299980" lon="-1.396110"><ele>45</ele><time>2026-03-01T10:26:00Z</time></trkpt>
			<trkpt lat="47.299790" lon="-1.395950"><ele>44</ele><time>2026-03-01T10:26:12Z</time></trkpt>
			<trkpt lat="47.299740" lon="-1.395980"><ele>44</ele><time>2026-03-01T10:26:24Z</time></trkpt>
			<trkpt lat="47.299660" lon="-1.396120"><ele>44</ele><time>2026-03-01T10:26:36Z</time></trkpt>
			<trkpt lat="47.299510" lon="-1.396360"><ele>44</ele><time>2026-03-01T10:26:48Z</time></trkpt>
			<trkpt lat="47.299410" lon="-1.396420"><ele>44</ele><time>2026-03-01T10:27:00Z</time></trkpt>
			<trkpt lat="47.299230" lon="-1.396540"><ele>43</ele><time>2026-03-01T10:27:12Z</time></trkpt>
			<trkpt lat="47.299090" lon="-1.396630"><ele>43</ele><time>2026-03-01T10:27:24Z</time></trkpt>
			<trkpt lat="47.299270" lon="-1.397240"><ele>47</ele><time>2026-03-01T10:27:36Z</time></trkpt>
			<trkpt lat="47.299570" lon="-1.398120"><ele>50</ele><time>2026-03-01T10:27:48Z</time></trkpt>
			<trkpt lat="47.299700" lon="-1.398270"><ele>50</ele><time>2026-03-01T10:28:00Z</time></trkpt>
			<trkpt lat="47.299740" lon="-1.398300"><ele>50</ele><time>2026-03-01T10:28:12Z</time></trkpt>
			<trkpt lat="47.299790" lon="-1.398300"><ele>50</ele><time>2026-03-01T10:28:24Z</time></trkpt>
			<trkpt lat="47.299830" lon="-1.398320"><ele>50</ele><time>2026-03-01T10:28:36Z</time></trkpt>
			<trkpt lat="47.299850" lon="-1.398300"><ele>50</ele><time>2026-03-01T10:28:48Z</time></trkpt>
			<trkpt lat="47.300270" lon="-1.397690"><ele>50</ele><time>2026-03-01T10:29:00Z</time></trkpt>
			<trkpt lat="47.300300" lon="-1.397650"><ele>50</ele><time>2026-03-01T10:29:12Z</time></trkpt>
			<trkpt lat="47.300330" lon="-1.397490"><ele>50</ele><time>2026-03-01T10:29:24Z</time></trkpt>
			<trkpt lat="47.300380" lon="-1.397360"><ele>50</ele><time>2026-03-01T10:29:36Z</time></trkpt>
			<trkpt lat="47.300400" lon="-1.397360"><ele>50</ele><time>2026-03-01T10:29:48Z</time></trkpt>
			<trkpt lat="47.300420" lon="-1.397360"><ele>50</ele><time>2026-03-01T10:30:00Z</time></trkpt>
			<trkpt lat="47.300450" lon="-1.397420"><ele>50</ele><time>2026-03-01T10:30:12Z</time></trkpt>
			<trkpt lat="47.300530" lon="-1.397530"><ele>51</ele><time>2026-03-01T10:30:24Z</time></trkpt>
			<trkpt lat="47.300600" lon="-1.397720"><ele>51</ele><time>2026-03-01T10:30:36Z</time></trkpt>
			<trkpt lat="47.300690" lon="-1.398010"><ele>50</ele><time>2026-03-01T10:30:48Z</time></trkpt>
			<trkpt lat="47.300760" lon="-1.398130"><ele>50</ele><time>2026-03-01T10:31:00Z</time></trkpt>
			<trkpt lat="47.300820" lon="-1.398210"><ele>50</ele><time>2026-03-01T10:31:12Z</time></trkpt>
			<trkpt lat="47.301110" lon="-1.398490"><ele>49</ele><time>2026-03-01T10:31:24Z</time></trkpt>
			<trkpt lat="47.301220" lon="-1.398610"><ele>49</ele><time>2026-03-01T10:31:36Z</time></trkpt>
			<trkpt lat="47.301250" lon="-1.398650"><ele>49</ele><time>2026-03-01T10:31:48Z</time></trkpt>
			<trkpt lat="47.301080" lon="-1.398880"><ele>48</ele><time>2026-03-01T10:32:00Z</time></trkpt>
			<trkpt lat="47.300920" lon="-1.399210"><ele>47</ele><time>2026-03-01T10:32:12Z</time></trkpt>
			<trkpt lat="47.300870" lon="-1.399390"><ele>47</ele><time>2026-03-01T10:32:24Z</time></trkpt>
			<trkpt lat="47.300840" lon="-1.399540"><ele>46</ele><time>2026-03-01T10:32:36Z</time></trkpt>
			<trkpt lat="47.300840" lon="-1.399710"><ele>46</ele><time>2026-03-01T10:32:48Z</time></trkpt>
			<trkpt lat="47.300860" lon="-1.399960"><ele>45</ele><time>2026-03-01T10:33:00Z</time></trkpt>
			<trkpt lat="47.300900" lon="-1.400100"><ele>45</ele><time>2026-03-01T10:33:12Z</time></trkpt>
			<trkpt lat="47.300960" lon="-1.400260"><ele>44</ele><time>2026-03-01T10:33:24Z</time></trkpt>
			<trkpt lat="47.301030" lon="-1.400390"><ele>44</ele><time>2026-03-01T10:33:36Z</time></trkpt>
			<trkpt lat="47.301110" lon="-1.400490"><ele>44</ele><time>2026-03-01T10:33:48Z</time></trkpt>
			<trkpt lat="47.301350" lon="-1.400710"><ele>44</ele><time>2026-03-01T10:34:00Z</time></trkpt>
			<trkpt lat="47.301560" lon="-1.400890"><ele>44</ele><time>2026-03-01T10:34:12Z</time></trkpt>
			<trkpt lat="47.302090" lon="-1.401350"><ele>40</ele><time>2026-03-01T10:34:24Z</time></trkpt>
			<trkpt lat="47.302440" lon="-1.401650"><ele>37</ele><time>2026-03-01T10:34:36Z</time></trkpt>
			<trkpt lat="47.302580" lon="-1.401720"><ele>36</ele><time>2026-03-01T10:34:48Z</time></trkpt>
			<trkpt lat="47.302630" lon="-1.401740"><ele>36</ele><time>2026-03-01T10:35:00Z</time></trkpt>
			<trkpt lat="47.302820" lon="-1.401770"><ele>35</ele><time>2026-03-01T10:35:12Z</time></trkpt>
			<trkpt lat="47.303000" lon="-1.401740"><ele>35</ele><time>2026-03-01T10:35:24Z</time></trkpt>
			<trkpt lat="47.304080" lon="-1.401440"><ele>29</ele><time>2026-03-01T10:35:36Z</time></trkpt>
			<trkpt lat="47.304250" lon="-1.401400"><ele>29</ele><time>2026-03-01T10:35:48Z</time></trkpt>
			<trkpt lat="47.304410" lon="-1.401400"><ele>29</ele><time>2026-03-01T10:36:00Z</time></trkpt>
			<trkpt lat="47.304460" lon="-1.401410"><ele>29</ele><time>2026-03-01T10:36:12Z</time></trkpt>
			<trkpt lat="47.304520" lon="-1.401420"><ele>29</ele><time>2026-03-01T10:36:24Z</time></trkpt>
			<trkpt lat="47.304630" lon="-1.401460"><ele>29</ele><time>2026-03-01T10:36:36Z</time></trkpt>
			<trkpt lat="47.304780" lon="-1.401570"><ele>28</ele><time>2026-03-01T10:36:48Z</time></trkpt>
			<trkpt lat="47.304820" lon="-1.401610"><ele>28</ele><time>2026-03-01T10:37:00Z</time></trkpt>
			<trkpt lat="47.304890" lon="-1.401680"><ele>27</ele><time>2026-03-01T10:37:12Z</time></trkpt>
			<trkpt lat="47.305230" lon="-1.402080"><ele>25</ele><time>2026-03-01T10:37:24Z</time></trkpt>
			<trkpt lat="47.306350" lon="-1.403540"><ele>20</ele><time>2026-03-01T10:37:36Z</time></trkpt>
			<trkpt lat="47.308380" lon="-1.406090"><ele>18</ele><time>2026-03-01T10:37:48Z</time></trkpt>
			<trkpt lat="47.308500" lon="-1.406230"><ele>17</ele><time>2026-03-01T10:38:00Z</time></trkpt>
			<trkpt lat="47.308580" lon="-1.406310"><ele>17</ele><time>2026-03-01T10:38:12Z</time></trkpt>
			<trkpt lat="47.308680" lon="-1.406380"><ele>17</ele><time>2026-03-01T10:38:24Z</time></trkpt>
			<trkpt lat="47.308780" lon="-1.406440"><ele>17</ele><time>2026-03-01T10:38:36Z</time></trkpt>
			<trkpt lat="47.308910" lon="-1.406500"><ele>17</ele><time>2026-03-01T10:38:48Z</time></trkpt>
			<trkpt lat="47.309700" lon="-1.406750"><ele>12</ele><time>2026-03-01T10:39:00Z</time></trkpt>
			<trkpt lat="47.310120" lon="-1.406890"><ele>11</ele><time>2026-03-01T10:39:12Z</time></trkpt>
			<trkpt lat="47.310280" lon="-1.406970"><ele>12</ele><time>2026-03-01T10:39:24Z</time></trkpt>
			<trkpt lat="47.310370" lon="-1.407030"><ele>12</ele><time>2026-03-01T10:39:36Z</time></trkpt>
			<trkpt lat="47.310480" lon="-1.407130"><ele>13</ele><time>2026-03-01T10:39:48Z</time></trkpt>
			<trkpt lat="47.310560" lon="-1.407250"><ele>12</ele><time>2026-03-01T10:40:00Z</time></trkpt>
			<trkpt lat="47.310670" lon="-1.407420"><ele>12</ele><time>2026-03-01T10:40:12Z</time></trkpt>
			<trkpt lat="47.311680" lon="-1.409720"><ele>8</ele><time>2026-03-01T10:40:24Z</time></trkpt>
			<trkpt lat="47.311810" lon="-1.409980"><ele>9</ele><time>2026-03-01T10:40:36Z</time></trkpt>
			<trkpt lat="47.311920" lon="-1.410110"><ele>10</ele><time>2026-03-01T10:40:48Z</time></trkpt>
			<trkpt lat="47.312090" lon="-1.410270"><ele>11</ele><time>2026-03-01T10:41:00Z</time></trkpt>
			<trkpt lat="47.312380" lon="-1.410510"><ele>13</ele><time>2026-03-01T10:41:12Z</time></trkpt>
			<trkpt lat="47.312630" lon="-1.410700"><ele>14</ele><time>2026-03-01T10:41:24Z</time></trkpt>
			<trkpt lat="47.312690" lon="-1.410640"><ele>15</ele><time>2026-03-01T10:41:36Z</time></trkpt>
			<trkpt lat="47.312730" lon="-1.410610"><ele>15</ele><time>2026-03-01T10:41:48Z</time></trkpt>
			<trkpt lat="47.312810" lon="-1.410620"><ele>16</ele><time>2026-03-01T10:42:00Z</time></trkpt>
			<trkpt lat="47.313070" lon="-1.410740"><ele>17</ele><time>2026-03-01T10:42:12Z</time></trkpt>
			<trkpt lat="47.313380" lon="-1.410900"><ele>18</ele><time>2026-03-01T10:42:24Z</time></trkpt>
			<trkpt lat="47.313520" lon="-1.410920"><ele>19</ele><time>2026-03-01T10:42:36Z</time></trkpt>
			<trkpt lat="47.313650" lon="-1.410860"><ele>20</ele><time>2026-03-01T10:42:48Z</time></trkpt>
			<trkpt lat="47.313900" lon="-1.410640"><ele>22</ele><time>2026-03-01T10:43:00Z</time></trkpt>
			<trkpt lat="47.313960" lon="-1.410570"><ele>23</ele><time>2026-03-01T10:43:12Z</time></trkpt>
			<trkpt lat="47.314330" lon="-1.410180"><ele>25</ele><time>2026-03-01T10:43:24Z</time></trkpt>
			<trkpt lat="47.314610" lon="-1.409920"><ele>27</ele><time>2026-03-01T10:43:36Z</time></trkpt>
			<trkpt lat="47.314720" lon="-1.409850"><ele>28</ele><time>2026-03-01T10:43:48Z</time></trkpt>
			<trkpt lat="47.314850" lon="-1.409820"><ele>29</ele><time>2026-03-01T10:44:00Z</time></trkpt>
			<trkpt lat="47.315010" lon="-1.409830"><ele>30</ele><time>2026-03-01T10:44:12Z</time></trkpt>
			<trkpt lat="47.315270" lon="-1.409960"><ele>31</ele><time>2026-03-01T10:44:24Z</time></trkpt>
			<trkpt lat="47.315560" lon="-1.410130"><ele>33</ele><time>2026-03-01T10:44:36Z</time></trkpt>
			<trkpt lat="47.315690" lon="-1.410170"><ele>34</ele><time>2026-03-01T10:44:48Z</time></trkpt>
			<trkpt lat="47.315800" lon="-1.410160"><ele>35</ele><time>2026-03-01T10:45:00Z</time></trkpt>
			<trkpt lat="47.315870" lon="-1.410120"><ele>36</ele><time>2026-03-01T10:45:12Z</time></trkpt>
			<trkpt lat="47.315940" lon="-1.410000"><ele>37</ele><time>2026-03-01T10:45:24Z</time></trkpt>
			<trkpt lat="47.315960" lon="-1.409910"><ele>38</ele><time>2026-03-01T10:45:36Z</time></trkpt>
			<trkpt lat="47.315950" lon="-1.409710"><ele>39</ele><time>2026-03-01T10:45:48Z</time></trkpt>
			<trkpt lat="47.315890" lon="-1.409560"><ele>40</ele><time>2026-03-01T10:46:00Z</time></trkpt>
			<trkpt lat="47.315480" lon="-1.408820"><ele>40</ele><time>2026-03-01T10:46:12Z</time></trkpt>
			<trkpt lat="47.315400" lon="-1.408590"><ele>41</ele><time>2026-03-01T10:46:24Z</time></trkpt>
			<trkpt lat="47.315310" lon="-1.407980"><ele>45</ele><time>2026-03-01T10:46:36Z</time></trkpt>
			<trkpt lat="47.315240" lon="-1.407370"><ele>49</ele><time>2026-03-01T10:46:48Z</time></trkpt>
			<trkpt lat="47.315150" lon="-1.406720"><ele>53</ele><time>2026-03-01T10:47:00Z</time></trkpt>
			<trkpt lat="47.315060" lon="-1.406040"><ele>56</ele><time>2026-03-01T10:47:12Z</time></trkpt>
			<trkpt lat="47.315040" lon="-1.405820"><ele>57</ele><time>2026-03-01T10:47:24Z</time></trkpt>
			<trkpt lat="47.315050" lon="-1.405650"><ele>58</ele><time>2026-03-01T10:47:36Z</time></trkpt>
			<trkpt lat="47.315100" lon="-1.405460"><ele>59</ele><time>2026-03-01T10:47:48Z</time></trkpt>
			<trkpt lat="47.315160" lon="-1.405370"><ele>60</ele><time>2026-03-01T10:48:00Z</time></trkpt>
			<trkpt lat="47.315240" lon="-1.405270"><ele>61</ele><time>2026-03-01T10:48:12Z</time></trkpt>
			<trkpt lat="47.315310" lon="-1.405230"><ele>61</ele><time>2026-03-01T10:48:24Z</time></trkpt>
			<trkpt lat="47.315410" lon="-1.405200"><ele>62</ele><time>2026-03-01T10:48:36Z</time></trkpt>
			<trkpt lat="47.315650" lon="-1.405220"><ele>62</ele><time>2026-03-01T10:48:48Z</time></trkpt>
			<trkpt lat="47.315810" lon="-1.405290"><ele>62</ele><time>2026-03-01T10:49:00Z</time></trkpt>
			<trkpt lat="47.316080" lon="-1.405400"><ele>62</ele><time>2026-03-01T10:49:12Z</time></trkpt>
			<trkpt lat="47.316200" lon="-1.405520"><ele>62</ele><time>2026-03-01T10:49:24Z</time></trkpt>
			<trkpt lat="47.316300" lon="-1.405690"><ele>62</ele><time>2026-03-01T10:49:36Z</time></trkpt>
			<trkpt lat="47.316580" lon="-1.406250"><ele>62</ele><time>2026-03-01T10:49:48Z</time></trkpt>
			<trkpt lat="47.316770" lon="-1.406480"><ele>62</ele><time>2026-03-01T10:50:00Z</time></trkpt>
			<trkpt lat="47.316890" lon="-1.406580"><ele>62</ele><time>2026-03-01T10:50:12Z</time></trkpt>
			<trkpt lat="47.317010" lon="-1.406630"><ele>62</ele><time>2026-03-01T10:50:24Z</time></trkpt>
			<trkpt lat="47.317260" lon="-1.406700"><ele>63</ele><time>2026-03-01T10:50:36Z</time></trkpt>
			<trkpt lat="47.317690" lon="-1.406700"><ele>64</ele><time>2026-03-01T10:50:48Z</time></trkpt>
			<trkpt lat="47.317940" lon="-1.406660"><ele>65</ele><time>2026-03-01T10:51:00Z</time></trkpt>
			<trkpt lat="47.318270" lon="-1.406550"><ele>66</ele><time>2026-03-01T10:51:12Z</time></trkpt>
			<trkpt lat="47.318940" lon="-1.406240"><ele>68</ele><time>2026-03-01T10:51:24Z</time></trkpt>
			<trkpt lat="47.320150" lon="-1.405700"><ele>72</ele><time>2026-03-01T10:51:36Z</time></trkpt>
			<trkpt lat="47.320280" lon="-1.405650"><ele>72</ele><time>2026-03-01T10:51:48Z</time></trkpt>
			<trkpt lat="47.320530" lon="-1.405600"><ele>73</ele><time>2026-03-01T10:52:00Z</time></trkpt>
			<trkpt lat="47.320760" lon="-1.405610"><ele>73</ele><time>2026-03-01T10:52:12Z</time></trkpt>
			<trkpt lat="47.320980" lon="-1.405660"><ele>73</ele><time>2026-03-01T10:52:24Z</time></trkpt>
			<trkpt lat="47.321190" lon="-1.405800"><ele>74</ele><time>2026-03-01T10:52:36Z</time></trkpt>
			<trkpt lat="47.321300" lon="-1.405910"><ele>75</ele><time>2026-03-01T10:52:48Z</time></trkpt>
			<trkpt lat="47.321440" lon="-1.406120"><ele>75</ele><time>2026-03-01T10:53:00Z</time></trkpt>
			<trkpt lat="47.321540" lon="-1.406300"><ele>75</ele><time>2026-03-01T10:53:12Z</time></trkpt>
			<trkpt lat="47.321630" lon="-1.406510"><ele>74</ele><time>2026-03-01T10:53:24Z</time></trkpt>
			<trkpt lat="47.321740" lon="-1.406920"><ele>73</ele><time>2026-03-01T10:53:36Z</time></trkpt>
			<trkpt lat="47.321960" lon="-1.407710"><ele>70</ele><time>2026-03-01T10:53:48Z</time></trkpt>
			<trkpt lat="47.322190" lon="-1.408550"><ele>69</ele><time>2026-03-01T10:54:00Z</time></trkpt>
			<trkpt lat="47.322380" lon="-1.409000"><ele>68</ele><time>2026-03-01T10:54:12Z</time></trkpt>
			<trkpt lat="47.322510" lon="-1.409240"><ele>68</ele><time>2026-03-01T10:54:24Z</time></trkpt>
			<trkpt lat="47.322910" lon="-1.408890"><ele>68</ele><time>2026-03-01T10:54:36Z</time></trkpt>
			<trkpt lat="47.323910" lon="-1.407970"><ele>71</ele><time>2026-03-01T10:54:48Z</time></trkpt>
			<trkpt lat="47.324120" lon="-1.407790"><ele>71</ele><time>2026-03-01T10:55:00Z</time></trkpt>
			<trkpt lat="47.324310" lon="-1.407680"><ele>71</ele><time>2026-03-01T10:55:12Z</time></trkpt>
			<trkpt lat="47.324530" lon="-1.407600"><ele>71</ele><time>2026-03-01T10:55:24Z</time></trkpt>
			<trkpt lat="47.325530" lon="-1.407160"><ele>72</ele><time>2026-03-01T10:55:36Z</time></trkpt>
			<trkpt lat="47.325230" lon="-1.406200"><ele>72</ele><time>2026-03-01T10:55:48Z</time></trkpt>
			<trkpt lat="47.325230" lon="-1.406130"><ele>72</ele><time>2026-03-01T10:56:00Z</time></trkpt>
			<trkpt lat="47.325250" lon="-1.406070"><ele>72</ele><time>2026-03-01T10:56:12Z</time></trkpt>
			<trkpt lat="47.325290" lon="-1.406000"><ele>72</ele><time>2026-03-01T10:56:24Z</time></trkpt>
			<trkpt lat="47.325330" lon="-1.405980"><ele>72</ele><time>2026-03-01T10:56:36Z</time></trkpt>
			<trkpt lat="47.325380" lon="-1.405970"><ele>72</ele><time>2026-03-01T10:56:48Z</time></trkpt>
			<trkpt lat="47.325450" lon="-1.405970"><ele>72</ele><time>2026-03-01T10:57:00Z</time></trkpt>
			<trkpt lat="47.326210" lon="-1.406040"><ele>72</ele><time>2026-03-01T10:57:12Z</time></trkpt>
			<trkpt lat="47.327160" lon="-1.406140"><ele>72</ele><time>2026-03-01T10:57:24Z</time></trkpt>
			<trkpt lat="47.329230" lon="-1.406630"><ele>70</ele><time>2026-03-01T10:57:36Z</time></trkpt>
			<trkpt lat="47.329620" lon="-1.406740"><ele>69</ele><time>2026-03-01T10:57:48Z</time></trkpt>
			<trkpt lat="47.329760" lon="-1.406770"><ele>69</ele><time>2026-03-01T10:58:00Z</time></trkpt>
			<trkpt lat="47.329990" lon="-1.406810"><ele>69</ele><time>2026-03-01T10:58:12Z</time></trkpt>
			<trkpt lat="47.330790" lon="-1.406860"><ele>69</ele><time>2026-03-01T10:58:24Z</time></trkpt>
			<trkpt lat="47.330680" lon="-1.406390"><ele>68</ele><time>2026-03-01T10:58:36Z</time></trkpt>
			<trkpt lat="47.330560" lon="-1.405840"><ele>68</ele><time>2026-03-01T10:58:48Z</time></trkpt>
			<trkpt lat="47.330530" lon="-1.405550"><ele>67</ele><time>2026-03-01T10:59:00Z</time></trkpt>
			<trkpt lat="47.330370" lon="-1.404680"><ele>67</ele><time>2026-03-01T10:59:12Z</time></trkpt>
			<trkpt lat="47.330190" lon="-1.403950"><ele>67</ele><time>2026-03-01T10:59:24Z</time></trkpt>
			<trkpt lat="47.330530" lon="-1.403960"><ele>66</ele><time>2026-03-01T10:59:36Z</time></trkpt>
			<trkpt lat="47.330700" lon="-1.403940"><ele>65</ele><time>2026-03-01T10:59:48Z</time></trkpt>
			<trkpt lat="47.331220" lon="-1.403730"><ele>66</ele><time>2026-03-01T11:00:00Z</time></trkpt>
			<trkpt lat="47.331680" lon="-1.403510"><ele>68</ele><time>2026-03-01T11:00:12Z</time></trkpt>
			<trkpt lat="47.332090" lon="-1.403280"><ele>68</ele><time>2026-03-01T11:00:24Z</time></trkpt>
			<trkpt lat="47.332140" lon="-1.403260"><ele>69</ele><time>2026-03-01T11:00:36Z</time></trkpt>
			<trkpt lat="47.332720" lon="-1.403200"><ele>70</ele><time>2026-03-01T11:00:48Z</time></trkpt>
			<trkpt lat="47.333810" lon="-1.403190"><ele>72</ele><time>2026-03-01T11:01:00Z</time></trkpt>
			<trkpt lat="47.335190" lon="-1.402960"><ele>73</ele><time>2026-03-01T11:01:12Z</time></trkpt>
			<trkpt lat="47.336240" lon="-1.402700"><ele>73</ele><time>2026-03-01T11:01:24Z</time></trkpt>
			<trkpt lat="47.337380" lon="-1.402640"><ele>74</ele><time>2026-03-01T11:01:36Z</time></trkpt>
			<trkpt lat="47.337640" lon="-1.402620"><ele>74</ele><time>2026-03-01T11:01:48Z</time></trkpt>
			<trkpt lat="47.339140" lon="-1.402910"><ele>74</ele><time>2026-03-01T11:02:00Z</time></trkpt>
			<trkpt lat="47.339240" lon="-1.402900"><ele>74</ele><time>2026-03-01T11:02:12Z</time></trkpt>
			<trkpt lat="47.339430" lon="-1.402650"><ele>75</ele><time>2026-03-01T11:02:24Z</time></trkpt>
			<trkpt lat="47.339450" lon="-1.402620"><ele>75</ele><time>2026-03-01T11:02:36Z</time></trkpt>
			<trkpt lat="47.340440" lon="-1.403680"><ele>73</ele><time>2026-03-01T11:02:48Z</time></trkpt>
			<trkpt lat="47.340620" lon="-1.403810"><ele>74</ele><time>2026-03-01T11:03:00Z</time></trkpt>
			<trkpt lat="47.340860" lon="-1.403910"><ele>74</ele><time>2026-03-01T11:03:12Z</time></trkpt>
			<trkpt lat="47.341250" lon="-1.403980"><ele>74</ele><time>2026-03-01T11:03:24Z</time></trkpt>
			<trkpt lat="47.342140" lon="-1.404050"><ele>73</ele><time>2026-03-01T11:03:36Z</time></trkpt>
			<trkpt lat="47.342430" lon="-1.404030"><ele>73</ele><time>2026-03-01T11:03:48Z</time></trkpt>
			<trkpt lat="47.343100" lon="-1.403850"><ele>74</ele><time>2026-03-01T11:04:00Z</time></trkpt>
			<trkpt lat="47.344100" lon="-1.403470"><ele>72</ele><time>2026-03-01T11:04:12Z</time></trkpt>
			<trkpt lat="47.344180" lon="-1.403430"><ele>72</ele><time>2026-03-01T11:04:24Z</time></trkpt>
			<trkpt lat="47.344240" lon="-1.403410"><ele>72</ele><time>2026-03-01T11:04:36Z</time></trkpt>
			<trkpt lat="47.344720" lon="-1.403120"><ele>70</ele><time>2026-03-01T11:04:48Z</time></trkpt>
			<trkpt lat="47.345230" lon="-1.402650"><ele>70</ele><time>2026-03-01T11:05:00Z</time></trkpt>
			<trkpt lat="47.345360" lon="-1.402490"><ele>70</ele><time>2026-03-01T11:05:12Z</time></trkpt>
			<trkpt lat="47.345640" lon="-1.402310"><ele>70</ele><time>2026-03-01T11:05:24Z</time></trkpt>
			<trkpt lat="47.345750" lon="-1.402300"><ele>70</ele><time>2026-03-01T11:05:36Z</time></trkpt>
			<trkpt lat="47.346470" lon="-1.402390"><ele>71</ele><time>2026-03-01T11:05:48Z</time></trkpt>
			<trkpt lat="47.346510" lon="-1.402430"><ele>71</ele><time>2026-03-01T11:06:00Z</time></trkpt>
			<trkpt lat="47.346540" lon="-1.402490"><ele>71</ele><time>2026-03-01T11:06:12Z</time></trkpt>
			<trkpt lat="47.346630" lon="-1.402420"><ele>71</ele><time>2026-03-01T11:06:24Z</time></trkpt>
			<trkpt lat="47.346760" lon="-1.402350"><ele>71</ele><time>2026-03-01T11:06:36Z</time></trkpt>
			<trkpt lat="47.347020" lon="-1.402280"><ele>72</ele><time>2026-03-01T11:06:48Z</time></trkpt>
			<trkpt lat="47.347850" lon="-1.402150"><ele>74</ele><time>2026-03-01T11:07:00Z</time></trkpt>
			<trkpt lat="47.348250" lon="-1.402110"><ele>74</ele><time>2026-03-01T11:07:12Z</time></trkpt>
			<trkpt lat="47.348700" lon="-1.402080"><ele>74</ele><time>2026-03-01T11:07:24Z</time></trkpt>
			<trkpt lat="47.349120" lon="-1.402080"><ele>74</ele><time>2026-03-01T11:07:36Z</time></trkpt>
			<trkpt lat="47.350040" lon="-1.402120"><ele>73</ele><time>2026-03-01T11:07:48Z</time></trkpt>
			<trkpt lat="47.351960" lon="-1.402240"><ele>73</ele><time>2026-03-01T11:08:00Z</time></trkpt>
			<trkpt lat="47.354770" lon="-1.402410"><ele>71</ele><time>2026-03-01T11:08:12Z</time></trkpt>
			<trkpt lat="47.354920" lon="-1.402400"><ele>71</ele><time>2026-03-01T11:08:24Z</time></trkpt>
			<trkpt lat="47.355040" lon="-1.402360"><ele>71</ele><time>2026-03-01T11:08:36Z</time></trkpt>
			<trkpt lat="47.355230" lon="-1.402240"><ele>71</ele><time>2026-03-01T11:08:48Z</time></trkpt>
			<trkpt lat="47.355350" lon="-1.402230"><ele>71</ele><time>2026-03-01T11:09:00Z</time></trkpt>
			<trkpt lat="47.355420" lon="-1.402260"><ele>71</ele><time>2026-03-01T11:09:12Z</time></trkpt>
			<trkpt lat="47.355480" lon="-1.402280"><ele>71</ele><time>2026-03-01T11:09:24Z</time></trkpt>
			<trkpt lat="47.355540" lon="-1.402320"><ele>71</ele><time>2026-03-01T11:09:36Z</time></trkpt>
			<trkpt lat="47.355710" lon="-1.402450"><ele>70</ele><time>2026-03-01T11:09:48Z</time></trkpt>
			<trkpt lat="47.355840" lon="-1.402520"><ele>70</ele><time>2026-03-01T11:10:00Z</time></trkpt>
			<trkpt lat="47.356210" lon="-1.402600"><ele>70</ele><time>2026-03-01T11:10:12Z</time></trkpt>
			<trkpt lat="47.356430" lon="-1.402680"><ele>70</ele><time>2026-03-01T11:10:24Z</time></trkpt>
			<trkpt lat="47.356610" lon="-1.402760"><ele>70</ele><time>2026-03-01T11:10:36Z</time></trkpt>
			<trkpt lat="47.357040" lon="-1.402990"><ele>70</ele><time>2026-03-01T11:10:48Z</time></trkpt>
			<trkpt lat="47.357260" lon="-1.403070"><ele>69</ele><time>2026-03-01T11:11:00Z</time></trkpt>
			<trkpt lat="47.357690" lon="-1.403190"><ele>69</ele><time>2026-03-01T11:11:12Z</time></trkpt>
			<trkpt lat="47.358160" lon="-1.403300"><ele>70</ele><time>2026-03-01T11:11:24Z</time></trkpt>
			<trkpt lat="47.358590" lon="-1.403420"><ele>70</ele><time>2026-03-01T11:11:36Z</time></trkpt>
			<trkpt lat="47.358640" lon="-1.403430"><ele>70</ele><time>2026-03-01T11:11:48Z</time></trkpt>
			<trkpt lat="47.358880" lon="-1.403480"><ele>70</ele><time>2026-03-01T11:12:00Z</time></trkpt>
			<trkpt lat="47.359100" lon="-1.403550"><ele>70</ele><time>2026-03-01T11:12:12Z</time></trkpt>
			<trkpt lat="47.360070" lon="-1.404030"><ele>69</ele><time>2026-03-01T11:12:24Z</time></trkpt>
			<trkpt lat="47.360430" lon="-1.404200"><ele>68</ele><time>2026-03-01T11:12:36Z</time></trkpt>
			<trkpt lat="47.360470" lon="-1.404140"><ele>68</ele><time>2026-03-01T11:12:48Z</time></trkpt>
			<trkpt lat="47.360490" lon="-1.404130"><ele>68</ele><time>2026-03-01T11:13:00Z</time></trkpt>
			<trkpt lat="47.360540" lon="-1.404150"><ele>68</ele><time>2026-03-01T11:13:12Z</time></trkpt>
			<trkpt lat="47.360570" lon="-1.404200"><ele>68</ele><time>2026-03-01T11:13:24Z</time></trkpt>
			<trkpt lat="47.360570" lon="-1.404270"><ele>68</ele><time>2026-03-01T11:13:36Z</time></trkpt>
			<trkpt lat="47.360660" lon="-1.404340"><ele>68</ele><time>2026-03-01T11:13:48Z</time></trkpt>
			<trkpt lat="47.360890" lon="-1.404460"><ele>68</ele><time>2026-03-01T11:14:00Z</time></trkpt>
			<trkpt lat="47.361230" lon="-1.404710"><ele>68</ele><time>2026-03-01T11:14:12Z</time></trkpt>
			<trkpt lat="47.361280" lon="-1.404760"><ele>68</ele><time>2026-03-01T11:14:24Z</time></trkpt>
			<trkpt lat="47.361790" lon="-1.405140"><ele>68</ele><time>2026-03-01T11:14:36Z</time></trkpt>
			<trkpt lat="47.362110" lon="-1.405370"><ele>68</ele><time>2026-03-01T11:14:48Z</time></trkpt>
			<trkpt lat="47.362370" lon="-1.405500"><ele>68</ele><time>2026-03-01T11:15:00Z</time></trkpt>
			<trkpt lat="47.362520" lon="-1.405560"><ele>68</ele><time>2026-03-01T11:15:12Z</time></trkpt>
			<trkpt lat="47.362720" lon="-1.405610"><ele>68</ele><time>2026-03-01T11:15:24Z</time></trkpt>
			<trkpt lat="47.363230" lon="-1.405680"><ele>69</ele><time>2026-03-01T11:15:36Z</time></trkpt>
			<trkpt lat="47.363380" lon="-1.405710"><ele>69</ele><time>2026-03-01T11:15:48Z</time></trkpt>
			<trkpt lat="47.363460" lon="-1.405780"><ele>69</ele><time>2026-03-01T11:16:00Z</time></trkpt>
			<trkpt lat="47.363490" lon="-1.405820"><ele>68</ele><time>2026-03-01T11:16:12Z</time></trkpt>
			<trkpt lat="47.363600" lon="-1.405730"><ele>68</ele><time>2026-03-01T11:16:24Z</time></trkpt>
			<trkpt lat="47.363780" lon="-1.405620"><ele>67</ele><time>2026-03-01T11:16:36Z</time></trkpt>
			<trkpt lat="47.363890" lon="-1.405570"><ele>67</ele><time>2026-03-01T11:16:48Z</time></trkpt>
			<trkpt lat="47.364010" lon="-1.405530"><ele>67</ele><time>2026-03-01T11:17:00Z</time></trkpt>
			<trkpt lat="47.364120" lon="-1.405510"><ele>66</ele><time>2026-03-01T11:17:12Z</time></trkpt>
			<trkpt lat="47.364490" lon="-1.405510"><ele>66</ele><time>2026-03-01T11:17:24Z</time></trkpt>
			<trkpt lat="47.364770" lon="-1.405510"><ele>65</ele><time>2026-03-01T11:17:36Z</time></trkpt>
			<trkpt lat="47.365310" lon="-1.405520"><ele>64</ele><time>2026-03-01T11:17:48Z</time></trkpt>
			<trkpt lat="47.365420" lon="-1.405520"><ele>64</ele><time>2026-03-01T11:18:00Z</time></trkpt>
			<trkpt lat="47.365650" lon="-1.405510"><ele>63</ele><time>2026-03-01T11:18:12Z</time></trkpt>
			<trkpt lat="47.365720" lon="-1.405440"><ele>63</ele><time>2026-03-01T11:18:24Z</time></trkpt>
			<trkpt lat="47.365810" lon="-1.405420"><ele>63</ele><time>2026-03-01T11:18:36Z</time></trkpt>
			<trkpt lat="47.365860" lon="-1.405380"><ele>63</ele><time>2026-03-01T11:18:48Z</time></trkpt>
			<trkpt lat="47.365940" lon="-1.405360"><ele>62</ele><time>2026-03-01T11:19:00Z</time></trkpt>
			<trkpt lat="47.366010" lon="-1.405390"><ele>62</ele><time>2026-03-01T11:19:12Z</time></trkpt>
			<trkpt lat="47.366090" lon="-1.405420"><ele>62</ele><time>2026-03-01T11:19:24Z</time></trkpt>
			<trkpt lat="47.366160" lon="-1.405450"><ele>61</ele><time>2026-03-01T11:19:36Z</time></trkpt>
			<trkpt lat="47.366190" lon="-1.405460"><ele>61</ele><time>2026-03-01T11:19:48Z</time></trkpt>
			<trkpt lat="47.366280" lon="-1.405460"><ele>61</ele><time>2026-03-01T11:20:00Z</time></trkpt>
			<trkpt lat="47.366330" lon="-1.405460"><ele>61</ele><time>2026-03-01T11:20:12Z</time></trkpt>
			<trkpt lat="47.366500" lon="-1.405400"><ele>60</ele><time>2026-03-01T11:20:24Z</time></trkpt>
			<trkpt lat="47.366730" lon="-1.405260"><ele>58</ele><time>2026-03-01T11:20:36Z</time></trkpt>
			<trkpt lat="47.366820" lon="-1.405200"><ele>58</ele><time>2026-03-01T11:20:48Z</time></trkpt>
			<trkpt lat="47.366930" lon="-1.405180"><ele>57</ele><time>2026-03-01T11:21:00Z</time></trkpt>
			<trkpt lat="47.367000" lon="-1.405170"><ele>56</ele><time>2026-03-01T11:21:12Z</time></trkpt>
			<trkpt lat="47.366980" lon="-1.406200"><ele>58</ele><time>2026-03-01T11:21:24Z</time></trkpt>
			<trkpt lat="47.366970" lon="-1.406590"><ele>59</ele><time>2026-03-01T11:21:36Z</time></trkpt>
			<trkpt lat="47.366930" lon="-1.408090"><ele>60</ele><time>2026-03-01T11:21:48Z</time></trkpt>
			<trkpt lat="47.366910" lon="-1.408400"><ele>60</ele><time>2026-03-01T11:22:00Z</time></trkpt>
			<trkpt lat="47.366900" lon="-1.409150"><ele>58</ele><time>2026-03-01T11:22:12Z</time></trkpt>
			<trkpt lat="47.366930" lon="-1.409470"><ele>58</ele><time>2026-03-01T11:22:24Z</time></trkpt>
			<trkpt lat="47.366950" lon="-1.409640"><ele>58</ele><time>2026-03-01T11:22:36Z</time></trkpt>
			<trkpt lat="47.367020" lon="-1.409960"><ele>57</ele><time>2026-03-01T11:22:48Z</time></trkpt>
			<trkpt lat="47.367050" lon="-1.410110"><ele>57</ele><time>2026-03-01T11:23:00Z</time></trkpt>
			<trkpt lat="47.367090" lon="-1.410230"><ele>57</ele><time>2026-03-01T11:23:12Z</time></trkpt>
			<trkpt lat="47.367180" lon="-1.410560"><ele>57</ele><time>2026-03-01T11:23:24Z</time></trkpt>
			<trkpt lat="47.367190" lon="-1.410660"><ele>57</ele><time>2026-03-01T11:23:36Z</time></trkpt>
			<trkpt lat="47.367290" lon="-1.411030"><ele>57</ele><time>2026-03-01T11:23:48Z</time></trkpt>
			<trkpt lat="47.367400" lon="-1.411520"><ele>57</ele><time>2026-03-01T11:24:00Z</time></trkpt>
			<trkpt lat="47.367420" lon="-1.411650"><ele>57</ele><time>2026-03-01T11:24:12Z</time></trkpt>
			<trkpt lat="47.367430" lon="-1.411770"><ele>58</ele><time>2026-03-01T11:24:24Z</time></trkpt>
			<trkpt lat="47.367430" lon="-1.412010"><ele>58</ele><time>2026-03-01T11:24:36Z</time></trkpt>
			<trkpt lat="47.367380" lon="-1.412250"><ele>59</ele><time>2026-03-01T11:24:48Z</time></trkpt>
			<trkpt lat="47.367230" lon="-1.412660"><ele>60</ele><time>2026-03-01T11:25:00Z</time></trkpt>
			<trkpt lat="47.367160" lon="-1.412850"><ele>61</ele><time>2026-03-01T11:25:12Z</time></trkpt>
			<trkpt lat="47.367100" lon="-1.413020"><ele>61</ele><time>2026-03-01T11:25:24Z</time></trkpt>
			<trkpt lat="47.367020" lon="-1.413220"><ele>61</ele><time>2026-03-01T11:25:36Z</time></trkpt>
			<trkpt lat="47.366990" lon="-1.413200"><ele>61</ele><time>2026-03-01T11:25:48Z</time></trkpt>
			<trkpt lat="47.366980" lon="-1.413210"><ele>61</ele><time>2026-03-01T11:26:00Z</time></trkpt>
			<trkpt lat="47.366700" lon="-1.414010"><ele>63</ele><time>2026-03-01T11:26:12Z</time></trkpt>
			<trkpt lat="47.366550" lon="-1.414400"><ele>63</ele><time>2026-03-01T11:26:24Z</time></trkpt>
			<trkpt lat="47.366530" lon="-1.414440"><ele>63</ele><time>2026-03-01T11:26:36Z</time></trkpt>
			<trkpt lat="47.366520" lon="-1.414490"><ele>63</ele><time>2026-03-01T11:26:48Z</time></trkpt>
			<trkpt lat="47.366560" lon="-1.414520"><ele>63</ele><time>2026-03-01T11:27:00Z</time></trkpt>
			<trkpt lat="47.366600" lon="-1.414550"><ele>63</ele><time>2026-03-01T11:27:12Z</time></trkpt>
			<trkpt lat="47.366580" lon="-1.414650"><ele>63</ele><time>2026-03-01T11:27:24Z</time></trkpt>
			<trkpt lat="47.366500" lon="-1.414960"><ele>62</ele><time>2026-03-01T11:27:36Z</time></trkpt>
			<trkpt lat="47.366460" lon="-1.415190"><ele>62</ele><time>2026-03-01T11:27:48Z</time></trkpt>
			<trkpt lat="47.366440" lon="-1.415290"><ele>62</ele><time>2026-03-01T11:28:00Z</time></trkpt>
			<trkpt lat="47.366450" lon="-1.415350"><ele>62</ele><time>2026-03-01T11:28:12Z</time></trkpt>
			<trkpt lat="47.366490" lon="-1.415400"><ele>62</ele><time>2026-03-01T11:28:24Z</time></trkpt>
			<trkpt lat="47.366520" lon="-1.415430"><ele>62</ele><time>2026-03-01T11:28:36Z</time></trkpt>
			<trkpt lat="47.366560" lon="-1.415430"><ele>62</ele><time>2026-03-01T11:28:48Z</time></trkpt>
			<trkpt lat="47.366560" lon="-1.415470"><ele>62</ele><time>2026-03-01T11:29:00Z</time></trkpt>
			<trkpt lat="47.366490" lon="-1.415480"><ele>62</ele><time>2026-03-01T11:29:12Z</time></trkpt>
			<trkpt lat="47.366430" lon="-1.415460"><ele>62</ele><time>2026-03-01T11:29:24Z</time></trkpt>
			<trkpt lat="47.366420" lon="-1.415500"><ele>62</ele><time>2026-03-01T11:29:36Z</time></trkpt>
			<trkpt lat="47.366380" lon="-1.415550"><ele>62</ele><time>2026-03-01T11:29:48Z</time></trkpt>
			<trkpt lat="47.366330" lon="-1.415560"><ele>62</ele><time>2026-03-01T11:30:00Z</time></trkpt>
			<trkpt lat="47.366280" lon="-1.415940"><ele>61</ele><time>2026-03-01T11:30:12Z</time></trkpt>
			<trkpt lat="47.366250" lon="-1.416520"><ele>61</ele><time>2026-03-01T11:30:24Z</time></trkpt>
			<trkpt lat="47.366270" lon="-1.417050"><ele>61</ele><time>2026-03-01T11:30:36Z</time></trkpt>
			<trkpt lat="47.366320" lon="-1.417580"><ele>61</ele><time>2026-03-01T11:30:48Z</time></trkpt>
			<trkpt lat="47.366670" lon="-1.421460"><ele>54</ele><time>2026-03-01T11:31:00Z</time></trkpt>
			<trkpt lat="47.366610" lon="-1.421480"><ele>54</ele><time>2026-03-01T11:31:12Z</time></trkpt>
			<trkpt lat="47.366510" lon="-1.421600"><ele>54</ele><time>2026-03-01T11:31:24Z</time></trkpt>
			<trkpt lat="47.366350" lon="-1.421880"><ele>53</ele><time>2026-03-01T11:31:36Z</time></trkpt>
			<trkpt lat="47.366330" lon="-1.421850"><ele>53</ele><time>2026-03-01T11:31:48Z</time></trkpt>
			<trkpt lat="47.366550" lon="-1.421450"><ele>54</ele><time>2026-03-01T11:32:00Z</time></trkpt>
			<trkpt lat="47.366570" lon="-1.421410"><ele>54</ele><time>2026-03-01T11:32:12Z</time></trkpt>
			<trkpt lat="47.366560" lon="-1.421210"><ele>54</ele><time>2026-03-01T11:32:24Z</time></trkpt>
			<trkpt lat="47.366540" lon="-1.420980"><ele>55</ele><time>2026-03-01T11:32:36Z</time></trkpt>
			<trkpt lat="47.366510" lon="-1.420790"><ele>55</ele><time>2026-03-01T11:32:48Z</time></trkpt>
			<trkpt lat="47.366320" lon="-1.419960"><ele>56</ele><time>2026-03-01T11:33:00Z</time></trkpt>
			<trkpt lat="47.366510" lon="-1.420790"><ele>55</ele><time>2026-03-01T11:33:12Z</time></trkpt>
			<trkpt lat="47.366540" lon="-1.420980"><ele>55</ele><time>2026-03-01T11:33:24Z</time></trkpt>
			<trkpt lat="47.366560" lon="-1.421210"><ele>54</ele><time>2026-03-01T11:33:36Z</time></trkpt>
			<trkpt lat="47.366570" lon="-1.421410"><ele>54</ele><time>2026-03-01T11:33:48Z</time></trkpt>
			<trkpt lat="47.366550" lon="-1.421450"><ele>54</ele><time>2026-03-01T11:34:00Z</time></trkpt>
			<trkpt lat="47.366330" lon="-1.421850"><ele>53</ele><time>2026-03-01T11:34:12Z</time></trkpt>
			<trkpt lat="47.366350" lon="-1.421880"><ele>53</ele><time>2026-03-01T11:34:24Z</time></trkpt>
			<trkpt lat="47.366510" lon="-1.421600"><ele>54</ele><time>2026-03-01T11:34:36Z</time></trkpt>
			<trkpt lat="47.366610" lon="-1.421480"><ele>54</ele><time>2026-03-01T11:34:48Z</time></trkpt>
			<trkpt lat="47.366670" lon="-1.421460"><ele>54</ele><time>2026-03-01T11:35:00Z</time></trkpt>
			<trkpt lat="47.366710" lon="-1.421950"><ele>54</ele><time>2026-03-01T11:35:12Z</time></trkpt>
			<trkpt lat="47.366740" lon="-1.422310"><ele>53</ele><time>2026-03-01T11:35:24Z</time></trkpt>
			<trkpt lat="47.366830" lon="-1.423150"><ele>52</ele><time>2026-03-01T11:35:36Z</time></trkpt>
			<trkpt lat="47.367210" lon="-1.425570"><ele>50</ele><time>2026-03-01T11:35:48Z</time></trkpt>
			<trkpt lat="47.367320" lon="-1.426290"><ele>50</ele><time>2026-03-01T11:36:00Z</time></trkpt>
			<trkpt lat="47.367370" lon="-1.426660"><ele>51</ele><time>2026-03-01T11:36:12Z</time></trkpt>
			<trkpt lat="47.367400" lon="-1.427060"><ele>50</ele><time>2026-03-01T11:36:24Z</time></trkpt>
			<trkpt lat="47.367400" lon="-1.427330"><ele>49</ele><time>2026-03-01T11:36:36Z</time></trkpt>
			<trkpt lat="47.367390" lon="-1.427590"><ele>49</ele><time>2026-03-01T11:36:48Z</time></trkpt>
			<trkpt lat="47.367350" lon="-1.427990"><ele>50</ele><time>2026-03-01T11:37:00Z</time></trkpt>
			<trkpt lat="47.367280" lon="-1.428390"><ele>51</ele><time>2026-03-01T11:37:12Z</time></trkpt>
			<trkpt lat="47.367190" lon="-1.428750"><ele>51</ele><time>2026-03-01T11:37:24Z</time></trkpt>
			<trkpt lat="47.367070" lon="-1.429170"><ele>50</ele><time>2026-03-01T11:37:36Z</time></trkpt>
			<trkpt lat="47.366900" lon="-1.429760"><ele>49</ele><time>2026-03-01T11:37:48Z</time></trkpt>
			<trkpt lat="47.366850" lon="-1.430000"><ele>48</ele><time>2026-03-01T11:38:00Z</time></trkpt>
			<trkpt lat="47.366820" lon="-1.430200"><ele>47</ele><time>2026-03-01T11:38:12Z</time></trkpt>
			<trkpt lat="47.366810" lon="-1.430490"><ele>47</ele><time>2026-03-01T11:38:24Z</time></trkpt>
			<trkpt lat="47.366820" lon="-1.430830"><ele>46</ele><time>2026-03-01T11:38:36Z</time></trkpt>
			<trkpt lat="47.367000" lon="-1.432820"><ele>39</ele><time>2026-03-01T11:38:48Z</time></trkpt>
			<trkpt lat="47.367030" lon="-1.433050"><ele>38</ele><time>2026-03-01T11:39:00Z</time></trkpt>
			<trkpt lat="47.367060" lon="-1.433190"><ele>38</ele><time>2026-03-01T11:39:12Z</time></trkpt>
			<trkpt lat="47.367110" lon="-1.433350"><ele>37</ele><time>2026-03-01T11:39:24Z</time></trkpt>
			<trkpt lat="47.367170" lon="-1.433430"><ele>37</ele><time>2026-03-01T11:39:36Z</time></trkpt>
			<trkpt lat="47.367250" lon="-1.433510"><ele>36</ele><time>2026-03-01T11:39:48Z</time></trkpt>
			<trkpt lat="47.367360" lon="-1.433580"><ele>36</ele><time>2026-03-01T11:40:00Z</time></trkpt>
			<trkpt lat="47.367900" lon="-1.433870"><ele>35</ele><time>2026-03-01T11:40:12Z</time></trkpt>
			<trkpt lat="47.368120" lon="-1.434000"><ele>35</ele><time>2026-03-01T11:40:24Z</time></trkpt>
			<trkpt lat="47.368300" lon="-1.434180"><ele>35</ele><time>2026-03-01T11:40:36Z</time></trkpt>
			<trkpt lat="47.368460" lon="-1.434400"><ele>34</ele><time>2026-03-01T11:40:48Z</time></trkpt>
			<trkpt lat="47.368550" lon="-1.434580"><ele>34</ele><time>2026-03-01T11:41:00Z</time></trkpt>
			<trkpt lat="47.368610" lon="-1.434760"><ele>33</ele><time>2026-03-01T11:41:12Z</time></trkpt>
			<trkpt lat="47.368800" lon="-1.435330"><ele>31</ele><time>2026-03-01T11:41:24Z</time></trkpt>
			<trkpt lat="47.369020" lon="-1.435820"><ele>29</ele><time>2026-03-01T11:41:36Z</time></trkpt>
			<trkpt lat="47.369360" lon="-1.436480"><ele>28</ele><time>2026-03-01T11:41:48Z</time></trkpt>
			<trkpt lat="47.370100" lon="-1.437920"><ele>28</ele><time>2026-03-01T11:42:00Z</time></trkpt>
			<trkpt lat="47.370340" lon="-1.438450"><ele>28</ele><time>2026-03-01T11:42:12Z</time></trkpt>
			<trkpt lat="47.370690" lon="-1.439330"><ele>27</ele><time>2026-03-01T11:42:24Z</time></trkpt>
			<trkpt lat="47.371750" lon="-1.442390"><ele>19</ele><time>2026-03-01T11:42:36Z</time></trkpt>
			<trkpt lat="47.371910" lon="-1.442790"><ele>19</ele><time>2026-03-01T11:42:48Z</time></trkpt>
			<trkpt lat="47.372000" lon="-1.442970"><ele>18</ele><time>2026-03-01T11:43:00Z</time></trkpt>
			<trkpt lat="47.372200" lon="-1.443360"><ele>18</ele><time>2026-03-01T11:43:12Z</time></trkpt>
			<trkpt lat="47.372510" lon="-1.443770"><ele>18</ele><time>2026-03-01T11:43:24Z</time></trkpt>
			<trkpt lat="47.372790" lon="-1.444120"><ele>18</ele><time>2026-03-01T11:43:36Z</time></trkpt>
			<trkpt lat="47.373020" lon="-1.444440"><ele>18</ele><time>2026-03-01T11:43:48Z</time></trkpt>
			<trkpt lat="47.373150" lon="-1.444620"><ele>18</ele><time>2026-03-01T11:44:00Z</time></trkpt>
			<trkpt lat="47.373250" lon="-1.444790"><ele>18</ele><time>2026-03-01T11:44:12Z</time></trkpt>
			<trkpt lat="47.373380" lon="-1.445070"><ele>18</ele><time>2026-03-01T11:44:24Z</time></trkpt>
			<trkpt lat="47.373480" lon="-1.445350"><ele>18</ele><time>2026-03-01T11:44:36Z</time></trkpt>
			<trkpt lat="47.373530" lon="-1.445550"><ele>18</ele><time>2026-03-01T11:44:48Z</time></trkpt>
			<trkpt lat="47.373570" lon="-1.445790"><ele>18</ele><time>2026-03-01T11:45:00Z</time></trkpt>
			<trkpt lat="47.373730" lon="-1.446870"><ele>16</ele><time>2026-03-01T11:45:12Z</time></trkpt>
			<trkpt lat="47.373800" lon="-1.447220"><ele>17</ele><time>2026-03-01T11:45:24Z</time></trkpt>
			<trkpt lat="47.373900" lon="-1.447640"><ele>17</ele><time>2026-03-01T11:45:36Z</time></trkpt>
			<trkpt lat="47.374010" lon="-1.448060"><ele>16</ele><time>2026-03-01T11:45:48Z</time></trkpt>
			<trkpt lat="47.374290" lon="-1.448850"><ele>15</ele><time>2026-03-01T11:46:00Z</time></trkpt>
			<trkpt lat="47.374800" lon="-1.450010"><ele>13</ele><time>2026-03-01T11:46:12Z</time></trkpt>
			<trkpt lat="47.374860" lon="-1.450190"><ele>13</ele><time>2026-03-01T11:46:24Z</time></trkpt>
			<trkpt lat="47.374870" lon="-1.450220"><ele>13</ele><time>2026-03-01T11:46:36Z</time></trkpt>
			<trkpt lat="47.374870" lon="-1.450290"><ele>13</ele><time>2026-03-01T11:46:48Z</time></trkpt>
			<trkpt lat="47.375630" lon="-1.450530"><ele>13</ele><time>2026-03-01T11:47:00Z</time></trkpt>
			<trkpt lat="47.375790" lon="-1.450580"><ele>13</ele><time>2026-03-01T11:47:12Z</time></trkpt>
			<trkpt lat="47.376080" lon="-1.450670"><ele>12</ele><time>2026-03-01T11:47:24Z</time></trkpt>
			<trkpt lat="47.378410" lon="-1.451410"><ele>6</ele><time>2026-03-01T11:47:36Z</time></trkpt>
			<trkpt lat="47.378940" lon="-1.451600"><ele>6</ele><time>2026-03-01T11:47:48Z</time></trkpt>
			<trkpt lat="47.379110" lon="-1.451680"><ele>6</ele><time>2026-03-01T11:48:00Z</time></trkpt>
			<trkpt lat="47.379330" lon="-1.451800"><ele>6</ele><time>2026-03-01T11:48:12Z</time></trkpt>
			<trkpt lat="47.379990" lon="-1.452170"><ele>6</ele><time>2026-03-01T11:48:24Z</time></trkpt>
			<trkpt lat="47.380870" lon="-1.452680"><ele>8</ele><time>2026-03-01T11:48:36Z</time></trkpt>
			<trkpt lat="47.381160" lon="-1.452830"><ele>8</ele><time>2026-03-01T11:48:48Z</time></trkpt>
			<trkpt lat="47.381440" lon="-1.452940"><ele>8</ele><time>2026-03-01T11:49:00Z</time></trkpt>
			<trkpt lat="47.381930" lon="-1.453100"><ele>8</ele><time>2026-03-01T11:49:12Z</time></trkpt>
			<trkpt lat="47.382230" lon="-1.453160"><ele>8</ele><time>2026-03-01T11:49:24Z</time></trkpt>
			<trkpt lat="47.382580" lon="-1.453170"><ele>8</ele><time>2026-03-01T11:49:36Z</time></trkpt>
			<trkpt lat="47.383550" lon="-1.453170"><ele>6</ele><time>2026-03-01T11:49:48Z</time></trkpt>
			<trkpt lat="47.383840" lon="-1.453170"><ele>6</ele><time>2026-03-01T11:50:00Z</time></trkpt>
			<trkpt lat="47.384370" lon="-1.453200"><ele>6</ele><time>2026-03-01T11:50:12Z</time></trkpt>
			<trkpt lat="47.384490" lon="-1.453200"><ele>6</ele><time>2026-03-01T11:50:24Z</time></trkpt>
			<trkpt lat="47.384900" lon="-1.453300"><ele>5</ele><time>2026-03-01T11:50:36Z</time></trkpt>
			<trkpt lat="47.385310" lon="-1.453440"><ele>5</ele><time>2026-03-01T11:50:48Z</time></trkpt>
			<trkpt lat="47.385580" lon="-1.453560"><ele>6</ele><time>2026-03-01T11:51:00Z</time></trkpt>
			<trkpt lat="47.386480" lon="-1.454090"><ele>6</ele><time>2026-03-01T11:51:12Z</time></trkpt>
			<trkpt lat="47.387280" lon="-1.454550"><ele>5</ele><time>2026-03-01T11:51:24Z</time></trkpt>
			<trkpt lat="47.388660" lon="-1.455340"><ele>6</ele><time>2026-03-01T11:51:36Z</time></trkpt>
			<trkpt lat="47.388910" lon="-1.455470"><ele>6</ele><time>2026-03-01T11:51:48Z</time></trkpt>
			<trkpt lat="47.389160" lon="-1.455550"><ele>6</ele><time>2026-03-01T11:52:00Z</time></trkpt>
			<trkpt lat="47.389420" lon="-1.455580"><ele>6</ele><time>2026-03-01T11:52:12Z</time></trkpt>
			<trkpt lat="47.389810" lon="-1.455580"><ele>6</ele><time>2026-03-01T11:52:24Z</time></trkpt>
			<trkpt lat="47.390460" lon="-1.455570"><ele>8</ele><time>2026-03-01T11:52:36Z</time></trkpt>
			<trkpt lat="47.390570" lon="-1.455510"><ele>8</ele><time>2026-03-01T11:52:48Z</time></trkpt>
			<trkpt lat="47.390680" lon="-1.455470"><ele>8</ele><time>2026-03-01T11:53:00Z</time></trkpt>
			<trkpt lat="47.390700" lon="-1.455440"><ele>9</ele><time>2026-03-01T11:53:12Z</time></trkpt>
			<trkpt lat="47.390720" lon="-1.455420"><ele>9</ele><time>2026-03-01T11:53:24Z</time></trkpt>
			<trkpt lat="47.390750" lon="-1.455410"><ele>9</ele><time>2026-03-01T11:53:36Z</time></trkpt>
			<trkpt lat="47.390780" lon="-1.455420"><ele>9</ele><time>2026-03-01T11:53:48Z</time></trkpt>
			<trkpt lat="47.390800" lon="-1.455440"><ele>9</ele><time>2026-03-01T11:54:00Z</time></trkpt>
			<trkpt lat="47.390820" lon="-1.455470"><ele>9</ele><time>2026-03-01T11:54:12Z</time></trkpt>
			<trkpt lat="47.390910" lon="-1.455510"><ele>9</ele><time>2026-03-01T11:54:24Z</time></trkpt>
			<trkpt lat="47.390950" lon="-1.455530"><ele>9</ele><time>2026-03-01T11:54:36Z</time></trkpt>
			<trkpt lat="47.391680" lon="-1.455340"><ele>9</ele><time>2026-03-01T11:54:48Z</time></trkpt>
			<trkpt lat="47.392560" lon="-1.455100"><ele>15</ele><time>2026-03-01T11:55:00Z</time></trkpt>
			<trkpt lat="47.392700" lon="-1.455060"><ele>16</ele><time>2026-03-01T11:55:12Z</time></trkpt>
			<trkpt lat="47.393010" lon="-1.455050"><ele>17</ele><time>2026-03-01T11:55:24Z</time></trkpt>
			<trkpt lat="47.393330" lon="-1.455030"><ele>18</ele><time>2026-03-01T11:55:36Z</time></trkpt>
			<trkpt lat="47.393820" lon="-1.455000"><ele>19</ele><time>2026-03-01T11:55:48Z</time></trkpt>
			<trkpt lat="47.394010" lon="-1.454950"><ele>19</ele><time>2026-03-01T11:56:00Z</time></trkpt>
			<trkpt lat="47.394110" lon="-1.454920"><ele>19</ele><time>2026-03-01T11:56:12Z</time></trkpt>
			<trkpt lat="47.394130" lon="-1.454900"><ele>19</ele><time>2026-03-01T11:56:24Z</time></trkpt>
			<trkpt lat="47.394170" lon="-1.454920"><ele>19</ele><time>2026-03-01T11:56:36Z</time></trkpt>
			<trkpt lat="47.394270" lon="-1.454930"><ele>19</ele><time>2026-03-01T11:56:48Z</time></trkpt>
			<trkpt lat="47.394410" lon="-1.454930"><ele>20</ele><time>2026-03-01T11:57:00Z</time></trkpt>
			<trkpt lat="47.395150" lon="-1.454760"><ele>21</ele><time>2026-03-01T11:57:12Z</time></trkpt>
			<trkpt lat="47.395240" lon="-1.454750"><ele>21</ele><time>2026-03-01T11:57:24Z</time></trkpt>
			<trkpt lat="47.395290" lon="-1.454760"><ele>21</ele><time>2026-03-01T11:57:36Z</time></trkpt>
			<trkpt lat="47.395350" lon="-1.454770"><ele>21</ele><time>2026-03-01T11:57:48Z</time></trkpt>
			<trkpt lat="47.395450" lon="-1.454790"><ele>21</ele><time>2026-03-01T11:58:00Z</time></trkpt>
			<trkpt lat="47.395690" lon="-1.454830"><ele>20</ele><time>2026-03-01T11:58:12Z</time></trkpt>
			<trkpt lat="47.395710" lon="-1.454790"><ele>20</ele><time>2026-03-01T11:58:24Z</time></trkpt>
			<trkpt lat="47.395750" lon="-1.454740"><ele>20</ele><time>2026-03-01T11:58:36Z</time></trkpt>
			<trkpt lat="47.395780" lon="-1.454740"><ele>20</ele><time>2026-03-01T11:58:48Z</time></trkpt>
			<trkpt lat="47.395780" lon="-1.454690"><ele>20</ele><time>2026-03-01T11:59:00Z</time></trkpt>
			<trkpt lat="47.395800" lon="-1.454580"><ele>21</ele><time>2026-03-01T11:59:12Z</time></trkpt>
			<trkpt lat="47.395880" lon="-1.454460"><ele>20</ele><time>2026-03-01T11:59:24Z</time></trkpt>
			<trkpt lat="47.395960" lon="-1.454420"><ele>20</ele><time>2026-03-01T11:59:36Z</time></trkpt>
			<trkpt lat="47.396370" lon="-1.454260"><ele>18</ele><time>2026-03-01T11:59:48Z</time></trkpt>
			<trkpt lat="47.396960" lon="-1.453990"><ele>16</ele><time>2026-03-01T12:00:00Z</time></trkpt>
			<trkpt lat="47.397300" lon="-1.453840"><ele>15</ele><time>2026-03-01T12:00:12Z</time></trkpt>
			<trkpt lat="47.397520" lon="-1.453700"><ele>14</ele><time>2026-03-01T12:00:24Z</time></trkpt>
			<trkpt lat="47.397580" lon="-1.453620"><ele>14</ele><time>2026-03-01T12:00:36Z</time></trkpt>
			<trkpt lat="47.397640" lon="-1.453530"><ele>14</ele><time>2026-03-01T12:00:48Z</time></trkpt>
			<trkpt lat="47.397650" lon="-1.453490"><ele>14</ele><time>2026-03-01T12:01:00Z</time></trkpt>
			<trkpt lat="47.397690" lon="-1.453440"><ele>14</ele><time>2026-03-01T12:01:12Z</time></trkpt>
			<trkpt lat="47.397730" lon="-1.453430"><ele>14</ele><time>2026-03-01T12:01:24Z</time></trkpt>
			<trkpt lat="47.397750" lon="-1.453430"><ele>14</ele><time>2026-03-01T12:01:36Z</time></trkpt>
			<trkpt lat="47.397850" lon="-1.453360"><ele>14</ele><time>2026-03-01T12:01:48Z</time></trkpt>
			<trkpt lat="47.397910" lon="-1.453270"><ele>13</ele><time>2026-03-01T12:02:00Z</time></trkpt>
			<trkpt lat="47.398040" lon="-1.453110"><ele>13</ele><time>2026-03-01T12:02:12Z</time></trkpt>
			<trkpt lat="47.398120" lon="-1.453010"><ele>13</ele><time>2026-03-01T12:02:24Z</time></trkpt>
			<trkpt lat="47.398420" lon="-1.452650"><ele>12</ele><time>2026-03-01T12:02:36Z</time></trkpt>
			<trkpt lat="47.398450" lon="-1.452600"><ele>12</ele><time>2026-03-01T12:02:48Z</time></trkpt>
			<trkpt lat="47.398560" lon="-1.452390"><ele>11</ele><time>2026-03-01T12:03:00Z</time></trkpt>
			<trkpt lat="47.398560" lon="-1.452330"><ele>11</ele><time>2026-03-01T12:03:12Z</time></trkpt>
			<trkpt lat="47.398560" lon="-1.452300"><ele>11</ele><time>2026-03-01T12:03:24Z</time></trkpt>
			<trkpt lat="47.398580" lon="-1.452270"><ele>11</ele><time>2026-03-01T12:03:36Z</time></trkpt>
			<trkpt lat="47.398610" lon="-1.452230"><ele>11</ele><time>2026-03-01T12:03:48Z</time></trkpt>
			<trkpt lat="47.398640" lon="-1.452220"><ele>11</ele><time>2026-03-01T12:04:00Z</time></trkpt>
			<trkpt lat="47.398680" lon="-1.452240"><ele>11</ele><time>2026-03-01T12:04:12Z</time></trkpt>
			<trkpt lat="47.398740" lon="-1.452190"><ele>11</ele><time>2026-03-01T12:04:24Z</time></trkpt>
			<trkpt lat="47.398830" lon="-1.452110"><ele>11</ele><time>2026-03-01T12:04:36Z</time></trkpt>
			<trkpt lat="47.399350" lon="-1.451430"><ele>11</ele><time>2026-03-01T12:04:48Z</time></trkpt>
			<trkpt lat="47.399720" lon="-1.450950"><ele>12</ele><time>2026-03-01T12:05:00Z</time></trkpt>
			<trkpt lat="47.400190" lon="-1.450350"><ele>13</ele><time>2026-03-01T12:05:12Z</time></trkpt>
			<trkpt lat="47.400270" lon="-1.450280"><ele>12</ele><time>2026-03-01T12:05:24Z</time></trkpt>
			<trkpt lat="47.400320" lon="-1.450240"><ele>12</ele><time>2026-03-01T12:05:36Z</time></trkpt>
			<trkpt lat="47.400300" lon="-1.450170"><ele>12</ele><time>2026-03-01T12:05:48Z</time></trkpt>
			<trkpt lat="47.400300" lon="-1.450100"><ele>12</ele><time>2026-03-01T12:06:00Z</time></trkpt>
			<trkpt lat="47.400320" lon="-1.450030"><ele>12</ele><time>2026-03-01T12:06:12Z</time></trkpt>
			<trkpt lat="47.400350" lon="-1.449970"><ele>12</ele><time>2026-03-01T12:06:24Z</time></trkpt>
			<trkpt lat="47.400390" lon="-1.449930"><ele>12</ele><time>2026-03-01T12:06:36Z</time></trkpt>
			<trkpt lat="47.400430" lon="-1.449910"><ele>12</ele><time>2026-03-01T12:06:48Z</time></trkpt>
			<trkpt lat="47.400480" lon="-1.449910"><ele>12</ele><time>2026-03-01T12:07:00Z</time></trkpt>
			<trkpt lat="47.400520" lon="-1.449930"><ele>12</ele><time>2026-03-01T12:07:12Z</time></trkpt>
			<trkpt lat="47.400560" lon="-1.449970"><ele>12</ele><time>2026-03-01T12:07:24Z</time></trkpt>
			<trkpt lat="47.400600" lon="-1.449910"><ele>12</ele><time>2026-03-01T12:07:36Z</time></trkpt>
			<trkpt lat="47.400750" lon="-1.449730"><ele>12</ele><time>2026-03-01T12:07:48Z</time></trkpt>
			<trkpt lat="47.400870" lon="-1.449620"><ele>13</ele><time>2026-03-01T12:08:00Z</time></trkpt>
			<trkpt lat="47.401040" lon="-1.449510"><ele>13</ele><time>2026-03-01T12:08:12Z</time></trkpt>
			<trkpt lat="47.401250" lon="-1.449420"><ele>14</ele><time>2026-03-01T12:08:24Z</time></trkpt>
			<trkpt lat="47.402090" lon="-1.449150"><ele>16</ele><time>2026-03-01T12:08:36Z</time></trkpt>
			<trkpt lat="47.402300" lon="-1.449060"><ele>16</ele><time>2026-03-01T12:08:48Z</time></trkpt>
			<trkpt lat="47.402520" lon="-1.448950"><ele>16</ele><time>2026-03-01T12:09:00Z</time></trkpt>
			<trkpt lat="47.402760" lon="-1.448800"><ele>17</ele><time>2026-03-01T12:09:12Z</time></trkpt>
			<trkpt lat="47.403630" lon="-1.448230"><ele>20</ele><time>2026-03-01T12:09:24Z</time></trkpt>
			<trkpt lat="47.404190" lon="-1.447850"><ele>21</ele><time>2026-03-01T12:09:36Z</time></trkpt>
			<trkpt lat="47.404510" lon="-1.447630"><ele>21</ele><time>2026-03-01T12:09:48Z</time></trkpt>
			<trkpt lat="47.404840" lon="-1.447360"><ele>21</ele><time>2026-03-01T12:10:00Z</time></trkpt>
			<trkpt lat="47.405220" lon="-1.447020"><ele>22</ele><time>2026-03-01T12:10:12Z</time></trkpt>
			<trkpt lat="47.405610" lon="-1.446640"><ele>21</ele><time>2026-03-01T12:10:24Z</time></trkpt>
			<trkpt lat="47.406530" lon="-1.445740"><ele>20</ele><time>2026-03-01T12:10:36Z</time></trkpt>
			<trkpt lat="47.406720" lon="-1.445530"><ele>19</ele><time>2026-03-01T12:10:48Z</time></trkpt>
			<trkpt lat="47.407070" lon="-1.445110"><ele>18</ele><time>2026-03-01T12:11:00Z</time></trkpt>
			<trkpt lat="47.407430" lon="-1.444650"><ele>19</ele><time>2026-03-01T12:11:12Z</time></trkpt>
			<trkpt lat="47.407920" lon="-1.444000"><ele>19</ele><time>2026-03-01T12:11:24Z</time></trkpt>
			<trkpt lat="47.408170" lon="-1.443700"><ele>19</ele><time>2026-03-01T12:11:36Z</time></trkpt>
			<trkpt lat="47.408330" lon="-1.443540"><ele>19</ele><time>2026-03-01T12:11:48Z</time></trkpt>
			<trkpt lat="47.408520" lon="-1.443400"><ele>19</ele><time>2026-03-01T12:12:00Z</time></trkpt>
			<trkpt lat="47.408680" lon="-1.443290"><ele>19</ele><time>2026-03-01T12:12:12Z</time></trkpt>
			<trkpt lat="47.408910" lon="-1.443190"><ele>18</ele><time>2026-03-01T12:12:24Z</time></trkpt>
			<trkpt lat="47.410320" lon="-1.442660"><ele>18</ele><time>2026-03-01T12:12:36Z</time></trkpt>
			<trkpt lat="47.410680" lon="-1.442470"><ele>18</ele><time>2026-03-01T12:12:48Z</time></trkpt>
			<trkpt lat="47.410880" lon="-1.442320"><ele>18</ele><time>2026-03-01T12:13:00Z</time></trkpt>
			<trkpt lat="47.411030" lon="-1.442200"><ele>18</ele><time>2026-03-01T12:13:12Z</time></trkpt>
			<trkpt lat="47.411240" lon="-1.441940"><ele>18</ele><time>2026-03-01T12:13:24Z</time></trkpt>
			<trkpt lat="47.411410" lon="-1.441600"><ele>18</ele><time>2026-03-01T12:13:36Z</time></trkpt>
			<trkpt lat="47.411830" lon="-1.440650"><ele>16</ele><time>2026-03-01T12:13:48Z</time></trkpt>
			<trkpt lat="47.412010" lon="-1.440310"><ele>16</ele><time>2026-03-01T12:14:00Z</time></trkpt>
			<trkpt lat="47.412240" lon="-1.439970"><ele>16</ele><time>2026-03-01T12:14:12Z</time></trkpt>
			<trkpt lat="47.413060" lon="-1.438910"><ele>16</ele><time>2026-03-01T12:14:24Z</time></trkpt>
			<trkpt lat="47.413300" lon="-1.438650"><ele>16</ele><time>2026-03-01T12:14:36Z</time></trkpt>
			<trkpt lat="47.413390" lon="-1.438570"><ele>16</ele><time>2026-03-01T12:14:48Z</time></trkpt>
			<trkpt lat="47.413650" lon="-1.438370"><ele>17</ele><time>2026-03-01T12:15:00Z</time></trkpt>
			<trkpt lat="47.413790" lon="-1.438290"><ele>17</ele><time>2026-03-01T12:15:12Z</time></trkpt>
			<trkpt lat="47.415050" lon="-1.437710"><ele>19</ele><time>2026-03-01T12:15:24Z</time></trkpt>
			<trkpt lat="47.415410" lon="-1.437580"><ele>19</ele><time>2026-03-01T12:15:36Z</time></trkpt>
			<trkpt lat="47.415650" lon="-1.437510"><ele>19</ele><time>2026-03-01T12:15:48Z</time></trkpt>
			<trkpt lat="47.415710" lon="-1.437500"><ele>19</ele><time>2026-03-01T12:16:00Z</time></trkpt>
			<trkpt lat="47.416050" lon="-1.437440"><ele>19</ele><time>2026-03-01T12:16:12Z</time></trkpt>
			<trkpt lat="47.416920" lon="-1.437380"><ele>18</ele><time>2026-03-01T12:16:24Z</time></trkpt>
			<trkpt lat="47.417580" lon="-1.437330"><ele>17</ele><time>2026-03-01T12:16:36Z</time></trkpt>
			<trkpt lat="47.418450" lon="-1.437260"><ele>15</ele><time>2026-03-01T12:16:48Z</time></trkpt>
			<trkpt lat="47.418700" lon="-1.437230"><ele>14</ele><time>2026-03-01T12:17:00Z</time></trkpt>
			<trkpt lat="47.419220" lon="-1.437120"><ele>11</ele><time>2026-03-01T12:17:12Z</time></trkpt>
			<trkpt lat="47.419880" lon="-1.436940"><ele>10</ele><time>2026-03-01T12:17:24Z</time></trkpt>
			<trkpt lat="47.420030" lon="-1.436900"><ele>10</ele><time>2026-03-01T12:17:36Z</time></trkpt>
			<trkpt lat="47.422130" lon="-1.436270"><ele>15</ele><time>2026-03-01T12:17:48Z</time></trkpt>
			<trkpt lat="47.423200" lon="-1.435880"><ele>17</ele><time>2026-03-01T12:18:00Z</time></trkpt>
			<trkpt lat="47.423310" lon="-1.435850"><ele>17</ele><time>2026-03-01T12:18:12Z</time></trkpt>
			<trkpt lat="47.423750" lon="-1.435690"><ele>16</ele><time>2026-03-01T12:18:24Z</time></trkpt>
			<trkpt lat="47.424960" lon="-1.435270"><ele>15</ele><time>2026-03-01T12:18:36Z</time></trkpt>
			<trkpt lat="47.425460" lon="-1.435120"><ele>14</ele><time>2026-03-01T12:18:48Z</time></trkpt>
			<trkpt lat="47.428670" lon="-1.434340"><ele>11</ele><time>2026-03-01T12:19:00Z</time></trkpt>
			<trkpt lat="47.429990" lon="-1.433980"><ele>10</ele><time>2026-03-01T12:19:12Z</time></trkpt>
			<trkpt lat="47.432010" lon="-1.433370"><ele>13</ele><time>2026-03-01T12:19:24Z</time></trkpt>
			<trkpt lat="47.432340" lon="-1.433310"><ele>14</ele><time>2026-03-01T12:19:36Z</time></trkpt>
			<trkpt lat="47.432850" lon="-1.433270"><ele>15</ele><time>2026-03-01T12:19:48Z</time></trkpt>
			<trkpt lat="47.433240" lon="-1.433210"><ele>17</ele><time>2026-03-01T12:20:00Z</time></trkpt>
			<trkpt lat="47.433490" lon="-1.433110"><ele>17</ele><time>2026-03-01T12:20:12Z</time></trkpt>
			<trkpt lat="47.433680" lon="-1.433010"><ele>18</ele><time>2026-03-01T12:20:24Z</time></trkpt>
			<trkpt lat="47.433890" lon="-1.432860"><ele>19</ele><time>2026-03-01T12:20:36Z</time></trkpt>
			<trkpt lat="47.434130" lon="-1.432650"><ele>20</ele><time>2026-03-01T12:20:48Z</time></trkpt>
			<trkpt lat="47.434530" lon="-1.432200"><ele>19</ele><time>2026-03-01T12:21:00Z</time></trkpt>
			<trkpt lat="47.434700" lon="-1.432060"><ele>19</ele><time>2026-03-01T12:21:12Z</time></trkpt>
			<trkpt lat="47.434910" lon="-1.431940"><ele>19</ele><time>2026-03-01T12:21:24Z</time></trkpt>
			<trkpt lat="47.435110" lon="-1.431900"><ele>19</ele><time>2026-03-01T12:21:36Z</time></trkpt>
			<trkpt lat="47.436440" lon="-1.432000"><ele>15</ele><time>2026-03-01T12:21:48Z</time></trkpt>
			<trkpt lat="47.436870" lon="-1.432040"><ele>14</ele><time>2026-03-01T12:22:00Z</time></trkpt>
			<trkpt lat="47.436440" lon="-1.432000"><ele>15</ele><time>2026-03-01T12:22:12Z</time></trkpt>
			<trkpt lat="47.436460" lon="-1.431330"><ele>16</ele><time>2026-03-01T12:22:24Z</time></trkpt>
			<trkpt lat="47.436780" lon="-1.431300"><ele>15</ele><time>2026-03-01T12:22:36Z</time></trkpt>
			<trkpt lat="47.436780" lon="-1.431890"><ele>14</ele><time>2026-03-01T12:22:48Z</time></trkpt>
			<trkpt lat="47.437000" lon="-1.431930"><ele>14</ele><time>2026-03-01T12:23:00Z</time></trkpt>
			<trkpt lat="47.437280" lon="-1.431910"><ele>14</ele><time>2026-03-01T12:23:12Z</time></trkpt>
			<trkpt lat="47.437450" lon="-1.431840"><ele>15</ele><time>2026-03-01T12:23:24Z</time></trkpt>
			<trkpt lat="47.437550" lon="-1.431840"><ele>15</ele><time>2026-03-01T12:23:36Z</time></trkpt>
			<trkpt lat="47.437850" lon="-1.431510"><ele>17</ele><time>2026-03-01T12:23:48Z</time></trkpt>
			<trkpt lat="47.438070" lon="-1.431280"><ele>17</ele><time>2026-03-01T12:24:00Z</time></trkpt>
			<trkpt lat="47.438620" lon="-1.430960"><ele>19</ele><time>2026-03-01T12:24:12Z</time></trkpt>
			<trkpt lat="47.438940" lon="-1.430830"><ele>20</ele><time>2026-03-01T12:24:24Z</time></trkpt>
			<trkpt lat="47.439160" lon="-1.430760"><ele>21</ele><time>2026-03-01T12:24:36Z</time></trkpt>
			<trkpt lat="47.439380" lon="-1.430730"><ele>21</ele><time>2026-03-01T12:24:48Z</time></trkpt>
			<trkpt lat="47.439700" lon="-1.430740"><ele>22</ele><time>2026-03-01T12:25:00Z</time></trkpt>
			<trkpt lat="47.439850" lon="-1.430660"><ele>22</ele><time>2026-03-01T12:25:12Z</time></trkpt>
			<trkpt lat="47.440260" lon="-1.430700"><ele>22</ele><time>2026-03-01T12:25:24Z</time></trkpt>
			<trkpt lat="47.440400" lon="-1.430890"><ele>22</ele><time>2026-03-01T12:25:36Z</time></trkpt>
			<trkpt lat="47.440480" lon="-1.430900"><ele>22</ele><time>2026-03-01T12:25:48Z</time></trkpt>
			<trkpt lat="47.440610" lon="-1.430920"><ele>22</ele><time>2026-03-01T12:26:00Z</time></trkpt>
			<trkpt lat="47.440800" lon="-1.430940"><ele>21</ele><time>2026-03-01T12:26:12Z</time></trkpt>
			<trkpt lat="47.440920" lon="-1.430950"><ele>22</ele><time>2026-03-01T12:26:24Z</time></trkpt>
			<trkpt lat="47.441320" lon="-1.430990"><ele>24</ele><time>2026-03-01T12:26:36Z</time></trkpt>
			<trkpt lat="47.441410" lon="-1.430990"><ele>25</ele><time>2026-03-01T12:26:48Z</time></trkpt>
			<trkpt lat="47.442110" lon="-1.430990"><ele>27</ele><time>2026-03-01T12:27:00Z</time></trkpt>
			<trkpt lat="47.442130" lon="-1.430890"><ele>27</ele><time>2026-03-01T12:27:12Z</time></trkpt>
			<trkpt lat="47.442170" lon="-1.430730"><ele>26</ele><time>2026-03-01T12:27:24Z</time></trkpt>
			<trkpt lat="47.442150" lon="-1.430640"><ele>26</ele><time>2026-03-01T12:27:36Z</time></trkpt>
			<trkpt lat="47.442140" lon="-1.430290"><ele>25</ele><time>2026-03-01T12:27:48Z</time></trkpt>
			<trkpt lat="47.442110" lon="-1.430020"><ele>24</ele><time>2026-03-01T12:28:00Z</time></trkpt>
			<trkpt lat="47.442020" lon="-1.429420"><ele>23</ele><time>2026-03-01T12:28:12Z</time></trkpt>
			<trkpt lat="47.442000" lon="-1.429340"><ele>23</ele><time>2026-03-01T12:28:24Z</time></trkpt>
			<trkpt lat="47.441800" lon="-1.428180"><ele>25</ele><time>2026-03-01T12:28:36Z</time></trkpt>
			<trkpt lat="47.441720" lon="-1.427760"><ele>26</ele><time>2026-03-01T12:28:48Z</time></trkpt>
			<trkpt lat="47.441710" lon="-1.427680"><ele>26</ele><time>2026-03-01T12:29:00Z</time></trkpt>
			<trkpt lat="47.441640" lon="-1.427310"><ele>28</ele><time>2026-03-01T12:29:12Z</time></trkpt>
			<trkpt lat="47.441610" lon="-1.427110"><ele>28</ele><time>2026-03-01T12:29:24Z</time></trkpt>
			<trkpt lat="47.441630" lon="-1.427090"><ele>28</ele><time>2026-03-01T12:29:36Z</time></trkpt>
			<trkpt lat="47.441660" lon="-1.427070"><ele>28</ele><time>2026-03-01T12:29:48Z</time></trkpt>
			<trkpt lat="47.441590" lon="-1.426730"><ele>29</ele><time>2026-03-01T12:30:00Z</time></trkpt>
			<trkpt lat="47.441460" lon="-1.426140"><ele>30</ele><time>2026-03-01T12:30:12Z</time></trkpt>
			<trkpt lat="47.441450" lon="-1.426060"><ele>30</ele><time>2026-03-01T12:30:24Z</time></trkpt>
			<trkpt lat="47.441370" lon="-1.425810"><ele>30</ele><time>2026-03-01T12:30:36Z</time></trkpt>
			<trkpt lat="47.441250" lon="-1.425460"><ele>31</ele><time>2026-03-01T12:30:48Z</time></trkpt>
			<trkpt lat="47.441170" lon="-1.425180"><ele>31</ele><time>2026-03-01T12:31:00Z</time></trkpt>
			<trkpt lat="47.440970" lon="-1.424370"><ele>30</ele><time>2026-03-01T12:31:12Z</time></trkpt>
			<trkpt lat="47.440930" lon="-1.424360"><ele>30</ele><time>2026-03-01T12:31:24Z</time></trkpt>
			<trkpt lat="47.440860" lon="-1.424120"><ele>30</ele><time>2026-03-01T12:31:36Z</time></trkpt>
			<trkpt lat="47.440630" lon="-1.423340"><ele>29</ele><time>2026-03-01T12:31:48Z</time></trkpt>
			<trkpt lat="47.440530" lon="-1.422930"><ele>28</ele><time>2026-03-01T12:32:00Z</time></trkpt>
			<trkpt lat="47.440430" lon="-1.422910"><ele>28</ele><time>2026-03-01T12:32:12Z</time></trkpt>
			<trkpt lat="47.440270" lon="-1.422830"><ele>28</ele><time>2026-03-01T12:32:24Z</time></trkpt>
			<trkpt lat="47.440060" lon="-1.422740"><ele>27</ele><time>2026-03-01T12:32:36Z</time></trkpt>
			<trkpt lat="47.439560" lon="-1.422480"><ele>24</ele><time>2026-03-01T12:32:48Z</time></trkpt>
			<trkpt lat="47.438320" lon="-1.421860"><ele>19</ele><time>2026-03-01T12:33:00Z</time></trkpt>
			<trkpt lat="47.438250" lon="-1.421820"><ele>19</ele><time>2026-03-01T12:33:12Z</time></trkpt>
			<trkpt lat="47.435950" lon="-1.420660"><ele>26</ele><time>2026-03-01T12:33:24Z</time></trkpt>
			<trkpt lat="47.434810" lon="-1.420090"><ele>24</ele><time>2026-03-01T12:33:36Z</time></trkpt>
			<trkpt lat="47.434640" lon="-1.419980"><ele>23</ele><time>2026-03-01T12:33:48Z</time></trkpt>
			<trkpt lat="47.434470" lon="-1.419850"><ele>23</ele><time>2026-03-01T12:34:00Z</time></trkpt>
			<trkpt lat="47.434330" lon="-1.419680"><ele>22</ele><time>2026-03-01T12:34:12Z</time></trkpt>
			<trkpt lat="47.434190" lon="-1.419460"><ele>22</ele><time>2026-03-01T12:34:24Z</time></trkpt>
			<trkpt lat="47.434050" lon="-1.419170"><ele>22</ele><time>2026-03-01T12:34:36Z</time></trkpt>
			<trkpt lat="47.433990" lon="-1.419040"><ele>21</ele><time>2026-03-01T12:34:48Z</time></trkpt>
			<trkpt lat="47.433600" lon="-1.418230"><ele>20</ele><time>2026-03-01T12:35:00Z</time></trkpt>
			<trkpt lat="47.433310" lon="-1.417680"><ele>20</ele><time>2026-03-01T12:35:12Z</time></trkpt>
			<trkpt lat="47.433100" lon="-1.417310"><ele>20</ele><time>2026-03-01T12:35:24Z</time></trkpt>
			<trkpt lat="47.432710" lon="-1.416670"><ele>20</ele><time>2026-03-01T12:35:36Z</time></trkpt>
			<trkpt lat="47.431580" lon="-1.414880"><ele>17</ele><time>2026-03-01T12:35:48Z</time></trkpt>
			<trkpt lat="47.430590" lon="-1.413290"><ele>17</ele><time>2026-03-01T12:36:00Z</time></trkpt>
			<trkpt lat="47.430390" lon="-1.412940"><ele>18</ele><time>2026-03-01T12:36:12Z</time></trkpt>
			<trkpt lat="47.430080" lon="-1.412230"><ele>19</ele><time>2026-03-01T12:36:24Z</time></trkpt>
			<trkpt lat="47.427850" lon="-1.406140"><ele>17</ele><time>2026-03-01T12:36:36Z</time></trkpt>
			<trkpt lat="47.427630" lon="-1.405570"><ele>17</ele><time>2026-03-01T12:36:48Z</time></trkpt>
			<trkpt lat="47.427480" lon="-1.405300"><ele>17</ele><time>2026-03-01T12:37:00Z</time></trkpt>
			<trkpt lat="47.426120" lon="-1.403120"><ele>19</ele><time>2026-03-01T12:37:12Z</time></trkpt>
			<trkpt lat="47.425770" lon="-1.402540"><ele>18</ele><time>2026-03-01T12:37:24Z</time></trkpt>
			<trkpt lat="47.425360" lon="-1.401770"><ele>21</ele><time>2026-03-01T12:37:36Z</time></trkpt>
			<trkpt lat="47.424910" lon="-1.400860"><ele>22</ele><time>2026-03-01T12:37:48Z</time></trkpt>
			<trkpt lat="47.424690" lon="-1.400450"><ele>23</ele><time>2026-03-01T12:38:00Z</time></trkpt>
			<trkpt lat="47.424540" lon="-1.400210"><ele>23</ele><time>2026-03-01T12:38:12Z</time></trkpt>
			<trkpt lat="47.424420" lon="-1.400050"><ele>23</ele><time>2026-03-01T12:38:24Z</time></trkpt>
			<trkpt lat="47.424280" lon="-1.399920"><ele>23</ele><time>2026-03-01T12:38:36Z</time></trkpt>
			<trkpt lat="47.424130" lon="-1.399800"><ele>23</ele><time>2026-03-01T12:38:48Z</time></trkpt>
			<trkpt lat="47.424000" lon="-1.399720"><ele>24</ele><time>2026-03-01T12:39:00Z</time></trkpt>
			<trkpt lat="47.423130" lon="-1.399250"><ele>27</ele><time>2026-03-01T12:39:12Z</time></trkpt>
			<trkpt lat="47.422910" lon="-1.399130"><ele>28</ele><time>2026-03-01T12:39:24Z</time></trkpt>
			<trkpt lat="47.422790" lon="-1.399020"><ele>28</ele><time>2026-03-01T12:39:36Z</time></trkpt>
			<trkpt lat="47.422600" lon="-1.398800"><ele>29</ele><time>2026-03-01T12:39:48Z</time></trkpt>
			<trkpt lat="47.421660" lon="-1.397510"><ele>31</ele><time>2026-03-01T12:40:00Z</time></trkpt>
			<trkpt lat="47.421480" lon="-1.397240"><ele>31</ele><time>2026-03-01T12:40:12Z</time></trkpt>
			<trkpt lat="47.421310" lon="-1.396920"><ele>31</ele><time>2026-03-01T12:40:24Z</time></trkpt>
			<trkpt lat="47.420740" lon="-1.395630"><ele>29</ele><time>2026-03-01T12:40:36Z</time></trkpt>
			<trkpt lat="47.420680" lon="-1.395490"><ele>29</ele><time>2026-03-01T12:40:48Z</time></trkpt>
			<trkpt lat="47.419900" lon="-1.393700"><ele>30</ele><time>2026-03-01T12:41:00Z</time></trkpt>
			<trkpt lat="47.419840" lon="-1.393590"><ele>30</ele><time>2026-03-01T12:41:12Z</time></trkpt>
			<trkpt lat="47.419670" lon="-1.393240"><ele>30</ele><time>2026-03-01T12:41:24Z</time></trkpt>
			<trkpt lat="47.419580" lon="-1.393110"><ele>30</ele><time>2026-03-01T12:41:36Z</time></trkpt>
			<trkpt lat="47.419080" lon="-1.392520"><ele>29</ele><time>2026-03-01T12:41:48Z</time></trkpt>
			<trkpt lat="47.418700" lon="-1.392090"><ele>25</ele><time>2026-03-01T12:42:00Z</time></trkpt>
			<trkpt lat="47.418530" lon="-1.391880"><ele>24</ele><time>2026-03-01T12:42:12Z</time></trkpt>
			<trkpt lat="47.417710" lon="-1.390710"><ele>21</ele><time>2026-03-01T12:42:24Z</time></trkpt>
			<trkpt lat="47.417610" lon="-1.390600"><ele>20</ele><time>2026-03-01T12:42:36Z</time></trkpt>
			<trkpt lat="47.417460" lon="-1.390470"><ele>20</ele><time>2026-03-01T12:42:48Z</time></trkpt>
			<trkpt lat="47.417290" lon="-1.390360"><ele>20</ele><time>2026-03-01T12:43:00Z</time></trkpt>
			<trkpt lat="47.417160" lon="-1.390300"><ele>20</ele><time>2026-03-01T12:43:12Z</time></trkpt>
			<trkpt lat="47.416980" lon="-1.390270"><ele>20</ele><time>2026-03-01T12:43:24Z</time></trkpt>
			<trkpt lat="47.416960" lon="-1.390270"><ele>20</ele><time>2026-03-01T12:43:36Z</time></trkpt>
			<trkpt lat="47.416870" lon="-1.390280"><ele>19</ele><time>2026-03-01T12:43:48Z</time></trkpt>
			<trkpt lat="47.416740" lon="-1.390310"><ele>19</ele><time>2026-03-01T12:44:00Z</time></trkpt>
			<trkpt lat="47.416400" lon="-1.390440"><ele>20</ele><time>2026-03-01T12:44:12Z</time></trkpt>
			<trkpt lat="47.416220" lon="-1.390510"><ele>21</ele><time>2026-03-01T12:44:24Z</time></trkpt>
			<trkpt lat="47.415870" lon="-1.390650"><ele>22</ele><time>2026-03-01T12:44:36Z</time></trkpt>
			<trkpt lat="47.415580" lon="-1.390770"><ele>23</ele><time>2026-03-01T12:44:48Z</time></trkpt>
			<trkpt lat="47.415340" lon="-1.390860"><ele>24</ele><time>2026-03-01T12:45:00Z</time></trkpt>
			<trkpt lat="47.414980" lon="-1.391010"><ele>25</ele><time>2026-03-01T12:45:12Z</time></trkpt>
			<trkpt lat="47.414510" lon="-1.391190"><ele>29</ele><time>2026-03-01T12:45:24Z</time></trkpt>
			<trkpt lat="47.414300" lon="-1.391280"><ele>31</ele><time>2026-03-01T12:45:36Z</time></trkpt>
			<trkpt lat="47.414170" lon="-1.391340"><ele>31</ele><time>2026-03-01T12:45:48Z</time></trkpt>
			<trkpt lat="47.414070" lon="-1.391390"><ele>32</ele><time>2026-03-01T12:46:00Z</time></trkpt>
			<trkpt lat="47.413730" lon="-1.391550"><ele>32</ele><time>2026-03-01T12:46:12Z</time></trkpt>
			<trkpt lat="47.413630" lon="-1.391610"><ele>32</ele><time>2026-03-01T12:46:24Z</time></trkpt>
			<trkpt lat="47.413630" lon="-1.391660"><ele>32</ele><time>2026-03-01T12:46:36Z</time></trkpt>
			<trkpt lat="47.413620" lon="-1.391710"><ele>32</ele><time>2026-03-01T12:46:48Z</time></trkpt>
			<trkpt lat="47.413600" lon="-1.391750"><ele>32</ele><time>2026-03-01T12:47:00Z</time></trkpt>
			<trkpt lat="47.413570" lon="-1.391770"><ele>32</ele><time>2026-03-01T12:47:12Z</time></trkpt>
			<trkpt lat="47.413540" lon="-1.391790"><ele>32</ele><time>2026-03-01T12:47:24Z</time></trkpt>
			<trkpt lat="47.413510" lon="-1.391790"><ele>32</ele><time>2026-03-01T12:47:36Z</time></trkpt>
			<trkpt lat="47.413470" lon="-1.391770"><ele>32</ele><time>2026-03-01T12:47:48Z</time></trkpt>
			<trkpt lat="47.413450" lon="-1.391730"><ele>33</ele><time>2026-03-01T12:48:00Z</time></trkpt>
			<trkpt lat="47.413430" lon="-1.391690"><ele>33</ele><time>2026-03-01T12:48:12Z</time></trkpt>
			<trkpt lat="47.413420" lon="-1.391640"><ele>33</ele><time>2026-03-01T12:48:24Z</time></trkpt>
			<trkpt lat="47.413430" lon="-1.391590"><ele>33</ele><time>2026-03-01T12:48:36Z</time></trkpt>
			<trkpt lat="47.413440" lon="-1.391550"><ele>33</ele><time>2026-03-01T12:48:48Z</time></trkpt>
			<trkpt lat="47.413460" lon="-1.391520"><ele>33</ele><time>2026-03-01T12:49:00Z</time></trkpt>
			<trkpt lat="47.413490" lon="-1.391490"><ele>33</ele><time>2026-03-01T12:49:12Z</time></trkpt>
			<trkpt lat="47.413520" lon="-1.391480"><ele>33</ele><time>2026-03-01T12:49:24Z</time></trkpt>
			<trkpt lat="47.413520" lon="-1.391370"><ele>33</ele><time>2026-03-01T12:49:36Z</time></trkpt>
			<trkpt lat="47.413480" lon="-1.390560"><ele>34</ele><time>2026-03-01T12:49:48Z</time></trkpt>
			<trkpt lat="47.413460" lon="-1.390290"><ele>34</ele><time>2026-03-01T12:50:00Z</time></trkpt>
			<trkpt lat="47.413460" lon="-1.390120"><ele>34</ele><time>2026-03-01T12:50:12Z</time></trkpt>
			<trkpt lat="47.413440" lon="-1.389890"><ele>34</ele><time>2026-03-01T12:50:24Z</time></trkpt>
			<trkpt lat="47.413390" lon="-1.389250"><ele>36</ele><time>2026-03-01T12:50:36Z</time></trkpt>
			<trkpt lat="47.413320" lon="-1.388290"><ele>35</ele><time>2026-03-01T12:50:48Z</time></trkpt>
			<trkpt lat="47.413290" lon="-1.387870"><ele>34</ele><time>2026-03-01T12:51:00Z</time></trkpt>
			<trkpt lat="47.413270" lon="-1.387600"><ele>34</ele><time>2026-03-01T12:51:12Z</time></trkpt>
			<trkpt lat="47.413190" lon="-1.386630"><ele>35</ele><time>2026-03-01T12:51:24Z</time></trkpt>
			<trkpt lat="47.413200" lon="-1.386240"><ele>35</ele><time>2026-03-01T12:51:36Z</time></trkpt>
			<trkpt lat="47.413150" lon="-1.385900"><ele>35</ele><time>2026-03-01T12:51:48Z</time></trkpt>
			<trkpt lat="47.412990" lon="-1.384210"><ele>35</ele><time>2026-03-01T12:52:00Z</time></trkpt>
			<trkpt lat="47.412850" lon="-1.383050"><ele>35</ele><time>2026-03-01T12:52:12Z</time></trkpt>
			<trkpt lat="47.412730" lon="-1.381930"><ele>35</ele><time>2026-03-01T12:52:24Z</time></trkpt>
			<trkpt lat="47.412600" lon="-1.380850"><ele>36</ele><time>2026-03-01T12:52:36Z</time></trkpt>
			<trkpt lat="47.412540" lon="-1.380440"><ele>37</ele><time>2026-03-01T12:52:48Z</time></trkpt>
			<trkpt lat="47.412350" lon="-1.378760"><ele>38</ele><time>2026-03-01T12:53:00Z</time></trkpt>
			<trkpt lat="47.412310" lon="-1.378490"><ele>37</ele><time>2026-03-01T12:53:12Z</time></trkpt>
			<trkpt lat="47.412250" lon="-1.378090"><ele>38</ele><time>2026-03-01T12:53:24Z</time></trkpt>
			<trkpt lat="47.412150" lon="-1.377470"><ele>38</ele><time>2026-03-01T12:53:36Z</time></trkpt>
			<trkpt lat="47.412000" lon="-1.377020"><ele>38</ele><time>2026-03-01T12:53:48Z</time></trkpt>
			<trkpt lat="47.411980" lon="-1.376940"><ele>38</ele><time>2026-03-01T12:54:00Z</time></trkpt>
			<trkpt lat="47.411970" lon="-1.376700"><ele>38</ele><time>2026-03-01T12:54:12Z</time></trkpt>
			<trkpt lat="47.411950" lon="-1.376600"><ele>38</ele><time>2026-03-01T12:54:24Z</time></trkpt>
			<trkpt lat="47.411880" lon="-1.376500"><ele>38</ele><time>2026-03-01T12:54:36Z</time></trkpt>
			<trkpt lat="47.411650" lon="-1.376350"><ele>38</ele><time>2026-03-01T12:54:48Z</time></trkpt>
			<trkpt lat="47.411440" lon="-1.376180"><ele>38</ele><time>2026-03-01T12:55:00Z</time></trkpt>
			<trkpt lat="47.411300" lon="-1.375980"><ele>38</ele><time>2026-03-01T12:55:12Z</time></trkpt>
			<trkpt lat="47.411250" lon="-1.375910"><ele>38</ele><time>2026-03-01T12:55:24Z</time></trkpt>
			<trkpt lat="47.411210" lon="-1.375940"><ele>38</ele><time>2026-03-01T12:55:36Z</time></trkpt>
			<trkpt lat="47.411170" lon="-1.375940"><ele>38</ele><time>2026-03-01T12:55:48Z</time></trkpt>
			<trkpt lat="47.411130" lon="-1.375930"><ele>38</ele><time>2026-03-01T12:56:00Z</time></trkpt>
			<trkpt lat="47.411080" lon="-1.375880"><ele>39</ele><time>2026-03-01T12:56:12Z</time></trkpt>
			<trkpt lat="47.411050" lon="-1.375790"><ele>39</ele><time>2026-03-01T12:56:24Z</time></trkpt>
			<trkpt lat="47.411050" lon="-1.375740"><ele>39</ele><time>2026-03-01T12:56:36Z</time></trkpt>
			<trkpt lat="47.411060" lon="-1.375690"><ele>38</ele><time>2026-03-01T12:56:48Z</time></trkpt>
			<trkpt lat="47.411070" lon="-1.375650"><ele>38</ele><time>2026-03-01T12:57:00Z</time></trkpt>
			<trkpt lat="47.411010" lon="-1.375570"><ele>38</ele><time>2026-03-01T12:57:12Z</time></trkpt>
			<trkpt lat="47.410940" lon="-1.375480"><ele>38</ele><time>2026-03-01T12:57:24Z</time></trkpt>
			<trkpt lat="47.410440" lon="-1.374630"><ele>38</ele><time>2026-03-01T12:57:36Z</time></trkpt>
			<trkpt lat="47.410370" lon="-1.374520"><ele>38</ele><time>2026-03-01T12:57:48Z</time></trkpt>
			<trkpt lat="47.409760" lon="-1.373490"><ele>39</ele><time>2026-03-01T12:58:00Z</time></trkpt>
			<trkpt lat="47.409250" lon="-1.372620"><ele>41</ele><time>2026-03-01T12:58:12Z</time></trkpt>
			<trkpt lat="47.409160" lon="-1.372440"><ele>41</ele><time>2026-03-01T12:58:24Z</time></trkpt>
			<trkpt lat="47.409080" lon="-1.372240"><ele>41</ele><time>2026-03-01T12:58:36Z</time></trkpt>
			<trkpt lat="47.408930" lon="-1.371790"><ele>42</ele><time>2026-03-01T12:58:48Z</time></trkpt>
			<trkpt lat="47.408880" lon="-1.371700"><ele>42</ele><time>2026-03-01T12:59:00Z</time></trkpt>
			<trkpt lat="47.408830" lon="-1.371720"><ele>41</ele><time>2026-03-01T12:59:12Z</time></trkpt>
			<trkpt lat="47.408800" lon="-1.371710"><ele>41</ele><time>2026-03-01T12:59:24Z</time></trkpt>
			<trkpt lat="47.408780" lon="-1.371680"><ele>41</ele><time>2026-03-01T12:59:36Z</time></trkpt>
			<trkpt lat="47.408760" lon="-1.371650"><ele>41</ele><time>2026-03-01T12:59:48Z</time></trkpt>
			<trkpt lat="47.408760" lon="-1.371600"><ele>41</ele><time>2026-03-01T13:00:00Z</time></trkpt>
			<trkpt lat="47.408760" lon="-1.371560"><ele>41</ele><time>2026-03-01T13:00:12Z</time></trkpt>
			<trkpt lat="47.408780" lon="-1.371520"><ele>41</ele><time>2026-03-01T13:00:24Z</time></trkpt>
			<trkpt lat="47.408810" lon="-1.371500"><ele>41</ele><time>2026-03-01T13:00:36Z</time></trkpt>
			<trkpt lat="47.408830" lon="-1.371490"><ele>42</ele><time>2026-03-01T13:00:48Z</time></trkpt>
			<trkpt lat="47.408840" lon="-1.371360"><ele>42</ele><time>2026-03-01T13:01:00Z</time></trkpt>
			<trkpt lat="47.408840" lon="-1.371230"><ele>42</ele><time>2026-03-01T13:01:12Z</time></trkpt>
			<trkpt lat="47.408680" lon="-1.370420"><ele>42</ele><time>2026-03-01T13:01:24Z</time></trkpt>
			<trkpt lat="47.408600" lon="-1.370140"><ele>42</ele><time>2026-03-01T13:01:36Z</time></trkpt>
			<trkpt lat="47.408530" lon="-1.369950"><ele>42</ele><time>2026-03-01T13:01:48Z</time></trkpt>
			<trkpt lat="47.408460" lon="-1.369830"><ele>41</ele><time>2026-03-01T13:02:00Z</time></trkpt>
			<trkpt lat="47.408380" lon="-1.369700"><ele>41</ele><time>2026-03-01T13:02:12Z</time></trkpt>
			<trkpt lat="47.408290" lon="-1.369620"><ele>41</ele><time>2026-03-01T13:02:24Z</time></trkpt>
			<trkpt lat="47.407320" lon="-1.368830"><ele>38</ele><time>2026-03-01T13:02:36Z</time></trkpt>
			<trkpt lat="47.407190" lon="-1.368720"><ele>38</ele><time>2026-03-01T13:02:48Z</time></trkpt>
			<trkpt lat="47.406990" lon="-1.368550"><ele>38</ele><time>2026-03-01T13:03:00Z</time></trkpt>
			<trkpt lat="47.406240" lon="-1.367830"><ele>36</ele><time>2026-03-01T13:03:12Z</time></trkpt>
			<trkpt lat="47.405720" lon="-1.367360"><ele>35</ele><time>2026-03-01T13:03:24Z</time></trkpt>
			<trkpt lat="47.404670" lon="-1.366460"><ele>34</ele><time>2026-03-01T13:03:36Z</time></trkpt>
			<trkpt lat="47.404600" lon="-1.366390"><ele>34</ele><time>2026-03-01T13:03:48Z</time></trkpt>
			<trkpt lat="47.403700" lon="-1.365470"><ele>33</ele><time>2026-03-01T13:04:00Z</time></trkpt>
			<trkpt lat="47.403500" lon="-1.365250"><ele>34</ele><time>2026-03-01T13:04:12Z</time></trkpt>
			<trkpt lat="47.402990" lon="-1.364720"><ele>34</ele><time>2026-03-01T13:04:24Z</time></trkpt>
			<trkpt lat="47.402090" lon="-1.363800"><ele>34</ele><time>2026-03-01T13:04:36Z</time></trkpt>
			<trkpt lat="47.401770" lon="-1.363440"><ele>35</ele><time>2026-03-01T13:04:48Z</time></trkpt>
			<trkpt lat="47.400980" lon="-1.362420"><ele>37</ele><time>2026-03-01T13:05:00Z</time></trkpt>
			<trkpt lat="47.397310" lon="-1.357550"><ele>51</ele><time>2026-03-01T13:05:12Z</time></trkpt>
			<trkpt lat="47.397110" lon="-1.357290"><ele>52</ele><time>2026-03-01T13:05:24Z</time></trkpt>
			<trkpt lat="47.396540" lon="-1.356520"><ele>54</ele><time>2026-03-01T13:05:36Z</time></trkpt>
			<trkpt lat="47.396440" lon="-1.356360"><ele>54</ele><time>2026-03-01T13:05:48Z</time></trkpt>
			<trkpt lat="47.396350" lon="-1.356170"><ele>55</ele><time>2026-03-01T13:06:00Z</time></trkpt>
			<trkpt lat="47.395920" lon="-1.355060"><ele>55</ele><time>2026-03-01T13:06:12Z</time></trkpt>
			<trkpt lat="47.395640" lon="-1.354330"><ele>56</ele><time>2026-03-01T13:06:24Z</time></trkpt>
			<trkpt lat="47.395020" lon="-1.352690"><ele>54</ele><time>2026-03-01T13:06:36Z</time></trkpt>
			<trkpt lat="47.394880" lon="-1.352310"><ele>55</ele><time>2026-03-01T13:06:48Z</time></trkpt>
			<trkpt lat="47.394520" lon="-1.351390"><ele>56</ele><time>2026-03-01T13:07:00Z</time></trkpt>
			<trkpt lat="47.394270" lon="-1.350720"><ele>57</ele><time>2026-03-01T13:07:12Z</time></trkpt>
			<trkpt lat="47.394080" lon="-1.350210"><ele>57</ele><time>2026-03-01T13:07:24Z</time></trkpt>
			<trkpt lat="47.393930" lon="-1.349790"><ele>57</ele><time>2026-03-01T13:07:36Z</time></trkpt>
			<trkpt lat="47.393690" lon="-1.349010"><ele>57</ele><time>2026-03-01T13:07:48Z</time></trkpt>
			<trkpt lat="47.393290" lon="-1.347690"><ele>59</ele><time>2026-03-01T13:08:00Z</time></trkpt>
			<trkpt lat="47.392100" lon="-1.343730"><ele>54</ele><time>2026-03-01T13:08:12Z</time></trkpt>
			<trkpt lat="47.392060" lon="-1.343570"><ele>55</ele><time>2026-03-01T13:08:24Z</time></trkpt>
			<trkpt lat="47.392010" lon="-1.343350"><ele>55</ele><time>2026-03-01T13:08:36Z</time></trkpt>
			<trkpt lat="47.391970" lon="-1.343140"><ele>54</ele><time>2026-03-01T13:08:48Z</time></trkpt>
			<trkpt lat="47.391580" lon="-1.340540"><ele>56</ele><time>2026-03-01T13:09:00Z</time></trkpt>
			<trkpt lat="47.391490" lon="-1.340020"><ele>56</ele><time>2026-03-01T13:09:12Z</time></trkpt>
			<trkpt lat="47.391350" lon="-1.339450"><ele>55</ele><time>2026-03-01T13:09:24Z</time></trkpt>
			<trkpt lat="47.390770" lon="-1.337290"><ele>55</ele><time>2026-03-01T13:09:36Z</time></trkpt>
			<trkpt lat="47.390670" lon="-1.336990"><ele>55</ele><time>2026-03-01T13:09:48Z</time></trkpt>
			<trkpt lat="47.390550" lon="-1.336670"><ele>55</ele><time>2026-03-01T13:10:00Z</time></trkpt>
			<trkpt lat="47.388080" lon="-1.330530"><ele>53</ele><time>2026-03-01T13:10:12Z</time></trkpt>
			<trkpt lat="47.387980" lon="-1.330240"><ele>53</ele><time>2026-03-01T13:10:24Z</time></trkpt>
			<trkpt lat="47.387900" lon="-1.329950"><ele>53</ele><time>2026-03-01T13:10:36Z</time></trkpt>
			<trkpt lat="47.387430" lon="-1.327810"><ele>52</ele><time>2026-03-01T13:10:48Z</time></trkpt>
			<trkpt lat="47.386700" lon="-1.324320"><ele>43</ele><time>2026-03-01T13:11:00Z</time></trkpt>
			<trkpt lat="47.386650" lon="-1.324100"><ele>43</ele><time>2026-03-01T13:11:12Z</time></trkpt>
			<trkpt lat="47.386630" lon="-1.323850"><ele>43</ele><time>2026-03-01T13:11:24Z</time></trkpt>
			<trkpt lat="47.386630" lon="-1.323570"><ele>44</ele><time>2026-03-01T13:11:36Z</time></trkpt>
			<trkpt lat="47.386750" lon="-1.321940"><ele>44</ele><time>2026-03-01T13:11:48Z</time></trkpt>
			<trkpt lat="47.386970" lon="-1.319270"><ele>43</ele><time>2026-03-01T13:12:00Z</time></trkpt>
			<trkpt lat="47.387110" lon="-1.317810"><ele>44</ele><time>2026-03-01T13:12:12Z</time></trkpt>
			<trkpt lat="47.387430" lon="-1.315040"><ele>46</ele><time>2026-03-01T13:12:24Z</time></trkpt>
			<trkpt lat="47.387480" lon="-1.314670"><ele>47</ele><time>2026-03-01T13:12:36Z</time></trkpt>
			<trkpt lat="47.387490" lon="-1.314360"><ele>47</ele><time>2026-03-01T13:12:48Z</time></trkpt>
			<trkpt lat="47.387490" lon="-1.314150"><ele>47</ele><time>2026-03-01T13:13:00Z</time></trkpt>
			<trkpt lat="47.387260" lon="-1.311150"><ele>46</ele><time>2026-03-01T13:13:12Z</time></trkpt>
			<trkpt lat="47.387220" lon="-1.310800"><ele>46</ele><time>2026-03-01T13:13:24Z</time></trkpt>
			<trkpt lat="47.387060" lon="-1.309640"><ele>42</ele><time>2026-03-01T13:13:36Z</time></trkpt>
			<trkpt lat="47.386990" lon="-1.309020"><ele>41</ele><time>2026-03-01T13:13:48Z</time></trkpt>
			<trkpt lat="47.386990" lon="-1.308730"><ele>40</ele><time>2026-03-01T13:14:00Z</time></trkpt>
			<trkpt lat="47.387010" lon="-1.308430"><ele>39</ele><time>2026-03-01T13:14:12Z</time></trkpt>
			<trkpt lat="47.387040" lon="-1.308130"><ele>38</ele><time>2026-03-01T13:14:24Z</time></trkpt>
			<trkpt lat="47.387280" lon="-1.306780"><ele>33</ele><time>2026-03-01T13:14:36Z</time></trkpt>
			<trkpt lat="47.387320" lon="-1.306550"><ele>33</ele><time>2026-03-01T13:14:48Z</time></trkpt>
			<trkpt lat="47.387350" lon="-1.306270"><ele>32</ele><time>2026-03-01T13:15:00Z</time></trkpt>
			<trkpt lat="47.387380" lon="-1.305870"><ele>31</ele><time>2026-03-01T13:15:12Z</time></trkpt>
			<trkpt lat="47.387430" lon="-1.304790"><ele>30</ele><time>2026-03-01T13:15:24Z</time></trkpt>
			<trkpt lat="47.387450" lon="-1.304490"><ele>30</ele><time>2026-03-01T13:15:36Z</time></trkpt>
			<trkpt lat="47.387490" lon="-1.304180"><ele>30</ele><time>2026-03-01T13:15:48Z</time></trkpt>
			<trkpt lat="47.387560" lon="-1.303890"><ele>29</ele><time>2026-03-01T13:16:00Z</time></trkpt>
			<trkpt lat="47.387810" lon="-1.302940"><ele>25</ele><time>2026-03-01T13:16:12Z</time></trkpt>
			<trkpt lat="47.387860" lon="-1.302670"><ele>24</ele><time>2026-03-01T13:16:24Z</time></trkpt>
			<trkpt lat="47.387890" lon="-1.302430"><ele>23</ele><time>2026-03-01T13:16:36Z</time></trkpt>
			<trkpt lat="47.387910" lon="-1.302150"><ele>22</ele><time>2026-03-01T13:16:48Z</time></trkpt>
			<trkpt lat="47.387890" lon="-1.301190"><ele>21</ele><time>2026-03-01T13:17:00Z</time></trkpt>
			<trkpt lat="47.387900" lon="-1.300740"><ele>21</ele><time>2026-03-01T13:17:12Z</time></trkpt>
			<trkpt lat="47.387930" lon="-1.300460"><ele>21</ele><time>2026-03-01T13:17:24Z</time></trkpt>
			<trkpt lat="47.388000" lon="-1.300140"><ele>20</ele><time>2026-03-01T13:17:36Z</time></trkpt>
			<trkpt lat="47.388200" lon="-1.299510"><ele>19</ele><time>2026-03-01T13:17:48Z</time></trkpt>
			<trkpt lat="47.388330" lon="-1.299170"><ele>19</ele><time>2026-03-01T13:18:00Z</time></trkpt>
			<trkpt lat="47.388350" lon="-1.299030"><ele>19</ele><time>2026-03-01T13:18:12Z</time></trkpt>
			<trkpt lat="47.388320" lon="-1.298960"><ele>19</ele><time>2026-03-01T13:18:24Z</time></trkpt>
			<trkpt lat="47.388440" lon="-1.298790"><ele>18</ele><time>2026-03-01T13:18:36Z</time></trkpt>
			<trkpt lat="47.388570" lon="-1.298450"><ele>17</ele><time>2026-03-01T13:18:48Z</time></trkpt>
			<trkpt lat="47.388980" lon="-1.297260"><ele>12</ele><time>2026-03-01T13:19:00Z</time></trkpt>
			<trkpt lat="47.389040" lon="-1.297120"><ele>12</ele><time>2026-03-01T13:19:12Z</time></trkpt>
			<trkpt lat="47.389110" lon="-1.297000"><ele>12</ele><time>2026-03-01T13:19:24Z</time></trkpt>
			<trkpt lat="47.389350" lon="-1.296660"><ele>12</ele><time>2026-03-01T13:19:36Z</time></trkpt>
			<trkpt lat="47.389390" lon="-1.296580"><ele>11</ele><time>2026-03-01T13:19:48Z</time></trkpt>
			<trkpt lat="47.389520" lon="-1.296220"><ele>11</ele><time>2026-03-01T13:20:00Z</time></trkpt>
			<trkpt lat="47.389610" lon="-1.295950"><ele>12</ele><time>2026-03-01T13:20:12Z</time></trkpt>
			<trkpt lat="47.389720" lon="-1.295650"><ele>13</ele><time>2026-03-01T13:20:24Z</time></trkpt>
			<trkpt lat="47.389780" lon="-1.295510"><ele>13</ele><time>2026-03-01T13:20:36Z</time></trkpt>
			<trkpt lat="47.389980" lon="-1.295140"><ele>15</ele><time>2026-03-01T13:20:48Z</time></trkpt>
			<trkpt lat="47.390290" lon="-1.294620"><ele>19</ele><time>2026-03-01T13:21:00Z</time></trkpt>
			<trkpt lat="47.390440" lon="-1.294370"><ele>20</ele><time>2026-03-01T13:21:12Z</time></trkpt>
			<trkpt lat="47.390540" lon="-1.294160"><ele>22</ele><time>2026-03-01T13:21:24Z</time></trkpt>
			<trkpt lat="47.390650" lon="-1.293910"><ele>23</ele><time>2026-03-01T13:21:36Z</time></trkpt>
			<trkpt lat="47.390700" lon="-1.293750"><ele>24</ele><time>2026-03-01T13:21:48Z</time></trkpt>
			<trkpt lat="47.390810" lon="-1.293370"><ele>27</ele><time>2026-03-01T13:22:00Z</time></trkpt>
			<trkpt lat="47.390850" lon="-1.293240"><ele>27</ele><time>2026-03-01T13:22:12Z</time></trkpt>
			<trkpt lat="47.390970" lon="-1.292850"><ele>27</ele><time>2026-03-01T13:22:24Z</time></trkpt>
			<trkpt lat="47.391020" lon="-1.292890"><ele>27</ele><time>2026-03-01T13:22:36Z</time></trkpt>
			<trkpt lat="47.391020" lon="-1.292940"><ele>27</ele><time>2026-03-01T13:22:48Z</time></trkpt>
			<trkpt lat="47.391150" lon="-1.293050"><ele>27</ele><time>2026-03-01T13:23:00Z</time></trkpt>
			<trkpt lat="47.391160" lon="-1.293080"><ele>27</ele><time>2026-03-01T13:23:12Z</time></trkpt>
			<trkpt lat="47.391270" lon="-1.293180"><ele>27</ele><time>2026-03-01T13:23:24Z</time></trkpt>
			<trkpt lat="47.391160" lon="-1.293080"><ele>27</ele><time>2026-03-01T13:23:36Z</time></trkpt>
			<trkpt lat="47.391150" lon="-1.293050"><ele>27</ele><time>2026-03-01T13:23:48Z</time></trkpt>
			<trkpt lat="47.391020" lon="-1.292940"><ele>27</ele><time>2026-03-01T13:24:00Z</time></trkpt>
			<trkpt lat="47.391020" lon="-1.292890"><ele>27</ele><time>2026-03-01T13:24:12Z</time></trkpt>
			<trkpt lat="47.391640" lon="-1.293460"><ele>26</ele><time>2026-03-01T13:24:24Z</time></trkpt>
			<trkpt lat="47.391810" lon="-1.293580"><ele>25</ele><time>2026-03-01T13:24:36Z</time></trkpt>
			<trkpt lat="47.392540" lon="-1.293950"><ele>23</ele><time>2026-03-01T13:24:48Z</time></trkpt>
			<trkpt lat="47.392660" lon="-1.294010"><ele>24</ele><time>2026-03-01T13:25:00Z</time></trkpt>
			<trkpt lat="47.392730" lon="-1.294120"><ele>24</ele><time>2026-03-01T13:25:12Z</time></trkpt>
			<trkpt lat="47.392830" lon="-1.294090"><ele>24</ele><time>2026-03-01T13:25:24Z</time></trkpt>
			<trkpt lat="47.392890" lon="-1.294100"><ele>24</ele><time>2026-03-01T13:25:36Z</time></trkpt>
			<trkpt lat="47.393150" lon="-1.294190"><ele>25</ele><time>2026-03-01T13:25:48Z</time></trkpt>
			<trkpt lat="47.393250" lon="-1.294220"><ele>25</ele><time>2026-03-01T13:26:00Z</time></trkpt>
			<trkpt lat="47.393470" lon="-1.294280"><ele>26</ele><time>2026-03-01T13:26:12Z</time></trkpt>
			<trkpt lat="47.393840" lon="-1.294340"><ele>27</ele><time>2026-03-01T13:26:24Z</time></trkpt>
			<trkpt lat="47.394910" lon="-1.294480"><ele>29</ele><time>2026-03-01T13:26:36Z</time></trkpt>
			<trkpt lat="47.395160" lon="-1.294590"><ele>29</ele><time>2026-03-01T13:26:48Z</time></trkpt>
			<trkpt lat="47.396010" lon="-1.295050"><ele>29</ele><time>2026-03-01T13:27:00Z</time></trkpt>
			<trkpt lat="47.397540" lon="-1.295860"><ele>26</ele><time>2026-03-01T13:27:12Z</time></trkpt>
			<trkpt lat="47.398000" lon="-1.296090"><ele>23</ele><time>2026-03-01T13:27:24Z</time></trkpt>
			<trkpt lat="47.398200" lon="-1.296180"><ele>22</ele><time>2026-03-01T13:27:36Z</time></trkpt>
			<trkpt lat="47.398470" lon="-1.296260"><ele>21</ele><time>2026-03-01T13:27:48Z</time></trkpt>
			<trkpt lat="47.398670" lon="-1.296260"><ele>21</ele><time>2026-03-01T13:28:00Z</time></trkpt>
			<trkpt lat="47.400030" lon="-1.296180"><ele>20</ele><time>2026-03-01T13:28:12Z</time></trkpt>
			<trkpt lat="47.402000" lon="-1.296060"><ele>23</ele><time>2026-03-01T13:28:24Z</time></trkpt>
			<trkpt lat="47.402270" lon="-1.296090"><ele>24</ele><time>2026-03-01T13:28:36Z</time></trkpt>
			<trkpt lat="47.404630" lon="-1.296630"><ele>32</ele><time>2026-03-01T13:28:48Z</time></trkpt>
			<trkpt lat="47.404800" lon="-1.296650"><ele>33</ele><time>2026-03-01T13:29:00Z</time></trkpt>
			<trkpt lat="47.404880" lon="-1.296660"><ele>33</ele><time>2026-03-01T13:29:12Z</time></trkpt>
			<trkpt lat="47.405100" lon="-1.296650"><ele>33</ele><time>2026-03-01T13:29:24Z</time></trkpt>
			<trkpt lat="47.406350" lon="-1.296410"><ele>33</ele><time>2026-03-01T13:29:36Z</time></trkpt>
			<trkpt lat="47.408940" lon="-1.295910"><ele>32</ele><time>2026-03-01T13:29:48Z</time></trkpt>
			<trkpt lat="47.409780" lon="-1.295750"><ele>31</ele><time>2026-03-01T13:30:00Z</time></trkpt>
			<trkpt lat="47.413260" lon="-1.294300"><ele>26</ele><time>2026-03-01T13:30:12Z</time></trkpt>
			<trkpt lat="47.413420" lon="-1.294210"><ele>26</ele><time>2026-03-01T13:30:24Z</time></trkpt>
			<trkpt lat="47.413620" lon="-1.294090"><ele>25</ele><time>2026-03-01T13:30:36Z</time></trkpt>
			<trkpt lat="47.414220" lon="-1.293670"><ele>25</ele><time>2026-03-01T13:30:48Z</time></trkpt>
			<trkpt lat="47.414840" lon="-1.293210"><ele>24</ele><time>2026-03-01T13:31:00Z</time></trkpt>
			<trkpt lat="47.415130" lon="-1.293030"><ele>25</ele><time>2026-03-01T13:31:12Z</time></trkpt>
			<trkpt lat="47.415280" lon="-1.292960"><ele>25</ele><time>2026-03-01T13:31:24Z</time></trkpt>
			<trkpt lat="47.415420" lon="-1.292920"><ele>25</ele><time>2026-03-01T13:31:36Z</time></trkpt>
			<trkpt lat="47.415730" lon="-1.292860"><ele>25</ele><time>2026-03-01T13:31:48Z</time></trkpt>
			<trkpt lat="47.416340" lon="-1.292800"><ele>25</ele><time>2026-03-01T13:32:00Z</time></trkpt>
			<trkpt lat="47.417940" lon="-1.292680"><ele>24</ele><time>2026-03-01T13:32:12Z</time></trkpt>
			<trkpt lat="47.419640" lon="-1.292540"><ele>25</ele><time>2026-03-01T13:32:24Z</time></trkpt>
			<trkpt lat="47.419740" lon="-1.292500"><ele>25</ele><time>2026-03-01T13:32:36Z</time></trkpt>
			<trkpt lat="47.419800" lon="-1.292470"><ele>25</ele><time>2026-03-01T13:32:48Z</time></trkpt>
			<trkpt lat="47.419900" lon="-1.292360"><ele>25</ele><time>2026-03-01T13:33:00Z</time></trkpt>
			<trkpt lat="47.419720" lon="-1.291910"><ele>26</ele><time>2026-03-01T13:33:12Z</time></trkpt>
			<trkpt lat="47.419660" lon="-1.291730"><ele>26</ele><time>2026-03-01T13:33:24Z</time></trkpt>
			<trkpt lat="47.419790" lon="-1.291660"><ele>26</ele><time>2026-03-01T13:33:36Z</time></trkpt>
			<trkpt lat="47.419870" lon="-1.291580"><ele>26</ele><time>2026-03-01T13:33:48Z</time></trkpt>
			<trkpt lat="47.421140" lon="-1.289130"><ele>29</ele><time>2026-03-01T13:34:00Z</time></trkpt>
			<trkpt lat="47.422790" lon="-1.285920"><ele>27</ele><time>2026-03-01T13:34:12Z</time></trkpt>
			<trkpt lat="47.422820" lon="-1.285880"><ele>26</ele><time>2026-03-01T13:34:24Z</time></trkpt>
			<trkpt lat="47.423960" lon="-1.283670"><ele>23</ele><time>2026-03-01T13:34:36Z</time></trkpt>
			<trkpt lat="47.425310" lon="-1.281040"><ele>22</ele><time>2026-03-01T13:34:48Z</time></trkpt>
			<trkpt lat="47.425400" lon="-1.280880"><ele>22</ele><time>2026-03-01T13:35:00Z</time></trkpt>
			<trkpt lat="47.425570" lon="-1.280550"><ele>21</ele><time>2026-03-01T13:35:12Z</time></trkpt>
			<trkpt lat="47.426890" lon="-1.277970"><ele>22</ele><time>2026-03-01T13:35:24Z</time></trkpt>
			<trkpt lat="47.426980" lon="-1.277800"><ele>22</ele><time>2026-03-01T13:35:36Z</time></trkpt>
			<trkpt lat="47.427550" lon="-1.276710"><ele>21</ele><time>2026-03-01T13:35:48Z</time></trkpt>
			<trkpt lat="47.427730" lon="-1.276340"><ele>21</ele><time>2026-03-01T13:36:00Z</time></trkpt>
			<trkpt lat="47.427830" lon="-1.276130"><ele>21</ele><time>2026-03-01T13:36:12Z</time></trkpt>
			<trkpt lat="47.427910" lon="-1.275920"><ele>21</ele><time>2026-03-01T13:36:24Z</time></trkpt>
			<trkpt lat="47.428310" lon="-1.274380"><ele>26</ele><time>2026-03-01T13:36:36Z</time></trkpt>
			<trkpt lat="47.428630" lon="-1.273140"><ele>25</ele><time>2026-03-01T13:36:48Z</time></trkpt>
			<trkpt lat="47.429090" lon="-1.271380"><ele>25</ele><time>2026-03-01T13:37:00Z</time></trkpt>
			<trkpt lat="47.429160" lon="-1.271140"><ele>25</ele><time>2026-03-01T13:37:12Z</time></trkpt>
			<trkpt lat="47.430420" lon="-1.266270"><ele>28</ele><time>2026-03-01T13:37:24Z</time></trkpt>
			<trkpt lat="47.431900" lon="-1.260610"><ele>32</ele><time>2026-03-01T13:37:36Z</time></trkpt>
			<trkpt lat="47.431940" lon="-1.260480"><ele>32</ele><time>2026-03-01T13:37:48Z</time></trkpt>
			<trkpt lat="47.431960" lon="-1.260330"><ele>32</ele><time>2026-03-01T13:38:00Z</time></trkpt>
			<trkpt lat="47.432020" lon="-1.260090"><ele>32</ele><time>2026-03-01T13:38:12Z</time></trkpt>
			<trkpt lat="47.432080" lon="-1.259960"><ele>32</ele><time>2026-03-01T13:38:24Z</time></trkpt>
			<trkpt lat="47.432640" lon="-1.257780"><ele>36</ele><time>2026-03-01T13:38:36Z</time></trkpt>
			<trkpt lat="47.432670" lon="-1.257650"><ele>36</ele><time>2026-03-01T13:38:48Z</time></trkpt>
			<trkpt lat="47.432730" lon="-1.257410"><ele>36</ele><time>2026-03-01T13:39:00Z</time></trkpt>
			<trkpt lat="47.432760" lon="-1.257240"><ele>36</ele><time>2026-03-01T13:39:12Z</time></trkpt>
			<trkpt lat="47.432840" lon="-1.256510"><ele>37</ele><time>2026-03-01T13:39:24Z</time></trkpt>
			<trkpt lat="47.432900" lon="-1.255850"><ele>37</ele><time>2026-03-01T13:39:36Z</time></trkpt>
			<trkpt lat="47.432980" lon="-1.255070"><ele>36</ele><time>2026-03-01T13:39:48Z</time></trkpt>
			<trkpt lat="47.433590" lon="-1.255150"><ele>37</ele><time>2026-03-01T13:40:00Z</time></trkpt>
			<trkpt lat="47.434800" lon="-1.255330"><ele>38</ele><time>2026-03-01T13:40:12Z</time></trkpt>
			<trkpt lat="47.435160" lon="-1.255420"><ele>39</ele><time>2026-03-01T13:40:24Z</time></trkpt>
			<trkpt lat="47.435290" lon="-1.255470"><ele>39</ele><time>2026-03-01T13:40:36Z</time></trkpt>
			<trkpt lat="47.435460" lon="-1.255480"><ele>39</ele><time>2026-03-01T13:40:48Z</time></trkpt>
			<trkpt lat="47.436520" lon="-1.255540"><ele>41</ele><time>2026-03-01T13:41:00Z</time></trkpt>
			<trkpt lat="47.437170" lon="-1.255570"><ele>41</ele><time>2026-03-01T13:41:12Z</time></trkpt>
			<trkpt lat="47.437760" lon="-1.255560"><ele>43</ele><time>2026-03-01T13:41:24Z</time></trkpt>
			<trkpt lat="47.438280" lon="-1.255520"><ele>45</ele><time>2026-03-01T13:41:36Z</time></trkpt>
			<trkpt lat="47.438720" lon="-1.255470"><ele>47</ele><time>2026-03-01T13:41:48Z</time></trkpt>
			<trkpt lat="47.439350" lon="-1.255480"><ele>48</ele><time>2026-03-01T13:42:00Z</time></trkpt>
			<trkpt lat="47.439660" lon="-1.255520"><ele>48</ele><time>2026-03-01T13:42:12Z</time></trkpt>
			<trkpt lat="47.439810" lon="-1.255580"><ele>48</ele><time>2026-03-01T13:42:24Z</time></trkpt>
			<trkpt lat="47.439880" lon="-1.255630"><ele>48</ele><time>2026-03-01T13:42:36Z</time></trkpt>
			<trkpt lat="47.439930" lon="-1.255700"><ele>48</ele><time>2026-03-01T13:42:48Z</time></trkpt>
			<trkpt lat="47.439980" lon="-1.255830"><ele>48</ele><time>2026-03-01T13:43:00Z</time></trkpt>
			<trkpt lat="47.440060" lon="-1.256120"><ele>48</ele><time>2026-03-01T13:43:12Z</time></trkpt>
			<trkpt lat="47.440180" lon="-1.256690"><ele>48</ele><time>2026-03-01T13:43:24Z</time></trkpt>
			<trkpt lat="47.440360" lon="-1.257720"><ele>49</ele><time>2026-03-01T13:43:36Z</time></trkpt>
			<trkpt lat="47.440420" lon="-1.257960"><ele>50</ele><time>2026-03-01T13:43:48Z</time></trkpt>
			<trkpt lat="47.440490" lon="-1.258110"><ele>50</ele><time>2026-03-01T13:44:00Z</time></trkpt>
			<trkpt lat="47.440600" lon="-1.258200"><ele>50</ele><time>2026-03-01T13:44:12Z</time></trkpt>
			<trkpt lat="47.441300" lon="-1.258400"><ele>53</ele><time>2026-03-01T13:44:24Z</time></trkpt>
			<trkpt lat="47.441720" lon="-1.258500"><ele>54</ele><time>2026-03-01T13:44:36Z</time></trkpt>
			<trkpt lat="47.442640" lon="-1.258590"><ele>54</ele><time>2026-03-01T13:44:48Z</time></trkpt>
			<trkpt lat="47.442740" lon="-1.258580"><ele>54</ele><time>2026-03-01T13:45:00Z</time></trkpt>
			<trkpt lat="47.442820" lon="-1.258510"><ele>54</ele><time>2026-03-01T13:45:12Z</time></trkpt>
			<trkpt lat="47.443550" lon="-1.257470"><ele>54</ele><time>2026-03-01T13:45:24Z</time></trkpt>
			<trkpt lat="47.444160" lon="-1.256570"><ele>54</ele><time>2026-03-01T13:45:36Z</time></trkpt>
			<trkpt lat="47.444180" lon="-1.256510"><ele>54</ele><time>2026-03-01T13:45:48Z</time></trkpt>
			<trkpt lat="47.444200" lon="-1.256440"><ele>54</ele><time>2026-03-01T13:46:00Z</time></trkpt>
			<trkpt lat="47.444980" lon="-1.254370"><ele>53</ele><time>2026-03-01T13:46:12Z</time></trkpt>
			<trkpt lat="47.445010" lon="-1.254230"><ele>53</ele><time>2026-03-01T13:46:24Z</time></trkpt>
			<trkpt lat="47.445340" lon="-1.251110"><ele>52</ele><time>2026-03-01T13:46:36Z</time></trkpt>
			<trkpt lat="47.445400" lon="-1.250840"><ele>51</ele><time>2026-03-01T13:46:48Z</time></trkpt>
			<trkpt lat="47.445970" lon="-1.249080"><ele>50</ele><time>2026-03-01T13:47:00Z</time></trkpt>
			<trkpt lat="47.446050" lon="-1.248820"><ele>50</ele><time>2026-03-01T13:47:12Z</time></trkpt>
			<trkpt lat="47.446150" lon="-1.248620"><ele>51</ele><time>2026-03-01T13:47:24Z</time></trkpt>
			<trkpt lat="47.447140" lon="-1.247290"><ele>53</ele><time>2026-03-01T13:47:36Z</time></trkpt>
			<trkpt lat="47.447230" lon="-1.247120"><ele>53</ele><time>2026-03-01T13:47:48Z</time></trkpt>
			<trkpt lat="47.447790" lon="-1.245400"><ele>55</ele><time>2026-03-01T13:48:00Z</time></trkpt>
			<trkpt lat="47.447840" lon="-1.245120"><ele>55</ele><time>2026-03-01T13:48:12Z</time></trkpt>
			<trkpt lat="47.448000" lon="-1.243390"><ele>57</ele><time>2026-03-01T13:48:24Z</time></trkpt>
			<trkpt lat="47.448270" lon="-1.240540"><ele>61</ele><time>2026-03-01T13:48:36Z</time></trkpt>
			<trkpt lat="47.448300" lon="-1.240100"><ele>62</ele><time>2026-03-01T13:48:48Z</time></trkpt>
			<trkpt lat="47.448290" lon="-1.239970"><ele>62</ele><time>2026-03-01T13:49:00Z</time></trkpt>
			<trkpt lat="47.448670" lon="-1.238220"><ele>64</ele><time>2026-03-01T13:49:12Z</time></trkpt>
			<trkpt lat="47.448920" lon="-1.237050"><ele>64</ele><time>2026-03-01T13:49:24Z</time></trkpt>
			<trkpt lat="47.449120" lon="-1.236060"><ele>64</ele><time>2026-03-01T13:49:36Z</time></trkpt>
			<trkpt lat="47.449300" lon="-1.235210"><ele>65</ele><time>2026-03-01T13:49:48Z</time></trkpt>
			<trkpt lat="47.449330" lon="-1.235020"><ele>65</ele><time>2026-03-01T13:50:00Z</time></trkpt>
			<trkpt lat="47.449340" lon="-1.234750"><ele>66</ele><time>2026-03-01T13:50:12Z</time></trkpt>
			<trkpt lat="47.449320" lon="-1.234390"><ele>66</ele><time>2026-03-01T13:50:24Z</time></trkpt>
			<trkpt lat="47.449250" lon="-1.233140"><ele>67</ele><time>2026-03-01T13:50:36Z</time></trkpt>
			<trkpt lat="47.449200" lon="-1.232890"><ele>66</ele><time>2026-03-01T13:50:48Z</time></trkpt>
			<trkpt lat="47.449120" lon="-1.232630"><ele>66</ele><time>2026-03-01T13:51:00Z</time></trkpt>
			<trkpt lat="47.449100" lon="-1.232460"><ele>66</ele><time>2026-03-01T13:51:12Z</time></trkpt>
			<trkpt lat="47.449090" lon="-1.232260"><ele>66</ele><time>2026-03-01T13:51:24Z</time></trkpt>
			<trkpt lat="47.449140" lon="-1.231610"><ele>65</ele><time>2026-03-01T13:51:36Z</time></trkpt>
			<trkpt lat="47.449150" lon="-1.231310"><ele>65</ele><time>2026-03-01T13:51:48Z</time></trkpt>
			<trkpt lat="47.449140" lon="-1.230810"><ele>65</ele><time>2026-03-01T13:52:00Z</time></trkpt>
			<trkpt lat="47.449160" lon="-1.230510"><ele>65</ele><time>2026-03-01T13:52:12Z</time></trkpt>
			<trkpt lat="47.449240" lon="-1.229610"><ele>63</ele><time>2026-03-01T13:52:24Z</time></trkpt>
			<trkpt lat="47.449280" lon="-1.228480"><ele>62</ele><time>2026-03-01T13:52:36Z</time></trkpt>
			<trkpt lat="47.449250" lon="-1.228370"><ele>62</ele><time>2026-03-01T13:52:48Z</time></trkpt>
			<trkpt lat="47.449210" lon="-1.228330"><ele>62</ele><time>2026-03-01T13:53:00Z</time></trkpt>
			<trkpt lat="47.449200" lon="-1.228170"><ele>62</ele><time>2026-03-01T13:53:12Z</time></trkpt>
			<trkpt lat="47.449300" lon="-1.227810"><ele>63</ele><time>2026-03-01T13:53:24Z</time></trkpt>
			<trkpt lat="47.450010" lon="-1.224150"><ele>66</ele><time>2026-03-01T13:53:36Z</time></trkpt>
			<trkpt lat="47.450060" lon="-1.223840"><ele>66</ele><time>2026-03-01T13:53:48Z</time></trkpt>
			<trkpt lat="47.450090" lon="-1.223550"><ele>65</ele><time>2026-03-01T13:54:00Z</time></trkpt>
			<trkpt lat="47.450120" lon="-1.223210"><ele>65</ele><time>2026-03-01T13:54:12Z</time></trkpt>
			<trkpt lat="47.450150" lon="-1.222860"><ele>65</ele><time>2026-03-01T13:54:24Z</time></trkpt>
			<trkpt lat="47.450190" lon="-1.221290"><ele>66</ele><time>2026-03-01T13:54:36Z</time></trkpt>
			<trkpt lat="47.450230" lon="-1.220930"><ele>66</ele><time>2026-03-01T13:54:48Z</time></trkpt>
			<trkpt lat="47.450300" lon="-1.220500"><ele>67</ele><time>2026-03-01T13:55:00Z</time></trkpt>
			<trkpt lat="47.450660" lon="-1.218600"><ele>68</ele><time>2026-03-01T13:55:12Z</time></trkpt>
			<trkpt lat="47.450700" lon="-1.218340"><ele>68</ele><time>2026-03-01T13:55:24Z</time></trkpt>
			<trkpt lat="47.450730" lon="-1.218190"><ele>68</ele><time>2026-03-01T13:55:36Z</time></trkpt>
			<trkpt lat="47.450820" lon="-1.217460"><ele>69</ele><time>2026-03-01T13:55:48Z</time></trkpt>
			<trkpt lat="47.451400" lon="-1.212480"><ele>68</ele><time>2026-03-01T13:56:00Z</time></trkpt>
			<trkpt lat="47.451440" lon="-1.212130"><ele>67</ele><time>2026-03-01T13:56:12Z</time></trkpt>
			<trkpt lat="47.451480" lon="-1.211840"><ele>66</ele><time>2026-03-01T13:56:24Z</time></trkpt>
			<trkpt lat="47.451560" lon="-1.211540"><ele>66</ele><time>2026-03-01T13:56:36Z</time></trkpt>
			<trkpt lat="47.451650" lon="-1.211300"><ele>66</ele><time>2026-03-01T13:56:48Z</time></trkpt>
			<trkpt lat="47.451750" lon="-1.211110"><ele>65</ele><time>2026-03-01T13:57:00Z</time></trkpt>
			<trkpt lat="47.451950" lon="-1.210810"><ele>65</ele><time>2026-03-01T13:57:12Z</time></trkpt>
			<trkpt lat="47.454200" lon="-1.207780"><ele>67</ele><time>2026-03-01T13:57:24Z</time></trkpt>
			<trkpt lat="47.454380" lon="-1.207550"><ele>68</ele><time>2026-03-01T13:57:36Z</time></trkpt>
			<trkpt lat="47.454560" lon="-1.207370"><ele>68</ele><time>2026-03-01T13:57:48Z</time></trkpt>
			<trkpt lat="47.455520" lon="-1.206640"><ele>69</ele><time>2026-03-01T13:58:00Z</time></trkpt>
			<trkpt lat="47.455730" lon="-1.206500"><ele>69</ele><time>2026-03-01T13:58:12Z</time></trkpt>
			<trkpt lat="47.455710" lon="-1.206460"><ele>69</ele><time>2026-03-01T13:58:24Z</time></trkpt>
			<trkpt lat="47.455250" lon="-1.205980"><ele>69</ele><time>2026-03-01T13:58:36Z</time></trkpt>
			<trkpt lat="47.454820" lon="-1.205610"><ele>67</ele><time>2026-03-01T13:58:48Z</time></trkpt>
			<trkpt lat="47.454690" lon="-1.205530"><ele>67</ele><time>2026-03-01T13:59:00Z</time></trkpt>
			<trkpt lat="47.454290" lon="-1.205270"><ele>67</ele><time>2026-03-01T13:59:12Z</time></trkpt>
			<trkpt lat="47.454150" lon="-1.205220"><ele>67</ele><time>2026-03-01T13:59:24Z</time></trkpt>
			<trkpt lat="47.454020" lon="-1.205260"><ele>67</ele><time>2026-03-01T13:59:36Z</time></trkpt>
			<trkpt lat="47.452860" lon="-1.205830"><ele>65</ele><time>2026-03-01T13:59:48Z</time></trkpt>
			<trkpt lat="47.452200" lon="-1.206280"><ele>65</ele><time>2026-03-01T14:00:00Z</time></trkpt>
			<trkpt lat="47.451980" lon="-1.206410"><ele>65</ele><time>2026-03-01T14:00:12Z</time></trkpt>
			<trkpt lat="47.451840" lon="-1.206450"><ele>64</ele><time>2026-03-01T14:00:24Z</time></trkpt>
			<trkpt lat="47.451720" lon="-1.206460"><ele>64</ele><time>2026-03-01T14:00:36Z</time></trkpt>
			<trkpt lat="47.450660" lon="-1.206330"><ele>63</ele><time>2026-03-01T14:00:48Z</time></trkpt>
			<trkpt lat="47.449910" lon="-1.206090"><ele>61</ele><time>2026-03-01T14:01:00Z</time></trkpt>
			<trkpt lat="47.448010" lon="-1.205480"><ele>55</ele><time>2026-03-01T14:01:12Z</time></trkpt>
			<trkpt lat="47.447880" lon="-1.205450"><ele>54</ele><time>2026-03-01T14:01:24Z</time></trkpt>
			<trkpt lat="47.447480" lon="-1.205480"><ele>53</ele><time>2026-03-01T14:01:36Z</time></trkpt>
			<trkpt lat="47.446380" lon="-1.205590"><ele>50</ele><time>2026-03-01T14:01:48Z</time></trkpt>
			<trkpt lat="47.445900" lon="-1.205410"><ele>49</ele><time>2026-03-01T14:02:00Z</time></trkpt>
			<trkpt lat="47.445710" lon="-1.205360"><ele>48</ele><time>2026-03-01T14:02:12Z</time></trkpt>
			<trkpt lat="47.445550" lon="-1.205330"><ele>48</ele><time>2026-03-01T14:02:24Z</time></trkpt>
			<trkpt lat="47.445330" lon="-1.205350"><ele>48</ele><time>2026-03-01T14:02:36Z</time></trkpt>
			<trkpt lat="47.444270" lon="-1.205610"><ele>46</ele><time>2026-03-01T14:02:48Z</time></trkpt>
			<trkpt lat="47.442860" lon="-1.205930"><ele>44</ele><time>2026-03-01T14:03:00Z</time></trkpt>
			<trkpt lat="47.442500" lon="-1.205960"><ele>44</ele><time>2026-03-01T14:03:12Z</time></trkpt>
			<trkpt lat="47.440920" lon="-1.205770"><ele>44</ele><time>2026-03-01T14:03:24Z</time></trkpt>
			<trkpt lat="47.440710" lon="-1.205680"><ele>44</ele><time>2026-03-01T14:03:36Z</time></trkpt>
			<trkpt lat="47.438930" lon="-1.204540"><ele>44</ele><time>2026-03-01T14:03:48Z</time></trkpt>
			<trkpt lat="47.438260" lon="-1.204080"><ele>45</ele><time>2026-03-01T14:04:00Z</time></trkpt>
			<trkpt lat="47.438080" lon="-1.204000"><ele>46</ele><time>2026-03-01T14:04:12Z</time></trkpt>
			<trkpt lat="47.437910" lon="-1.203940"><ele>46</ele><time>2026-03-01T14:04:24Z</time></trkpt>
			<trkpt lat="47.435630" lon="-1.203650"><ele>51</ele><time>2026-03-01T14:04:36Z</time></trkpt>
			<trkpt lat="47.435440" lon="-1.203570"><ele>51</ele><time>2026-03-01T14:04:48Z</time></trkpt>
			<trkpt lat="47.434630" lon="-1.203070"><ele>52</ele><time>2026-03-01T14:05:00Z</time></trkpt>
			<trkpt lat="47.434400" lon="-1.202950"><ele>52</ele><time>2026-03-01T14:05:12Z</time></trkpt>
			<trkpt lat="47.434420" lon="-1.202720"><ele>52</ele><time>2026-03-01T14:05:24Z</time></trkpt>
			<trkpt lat="47.434350" lon="-1.202720"><ele>52</ele><time>2026-03-01T14:05:36Z</time></trkpt>
			<trkpt lat="47.433850" lon="-1.202540"><ele>52</ele><time>2026-03-01T14:05:48Z</time></trkpt>
			<trkpt lat="47.433540" lon="-1.202460"><ele>51</ele><time>2026-03-01T14:06:00Z</time></trkpt>
			<trkpt lat="47.431610" lon="-1.202030"><ele>52</ele><time>2026-03-01T14:06:12Z</time></trkpt>
			<trkpt lat="47.431260" lon="-1.201810"><ele>51</ele><time>2026-03-01T14:06:24Z</time></trkpt>
			<trkpt lat="47.431120" lon="-1.201760"><ele>51</ele><time>2026-03-01T14:06:36Z</time></trkpt>
			<trkpt lat="47.430980" lon="-1.201790"><ele>50</ele><time>2026-03-01T14:06:48Z</time></trkpt>
			<trkpt lat="47.430460" lon="-1.202020"><ele>50</ele><time>2026-03-01T14:07:00Z</time></trkpt>
			<trkpt lat="47.430340" lon="-1.202100"><ele>50</ele><time>2026-03-01T14:07:12Z</time></trkpt>
			<trkpt lat="47.429810" lon="-1.202610"><ele>51</ele><time>2026-03-01T14:07:24Z</time></trkpt>
			<trkpt lat="47.429700" lon="-1.202680"><ele>51</ele><time>2026-03-01T14:07:36Z</time></trkpt>
			<trkpt lat="47.429590" lon="-1.202710"><ele>52</ele><time>2026-03-01T14:07:48Z</time></trkpt>
			<trkpt lat="47.429460" lon="-1.202680"><ele>51</ele><time>2026-03-01T14:08:00Z</time></trkpt>
			<trkpt lat="47.428210" lon="-1.201940"><ele>48</ele><time>2026-03-01T14:08:12Z</time></trkpt>
			<trkpt lat="47.426570" lon="-1.200920"><ele>46</ele><time>2026-03-01T14:08:24Z</time></trkpt>
			<trkpt lat="47.426530" lon="-1.200900"><ele>46</ele><time>2026-03-01T14:08:36Z</time></trkpt>
			<trkpt lat="47.426290" lon="-1.200760"><ele>45</ele><time>2026-03-01T14:08:48Z</time></trkpt>
			<trkpt lat="47.425440" lon="-1.200100"><ele>43</ele><time>2026-03-01T14:09:00Z</time></trkpt>
			<trkpt lat="47.424550" lon="-1.199360"><ele>43</ele><time>2026-03-01T14:09:12Z</time></trkpt>
			<trkpt lat="47.423930" lon="-1.198880"><ele>43</ele><time>2026-03-01T14:09:24Z</time></trkpt>
			<trkpt lat="47.423630" lon="-1.198670"><ele>42</ele><time>2026-03-01T14:09:36Z</time></trkpt>
			<trkpt lat="47.423250" lon="-1.198470"><ele>42</ele><time>2026-03-01T14:09:48Z</time></trkpt>
			<trkpt lat="47.422930" lon="-1.198310"><ele>43</ele><time>2026-03-01T14:10:00Z</time></trkpt>
			<trkpt lat="47.422600" lon="-1.198210"><ele>43</ele><time>2026-03-01T14:10:12Z</time></trkpt>
			<trkpt lat="47.420670" lon="-1.197730"><ele>44</ele><time>2026-03-01T14:10:24Z</time></trkpt>
			<trkpt lat="47.419920" lon="-1.197520"><ele>43</ele><time>2026-03-01T14:10:36Z</time></trkpt>
			<trkpt lat="47.418970" lon="-1.197300"><ele>44</ele><time>2026-03-01T14:10:48Z</time></trkpt>
			<trkpt lat="47.417930" lon="-1.197050"><ele>44</ele><time>2026-03-01T14:11:00Z</time></trkpt>
			<trkpt lat="47.417670" lon="-1.196990"><ele>44</ele><time>2026-03-01T14:11:12Z</time></trkpt>
			<trkpt lat="47.415020" lon="-1.196350"><ele>39</ele><time>2026-03-01T14:11:24Z</time></trkpt>
			<trkpt lat="47.413940" lon="-1.196100"><ele>37</ele><time>2026-03-01T14:11:36Z</time></trkpt>
			<trkpt lat="47.413780" lon="-1.196080"><ele>36</ele><time>2026-03-01T14:11:48Z</time></trkpt>
			<trkpt lat="47.413000" lon="-1.196130"><ele>35</ele><time>2026-03-01T14:12:00Z</time></trkpt>
			<trkpt lat="47.412850" lon="-1.196120"><ele>35</ele><time>2026-03-01T14:12:12Z</time></trkpt>
			<trkpt lat="47.412720" lon="-1.196040"><ele>36</ele><time>2026-03-01T14:12:24Z</time></trkpt>
			<trkpt lat="47.412540" lon="-1.195890"><ele>36</ele><time>2026-03-01T14:12:36Z</time></trkpt>
			<trkpt lat="47.411890" lon="-1.195240"><ele>37</ele><time>2026-03-01T14:12:48Z</time></trkpt>
			<trkpt lat="47.411520" lon="-1.194850"><ele>37</ele><time>2026-03-01T14:13:00Z</time></trkpt>
			<trkpt lat="47.411300" lon="-1.194550"><ele>38</ele><time>2026-03-01T14:13:12Z</time></trkpt>
			<trkpt lat="47.410930" lon="-1.194130"><ele>37</ele><time>2026-03-01T14:13:24Z</time></trkpt>
			<trkpt lat="47.410820" lon="-1.194050"><ele>37</ele><time>2026-03-01T14:13:36Z</time></trkpt>
			<trkpt lat="47.410750" lon="-1.194040"><ele>37</ele><time>2026-03-01T14:13:48Z</time></trkpt>
			<trkpt lat="47.410710" lon="-1.194060"><ele>37</ele><time>2026-03-01T14:14:00Z</time></trkpt>
			<trkpt lat="47.410400" lon="-1.191320"><ele>37</ele><time>2026-03-01T14:14:12Z</time></trkpt>
			<trkpt lat="47.410400" lon="-1.191180"><ele>37</ele><time>2026-03-01T14:14:24Z</time></trkpt>
			<trkpt lat="47.410410" lon="-1.191020"><ele>37</ele><time>2026-03-01T14:14:36Z</time></trkpt>
			<trkpt lat="47.410370" lon="-1.190950"><ele>37</ele><time>2026-03-01T14:14:48Z</time></trkpt>
			<trkpt lat="47.410350" lon="-1.190880"><ele>37</ele><time>2026-03-01T14:15:00Z</time></trkpt>
			<trkpt lat="47.410260" lon="-1.190390"><ele>37</ele><time>2026-03-01T14:15:12Z</time></trkpt>
			<trkpt lat="47.410150" lon="-1.190170"><ele>37</ele><time>2026-03-01T14:15:24Z</time></trkpt>
			<trkpt lat="47.410100" lon="-1.190020"><ele>36</ele><time>2026-03-01T14:15:36Z</time></trkpt>
			<trkpt lat="47.410050" lon="-1.189940"><ele>36</ele><time>2026-03-01T14:15:48Z</time></trkpt>
			<trkpt lat="47.410000" lon="-1.189920"><ele>36</ele><time>2026-03-01T14:16:00Z</time></trkpt>
			<trkpt lat="47.409960" lon="-1.189890"><ele>36</ele><time>2026-03-01T14:16:12Z</time></trkpt>
			<trkpt lat="47.409920" lon="-1.189840"><ele>36</ele><time>2026-03-01T14:16:24Z</time></trkpt>
			<trkpt lat="47.409900" lon="-1.189780"><ele>36</ele><time>2026-03-01T14:16:36Z</time></trkpt>
			<trkpt lat="47.409830" lon="-1.189730"><ele>36</ele><time>2026-03-01T14:16:48Z</time></trkpt>
			<trkpt lat="47.409790" lon="-1.189720"><ele>36</ele><time>2026-03-01T14:17:00Z</time></trkpt>
			<trkpt lat="47.409640" lon="-1.189700"><ele>36</ele><time>2026-03-01T14:17:12Z</time></trkpt>
			<trkpt lat="47.409480" lon="-1.189700"><ele>36</ele><time>2026-03-01T14:17:24Z</time></trkpt>
			<trkpt lat="47.409150" lon="-1.189720"><ele>35</ele><time>2026-03-01T14:17:36Z</time></trkpt>
			<trkpt lat="47.408830" lon="-1.189780"><ele>36</ele><time>2026-03-01T14:17:48Z</time></trkpt>
			<trkpt lat="47.408620" lon="-1.189830"><ele>36</ele><time>2026-03-01T14:18:00Z</time></trkpt>
			<trkpt lat="47.405270" lon="-1.190770"><ele>33</ele><time>2026-03-01T14:18:12Z</time></trkpt>
			<trkpt lat="47.404910" lon="-1.190850"><ele>32</ele><time>2026-03-01T14:18:24Z</time></trkpt>
			<trkpt lat="47.404710" lon="-1.190880"><ele>32</ele><time>2026-03-01T14:18:36Z</time></trkpt>
			<trkpt lat="47.404280" lon="-1.190920"><ele>31</ele><time>2026-03-01T14:18:48Z</time></trkpt>
			<trkpt lat="47.404010" lon="-1.190930"><ele>31</ele><time>2026-03-01T14:19:00Z</time></trkpt>
			<trkpt lat="47.403420" lon="-1.190900"><ele>31</ele><time>2026-03-01T14:19:12Z</time></trkpt>
			<trkpt lat="47.403280" lon="-1.190880"><ele>31</ele><time>2026-03-01T14:19:24Z</time></trkpt>
			<trkpt lat="47.403240" lon="-1.190890"><ele>31</ele><time>2026-03-01T14:19:36Z</time></trkpt>
			<trkpt lat="47.403110" lon="-1.190960"><ele>30</ele><time>2026-03-01T14:19:48Z</time></trkpt>
			<trkpt lat="47.403080" lon="-1.191080"><ele>30</ele><time>2026-03-01T14:20:00Z</time></trkpt>
			<trkpt lat="47.403040" lon="-1.191140"><ele>30</ele><time>2026-03-01T14:20:12Z</time></trkpt>
			<trkpt lat="47.402990" lon="-1.191200"><ele>29</ele><time>2026-03-01T14:20:24Z</time></trkpt>
			<trkpt lat="47.402940" lon="-1.191230"><ele>29</ele><time>2026-03-01T14:20:36Z</time></trkpt>
			<trkpt lat="47.402860" lon="-1.191250"><ele>29</ele><time>2026-03-01T14:20:48Z</time></trkpt>
			<trkpt lat="47.402760" lon="-1.191220"><ele>29</ele><time>2026-03-01T14:21:00Z</time></trkpt>
			<trkpt lat="47.402690" lon="-1.191150"><ele>29</ele><time>2026-03-01T14:21:12Z</time></trkpt>
			<trkpt lat="47.402630" lon="-1.191040"><ele>29</ele><time>2026-03-01T14:21:24Z</time></trkpt>
			<trkpt lat="47.402620" lon="-1.191000"><ele>29</ele><time>2026-03-01T14:21:36Z</time></trkpt>
			<trkpt lat="47.402540" lon="-1.190940"><ele>29</ele><time>2026-03-01T14:21:48Z</time></trkpt>
			<trkpt lat="47.402290" lon="-1.190860"><ele>29</ele><time>2026-03-01T14:22:00Z</time></trkpt>
			<trkpt lat="47.401620" lon="-1.190750"><ele>30</ele><time>2026-03-01T14:22:12Z</time></trkpt>
			<trkpt lat="47.400110" lon="-1.190500"><ele>29</ele><time>2026-03-01T14:22:24Z</time></trkpt>
			<trkpt lat="47.400020" lon="-1.190490"><ele>28</ele><time>2026-03-01T14:22:36Z</time></trkpt>
			<trkpt lat="47.399650" lon="-1.190520"><ele>28</ele><time>2026-03-01T14:22:48Z</time></trkpt>
			<trkpt lat="47.399600" lon="-1.190520"><ele>28</ele><time>2026-03-01T14:23:00Z</time></trkpt>
			<trkpt lat="47.399570" lon="-1.190560"><ele>27</ele><time>2026-03-01T14:23:12Z</time></trkpt>
			<trkpt lat="47.399520" lon="-1.190610"><ele>27</ele><time>2026-03-01T14:23:24Z</time></trkpt>
			<trkpt lat="47.399450" lon="-1.190630"><ele>27</ele><time>2026-03-01T14:23:36Z</time></trkpt>
			<trkpt lat="47.399400" lon="-1.190610"><ele>27</ele><time>2026-03-01T14:23:48Z</time></trkpt>
			<trkpt lat="47.399340" lon="-1.190570"><ele>27</ele><time>2026-03-01T14:24:00Z</time></trkpt>
			<trkpt lat="47.399290" lon="-1.190480"><ele>27</ele><time>2026-03-01T14:24:12Z</time></trkpt>
			<trkpt lat="47.398990" lon="-1.190330"><ele>27</ele><time>2026-03-01T14:24:24Z</time></trkpt>
			<trkpt lat="47.398730" lon="-1.190250"><ele>26</ele><time>2026-03-01T14:24:36Z</time></trkpt>
			<trkpt lat="47.398430" lon="-1.190180"><ele>25</ele><time>2026-03-01T14:24:48Z</time></trkpt>
			<trkpt lat="47.397960" lon="-1.190110"><ele>24</ele><time>2026-03-01T14:25:00Z</time></trkpt>
			<trkpt lat="47.396960" lon="-1.189990"><ele>24</ele><time>2026-03-01T14:25:12Z</time></trkpt>
			<trkpt lat="47.396570" lon="-1.189940"><ele>24</ele><time>2026-03-01T14:25:24Z</time></trkpt>
			<trkpt lat="47.395390" lon="-1.189750"><ele>22</ele><time>2026-03-01T14:25:36Z</time></trkpt>
			<trkpt lat="47.395020" lon="-1.189660"><ele>21</ele><time>2026-03-01T14:25:48Z</time></trkpt>
			<trkpt lat="47.394790" lon="-1.189590"><ele>21</ele><time>2026-03-01T14:26:00Z</time></trkpt>
			<trkpt lat="47.394690" lon="-1.189550"><ele>21</ele><time>2026-03-01T14:26:12Z</time></trkpt>
			<trkpt lat="47.394710" lon="-1.189430"><ele>21</ele><time>2026-03-01T14:26:24Z</time></trkpt>
			<trkpt lat="47.394730" lon="-1.189320"><ele>21</ele><time>2026-03-01T14:26:36Z</time></trkpt>
			<trkpt lat="47.394820" lon="-1.189350"><ele>21</ele><time>2026-03-01T14:26:48Z</time></trkpt>
			<trkpt lat="47.394860" lon="-1.189370"><ele>21</ele><time>2026-03-01T14:27:00Z</time></trkpt>
			<trkpt lat="47.394900" lon="-1.189440"><ele>21</ele><time>2026-03-01T14:27:12Z</time></trkpt>
			<trkpt lat="47.394970" lon="-1.189510"><ele>22</ele><time>2026-03-01T14:27:24Z</time></trkpt>
			<trkpt lat="47.395400" lon="-1.189620"><ele>22</ele><time>2026-03-01T14:27:36Z</time></trkpt>
			<trkpt lat="47.395750" lon="-1.189680"><ele>23</ele><time>2026-03-01T14:27:48Z</time></trkpt>
			<trkpt lat="47.396000" lon="-1.189720"><ele>23</ele><time>2026-03-01T14:28:00Z</time></trkpt>
			<trkpt lat="47.396200" lon="-1.189760"><ele>23</ele><time>2026-03-01T14:28:12Z</time></trkpt>
			<trkpt lat="47.396580" lon="-1.189830"><ele>24</ele><time>2026-03-01T14:28:24Z</time></trkpt>
			<trkpt lat="47.396570" lon="-1.189940"><ele>24</ele><time>2026-03-01T14:28:36Z</time></trkpt>
			<trkpt lat="47.395390" lon="-1.189750"><ele>22</ele><time>2026-03-01T14:28:48Z</time></trkpt>
			<trkpt lat="47.394950" lon="-1.189730"><ele>21</ele><time>2026-03-01T14:29:00Z</time></trkpt>
			<trkpt lat="47.394830" lon="-1.189760"><ele>21</ele><time>2026-03-01T14:29:12Z</time></trkpt>
			<trkpt lat="47.394820" lon="-1.189690"><ele>21</ele><time>2026-03-01T14:29:24Z</time></trkpt>
			<trkpt lat="47.394770" lon="-1.189670"><ele>21</ele><time>2026-03-01T14:29:36Z</time></trkpt>
			<trkpt lat="47.394680" lon="-1.189640"><ele>21</ele><time>2026-03-01T14:29:48Z</time></trkpt>
			<trkpt lat="47.394640" lon="-1.189630"><ele>21</ele><time>2026-03-01T14:30:00Z</time></trkpt>
			<trkpt lat="47.394560" lon="-1.189500"><ele>21</ele><time>2026-03-01T14:30:12Z</time></trkpt>
			<trkpt lat="47.393870" lon="-1.189240"><ele>20</ele><time>2026-03-01T14:30:24Z</time></trkpt>
			<trkpt lat="47.393710" lon="-1.189160"><ele>19</ele><time>2026-03-01T14:30:36Z</time></trkpt>
			<trkpt lat="47.393480" lon="-1.189080"><ele>19</ele><time>2026-03-01T14:30:48Z</time></trkpt>
			<trkpt lat="47.393050" lon="-1.188950"><ele>17</ele><time>2026-03-01T14:31:00Z</time></trkpt>
			<trkpt lat="47.392800" lon="-1.188890"><ele>16</ele><time>2026-03-01T14:31:12Z</time></trkpt>
			<trkpt lat="47.392010" lon="-1.188750"><ele>12</ele><time>2026-03-01T14:31:24Z</time></trkpt>
			<trkpt lat="47.391860" lon="-1.188750"><ele>11</ele><time>2026-03-01T14:31:36Z</time></trkpt>
			<trkpt lat="47.391760" lon="-1.188770"><ele>11</ele><time>2026-03-01T14:31:48Z</time></trkpt>
			<trkpt lat="47.391700" lon="-1.188800"><ele>11</ele><time>2026-03-01T14:32:00Z</time></trkpt>
			<trkpt lat="47.391670" lon="-1.188830"><ele>10</ele><time>2026-03-01T14:32:12Z</time></trkpt>
			<trkpt lat="47.391630" lon="-1.188860"><ele>10</ele><time>2026-03-01T14:32:24Z</time></trkpt>
			<trkpt lat="47.391590" lon="-1.188870"><ele>10</ele><time>2026-03-01T14:32:36Z</time></trkpt>
			<trkpt lat="47.391550" lon="-1.188860"><ele>11</ele><time>2026-03-01T14:32:48Z</time></trkpt>
			<trkpt lat="47.391510" lon="-1.188830"><ele>11</ele><time>2026-03-01T14:33:00Z</time></trkpt>
			<trkpt lat="47.391480" lon="-1.188790"><ele>11</ele><time>2026-03-01T14:33:12Z</time></trkpt>
			<trkpt lat="47.391450" lon="-1.188740"><ele>11</ele><time>2026-03-01T14:33:24Z</time></trkpt>
			<trkpt lat="47.391440" lon="-1.188680"><ele>11</ele><time>2026-03-01T14:33:36Z</time></trkpt>
			<trkpt lat="47.391330" lon="-1.188490"><ele>11</ele><time>2026-03-01T14:33:48Z</time></trkpt>
			<trkpt lat="47.391290" lon="-1.188470"><ele>11</ele><time>2026-03-01T14:34:00Z</time></trkpt>
			<trkpt lat="47.390900" lon="-1.188240"><ele>12</ele><time>2026-03-01T14:34:12Z</time></trkpt>
			<trkpt lat="47.390800" lon="-1.188180"><ele>12</ele><time>2026-03-01T14:34:24Z</time></trkpt>
			<trkpt lat="47.390620" lon="-1.188140"><ele>12</ele><time>2026-03-01T14:34:36Z</time></trkpt>
			<trkpt lat="47.390580" lon="-1.188130"><ele>12</ele><time>2026-03-01T14:34:48Z</time></trkpt>
			<trkpt lat="47.390460" lon="-1.188120"><ele>12</ele><time>2026-03-01T14:35:00Z</time></trkpt>
			<trkpt lat="47.390410" lon="-1.188170"><ele>12</ele><time>2026-03-01T14:35:12Z</time></trkpt>
			<trkpt lat="47.390360" lon="-1.188200"><ele>12</ele><time>2026-03-01T14:35:24Z</time></trkpt>
			<trkpt lat="47.390310" lon="-1.188210"><ele>12</ele><time>2026-03-01T14:35:36Z</time></trkpt>
			<trkpt lat="47.390260" lon="-1.188200"><ele>12</ele><time>2026-03-01T14:35:48Z</time></trkpt>
			<trkpt lat="47.390220" lon="-1.188170"><ele>12</ele><time>2026-03-01T14:36:00Z</time></trkpt>
			<trkpt lat="47.390170" lon="-1.188130"><ele>12</ele><time>2026-03-01T14:36:12Z</time></trkpt>
			<trkpt lat="47.390140" lon="-1.188070"><ele>12</ele><time>2026-03-01T14:36:24Z</time></trkpt>
			<trkpt lat="47.390110" lon="-1.188000"><ele>12</ele><time>2026-03-01T14:36:36Z</time></trkpt>
			<trkpt lat="47.390100" lon="-1.187920"><ele>12</ele><time>2026-03-01T14:36:48Z</time></trkpt>
			<trkpt lat="47.390100" lon="-1.187870"><ele>12</ele><time>2026-03-01T14:37:00Z</time></trkpt>
			<trkpt lat="47.390060" lon="-1.187780"><ele>12</ele><time>2026-03-01T14:37:12Z</time></trkpt>
			<trkpt lat="47.389990" lon="-1.187660"><ele>12</ele><time>2026-03-01T14:37:24Z</time></trkpt>
			<trkpt lat="47.389520" lon="-1.187090"><ele>14</ele><time>2026-03-01T14:37:36Z</time></trkpt>
			<trkpt lat="47.389440" lon="-1.187010"><ele>14</ele><time>2026-03-01T14:37:48Z</time></trkpt>
			<trkpt lat="47.389370" lon="-1.186950"><ele>15</ele><time>2026-03-01T14:38:00Z</time></trkpt>
			<trkpt lat="47.388890" lon="-1.186590"><ele>17</ele><time>2026-03-01T14:38:12Z</time></trkpt>
			<trkpt lat="47.388810" lon="-1.186550"><ele>17</ele><time>2026-03-01T14:38:24Z</time></trkpt>
			<trkpt lat="47.386890" lon="-1.185600"><ele>22</ele><time>2026-03-01T14:38:36Z</time></trkpt>
			<trkpt lat="47.386780" lon="-1.185550"><ele>22</ele><time>2026-03-01T14:38:48Z</time></trkpt>
			<trkpt lat="47.386680" lon="-1.185520"><ele>22</ele><time>2026-03-01T14:39:00Z</time></trkpt>
			<trkpt lat="47.386550" lon="-1.185510"><ele>22</ele><time>2026-03-01T14:39:12Z</time></trkpt>
			<trkpt lat="47.386390" lon="-1.185520"><ele>22</ele><time>2026-03-01T14:39:24Z</time></trkpt>
			<trkpt lat="47.386360" lon="-1.185560"><ele>22</ele><time>2026-03-01T14:39:36Z</time></trkpt>
			<trkpt lat="47.386320" lon="-1.185590"><ele>21</ele><time>2026-03-01T14:39:48Z</time></trkpt>
			<trkpt lat="47.386280" lon="-1.185600"><ele>21</ele><time>2026-03-01T14:40:00Z</time></trkpt>
			<trkpt lat="47.386250" lon="-1.185590"><ele>21</ele><time>2026-03-01T14:40:12Z</time></trkpt>
			<trkpt lat="47.386190" lon="-1.185540"><ele>21</ele><time>2026-03-01T14:40:24Z</time></trkpt>
			<trkpt lat="47.386170" lon="-1.185460"><ele>21</ele><time>2026-03-01T14:40:36Z</time></trkpt>
			<trkpt lat="47.385740" lon="-1.185040"><ele>20</ele><time>2026-03-01T14:40:48Z</time></trkpt>
			<trkpt lat="47.385630" lon="-1.184970"><ele>20</ele><time>2026-03-01T14:41:00Z</time></trkpt>
			<trkpt lat="47.384500" lon="-1.184410"><ele>22</ele><time>2026-03-01T14:41:12Z</time></trkpt>
			<trkpt lat="47.384240" lon="-1.184300"><ele>22</ele><time>2026-03-01T14:41:24Z</time></trkpt>
			<trkpt lat="47.383400" lon="-1.184040"><ele>22</ele><time>2026-03-01T14:41:36Z</time></trkpt>
			<trkpt lat="47.383250" lon="-1.183990"><ele>22</ele><time>2026-03-01T14:41:48Z</time></trkpt>
			<trkpt lat="47.382810" lon="-1.183900"><ele>22</ele><time>2026-03-01T14:42:00Z</time></trkpt>
			<trkpt lat="47.382750" lon="-1.183900"><ele>22</ele><time>2026-03-01T14:42:12Z</time></trkpt>
			<trkpt lat="47.382650" lon="-1.183920"><ele>22</ele><time>2026-03-01T14:42:24Z</time></trkpt>
			<trkpt lat="47.382620" lon="-1.183970"><ele>22</ele><time>2026-03-01T14:42:36Z</time></trkpt>
			<trkpt lat="47.382580" lon="-1.184010"><ele>22</ele><time>2026-03-01T14:42:48Z</time></trkpt>
			<trkpt lat="47.382560" lon="-1.184020"><ele>22</ele><time>2026-03-01T14:43:00Z</time></trkpt>
			<trkpt lat="47.382520" lon="-1.184010"><ele>22</ele><time>2026-03-01T14:43:12Z</time></trkpt>
			<trkpt lat="47.382510" lon="-1.184010"><ele>22</ele><time>2026-03-01T14:43:24Z</time></trkpt>
			<trkpt lat="47.382470" lon="-1.183970"><ele>22</ele><time>2026-03-01T14:43:36Z</time></trkpt>
			<trkpt lat="47.382440" lon="-1.183920"><ele>22</ele><time>2026-03-01T14:43:48Z</time></trkpt>
			<trkpt lat="47.382430" lon="-1.183850"><ele>22</ele><time>2026-03-01T14:44:00Z</time></trkpt>
			<trkpt lat="47.382290" lon="-1.183780"><ele>22</ele><time>2026-03-01T14:44:12Z</time></trkpt>
			<trkpt lat="47.382050" lon="-1.183670"><ele>22</ele><time>2026-03-01T14:44:24Z</time></trkpt>
			<trkpt lat="47.381480" lon="-1.183490"><ele>23</ele><time>2026-03-01T14:44:36Z</time></trkpt>
			<trkpt lat="47.380670" lon="-1.183240"><ele>23</ele><time>2026-03-01T14:44:48Z</time></trkpt>
			<trkpt lat="47.380420" lon="-1.183104"><ele>24</ele><time>2026-03-01T14:45:00Z</time></trkpt>
			<trkpt lat="47.379272" lon="-1.183007"><ele>24</ele><time>2026-03-01T14:45:12Z</time></trkpt>
			<trkpt lat="47.378125" lon="-1.182909"><ele>24</ele><time>2026-03-01T14:45:24Z</time></trkpt>
			<trkpt lat="47.376978" lon="-1.182812"><ele>24</ele><time>2026-03-01T14:45:36Z</time></trkpt>
			<trkpt lat="47.375830" lon="-1.182714"><ele>24</ele><time>2026-03-01T14:45:48Z</time></trkpt>
			<trkpt lat="47.374683" lon="-1.182616"><ele>24</ele><time>2026-03-01T14:46:00Z</time></trkpt>
			<trkpt lat="47.373536" lon="-1.182519"><ele>24</ele><time>2026-03-01T14:46:12Z</time></trkpt>
			<trkpt lat="47.372389" lon="-1.182421"><ele>24</ele><time>2026-03-01T14:46:24Z</time></trkpt>
			<trkpt lat="47.371241" lon="-1.182323"><ele>24</ele><time>2026-03-01T14:46:36Z</time></trkpt>
			<trkpt lat="47.370094" lon="-1.182226"><ele>24</ele><time>2026-03-01T14:46:48Z</time></trkpt>
			<trkpt lat="47.368947" lon="-1.182128"><ele>24</ele><time>2026-03-01T14:47:00Z</time></trkpt>
			<trkpt lat="47.367799" lon="-1.182031"><ele>24</ele><time>2026-03-01T14:47:12Z</time></trkpt>
			<trkpt lat="47.366652" lon="-1.181933"><ele>24</ele><time>2026-03-01T14:47:24Z</time></trkpt>
			<trkpt lat="47.365505" lon="-1.181835"><ele>24</ele><time>2026-03-01T14:47:36Z</time></trkpt>
			<trkpt lat="47.364357" lon="-1.181738"><ele>24</ele><time>2026-03-01T14:47:48Z</time></trkpt>
			<trkpt lat="47.363210" lon="-1.181640"><ele>24</ele><time>2026-03-01T14:48:00Z</time></trkpt>
		</trkseg>
	</trk>
</gpx>
