<?xml version="1.0" encoding="UTF-8" ?>
<gpx version="1.1" xmlns:xsi="http://www.w3.org/2001/XMLSchema-instance"
    xmlns="http://www.topografix.com/GPX/1/1"
    xsi:schemaLocation="http://www.topografix.com/GPX/1/1 http://www.topografix.com/GPX/1/1/gpx.xsd"
    creator="Club'O'Clock — jeu de démonstration">
	<trk>
		<name>Sud 50 km</name>
		<trkseg>
			<trkpt lat="47.363210" lon="-1.181640"><ele>11</ele><time>2026-03-01T08:00:00Z</time></trkpt>
			<trkpt lat="47.364554" lon="-1.181569"><ele>11</ele><time>2026-03-01T08:00:12Z</time></trkpt>
			<trkpt lat="47.365899" lon="-1.181499"><ele>11</ele><time>2026-03-01T08:00:24Z</time></trkpt>
			<trkpt lat="47.367243" lon="-1.181428"><ele>11</ele><time>2026-03-01T08:00:36Z</time></trkpt>
			<trkpt lat="47.368587" lon="-1.181357"><ele>11</ele><time>2026-03-01T08:00:48Z</time></trkpt>
			<trkpt lat="47.368460" lon="-1.181260"><ele>10</ele><time>2026-03-01T08:01:00Z</time></trkpt>
			<trkpt lat="47.368240" lon="-1.181100"><ele>10</ele><time>2026-03-01T08:01:12Z</time></trkpt>
			<trkpt lat="47.368180" lon="-1.181070"><ele>10</ele><time>2026-03-01T08:01:24Z</time></trkpt>
			<trkpt lat="47.368170" lon="-1.181090"><ele>10</ele><time>2026-03-01T08:01:36Z</time></trkpt>
			<trkpt lat="47.368140" lon="-1.181120"><ele>10</ele><time>2026-03-01T08:01:48Z</time></trkpt>
			<trkpt lat="47.368110" lon="-1.181110"><ele>10</ele><time>2026-03-01T08:02:00Z</time></trkpt>
			<trkpt lat="47.368090" lon="-1.181210"><ele>10</ele><time>2026-03-01T08:02:12Z</time></trkpt>
			<trkpt lat="47.368060" lon="-1.181380"><ele>10</ele><time>2026-03-01T08:02:24Z</time></trkpt>
			<trkpt lat="47.368000" lon="-1.181590"><ele>10</ele><time>2026-03-01T08:02:36Z</time></trkpt>
			<trkpt lat="47.368020" lon="-1.181620"><ele>10</ele><time>2026-03-01T08:02:48Z</time></trkpt>
			<trkpt lat="47.368000" lon="-1.181590"><ele>10</ele><time>2026-03-01T08:03:00Z</time></trkpt>
			<trkpt lat="47.367850" lon="-1.182050"><ele>10</ele><time>2026-03-01T08:03:12Z</time></trkpt>
			<trkpt lat="47.367730" lon="-1.182420"><ele>10</ele><time>2026-03-01T08:03:24Z</time></trkpt>
			<trkpt lat="47.367620" lon="-1.182760"><ele>10</ele><time>2026-03-01T08:03:36Z</time></trkpt>
			<trkpt lat="47.367640" lon="-1.182800"><ele>10</ele><time>2026-03-01T08:03:48Z</time></trkpt>
			<trkpt lat="47.367640" lon="-1.182850"><ele>10</ele><time>2026-03-01T08:04:00Z</time></trkpt>
			<trkpt lat="47.367640" lon="-1.182870"><ele>10</ele><time>2026-03-01T08:04:12Z</time></trkpt>
			<trkpt lat="47.367610" lon="-1.182900"><ele>10</ele><time>2026-03-01T08:04:24Z</time></trkpt>
			<trkpt lat="47.367570" lon="-1.182900"><ele>10</ele><time>2026-03-01T08:04:36Z</time></trkpt>
			<trkpt lat="47.367550" lon="-1.183000"><ele>11</ele><time>2026-03-01T08:04:48Z</time></trkpt>
			<trkpt lat="47.367530" lon="-1.183040"><ele>11</ele><time>2026-03-01T08:05:00Z</time></trkpt>
			<trkpt lat="47.367410" lon="-1.183430"><ele>11</ele><time>2026-03-01T08:05:12Z</time></trkpt>
			<trkpt lat="47.367290" lon="-1.183790"><ele>11</ele><time>2026-03-01T08:05:24Z</time></trkpt>
			<trkpt lat="47.367200" lon="-1.183970"><ele>11</ele><time>2026-03-01T08:05:36Z</time></trkpt>
			<trkpt lat="47.367160" lon="-1.184060"><ele>11</ele><time>2026-03-01T08:05:48Z</time></trkpt>
			<trkpt lat="47.367190" lon="-1.184110"><ele>10</ele><time>2026-03-01T08:06:00Z</time></trkpt>
			<trkpt lat="47.367190" lon="-1.184170"><ele>10</ele><time>2026-03-01T08:06:12Z</time></trkpt>
			<trkpt lat="47.367170" lon="-1.184220"><ele>10</ele><time>2026-03-01T08:06:24Z</time></trkpt>
			<trkpt lat="47.367130" lon="-1.184240"><ele>10</ele><time>2026-03-01T08:06:36Z</time></trkpt>
			<trkpt lat="47.367110" lon="-1.184230"><ele>10</ele><time>2026-03-01T08:06:48Z</time></trkpt>
			<trkpt lat="47.367080" lon="-1.184370"><ele>10</ele><time>2026-03-01T08:07:00Z</time></trkpt>
			<trkpt lat="47.366930" lon="-1.184760"><ele>9</ele><time>2026-03-01T08:07:12Z</time></trkpt>
			<trkpt lat="47.366900" lon="-1.184820"><ele>9</ele><time>2026-03-01T08:07:24Z</time></trkpt>
			<trkpt lat="47.366760" lon="-1.185070"><ele>9</ele><time>2026-03-01T08:07:36Z</time></trkpt>
			<trkpt lat="47.366470" lon="-1.185460"><ele>10</ele><time>2026-03-01T08:07:48Z</time></trkpt>
			<trkpt lat="47.366470" lon="-1.185530"><ele>9</ele><time>2026-03-01T08:08:00Z</time></trkpt>
			<trkpt lat="47.366470" lon="-1.185550"><ele>9</ele><time>2026-03-01T08:08:12Z</time></trkpt>
			<trkpt lat="47.366440" lon="-1.185600"><ele>10</ele><time>2026-03-01T08:08:24Z</time></trkpt>
			<trkpt lat="47.366390" lon="-1.185600"><ele>10</ele><time>2026-03-01T08:08:36Z</time></trkpt>
			<trkpt lat="47.366360" lon="-1.185560"><ele>10</ele><time>2026-03-01T08:08:48Z</time></trkpt>
			<trkpt lat="47.366290" lon="-1.185610"><ele>10</ele><time>2026-03-01T08:09:00Z</time></trkpt>
			<trkpt lat="47.366170" lon="-1.185690"><ele>10</ele><time>2026-03-01T08:09:12Z</time></trkpt>
			<trkpt lat="47.365950" lon="-1.185880"><ele>10</ele><time>2026-03-01T08:09:24Z</time></trkpt>
			<trkpt lat="47.365650" lon="-1.186130"><ele>10</ele><time>2026-03-01T08:09:36Z</time></trkpt>
			<trkpt lat="47.365090" lon="-1.186600"><ele>12</ele><time>2026-03-01T08:09:48Z</time></trkpt>
			<trkpt lat="47.364810" lon="-1.186840"><ele>13</ele><time>2026-03-01T08:10:00Z</time></trkpt>
			<trkpt lat="47.364520" lon="-1.187080"><ele>13</ele><time>2026-03-01T08:10:12Z</time></trkpt>
			<trkpt lat="47.364480" lon="-1.187140"><ele>13</ele><time>2026-03-01T08:10:24Z</time></trkpt>
			<trkpt lat="47.364430" lon="-1.187180"><ele>13</ele><time>2026-03-01T08:10:36Z</time></trkpt>
			<trkpt lat="47.364360" lon="-1.187320"><ele>13</ele><time>2026-03-01T08:10:48Z</time></trkpt>
			<trkpt lat="47.364360" lon="-1.187370"><ele>13</ele><time>2026-03-01T08:11:00Z</time></trkpt>
			<trkpt lat="47.364340" lon="-1.187450"><ele>13</ele><time>2026-03-01T08:11:12Z</time></trkpt>
			<trkpt lat="47.364310" lon="-1.187520"><ele>13</ele><time>2026-03-01T08:11:24Z</time></trkpt>
			<trkpt lat="47.364270" lon="-1.187550"><ele>13</ele><time>2026-03-01T08:11:36Z</time></trkpt>
			<trkpt lat="47.364230" lon="-1.187570"><ele>13</ele><time>2026-03-01T08:11:48Z</time></trkpt>
			<trkpt lat="47.364190" lon="-1.187570"><ele>13</ele><time>2026-03-01T08:12:00Z</time></trkpt>
			<trkpt lat="47.364160" lon="-1.187560"><ele>13</ele><time>2026-03-01T08:12:12Z</time></trkpt>
			<trkpt lat="47.364120" lon="-1.187530"><ele>13</ele><time>2026-03-01T08:12:24Z</time></trkpt>
			<trkpt lat="47.364030" lon="-1.187570"><ele>13</ele><time>2026-03-01T08:12:36Z</time></trkpt>
			<trkpt lat="47.363860" lon="-1.187650"><ele>12</ele><time>2026-03-01T08:12:48Z</time></trkpt>
			<trkpt lat="47.363820" lon="-1.187660"><ele>12</ele><time>2026-03-01T08:13:00Z</time></trkpt>
			<trkpt lat="47.363770" lon="-1.187640"><ele>12</ele><time>2026-03-01T08:13:12Z</time></trkpt>
			<trkpt lat="47.363740" lon="-1.187610"><ele>12</ele><time>2026-03-01T08:13:24Z</time></trkpt>
			<trkpt lat="47.363730" lon="-1.187570"><ele>12</ele><time>2026-03-01T08:13:36Z</time></trkpt>
			<trkpt lat="47.363720" lon="-1.187530"><ele>12</ele><time>2026-03-01T08:13:48Z</time></trkpt>
			<trkpt lat="47.363720" lon="-1.187470"><ele>12</ele><time>2026-03-01T08:14:00Z</time></trkpt>
			<trkpt lat="47.363690" lon="-1.187260"><ele>12</ele><time>2026-03-01T08:14:12Z</time></trkpt>
			<trkpt lat="47.363610" lon="-1.187070"><ele>12</ele><time>2026-03-01T08:14:24Z</time></trkpt>
			<trkpt lat="47.363590" lon="-1.186980"><ele>12</ele><time>2026-03-01T08:14:36Z</time></trkpt>
			<trkpt lat="47.363540" lon="-1.186780"><ele>13</ele><time>2026-03-01T08:14:48Z</time></trkpt>
			<trkpt lat="47.363520" lon="-1.186600"><ele>13</ele><time>2026-03-01T08:15:00Z</time></trkpt>
			<trkpt lat="47.363520" lon="-1.186430"><ele>13</ele><time>2026-03-01T08:15:12Z</time></trkpt>
			<trkpt lat="47.363520" lon="-1.185920"><ele>13</ele><time>2026-03-01T08:15:24Z</time></trkpt>
			<trkpt lat="47.363520" lon="-1.184670"><ele>12</ele><time>2026-03-01T08:15:36Z</time></trkpt>
			<trkpt lat="47.363520" lon="-1.184390"><ele>12</ele><time>2026-03-01T08:15:48Z</time></trkpt>
			<trkpt lat="47.363530" lon="-1.184130"><ele>12</ele><time>2026-03-01T08:16:00Z</time></trkpt>
			<trkpt lat="47.363540" lon="-1.183120"><ele>13</ele><time>2026-03-01T08:16:12Z</time></trkpt>
			<trkpt lat="47.363500" lon="-1.183120"><ele>13</ele><time>2026-03-01T08:16:24Z</time></trkpt>
			<trkpt lat="47.363460" lon="-1.183090"><ele>13</ele><time>2026-03-01T08:16:36Z</time></trkpt>
			<trkpt lat="47.363430" lon="-1.183050"><ele>13</ele><time>2026-03-01T08:16:48Z</time></trkpt>
			<trkpt lat="47.363420" lon="-1.183000"><ele>13</ele><time>2026-03-01T08:17:00Z</time></trkpt>
			<trkpt lat="47.363420" lon="-1.182940"><ele>13</ele><time>2026-03-01T08:17:12Z</time></trkpt>
			<trkpt lat="47.363430" lon="-1.182880"><ele>13</ele><time>2026-03-01T08:17:24Z</time></trkpt>
			<trkpt lat="47.363440" lon="-1.182840"><ele>13</ele><time>2026-03-01T08:17:36Z</time></trkpt>
			<trkpt lat="47.363470" lon="-1.182810"><ele>13</ele><time>2026-03-01T08:17:48Z</time></trkpt>
			<trkpt lat="47.363500" lon="-1.182790"><ele>13</ele><time>2026-03-01T08:18:00Z</time></trkpt>
			<trkpt lat="47.363530" lon="-1.182780"><ele>13</ele><time>2026-03-01T08:18:12Z</time></trkpt>
			<trkpt lat="47.363530" lon="-1.182510"><ele>13</ele><time>2026-03-01T08:18:24Z</time></trkpt>
			<trkpt lat="47.363480" lon="-1.181870"><ele>14</ele><time>2026-03-01T08:18:36Z</time></trkpt>
			<trkpt lat="47.363410" lon="-1.181040"><ele>13</ele><time>2026-03-01T08:18:48Z</time></trkpt>
			<trkpt lat="47.363380" lon="-1.180630"><ele>13</ele><time>2026-03-01T08:19:00Z</time></trkpt>
			<trkpt lat="47.363340" lon="-1.180250"><ele>12</ele><time>2026-03-01T08:19:12Z</time></trkpt>
			<trkpt lat="47.363330" lon="-1.180130"><ele>12</ele><time>2026-03-01T08:19:24Z</time></trkpt>
			<trkpt lat="47.363230" lon="-1.179150"><ele>11</ele><time>2026-03-01T08:19:36Z</time></trkpt>
			<trkpt lat="47.363230" lon="-1.178900"><ele>11</ele><time>2026-03-01T08:19:48Z</time></trkpt>
			<trkpt lat="47.363240" lon="-1.178730"><ele>11</ele><time>2026-03-01T08:20:00Z</time></trkpt>
			<trkpt lat="47.363320" lon="-1.178440"><ele>11</ele><time>2026-03-01T08:20:12Z</time></trkpt>
			<trkpt lat="47.363370" lon="-1.178230"><ele>11</ele><time>2026-03-01T08:20:24Z</time></trkpt>
			<trkpt lat="47.363390" lon="-1.178160"><ele>11</ele><time>2026-03-01T08:20:36Z</time></trkpt>
			<trkpt lat="47.363430" lon="-1.177990"><ele>11</ele><time>2026-03-01T08:20:48Z</time></trkpt>
			<trkpt lat="47.363450" lon="-1.177940"><ele>11</ele><time>2026-03-01T08:21:00Z</time></trkpt>
			<trkpt lat="47.363470" lon="-1.177850"><ele>11</ele><time>2026-03-01T08:21:12Z</time></trkpt>
			<trkpt lat="47.363530" lon="-1.177600"><ele>11</ele><time>2026-03-01T08:21:24Z</time></trkpt>
			<trkpt lat="47.363590" lon="-1.177480"><ele>11</ele><time>2026-03-01T08:21:36Z</time></trkpt>
			<trkpt lat="47.363630" lon="-1.177440"><ele>11</ele><time>2026-03-01T08:21:48Z</time></trkpt>
			<trkpt lat="47.363610" lon="-1.177410"><ele>11</ele><time>2026-03-01T08:22:00Z</time></trkpt>
			<trkpt lat="47.363610" lon="-1.177370"><ele>11</ele><time>2026-03-01T08:22:12Z</time></trkpt>
			<trkpt lat="47.363610" lon="-1.177330"><ele>11</ele><time>2026-03-01T08:22:24Z</time></trkpt>
			<trkpt lat="47.363510" lon="-1.177280"><ele>10</ele><time>2026-03-01T08:22:36Z</time></trkpt>
			<trkpt lat="47.359860" lon="-1.175380"><ele>10</ele><time>2026-03-01T08:22:48Z</time></trkpt>
			<trkpt lat="47.359640" lon="-1.175260"><ele>10</ele><time>2026-03-01T08:23:00Z</time></trkpt>
			<trkpt lat="47.359110" lon="-1.174980"><ele>10</ele><time>2026-03-01T08:23:12Z</time></trkpt>
			<trkpt lat="47.358740" lon="-1.174790"><ele>10</ele><time>2026-03-01T08:23:24Z</time></trkpt>
			<trkpt lat="47.357510" lon="-1.174140"><ele>12</ele><time>2026-03-01T08:23:36Z</time></trkpt>
			<trkpt lat="47.357560" lon="-1.173940"><ele>12</ele><time>2026-03-01T08:23:48Z</time></trkpt>
			<trkpt lat="47.357620" lon="-1.173800"><ele>12</ele><time>2026-03-01T08:24:00Z</time></trkpt>
			<trkpt lat="47.357660" lon="-1.173700"><ele>12</ele><time>2026-03-01T08:24:12Z</time></trkpt>
			<trkpt lat="47.357720" lon="-1.173590"><ele>11</ele><time>2026-03-01T08:24:24Z</time></trkpt>
			<trkpt lat="47.357830" lon="-1.173370"><ele>11</ele><time>2026-03-01T08:24:36Z</time></trkpt>
			<trkpt lat="47.357800" lon="-1.173250"><ele>11</ele><time>2026-03-01T08:24:48Z</time></trkpt>
			<trkpt lat="47.357780" lon="-1.172930"><ele>11</ele><time>2026-03-01T08:25:00Z</time></trkpt>
			<trkpt lat="47.357600" lon="-1.172180"><ele>12</ele><time>2026-03-01T08:25:12Z</time></trkpt>
			<trkpt lat="47.357470" lon="-1.171810"><ele>11</ele><time>2026-03-01T08:25:24Z</time></trkpt>
			<trkpt lat="47.357420" lon="-1.171690"><ele>11</ele><time>2026-03-01T08:25:36Z</time></trkpt>
			<trkpt lat="47.357350" lon="-1.171600"><ele>11</ele><time>2026-03-01T08:25:48Z</time></trkpt>
			<trkpt lat="47.357110" lon="-1.171300"><ele>11</ele><time>2026-03-01T08:26:00Z</time></trkpt>
			<trkpt lat="47.356980" lon="-1.171050"><ele>10</ele><time>2026-03-01T08:26:12Z</time></trkpt>
			<trkpt lat="47.356800" lon="-1.170630"><ele>10</ele><time>2026-03-01T08:26:24Z</time></trkpt>
			<trkpt lat="47.356690" lon="-1.170420"><ele>10</ele><time>2026-03-01T08:26:36Z</time></trkpt>
			<trkpt lat="47.356440" lon="-1.169910"><ele>9</ele><time>2026-03-01T08:26:48Z</time></trkpt>
			<trkpt lat="47.356410" lon="-1.169800"><ele>9</ele><time>2026-03-01T08:27:00Z</time></trkpt>
			<trkpt lat="47.356370" lon="-1.169660"><ele>8</ele><time>2026-03-01T08:27:12Z</time></trkpt>
			<trkpt lat="47.356350" lon="-1.169530"><ele>8</ele><time>2026-03-01T08:27:24Z</time></trkpt>
			<trkpt lat="47.356350" lon="-1.169210"><ele>8</ele><time>2026-03-01T08:27:36Z</time></trkpt>
			<trkpt lat="47.356390" lon="-1.168670"><ele>9</ele><time>2026-03-01T08:27:48Z</time></trkpt>
			<trkpt lat="47.356420" lon="-1.168370"><ele>9</ele><time>2026-03-01T08:28:00Z</time></trkpt>
			<trkpt lat="47.356470" lon="-1.168050"><ele>10</ele><time>2026-03-01T08:28:12Z</time></trkpt>
			<trkpt lat="47.356570" lon="-1.167560"><ele>10</ele><time>2026-03-01T08:28:24Z</time></trkpt>
			<trkpt lat="47.356600" lon="-1.167290"><ele>10</ele><time>2026-03-01T08:28:36Z</time></trkpt>
			<trkpt lat="47.356600" lon="-1.167140"><ele>10</ele><time>2026-03-01T08:28:48Z</time></trkpt>
			<trkpt lat="47.356590" lon="-1.166920"><ele>10</ele><time>2026-03-01T08:29:00Z</time></trkpt>
			<trkpt lat="47.356500" lon="-1.166110"><ele>10</ele><time>2026-03-01T08:29:12Z</time></trkpt>
			<trkpt lat="47.356450" lon="-1.165780"><ele>9</ele><time>2026-03-01T08:29:24Z</time></trkpt>
			<trkpt lat="47.356380" lon="-1.165440"><ele>7</ele><time>2026-03-01T08:29:36Z</time></trkpt>
			<trkpt lat="47.356350" lon="-1.165250"><ele>5</ele><time>2026-03-01T08:29:48Z</time></trkpt>
			<trkpt lat="47.356330" lon="-1.165050"><ele>5</ele><time>2026-03-01T08:30:00Z</time></trkpt>
			<trkpt lat="47.356340" lon="-1.164680"><ele>3</ele><time>2026-03-01T08:30:12Z</time></trkpt>
			<trkpt lat="47.356400" lon="-1.163820"><ele>-1</ele><time>2026-03-01T08:30:24Z</time></trkpt>
			<trkpt lat="47.356400" lon="-1.163620"><ele>-1</ele><time>2026-03-01T08:30:36Z</time></trkpt>
			<trkpt lat="47.356340" lon="-1.162930"><ele>0</ele><time>2026-03-01T08:30:48Z</time></trkpt>
			<trkpt lat="47.356330" lon="-1.162800"><ele>1</ele><time>2026-03-01T08:31:00Z</time></trkpt>
			<trkpt lat="47.356330" lon="-1.162390"><ele>1</ele><time>2026-03-01T08:31:12Z</time></trkpt>
			<trkpt lat="47.356370" lon="-1.161870"><ele>2</ele><time>2026-03-01T08:31:24Z</time></trkpt>
			<trkpt lat="47.356400" lon="-1.161590"><ele>2</ele><time>2026-03-01T08:31:36Z</time></trkpt>
			<trkpt lat="47.356470" lon="-1.161240"><ele>2</ele><time>2026-03-01T08:31:48Z</time></trkpt>
			<trkpt lat="47.356540" lon="-1.160960"><ele>2</ele><time>2026-03-01T08:32:00Z</time></trkpt>
			<trkpt lat="47.356560" lon="-1.160760"><ele>2</ele><time>2026-03-01T08:32:12Z</time></trkpt>
			<trkpt lat="47.356610" lon="-1.160140"><ele>4</ele><time>2026-03-01T08:32:24Z</time></trkpt>
			<trkpt lat="47.356640" lon="-1.159860"><ele>6</ele><time>2026-03-01T08:32:36Z</time></trkpt>
			<trkpt lat="47.356640" lon="-1.159720"><ele>6</ele><time>2026-03-01T08:32:48Z</time></trkpt>
			<trkpt lat="47.356630" lon="-1.159610"><ele>6</ele><time>2026-03-01T08:33:00Z</time></trkpt>
			<trkpt lat="47.356610" lon="-1.159520"><ele>7</ele><time>2026-03-01T08:33:12Z</time></trkpt>
			<trkpt lat="47.356580" lon="-1.159420"><ele>7</ele><time>2026-03-01T08:33:24Z</time></trkpt>
			<trkpt lat="47.356420" lon="-1.159140"><ele>8</ele><time>2026-03-01T08:33:36Z</time></trkpt>
			<trkpt lat="47.356350" lon="-1.159000"><ele>8</ele><time>2026-03-01T08:33:48Z</time></trkpt>
			<trkpt lat="47.356300" lon="-1.158880"><ele>8</ele><time>2026-03-01T08:34:00Z</time></trkpt>
			<trkpt lat="47.356180" lon="-1.158600"><ele>8</ele><time>2026-03-01T08:34:12Z</time></trkpt>
			<trkpt lat="47.356120" lon="-1.158500"><ele>8</ele><time>2026-03-01T08:34:24Z</time></trkpt>
			<trkpt lat="47.355850" lon="-1.158130"><ele>7</ele><time>2026-03-01T08:34:36Z</time></trkpt>
			<trkpt lat="47.355350" lon="-1.157250"><ele>7</ele><time>2026-03-01T08:34:48Z</time></trkpt>
			<trkpt lat="47.355220" lon="-1.157050"><ele>7</ele><time>2026-03-01T08:35:00Z</time></trkpt>
			<trkpt lat="47.355000" lon="-1.156770"><ele>7</ele><time>2026-03-01T08:35:12Z</time></trkpt>
			<trkpt lat="47.354890" lon="-1.156670"><ele>7</ele><time>2026-03-01T08:35:24Z</time></trkpt>
			<trkpt lat="47.354550" lon="-1.156560"><ele>7</ele><time>2026-03-01T08:35:36Z</time></trkpt>
			<trkpt lat="47.354360" lon="-1.156540"><ele>8</ele><time>2026-03-01T08:35:48Z</time></trkpt>
			<trkpt lat="47.354230" lon="-1.156550"><ele>8</ele><time>2026-03-01T08:36:00Z</time></trkpt>
			<trkpt lat="47.353890" lon="-1.156630"><ele>8</ele><time>2026-03-01T08:36:12Z</time></trkpt>
			<trkpt lat="47.353500" lon="-1.156770"><ele>8</ele><time>2026-03-01T08:36:24Z</time></trkpt>
			<trkpt lat="47.353420" lon="-1.156800"><ele>8</ele><time>2026-03-01T08:36:36Z</time></trkpt>
			<trkpt lat="47.353150" lon="-1.156950"><ele>8</ele><time>2026-03-01T08:36:48Z</time></trkpt>
			<trkpt lat="47.352900" lon="-1.157030"><ele>8</ele><time>2026-03-01T08:37:00Z</time></trkpt>
			<trkpt lat="47.352520" lon="-1.157050"><ele>8</ele><time>2026-03-01T08:37:12Z</time></trkpt>
			<trkpt lat="47.351820" lon="-1.157180"><ele>8</ele><time>2026-03-01T08:37:24Z</time></trkpt>
			<trkpt lat="47.351390" lon="-1.157200"><ele>8</ele><time>2026-03-01T08:37:36Z</time></trkpt>
			<trkpt lat="47.351220" lon="-1.157230"><ele>8</ele><time>2026-03-01T08:37:48Z</time></trkpt>
			<trkpt lat="47.351110" lon="-1.157290"><ele>8</ele><time>2026-03-01T08:38:00Z</time></trkpt>
			<trkpt lat="47.351030" lon="-1.157360"><ele>9</ele><time>2026-03-01T08:38:12Z</time></trkpt>
			<trkpt lat="47.350980" lon="-1.157460"><ele>9</ele><time>2026-03-01T08:38:24Z</time></trkpt>
			<trkpt lat="47.350540" lon="-1.158630"><ele>9</ele><time>2026-03-01T08:38:36Z</time></trkpt>
			<trkpt lat="47.350100" lon="-1.159590"><ele>8</ele><time>2026-03-01T08:38:48Z</time></trkpt>
			<trkpt lat="47.350020" lon="-1.159700"><ele>7</ele><time>2026-03-01T08:39:00Z</time></trkpt>
			<trkpt lat="47.349950" lon="-1.159770"><ele>7</ele><time>2026-03-01T08:39:12Z</time></trkpt>
			<trkpt lat="47.349850" lon="-1.159810"><ele>7</ele><time>2026-03-01T08:39:24Z</time></trkpt>
			<trkpt lat="47.349750" lon="-1.159820"><ele>7</ele><time>2026-03-01T08:39:36Z</time></trkpt>
			<trkpt lat="47.349640" lon="-1.159790"><ele>8</ele><time>2026-03-01T08:39:48Z</time></trkpt>
			<trkpt lat="47.349300" lon="-1.159620"><ele>8</ele><time>2026-03-01T08:40:00Z</time></trkpt>
			<trkpt lat="47.349240" lon="-1.159570"><ele>8</ele><time>2026-03-01T08:40:12Z</time></trkpt>
			<trkpt lat="47.349000" lon="-1.159420"><ele>8</ele><time>2026-03-01T08:40:24Z</time></trkpt>
			<trkpt lat="47.348410" lon="-1.159060"><ele>9</ele><time>2026-03-01T08:40:36Z</time></trkpt>
			<trkpt lat="47.348280" lon="-1.158960"><ele>9</ele><time>2026-03-01T08:40:48Z</time></trkpt>
			<trkpt lat="47.347980" lon="-1.158650"><ele>11</ele><time>2026-03-01T08:41:00Z</time></trkpt>
			<trkpt lat="47.347830" lon="-1.158560"><ele>12</ele><time>2026-03-01T08:41:12Z</time></trkpt>
			<trkpt lat="47.347690" lon="-1.158490"><ele>12</ele><time>2026-03-01T08:41:24Z</time></trkpt>
			<trkpt lat="47.347390" lon="-1.158380"><ele>14</ele><time>2026-03-01T08:41:36Z</time></trkpt>
			<trkpt lat="47.347020" lon="-1.158250"><ele>15</ele><time>2026-03-01T08:41:48Z</time></trkpt>
			<trkpt lat="47.346720" lon="-1.158150"><ele>16</ele><time>2026-03-01T08:42:00Z</time></trkpt>
			<trkpt lat="47.346110" lon="-1.157950"><ele>18</ele><time>2026-03-01T08:42:12Z</time></trkpt>
			<trkpt lat="47.346000" lon="-1.157910"><ele>18</ele><time>2026-03-01T08:42:24Z</time></trkpt>
			<trkpt lat="47.345890" lon="-1.157850"><ele>18</ele><time>2026-03-01T08:42:36Z</time></trkpt>
			<trkpt lat="47.345260" lon="-1.157490"><ele>20</ele><time>2026-03-01T08:42:48Z</time></trkpt>
			<trkpt lat="47.345180" lon="-1.157520"><ele>20</ele><time>2026-03-01T08:43:00Z</time></trkpt>
			<trkpt lat="47.344980" lon="-1.157730"><ele>20</ele><time>2026-03-01T08:43:12Z</time></trkpt>
			<trkpt lat="47.344760" lon="-1.157240"><ele>22</ele><time>2026-03-01T08:43:24Z</time></trkpt>
			<trkpt lat="47.344420" lon="-1.156470"><ele>24</ele><time>2026-03-01T08:43:36Z</time></trkpt>
			<trkpt lat="47.344410" lon="-1.156450"><ele>24</ele><time>2026-03-01T08:43:48Z</time></trkpt>
			<trkpt lat="47.343900" lon="-1.155290"><ele>28</ele><time>2026-03-01T08:44:00Z</time></trkpt>
			<trkpt lat="47.343730" lon="-1.154890"><ele>29</ele><time>2026-03-01T08:44:12Z</time></trkpt>
			<trkpt lat="47.343690" lon="-1.154810"><ele>29</ele><time>2026-03-01T08:44:24Z</time></trkpt>
			<trkpt lat="47.343340" lon="-1.154040"><ele>31</ele><time>2026-03-01T08:44:36Z</time></trkpt>
			<trkpt lat="47.343190" lon="-1.153700"><ele>31</ele><time>2026-03-01T08:44:48Z</time></trkpt>
			<trkpt lat="47.343150" lon="-1.153550"><ele>31</ele><time>2026-03-01T08:45:00Z</time></trkpt>
			<trkpt lat="47.343110" lon="-1.153350"><ele>31</ele><time>2026-03-01T08:45:12Z</time></trkpt>
			<trkpt lat="47.343110" lon="-1.153150"><ele>31</ele><time>2026-03-01T08:45:24Z</time></trkpt>
			<trkpt lat="47.343180" lon="-1.152680"><ele>30</ele><time>2026-03-01T08:45:36Z</time></trkpt>
			<trkpt lat="47.343230" lon="-1.152460"><ele>30</ele><time>2026-03-01T08:45:48Z</time></trkpt>
			<trkpt lat="47.343250" lon="-1.152290"><ele>31</ele><time>2026-03-01T08:46:00Z</time></trkpt>
			<trkpt lat="47.343260" lon="-1.152080"><ele>31</ele><time>2026-03-01T08:46:12Z</time></trkpt>
			<trkpt lat="47.343240" lon="-1.151700"><ele>31</ele><time>2026-03-01T08:46:24Z</time></trkpt>
			<trkpt lat="47.343110" lon="-1.150410"><ele>30</ele><time>2026-03-01T08:46:36Z</time></trkpt>
			<trkpt lat="47.343080" lon="-1.150270"><ele>30</ele><time>2026-03-01T08:46:48Z</time></trkpt>
			<trkpt lat="47.343050" lon="-1.150110"><ele>30</ele><time>2026-03-01T08:47:00Z</time></trkpt>
			<trkpt lat="47.342920" lon="-1.149770"><ele>30</ele><time>2026-03-01T08:47:12Z</time></trkpt>
			<trkpt lat="47.342870" lon="-1.149660"><ele>30</ele><time>2026-03-01T08:47:24Z</time></trkpt>
			<trkpt lat="47.342830" lon="-1.149690"><ele>30</ele><time>2026-03-01T08:47:36Z</time></trkpt>
			<trkpt lat="47.342740" lon="-1.149730"><ele>31</ele><time>2026-03-01T08:47:48Z</time></trkpt>
			<trkpt lat="47.341430" lon="-1.150030"><ele>38</ele><time>2026-03-01T08:48:00Z</time></trkpt>
			<trkpt lat="47.341160" lon="-1.150120"><ele>40</ele><time>2026-03-01T08:48:12Z</time></trkpt>
			<trkpt lat="47.341070" lon="-1.150130"><ele>41</ele><time>2026-03-01T08:48:24Z</time></trkpt>
			<trkpt lat="47.340980" lon="-1.150120"><ele>41</ele><time>2026-03-01T08:48:36Z</time></trkpt>
			<trkpt lat="47.340890" lon="-1.150070"><ele>42</ele><time>2026-03-01T08:48:48Z</time></trkpt>
			<trkpt lat="47.340780" lon="-1.149960"><ele>43</ele><time>2026-03-01T08:49:00Z</time></trkpt>
			<trkpt lat="47.340730" lon="-1.149900"><ele>43</ele><time>2026-03-01T08:49:12Z</time></trkpt>
			<trkpt lat="47.339730" lon="-1.148570"><ele>55</ele><time>2026-03-01T08:49:24Z</time></trkpt>
			<trkpt lat="47.339600" lon="-1.148440"><ele>57</ele><time>2026-03-01T08:49:36Z</time></trkpt>
			<trkpt lat="47.339470" lon="-1.148320"><ele>58</ele><time>2026-03-01T08:49:48Z</time></trkpt>
			<trkpt lat="47.339310" lon="-1.148230"><ele>59</ele><time>2026-03-01T08:50:00Z</time></trkpt>
			<trkpt lat="47.339130" lon="-1.148180"><ele>61</ele><time>2026-03-01T08:50:12Z</time></trkpt>
			<trkpt lat="47.338610" lon="-1.148220"><ele>64</ele><time>2026-03-01T08:50:24Z</time></trkpt>
			<trkpt lat="47.338520" lon="-1.148220"><ele>65</ele><time>2026-03-01T08:50:36Z</time></trkpt>
			<trkpt lat="47.338150" lon="-1.148290"><ele>66</ele><time>2026-03-01T08:50:48Z</time></trkpt>
			<trkpt lat="47.337930" lon="-1.148320"><ele>65</ele><time>2026-03-01T08:51:00Z</time></trkpt>
			<trkpt lat="47.337630" lon="-1.148330"><ele>65</ele><time>2026-03-01T08:51:12Z</time></trkpt>
			<trkpt lat="47.337200" lon="-1.148270"><ele>64</ele><time>2026-03-01T08:51:24Z</time></trkpt>
			<trkpt lat="47.336660" lon="-1.148160"><ele>63</ele><time>2026-03-01T08:51:36Z</time></trkpt>
			<trkpt lat="47.336470" lon="-1.148160"><ele>64</ele><time>2026-03-01T08:51:48Z</time></trkpt>
			<trkpt lat="47.336270" lon="-1.148190"><ele>65</ele><time>2026-03-01T08:52:00Z</time></trkpt>
			<trkpt lat="47.335130" lon="-1.148460"><ele>68</ele><time>2026-03-01T08:52:12Z</time></trkpt>
			<trkpt lat="47.334830" lon="-1.148530"><ele>69</ele><time>2026-03-01T08:52:24Z</time></trkpt>
			<trkpt lat="47.334690" lon="-1.148550"><ele>69</ele><time>2026-03-01T08:52:36Z</time></trkpt>
			<trkpt lat="47.334530" lon="-1.148540"><ele>69</ele><time>2026-03-01T08:52:48Z</time></trkpt>
			<trkpt lat="47.334380" lon="-1.148500"><ele>69</ele><time>2026-03-01T08:53:00Z</time></trkpt>
			<trkpt lat="47.334200" lon="-1.148410"><ele>68</ele><time>2026-03-01T08:53:12Z</time></trkpt>
			<trkpt lat="47.334110" lon="-1.148350"><ele>68</ele><time>2026-03-01T08:53:24Z</time></trkpt>
			<trkpt lat="47.333960" lon="-1.148210"><ele>69</ele><time>2026-03-01T08:53:36Z</time></trkpt>
			<trkpt lat="47.333850" lon="-1.148040"><ele>69</ele><time>2026-03-01T08:53:48Z</time></trkpt>
			<trkpt lat="47.332830" lon="-1.145740"><ele>73</ele><time>2026-03-01T08:54:00Z</time></trkpt>
			<trkpt lat="47.332530" lon="-1.145120"><ele>77</ele><time>2026-03-01T08:54:12Z</time></trkpt>
			<trkpt lat="47.332080" lon="-1.144310"><ele>79</ele><time>2026-03-01T08:54:24Z</time></trkpt>
			<trkpt lat="47.331740" lon="-1.143770"><ele>80</ele><time>2026-03-01T08:54:36Z</time></trkpt>
			<trkpt lat="47.330840" lon="-1.142580"><ele>82</ele><time>2026-03-01T08:54:48Z</time></trkpt>
			<trkpt lat="47.330630" lon="-1.142410"><ele>82</ele><time>2026-03-01T08:55:00Z</time></trkpt>
			<trkpt lat="47.330570" lon="-1.142360"><ele>82</ele><time>2026-03-01T08:55:12Z</time></trkpt>
			<trkpt lat="47.330280" lon="-1.142160"><ele>82</ele><time>2026-03-01T08:55:24Z</time></trkpt>
			<trkpt lat="47.329730" lon="-1.141750"><ele>82</ele><time>2026-03-01T08:55:36Z</time></trkpt>
			<trkpt lat="47.329290" lon="-1.141480"><ele>82</ele><time>2026-03-01T08:55:48Z</time></trkpt>
			<trkpt lat="47.328260" lon="-1.140930"><ele>81</ele><time>2026-03-01T08:56:00Z</time></trkpt>
			<trkpt lat="47.327800" lon="-1.140730"><ele>80</ele><time>2026-03-01T08:56:12Z</time></trkpt>
			<trkpt lat="47.327190" lon="-1.140500"><ele>79</ele><time>2026-03-01T08:56:24Z</time></trkpt>
			<trkpt lat="47.326940" lon="-1.140430"><ele>78</ele><time>2026-03-01T08:56:36Z</time></trkpt>
			<trkpt lat="47.326710" lon="-1.140410"><ele>78</ele><time>2026-03-01T08:56:48Z</time></trkpt>
			<trkpt lat="47.326490" lon="-1.140420"><ele>78</ele><time>2026-03-01T08:57:00Z</time></trkpt>
			<trkpt lat="47.326160" lon="-1.140460"><ele>77</ele><time>2026-03-01T08:57:12Z</time></trkpt>
			<trkpt lat="47.325500" lon="-1.140540"><ele>76</ele><time>2026-03-01T08:57:24Z</time></trkpt>
			<trkpt lat="47.325050" lon="-1.140540"><ele>75</ele><time>2026-03-01T08:57:36Z</time></trkpt>
			<trkpt lat="47.323980" lon="-1.140490"><ele>73</ele><time>2026-03-01T08:57:48Z</time></trkpt>
			<trkpt lat="47.323710" lon="-1.140460"><ele>72</ele><time>2026-03-01T08:58:00Z</time></trkpt>
			<trkpt lat="47.323510" lon="-1.140420"><ele>72</ele><time>2026-03-01T08:58:12Z</time></trkpt>
			<trkpt lat="47.323300" lon="-1.140360"><ele>72</ele><time>2026-03-01T08:58:24Z</time></trkpt>
			<trkpt lat="47.323180" lon="-1.140280"><ele>72</ele><time>2026-03-01T08:58:36Z</time></trkpt>
			<trkpt lat="47.323050" lon="-1.140110"><ele>72</ele><time>2026-03-01T08:58:48Z</time></trkpt>
			<trkpt lat="47.321540" lon="-1.136710"><ele>76</ele><time>2026-03-01T08:59:00Z</time></trkpt>
			<trkpt lat="47.321390" lon="-1.136410"><ele>76</ele><time>2026-03-01T08:59:12Z</time></trkpt>
			<trkpt lat="47.321190" lon="-1.136110"><ele>76</ele><time>2026-03-01T08:59:24Z</time></trkpt>
			<trkpt lat="47.320920" lon="-1.135790"><ele>77</ele><time>2026-03-01T08:59:36Z</time></trkpt>
			<trkpt lat="47.320140" lon="-1.134960"><ele>76</ele><time>2026-03-01T08:59:48Z</time></trkpt>
			<trkpt lat="47.318360" lon="-1.133250"><ele>74</ele><time>2026-03-01T09:00:00Z</time></trkpt>
			<trkpt lat="47.317970" lon="-1.132800"><ele>75</ele><time>2026-03-01T09:00:12Z</time></trkpt>
			<trkpt lat="47.317410" lon="-1.132190"><ele>75</ele><time>2026-03-01T09:00:24Z</time></trkpt>
			<trkpt lat="47.317280" lon="-1.132070"><ele>75</ele><time>2026-03-01T09:00:36Z</time></trkpt>
			<trkpt lat="47.312980" lon="-1.129460"><ele>81</ele><time>2026-03-01T09:00:48Z</time></trkpt>
			<trkpt lat="47.312820" lon="-1.129340"><ele>81</ele><time>2026-03-01T09:01:00Z</time></trkpt>
			<trkpt lat="47.312720" lon="-1.129240"><ele>81</ele><time>2026-03-01T09:01:12Z</time></trkpt>
			<trkpt lat="47.312650" lon="-1.129050"><ele>81</ele><time>2026-03-01T09:01:24Z</time></trkpt>
			<trkpt lat="47.312570" lon="-1.128800"><ele>82</ele><time>2026-03-01T09:01:36Z</time></trkpt>
			<trkpt lat="47.312200" lon="-1.127350"><ele>83</ele><time>2026-03-01T09:01:48Z</time></trkpt>
			<trkpt lat="47.312160" lon="-1.127070"><ele>83</ele><time>2026-03-01T09:02:00Z</time></trkpt>
			<trkpt lat="47.312150" lon="-1.126880"><ele>84</ele><time>2026-03-01T09:02:12Z</time></trkpt>
			<trkpt lat="47.312250" lon="-1.125360"><ele>85</ele><time>2026-03-01T09:02:24Z</time></trkpt>
			<trkpt lat="47.312250" lon="-1.124940"><ele>85</ele><time>2026-03-01T09:02:36Z</time></trkpt>
			<trkpt lat="47.312160" lon="-1.124070"><ele>85</ele><time>2026-03-01T09:02:48Z</time></trkpt>
			<trkpt lat="47.311710" lon="-1.120620"><ele>86</ele><time>2026-03-01T09:03:00Z</time></trkpt>
			<trkpt lat="47.310980" lon="-1.116620"><ele>86</ele><time>2026-03-01T09:03:12Z</time></trkpt>
			<trkpt lat="47.309980" lon="-1.116710"><ele>84</ele><time>2026-03-01T09:03:24Z</time></trkpt>
			<trkpt lat="47.309460" lon="-1.116760"><ele>83</ele><time>2026-03-01T09:03:36Z</time></trkpt>
			<trkpt lat="47.308220" lon="-1.116880"><ele>82</ele><time>2026-03-01T09:03:48Z</time></trkpt>
			<trkpt lat="47.308000" lon="-1.116930"><ele>83</ele><time>2026-03-01T09:04:00Z</time></trkpt>
			<trkpt lat="47.307730" lon="-1.117020"><ele>83</ele><time>2026-03-01T09:04:12Z</time></trkpt>
			<trkpt lat="47.307060" lon="-1.117280"><ele>85</ele><time>2026-03-01T09:04:24Z</time></trkpt>
			<trkpt lat="47.306280" lon="-1.117650"><ele>86</ele><time>2026-03-01T09:04:36Z</time></trkpt>
			<trkpt lat="47.306170" lon="-1.117690"><ele>87</ele><time>2026-03-01T09:04:48Z</time></trkpt>
			<trkpt lat="47.306100" lon="-1.117690"><ele>87</ele><time>2026-03-01T09:05:00Z</time></trkpt>
			<trkpt lat="47.306040" lon="-1.117690"><ele>87</ele><time>2026-03-01T09:05:12Z</time></trkpt>
			<trkpt lat="47.305900" lon="-1.117650"><ele>87</ele><time>2026-03-01T09:05:24Z</time></trkpt>
			<trkpt lat="47.304730" lon="-1.116980"><ele>89</ele><time>2026-03-01T09:05:36Z</time></trkpt>
			<trkpt lat="47.304490" lon="-1.116870"><ele>89</ele><time>2026-03-01T09:05:48Z</time></trkpt>
			<trkpt lat="47.303990" lon="-1.116680"><ele>90</ele><time>2026-03-01T09:06:00Z</time></trkpt>
			<trkpt lat="47.303760" lon="-1.116590"><ele>91</ele><time>2026-03-01T09:06:12Z</time></trkpt>
			<trkpt lat="47.302600" lon="-1.116220"><ele>96</ele><time>2026-03-01T09:06:24Z</time></trkpt>
			<trkpt lat="47.302470" lon="-1.116160"><ele>96</ele><time>2026-03-01T09:06:36Z</time></trkpt>
			<trkpt lat="47.302330" lon="-1.116060"><ele>96</ele><time>2026-03-01T09:06:48Z</time></trkpt>
			<trkpt lat="47.302190" lon="-1.115910"><ele>96</ele><time>2026-03-01T09:07:00Z</time></trkpt>
			<trkpt lat="47.301990" lon="-1.115610"><ele>97</ele><time>2026-03-01T09:07:12Z</time></trkpt>
			<trkpt lat="47.301860" lon="-1.115450"><ele>98</ele><time>2026-03-01T09:07:24Z</time></trkpt>
			<trkpt lat="47.301540" lon="-1.115180"><ele>98</ele><time>2026-03-01T09:07:36Z</time></trkpt>
			<trkpt lat="47.301450" lon="-1.115100"><ele>98</ele><time>2026-03-01T09:07:48Z</time></trkpt>
			<trkpt lat="47.301200" lon="-1.114890"><ele>98</ele><time>2026-03-01T09:08:00Z</time></trkpt>
			<trkpt lat="47.300940" lon="-1.114620"><ele>97</ele><time>2026-03-01T09:08:12Z</time></trkpt>
			<trkpt lat="47.300630" lon="-1.114270"><ele>97</ele><time>2026-03-01T09:08:24Z</time></trkpt>
			<trkpt lat="47.300510" lon="-1.114160"><ele>96</ele><time>2026-03-01T09:08:36Z</time></trkpt>
			<trkpt lat="47.300380" lon="-1.114070"><ele>96</ele><time>2026-03-01T09:08:48Z</time></trkpt>
			<trkpt lat="47.300210" lon="-1.113970"><ele>95</ele><time>2026-03-01T09:09:00Z</time></trkpt>
			<trkpt lat="47.300060" lon="-1.113900"><ele>95</ele><time>2026-03-01T09:09:12Z</time></trkpt>
			<trkpt lat="47.299910" lon="-1.113840"><ele>94</ele><time>2026-03-01T09:09:24Z</time></trkpt>
			<trkpt lat="47.299220" lon="-1.113620"><ele>92</ele><time>2026-03-01T09:09:36Z</time></trkpt>
			<trkpt lat="47.298700" lon="-1.113500"><ele>89</ele><time>2026-03-01T09:09:48Z</time></trkpt>
			<trkpt lat="47.298320" lon="-1.113440"><ele>86</ele><time>2026-03-01T09:10:00Z</time></trkpt>
			<trkpt lat="47.298090" lon="-1.113370"><ele>85</ele><time>2026-03-01T09:10:12Z</time></trkpt>
			<trkpt lat="47.297850" lon="-1.113260"><ele>84</ele><time>2026-03-01T09:10:24Z</time></trkpt>
			<trkpt lat="47.297570" lon="-1.113080"><ele>82</ele><time>2026-03-01T09:10:36Z</time></trkpt>
			<trkpt lat="47.297180" lon="-1.112770"><ele>80</ele><time>2026-03-01T09:10:48Z</time></trkpt>
			<trkpt lat="47.296440" lon="-1.112110"><ele>73</ele><time>2026-03-01T09:11:00Z</time></trkpt>
			<trkpt lat="47.295860" lon="-1.111550"><ele>67</ele><time>2026-03-01T09:11:12Z</time></trkpt>
			<trkpt lat="47.295750" lon="-1.111470"><ele>67</ele><time>2026-03-01T09:11:24Z</time></trkpt>
			<trkpt lat="47.295640" lon="-1.111410"><ele>67</ele><time>2026-03-01T09:11:36Z</time></trkpt>
			<trkpt lat="47.295480" lon="-1.111370"><ele>68</ele><time>2026-03-01T09:11:48Z</time></trkpt>
			<trkpt lat="47.295270" lon="-1.111390"><ele>68</ele><time>2026-03-01T09:12:00Z</time></trkpt>
			<trkpt lat="47.294790" lon="-1.111470"><ele>70</ele><time>2026-03-01T09:12:12Z</time></trkpt>
			<trkpt lat="47.294600" lon="-1.111540"><ele>72</ele><time>2026-03-01T09:12:24Z</time></trkpt>
			<trkpt lat="47.294400" lon="-1.111630"><ele>73</ele><time>2026-03-01T09:12:36Z</time></trkpt>
			<trkpt lat="47.294240" lon="-1.111680"><ele>74</ele><time>2026-03-01T09:12:48Z</time></trkpt>
			<trkpt lat="47.294030" lon="-1.111720"><ele>76</ele><time>2026-03-01T09:13:00Z</time></trkpt>
			<trkpt lat="47.293190" lon="-1.111690"><ele>83</ele><time>2026-03-01T09:13:12Z</time></trkpt>
			<trkpt lat="47.293040" lon="-1.111710"><ele>84</ele><time>2026-03-01T09:13:24Z</time></trkpt>
			<trkpt lat="47.292800" lon="-1.111770"><ele>85</ele><time>2026-03-01T09:13:36Z</time></trkpt>
			<trkpt lat="47.291600" lon="-1.112330"><ele>93</ele><time>2026-03-01T09:13:48Z</time></trkpt>
			<trkpt lat="47.291360" lon="-1.112390"><ele>93</ele><time>2026-03-01T09:14:00Z</time></trkpt>
			<trkpt lat="47.291070" lon="-1.112430"><ele>94</ele><time>2026-03-01T09:14:12Z</time></trkpt>
			<trkpt lat="47.290770" lon="-1.112400"><ele>94</ele><time>2026-03-01T09:14:24Z</time></trkpt>
			<trkpt lat="47.290080" lon="-1.112260"><ele>94</ele><time>2026-03-01T09:14:36Z</time></trkpt>
			<trkpt lat="47.289960" lon="-1.112230"><ele>94</ele><time>2026-03-01T09:14:48Z</time></trkpt>
			<trkpt lat="47.289870" lon="-1.112250"><ele>94</ele><time>2026-03-01T09:15:00Z</time></trkpt>
			<trkpt lat="47.289790" lon="-1.112300"><ele>94</ele><time>2026-03-01T09:15:12Z</time></trkpt>
			<trkpt lat="47.289710" lon="-1.112390"><ele>94</ele><time>2026-03-01T09:15:24Z</time></trkpt>
			<trkpt lat="47.289640" lon="-1.112490"><ele>94</ele><time>2026-03-01T09:15:36Z</time></trkpt>
			<trkpt lat="47.289480" lon="-1.112820"><ele>95</ele><time>2026-03-01T09:15:48Z</time></trkpt>
			<trkpt lat="47.289370" lon="-1.112970"><ele>95</ele><time>2026-03-01T09:16:00Z</time></trkpt>
			<trkpt lat="47.289250" lon="-1.113130"><ele>95</ele><time>2026-03-01T09:16:12Z</time></trkpt>
			<trkpt lat="47.289020" lon="-1.113370"><ele>95</ele><time>2026-03-01T09:16:24Z</time></trkpt>
			<trkpt lat="47.288790" lon="-1.113610"><ele>96</ele><time>2026-03-01T09:16:36Z</time></trkpt>
			<trkpt lat="47.288470" lon="-1.113890"><ele>97</ele><time>2026-03-01T09:16:48Z</time></trkpt>
			<trkpt lat="47.288010" lon="-1.114250"><ele>97</ele><time>2026-03-01T09:17:00Z</time></trkpt>
			<trkpt lat="47.287860" lon="-1.114350"><ele>98</ele><time>2026-03-01T09:17:12Z</time></trkpt>
			<trkpt lat="47.287720" lon="-1.114430"><ele>98</ele><time>2026-03-01T09:17:24Z</time></trkpt>
			<trkpt lat="47.287440" lon="-1.114510"><ele>98</ele><time>2026-03-01T09:17:36Z</time></trkpt>
			<trkpt lat="47.286850" lon="-1.114670"><ele>99</ele><time>2026-03-01T09:17:48Z</time></trkpt>
			<trkpt lat="47.286500" lon="-1.114800"><ele>99</ele><time>2026-03-01T09:18:00Z</time></trkpt>
			<trkpt lat="47.285840" lon="-1.115150"><ele>98</ele><time>2026-03-01T09:18:12Z</time></trkpt>
			<trkpt lat="47.285740" lon="-1.115210"><ele>98</ele><time>2026-03-01T09:18:24Z</time></trkpt>
			<trkpt lat="47.285170" lon="-1.115500"><ele>98</ele><time>2026-03-01T09:18:36Z</time></trkpt>
			<trkpt lat="47.284900" lon="-1.115640"><ele>98</ele><time>2026-03-01T09:18:48Z</time></trkpt>
			<trkpt lat="47.284760" lon="-1.115700"><ele>98</ele><time>2026-03-01T09:19:00Z</time></trkpt>
			<trkpt lat="47.284660" lon="-1.115700"><ele>98</ele><time>2026-03-01T09:19:12Z</time></trkpt>
			<trkpt lat="47.284600" lon="-1.115690"><ele>98</ele><time>2026-03-01T09:19:24Z</time></trkpt>
			<trkpt lat="47.284360" lon="-1.115620"><ele>98</ele><time>2026-03-01T09:19:36Z</time></trkpt>
			<trkpt lat="47.284130" lon="-1.115520"><ele>98</ele><time>2026-03-01T09:19:48Z</time></trkpt>
			<trkpt lat="47.283770" lon="-1.115340"><ele>96</ele><time>2026-03-01T09:20:00Z</time></trkpt>
			<trkpt lat="47.283660" lon="-1.115310"><ele>96</ele><time>2026-03-01T09:20:12Z</time></trkpt>
			<trkpt lat="47.283560" lon="-1.115300"><ele>96</ele><time>2026-03-01T09:20:24Z</time></trkpt>
			<trkpt lat="47.283130" lon="-1.115370"><ele>94</ele><time>2026-03-01T09:20:36Z</time></trkpt>
			<trkpt lat="47.283020" lon="-1.115380"><ele>93</ele><time>2026-03-01T09:20:48Z</time></trkpt>
			<trkpt lat="47.282740" lon="-1.115420"><ele>92</ele><time>2026-03-01T09:21:00Z</time></trkpt>
			<trkpt lat="47.282480" lon="-1.115430"><ele>91</ele><time>2026-03-01T09:21:12Z</time></trkpt>
			<trkpt lat="47.281950" lon="-1.115420"><ele>87</ele><time>2026-03-01T09:21:24Z</time></trkpt>
			<trkpt lat="47.281670" lon="-1.115400"><ele>86</ele><time>2026-03-01T09:21:36Z</time></trkpt>
			<trkpt lat="47.281600" lon="-1.115390"><ele>85</ele><time>2026-03-01T09:21:48Z</time></trkpt>
			<trkpt lat="47.281300" lon="-1.115300"><ele>84</ele><time>2026-03-01T09:22:00Z</time></trkpt>
			<trkpt lat="47.281260" lon="-1.115320"><ele>84</ele><time>2026-03-01T09:22:12Z</time></trkpt>
			<trkpt lat="47.281080" lon="-1.115530"><ele>84</ele><time>2026-03-01T09:22:24Z</time></trkpt>
			<trkpt lat="47.281000" lon="-1.115750"><ele>84</ele><time>2026-03-01T09:22:36Z</time></trkpt>
			<trkpt lat="47.280900" lon="-1.115980"><ele>85</ele><time>2026-03-01T09:22:48Z</time></trkpt>
			<trkpt lat="47.280890" lon="-1.116000"><ele>85</ele><time>2026-03-01T09:23:00Z</time></trkpt>
			<trkpt lat="47.280830" lon="-1.116190"><ele>85</ele><time>2026-03-01T09:23:12Z</time></trkpt>
			<trkpt lat="47.280730" lon="-1.116390"><ele>85</ele><time>2026-03-01T09:23:24Z</time></trkpt>
			<trkpt lat="47.280710" lon="-1.116430"><ele>85</ele><time>2026-03-01T09:23:36Z</time></trkpt>
			<trkpt lat="47.280670" lon="-1.116470"><ele>85</ele><time>2026-03-01T09:23:48Z</time></trkpt>
			<trkpt lat="47.280570" lon="-1.116540"><ele>85</ele><time>2026-03-01T09:24:00Z</time></trkpt>
			<trkpt lat="47.280490" lon="-1.116570"><ele>85</ele><time>2026-03-01T09:24:12Z</time></trkpt>
			<trkpt lat="47.280170" lon="-1.116610"><ele>85</ele><time>2026-03-01T09:24:24Z</time></trkpt>
			<trkpt lat="47.280070" lon="-1.116650"><ele>85</ele><time>2026-03-01T09:24:36Z</time></trkpt>
			<trkpt lat="47.279940" lon="-1.116730"><ele>85</ele><time>2026-03-01T09:24:48Z</time></trkpt>
			<trkpt lat="47.279840" lon="-1.116820"><ele>86</ele><time>2026-03-01T09:25:00Z</time></trkpt>
			<trkpt lat="47.279660" lon="-1.117040"><ele>87</ele><time>2026-03-01T09:25:12Z</time></trkpt>
			<trkpt lat="47.279570" lon="-1.117180"><ele>87</ele><time>2026-03-01T09:25:24Z</time></trkpt>
			<trkpt lat="47.279520" lon="-1.117240"><ele>88</ele><time>2026-03-01T09:25:36Z</time></trkpt>
			<trkpt lat="47.279390" lon="-1.117410"><ele>89</ele><time>2026-03-01T09:25:48Z</time></trkpt>
			<trkpt lat="47.279320" lon="-1.117510"><ele>89</ele><time>2026-03-01T09:26:00Z</time></trkpt>
			<trkpt lat="47.279100" lon="-1.117860"><ele>89</ele><time>2026-03-01T09:26:12Z</time></trkpt>
			<trkpt lat="47.278990" lon="-1.118050"><ele>90</ele><time>2026-03-01T09:26:24Z</time></trkpt>
			<trkpt lat="47.278690" lon="-1.118590"><ele>90</ele><time>2026-03-01T09:26:36Z</time></trkpt>
			<trkpt lat="47.278220" lon="-1.119430"><ele>92</ele><time>2026-03-01T09:26:48Z</time></trkpt>
			<trkpt lat="47.277940" lon="-1.119900"><ele>93</ele><time>2026-03-01T09:27:00Z</time></trkpt>
			<trkpt lat="47.277620" lon="-1.120430"><ele>97</ele><time>2026-03-01T09:27:12Z</time></trkpt>
			<trkpt lat="47.277210" lon="-1.121050"><ele>99</ele><time>2026-03-01T09:27:24Z</time></trkpt>
			<trkpt lat="47.277120" lon="-1.121220"><ele>99</ele><time>2026-03-01T09:27:36Z</time></trkpt>
			<trkpt lat="47.276900" lon="-1.121670"><ele>99</ele><time>2026-03-01T09:27:48Z</time></trkpt>
			<trkpt lat="47.276740" lon="-1.121950"><ele>99</ele><time>2026-03-01T09:28:00Z</time></trkpt>
			<trkpt lat="47.276560" lon="-1.122200"><ele>98</ele><time>2026-03-01T09:28:12Z</time></trkpt>
			<trkpt lat="47.276240" lon="-1.122560"><ele>98</ele><time>2026-03-01T09:28:24Z</time></trkpt>
			<trkpt lat="47.276030" lon="-1.122860"><ele>98</ele><time>2026-03-01T09:28:36Z</time></trkpt>
			<trkpt lat="47.275930" lon="-1.123020"><ele>98</ele><time>2026-03-01T09:28:48Z</time></trkpt>
			<trkpt lat="47.275800" lon="-1.123270"><ele>97</ele><time>2026-03-01T09:29:00Z</time></trkpt>
			<trkpt lat="47.275520" lon="-1.123850"><ele>98</ele><time>2026-03-01T09:29:12Z</time></trkpt>
			<trkpt lat="47.275350" lon="-1.124320"><ele>98</ele><time>2026-03-01T09:29:24Z</time></trkpt>
			<trkpt lat="47.274820" lon="-1.125880"><ele>99</ele><time>2026-03-01T09:29:36Z</time></trkpt>
			<trkpt lat="47.274700" lon="-1.126220"><ele>100</ele><time>2026-03-01T09:29:48Z</time></trkpt>
			<trkpt lat="47.274620" lon="-1.126410"><ele>100</ele><time>2026-03-01T09:30:00Z</time></trkpt>
			<trkpt lat="47.274530" lon="-1.126590"><ele>100</ele><time>2026-03-01T09:30:12Z</time></trkpt>
			<trkpt lat="47.274220" lon="-1.127140"><ele>100</ele><time>2026-03-01T09:30:24Z</time></trkpt>
			<trkpt lat="47.274070" lon="-1.127500"><ele>100</ele><time>2026-03-01T09:30:36Z</time></trkpt>
			<trkpt lat="47.273940" lon="-1.127870"><ele>101</ele><time>2026-03-01T09:30:48Z</time></trkpt>
			<trkpt lat="47.273870" lon="-1.128010"><ele>101</ele><time>2026-03-01T09:31:00Z</time></trkpt>
			<trkpt lat="47.273760" lon="-1.128170"><ele>102</ele><time>2026-03-01T09:31:12Z</time></trkpt>
			<trkpt lat="47.273700" lon="-1.128270"><ele>102</ele><time>2026-03-01T09:31:24Z</time></trkpt>
			<trkpt lat="47.273670" lon="-1.128350"><ele>102</ele><time>2026-03-01T09:31:36Z</time></trkpt>
			<trkpt lat="47.273650" lon="-1.128440"><ele>102</ele><time>2026-03-01T09:31:48Z</time></trkpt>
			<trkpt lat="47.273650" lon="-1.128510"><ele>102</ele><time>2026-03-01T09:32:00Z</time></trkpt>
			<trkpt lat="47.273560" lon="-1.128540"><ele>102</ele><time>2026-03-01T09:32:12Z</time></trkpt>
			<trkpt lat="47.273470" lon="-1.128590"><ele>103</ele><time>2026-03-01T09:32:24Z</time></trkpt>
			<trkpt lat="47.273340" lon="-1.128720"><ele>103</ele><time>2026-03-01T09:32:36Z</time></trkpt>
			<trkpt lat="47.272540" lon="-1.129600"><ele>105</ele><time>2026-03-01T09:32:48Z</time></trkpt>
			<trkpt lat="47.272230" lon="-1.129940"><ele>105</ele><time>2026-03-01T09:33:00Z</time></trkpt>
			<trkpt lat="47.272160" lon="-1.130010"><ele>105</ele><time>2026-03-01T09:33:12Z</time></trkpt>
			<trkpt lat="47.272190" lon="-1.130110"><ele>105</ele><time>2026-03-01T09:33:24Z</time></trkpt>
			<trkpt lat="47.272180" lon="-1.130280"><ele>104</ele><time>2026-03-01T09:33:36Z</time></trkpt>
			<trkpt lat="47.272120" lon="-1.130510"><ele>104</ele><time>2026-03-01T09:33:48Z</time></trkpt>
			<trkpt lat="47.271990" lon="-1.130900"><ele>104</ele><time>2026-03-01T09:34:00Z</time></trkpt>
			<trkpt lat="47.271690" lon="-1.131600"><ele>103</ele><time>2026-03-01T09:34:12Z</time></trkpt>
			<trkpt lat="47.271660" lon="-1.131660"><ele>103</ele><time>2026-03-01T09:34:24Z</time></trkpt>
			<trkpt lat="47.271290" lon="-1.132560"><ele>102</ele><time>2026-03-01T09:34:36Z</time></trkpt>
			<trkpt lat="47.270890" lon="-1.133550"><ele>103</ele><time>2026-03-01T09:34:48Z</time></trkpt>
			<trkpt lat="47.270460" lon="-1.134530"><ele>102</ele><time>2026-03-01T09:35:00Z</time></trkpt>
			<trkpt lat="47.269880" lon="-1.135880"><ele>100</ele><time>2026-03-01T09:35:12Z</time></trkpt>
			<trkpt lat="47.269830" lon="-1.135990"><ele>100</ele><time>2026-03-01T09:35:24Z</time></trkpt>
			<trkpt lat="47.269330" lon="-1.137170"><ele>100</ele><time>2026-03-01T09:35:36Z</time></trkpt>
			<trkpt lat="47.269250" lon="-1.137310"><ele>100</ele><time>2026-03-01T09:35:48Z</time></trkpt>
			<trkpt lat="47.269190" lon="-1.137400"><ele>101</ele><time>2026-03-01T09:36:00Z</time></trkpt>
			<trkpt lat="47.269120" lon="-1.137480"><ele>101</ele><time>2026-03-01T09:36:12Z</time></trkpt>
			<trkpt lat="47.268980" lon="-1.137600"><ele>101</ele><time>2026-03-01T09:36:24Z</time></trkpt>
			<trkpt lat="47.267670" lon="-1.138780"><ele>101</ele><time>2026-03-01T09:36:36Z</time></trkpt>
			<trkpt lat="47.267530" lon="-1.138930"><ele>100</ele><time>2026-03-01T09:36:48Z</time></trkpt>
			<trkpt lat="47.267460" lon="-1.139020"><ele>100</ele><time>2026-03-01T09:37:00Z</time></trkpt>
			<trkpt lat="47.267400" lon="-1.139110"><ele>100</ele><time>2026-03-01T09:37:12Z</time></trkpt>
			<trkpt lat="47.267360" lon="-1.139200"><ele>100</ele><time>2026-03-01T09:37:24Z</time></trkpt>
			<trkpt lat="47.267320" lon="-1.139320"><ele>100</ele><time>2026-03-01T09:37:36Z</time></trkpt>
			<trkpt lat="47.267290" lon="-1.139480"><ele>100</ele><time>2026-03-01T09:37:48Z</time></trkpt>
			<trkpt lat="47.267280" lon="-1.139670"><ele>100</ele><time>2026-03-01T09:38:00Z</time></trkpt>
			<trkpt lat="47.267290" lon="-1.139850"><ele>100</ele><time>2026-03-01T09:38:12Z</time></trkpt>
			<trkpt lat="47.267310" lon="-1.140020"><ele>100</ele><time>2026-03-01T09:38:24Z</time></trkpt>
			<trkpt lat="47.267510" lon="-1.141190"><ele>103</ele><time>2026-03-01T09:38:36Z</time></trkpt>
			<trkpt lat="47.267520" lon="-1.141300"><ele>103</ele><time>2026-03-01T09:38:48Z</time></trkpt>
			<trkpt lat="47.267520" lon="-1.141420"><ele>103</ele><time>2026-03-01T09:39:00Z</time></trkpt>
			<trkpt lat="47.267490" lon="-1.141660"><ele>104</ele><time>2026-03-01T09:39:12Z</time></trkpt>
			<trkpt lat="47.267360" lon="-1.142360"><ele>103</ele><time>2026-03-01T09:39:24Z</time></trkpt>
			<trkpt lat="47.267290" lon="-1.142660"><ele>102</ele><time>2026-03-01T09:39:36Z</time></trkpt>
			<trkpt lat="47.267210" lon="-1.143140"><ele>102</ele><time>2026-03-01T09:39:48Z</time></trkpt>
			<trkpt lat="47.267200" lon="-1.143300"><ele>102</ele><time>2026-03-01T09:40:00Z</time></trkpt>
			<trkpt lat="47.267210" lon="-1.143500"><ele>102</ele><time>2026-03-01T09:40:12Z</time></trkpt>
			<trkpt lat="47.267240" lon="-1.143800"><ele>102</ele><time>2026-03-01T09:40:24Z</time></trkpt>
			<trkpt lat="47.267260" lon="-1.144000"><ele>102</ele><time>2026-03-01T09:40:36Z</time></trkpt>
			<trkpt lat="47.267260" lon="-1.144200"><ele>102</ele><time>2026-03-01T09:40:48Z</time></trkpt>
			<trkpt lat="47.267190" lon="-1.145760"><ele>102</ele><time>2026-03-01T09:41:00Z</time></trkpt>
			<trkpt lat="47.267180" lon="-1.146220"><ele>102</ele><time>2026-03-01T09:41:12Z</time></trkpt>
			<trkpt lat="47.267200" lon="-1.146650"><ele>102</ele><time>2026-03-01T09:41:24Z</time></trkpt>
			<trkpt lat="47.267250" lon="-1.147140"><ele>101</ele><time>2026-03-01T09:41:36Z</time></trkpt>
			<trkpt lat="47.267270" lon="-1.147450"><ele>101</ele><time>2026-03-01T09:41:48Z</time></trkpt>
			<trkpt lat="47.267280" lon="-1.148110"><ele>99</ele><time>2026-03-01T09:42:00Z</time></trkpt>
			<trkpt lat="47.267290" lon="-1.148280"><ele>99</ele><time>2026-03-01T09:42:12Z</time></trkpt>
			<trkpt lat="47.267310" lon="-1.148410"><ele>99</ele><time>2026-03-01T09:42:24Z</time></trkpt>
			<trkpt lat="47.267420" lon="-1.148820"><ele>101</ele><time>2026-03-01T09:42:36Z</time></trkpt>
			<trkpt lat="47.267440" lon="-1.149000"><ele>103</ele><time>2026-03-01T09:42:48Z</time></trkpt>
			<trkpt lat="47.267430" lon="-1.149150"><ele>103</ele><time>2026-03-01T09:43:00Z</time></trkpt>
			<trkpt lat="47.267380" lon="-1.149380"><ele>104</ele><time>2026-03-01T09:43:12Z</time></trkpt>
			<trkpt lat="47.267200" lon="-1.149820"><ele>105</ele><time>2026-03-01T09:43:24Z</time></trkpt>
			<trkpt lat="47.267080" lon="-1.150240"><ele>105</ele><time>2026-03-01T09:43:36Z</time></trkpt>
			<trkpt lat="47.267030" lon="-1.150480"><ele>105</ele><time>2026-03-01T09:43:48Z</time></trkpt>
			<trkpt lat="47.267000" lon="-1.150690"><ele>105</ele><time>2026-03-01T09:44:00Z</time></trkpt>
			<trkpt lat="47.266970" lon="-1.150950"><ele>105</ele><time>2026-03-01T09:44:12Z</time></trkpt>
			<trkpt lat="47.266960" lon="-1.151170"><ele>106</ele><time>2026-03-01T09:44:24Z</time></trkpt>
			<trkpt lat="47.266950" lon="-1.151690"><ele>108</ele><time>2026-03-01T09:44:36Z</time></trkpt>
			<trkpt lat="47.266890" lon="-1.152810"><ele>114</ele><time>2026-03-01T09:44:48Z</time></trkpt>
			<trkpt lat="47.266850" lon="-1.153650"><ele>116</ele><time>2026-03-01T09:45:00Z</time></trkpt>
			<trkpt lat="47.266810" lon="-1.154220"><ele>116</ele><time>2026-03-01T09:45:12Z</time></trkpt>
			<trkpt lat="47.266770" lon="-1.154510"><ele>116</ele><time>2026-03-01T09:45:24Z</time></trkpt>
			<trkpt lat="47.266700" lon="-1.154790"><ele>116</ele><time>2026-03-01T09:45:36Z</time></trkpt>
			<trkpt lat="47.266290" lon="-1.156180"><ele>111</ele><time>2026-03-01T09:45:48Z</time></trkpt>
			<trkpt lat="47.266260" lon="-1.156410"><ele>110</ele><time>2026-03-01T09:46:00Z</time></trkpt>
			<trkpt lat="47.266250" lon="-1.156660"><ele>109</ele><time>2026-03-01T09:46:12Z</time></trkpt>
			<trkpt lat="47.266310" lon="-1.157150"><ele>107</ele><time>2026-03-01T09:46:24Z</time></trkpt>
			<trkpt lat="47.266300" lon="-1.157290"><ele>107</ele><time>2026-03-01T09:46:36Z</time></trkpt>
			<trkpt lat="47.266280" lon="-1.157370"><ele>107</ele><time>2026-03-01T09:46:48Z</time></trkpt>
			<trkpt lat="47.266240" lon="-1.157480"><ele>107</ele><time>2026-03-01T09:47:00Z</time></trkpt>
			<trkpt lat="47.266150" lon="-1.157610"><ele>107</ele><time>2026-03-01T09:47:12Z</time></trkpt>
			<trkpt lat="47.265650" lon="-1.158320"><ele>108</ele><time>2026-03-01T09:47:24Z</time></trkpt>
			<trkpt lat="47.264980" lon="-1.159110"><ele>107</ele><time>2026-03-01T09:47:36Z</time></trkpt>
			<trkpt lat="47.264790" lon="-1.159410"><ele>105</ele><time>2026-03-01T09:47:48Z</time></trkpt>
			<trkpt lat="47.264650" lon="-1.159680"><ele>105</ele><time>2026-03-01T09:48:00Z</time></trkpt>
			<trkpt lat="47.264580" lon="-1.159980"><ele>104</ele><time>2026-03-01T09:48:12Z</time></trkpt>
			<trkpt lat="47.263880" lon="-1.162370"><ele>104</ele><time>2026-03-01T09:48:24Z</time></trkpt>
			<trkpt lat="47.263640" lon="-1.163180"><ele>104</ele><time>2026-03-01T09:48:36Z</time></trkpt>
			<trkpt lat="47.263330" lon="-1.164290"><ele>102</ele><time>2026-03-01T09:48:48Z</time></trkpt>
			<trkpt lat="47.263250" lon="-1.164640"><ele>101</ele><time>2026-03-01T09:49:00Z</time></trkpt>
			<trkpt lat="47.263150" lon="-1.165150"><ele>99</ele><time>2026-03-01T09:49:12Z</time></trkpt>
			<trkpt lat="47.263100" lon="-1.165500"><ele>99</ele><time>2026-03-01T09:49:24Z</time></trkpt>
			<trkpt lat="47.263090" lon="-1.165640"><ele>99</ele><time>2026-03-01T09:49:36Z</time></trkpt>
			<trkpt lat="47.263100" lon="-1.165780"><ele>99</ele><time>2026-03-01T09:49:48Z</time></trkpt>
			<trkpt lat="47.263130" lon="-1.166190"><ele>99</ele><time>2026-03-01T09:50:00Z</time></trkpt>
			<trkpt lat="47.263130" lon="-1.166440"><ele>99</ele><time>2026-03-01T09:50:12Z</time></trkpt>
			<trkpt lat="47.263130" lon="-1.166610"><ele>99</ele><time>2026-03-01T09:50:24Z</time></trkpt>
			<trkpt lat="47.263110" lon="-1.166780"><ele>99</ele><time>2026-03-01T09:50:36Z</time></trkpt>
			<trkpt lat="47.263020" lon="-1.167700"><ele>98</ele><time>2026-03-01T09:50:48Z</time></trkpt>
			<trkpt lat="47.262990" lon="-1.167840"><ele>97</ele><time>2026-03-01T09:51:00Z</time></trkpt>
			<trkpt lat="47.262950" lon="-1.167940"><ele>97</ele><time>2026-03-01T09:51:12Z</time></trkpt>
			<trkpt lat="47.262920" lon="-1.167990"><ele>97</ele><time>2026-03-01T09:51:24Z</time></trkpt>
			<trkpt lat="47.262870" lon="-1.168060"><ele>97</ele><time>2026-03-01T09:51:36Z</time></trkpt>
			<trkpt lat="47.262740" lon="-1.168110"><ele>97</ele><time>2026-03-01T09:51:48Z</time></trkpt>
			<trkpt lat="47.262160" lon="-1.168180"><ele>96</ele><time>2026-03-01T09:52:00Z</time></trkpt>
			<trkpt lat="47.262030" lon="-1.168220"><ele>96</ele><time>2026-03-01T09:52:12Z</time></trkpt>
			<trkpt lat="47.261930" lon="-1.168290"><ele>95</ele><time>2026-03-01T09:52:24Z</time></trkpt>
			<trkpt lat="47.261860" lon="-1.168350"><ele>95</ele><time>2026-03-01T09:52:36Z</time></trkpt>
			<trkpt lat="47.261740" lon="-1.168500"><ele>95</ele><time>2026-03-01T09:52:48Z</time></trkpt>
			<trkpt lat="47.261670" lon="-1.168620"><ele>94</ele><time>2026-03-01T09:53:00Z</time></trkpt>
			<trkpt lat="47.261570" lon="-1.168840"><ele>93</ele><time>2026-03-01T09:53:12Z</time></trkpt>
			<trkpt lat="47.260760" lon="-1.170770"><ele>91</ele><time>2026-03-01T09:53:24Z</time></trkpt>
			<trkpt lat="47.260200" lon="-1.172090"><ele>93</ele><time>2026-03-01T09:53:36Z</time></trkpt>
			<trkpt lat="47.259780" lon="-1.173070"><ele>95</ele><time>2026-03-01T09:53:48Z</time></trkpt>
			<trkpt lat="47.259700" lon="-1.173310"><ele>95</ele><time>2026-03-01T09:54:00Z</time></trkpt>
			<trkpt lat="47.259660" lon="-1.173560"><ele>95</ele><time>2026-03-01T09:54:12Z</time></trkpt>
			<trkpt lat="47.259640" lon="-1.173790"><ele>96</ele><time>2026-03-01T09:54:24Z</time></trkpt>
			<trkpt lat="47.259600" lon="-1.174040"><ele>96</ele><time>2026-03-01T09:54:36Z</time></trkpt>
			<trkpt lat="47.259540" lon="-1.174320"><ele>96</ele><time>2026-03-01T09:54:48Z</time></trkpt>
			<trkpt lat="47.259310" lon="-1.175160"><ele>98</ele><time>2026-03-01T09:55:00Z</time></trkpt>
			<trkpt lat="47.259080" lon="-1.176010"><ele>99</ele><time>2026-03-01T09:55:12Z</time></trkpt>
			<trkpt lat="47.258700" lon="-1.177430"><ele>100</ele><time>2026-03-01T09:55:24Z</time></trkpt>
			<trkpt lat="47.258640" lon="-1.177730"><ele>100</ele><time>2026-03-01T09:55:36Z</time></trkpt>
			<trkpt lat="47.258650" lon="-1.177910"><ele>100</ele><time>2026-03-01T09:55:48Z</time></trkpt>
			<trkpt lat="47.258660" lon="-1.177980"><ele>100</ele><time>2026-03-01T09:56:00Z</time></trkpt>
			<trkpt lat="47.258590" lon="-1.178030"><ele>100</ele><time>2026-03-01T09:56:12Z</time></trkpt>
			<trkpt lat="47.258520" lon="-1.178100"><ele>99</ele><time>2026-03-01T09:56:24Z</time></trkpt>
			<trkpt lat="47.258280" lon="-1.178400"><ele>99</ele><time>2026-03-01T09:56:36Z</time></trkpt>
			<trkpt lat="47.258150" lon="-1.178530"><ele>100</ele><time>2026-03-01T09:56:48Z</time></trkpt>
			<trkpt lat="47.258010" lon="-1.178640"><ele>100</ele><time>2026-03-01T09:57:00Z</time></trkpt>
			<trkpt lat="47.257190" lon="-1.179180"><ele>99</ele><time>2026-03-01T09:57:12Z</time></trkpt>
			<trkpt lat="47.256650" lon="-1.179540"><ele>97</ele><time>2026-03-01T09:57:24Z</time></trkpt>
			<trkpt lat="47.256470" lon="-1.179690"><ele>97</ele><time>2026-03-01T09:57:36Z</time></trkpt>
			<trkpt lat="47.256280" lon="-1.179880"><ele>96</ele><time>2026-03-01T09:57:48Z</time></trkpt>
			<trkpt lat="47.255850" lon="-1.180420"><ele>95</ele><time>2026-03-01T09:58:00Z</time></trkpt>
			<trkpt lat="47.255690" lon="-1.180590"><ele>95</ele><time>2026-03-01T09:58:12Z</time></trkpt>
			<trkpt lat="47.255520" lon="-1.180700"><ele>94</ele><time>2026-03-01T09:58:24Z</time></trkpt>
			<trkpt lat="47.255360" lon="-1.180750"><ele>94</ele><time>2026-03-01T09:58:36Z</time></trkpt>
			<trkpt lat="47.255200" lon="-1.180760"><ele>93</ele><time>2026-03-01T09:58:48Z</time></trkpt>
			<trkpt lat="47.255120" lon="-1.180750"><ele>93</ele><time>2026-03-01T09:59:00Z</time></trkpt>
			<trkpt lat="47.255030" lon="-1.180720"><ele>93</ele><time>2026-03-01T09:59:12Z</time></trkpt>
			<trkpt lat="47.254920" lon="-1.180660"><ele>93</ele><time>2026-03-01T09:59:24Z</time></trkpt>
			<trkpt lat="47.254680" lon="-1.180480"><ele>93</ele><time>2026-03-01T09:59:36Z</time></trkpt>
			<trkpt lat="47.254530" lon="-1.180360"><ele>93</ele><time>2026-03-01T09:59:48Z</time></trkpt>
			<trkpt lat="47.254480" lon="-1.180340"><ele>93</ele><time>2026-03-01T10:00:00Z</time></trkpt>
			<trkpt lat="47.254430" lon="-1.180340"><ele>93</ele><time>2026-03-01T10:00:12Z</time></trkpt>
			<trkpt lat="47.254380" lon="-1.180370"><ele>93</ele><time>2026-03-01T10:00:24Z</time></trkpt>
			<trkpt lat="47.254330" lon="-1.180420"><ele>92</ele><time>2026-03-01T10:00:36Z</time></trkpt>
			<trkpt lat="47.254230" lon="-1.180600"><ele>92</ele><time>2026-03-01T10:00:48Z</time></trkpt>
			<trkpt lat="47.253770" lon="-1.181440"><ele>89</ele><time>2026-03-01T10:01:00Z</time></trkpt>
			<trkpt lat="47.253740" lon="-1.181500"><ele>89</ele><time>2026-03-01T10:01:12Z</time></trkpt>
			<trkpt lat="47.253650" lon="-1.181660"><ele>88</ele><time>2026-03-01T10:01:24Z</time></trkpt>
			<trkpt lat="47.253260" lon="-1.182370"><ele>88</ele><time>2026-03-01T10:01:36Z</time></trkpt>
			<trkpt lat="47.253070" lon="-1.182780"><ele>89</ele><time>2026-03-01T10:01:48Z</time></trkpt>
			<trkpt lat="47.252630" lon="-1.184030"><ele>93</ele><time>2026-03-01T10:02:00Z</time></trkpt>
			<trkpt lat="47.252190" lon="-1.185200"><ele>95</ele><time>2026-03-01T10:02:12Z</time></trkpt>
			<trkpt lat="47.252040" lon="-1.185540"><ele>95</ele><time>2026-03-01T10:02:24Z</time></trkpt>
			<trkpt lat="47.251930" lon="-1.185750"><ele>95</ele><time>2026-03-01T10:02:36Z</time></trkpt>
			<trkpt lat="47.251770" lon="-1.186000"><ele>95</ele><time>2026-03-01T10:02:48Z</time></trkpt>
			<trkpt lat="47.250950" lon="-1.187320"><ele>95</ele><time>2026-03-01T10:03:00Z</time></trkpt>
			<trkpt lat="47.250810" lon="-1.187580"><ele>95</ele><time>2026-03-01T10:03:12Z</time></trkpt>
			<trkpt lat="47.250690" lon="-1.187870"><ele>96</ele><time>2026-03-01T10:03:24Z</time></trkpt>
			<trkpt lat="47.250520" lon="-1.188400"><ele>96</ele><time>2026-03-01T10:03:36Z</time></trkpt>
			<trkpt lat="47.250380" lon="-1.188920"><ele>97</ele><time>2026-03-01T10:03:48Z</time></trkpt>
			<trkpt lat="47.250270" lon="-1.189380"><ele>98</ele><time>2026-03-01T10:04:00Z</time></trkpt>
			<trkpt lat="47.250070" lon="-1.190320"><ele>99</ele><time>2026-03-01T10:04:12Z</time></trkpt>
			<trkpt lat="47.250010" lon="-1.190540"><ele>99</ele><time>2026-03-01T10:04:24Z</time></trkpt>
			<trkpt lat="47.249950" lon="-1.190750"><ele>100</ele><time>2026-03-01T10:04:36Z</time></trkpt>
			<trkpt lat="47.249850" lon="-1.191000"><ele>100</ele><time>2026-03-01T10:04:48Z</time></trkpt>
			<trkpt lat="47.249760" lon="-1.191190"><ele>100</ele><time>2026-03-01T10:05:00Z</time></trkpt>
			<trkpt lat="47.249650" lon="-1.191350"><ele>100</ele><time>2026-03-01T10:05:12Z</time></trkpt>
			<trkpt lat="47.249490" lon="-1.191530"><ele>101</ele><time>2026-03-01T10:05:24Z</time></trkpt>
			<trkpt lat="47.249310" lon="-1.191700"><ele>101</ele><time>2026-03-01T10:05:36Z</time></trkpt>
			<trkpt lat="47.247600" lon="-1.193180"><ele>100</ele><time>2026-03-01T10:05:48Z</time></trkpt>
			<trkpt lat="47.247430" lon="-1.193330"><ele>100</ele><time>2026-03-01T10:06:00Z</time></trkpt>
			<trkpt lat="47.247250" lon="-1.193510"><ele>100</ele><time>2026-03-01T10:06:12Z</time></trkpt>
			<trkpt lat="47.247030" lon="-1.193790"><ele>101</ele><time>2026-03-01T10:06:24Z</time></trkpt>
			<trkpt lat="47.246360" lon="-1.194780"><ele>105</ele><time>2026-03-01T10:06:36Z</time></trkpt>
			<trkpt lat="47.244580" lon="-1.196690"><ele>105</ele><time>2026-03-01T10:06:48Z</time></trkpt>
			<trkpt lat="47.244070" lon="-1.197250"><ele>105</ele><time>2026-03-01T10:07:00Z</time></trkpt>
			<trkpt lat="47.243820" lon="-1.197560"><ele>106</ele><time>2026-03-01T10:07:12Z</time></trkpt>
			<trkpt lat="47.243610" lon="-1.197880"><ele>106</ele><time>2026-03-01T10:07:24Z</time></trkpt>
			<trkpt lat="47.243390" lon="-1.198300"><ele>106</ele><time>2026-03-01T10:07:36Z</time></trkpt>
			<trkpt lat="47.243300" lon="-1.198490"><ele>106</ele><time>2026-03-01T10:07:48Z</time></trkpt>
			<trkpt lat="47.243200" lon="-1.198710"><ele>105</ele><time>2026-03-01T10:08:00Z</time></trkpt>
			<trkpt lat="47.243050" lon="-1.198990"><ele>104</ele><time>2026-03-01T10:08:12Z</time></trkpt>
			<trkpt lat="47.242490" lon="-1.199710"><ele>103</ele><time>2026-03-01T10:08:24Z</time></trkpt>
			<trkpt lat="47.241600" lon="-1.200880"><ele>101</ele><time>2026-03-01T10:08:36Z</time></trkpt>
			<trkpt lat="47.241380" lon="-1.201250"><ele>101</ele><time>2026-03-01T10:08:48Z</time></trkpt>
			<trkpt lat="47.241210" lon="-1.201570"><ele>100</ele><time>2026-03-01T10:09:00Z</time></trkpt>
			<trkpt lat="47.241030" lon="-1.201960"><ele>100</ele><time>2026-03-01T10:09:12Z</time></trkpt>
			<trkpt lat="47.240010" lon="-1.204770"><ele>98</ele><time>2026-03-01T10:09:24Z</time></trkpt>
			<trkpt lat="47.239930" lon="-1.204990"><ele>98</ele><time>2026-03-01T10:09:36Z</time></trkpt>
			<trkpt lat="47.239780" lon="-1.205420"><ele>98</ele><time>2026-03-01T10:09:48Z</time></trkpt>
			<trkpt lat="47.239590" lon="-1.206090"><ele>98</ele><time>2026-03-01T10:10:00Z</time></trkpt>
			<trkpt lat="47.239510" lon="-1.206410"><ele>98</ele><time>2026-03-01T10:10:12Z</time></trkpt>
			<trkpt lat="47.239370" lon="-1.207250"><ele>98</ele><time>2026-03-01T10:10:24Z</time></trkpt>
			<trkpt lat="47.239290" lon="-1.207610"><ele>97</ele><time>2026-03-01T10:10:36Z</time></trkpt>
			<trkpt lat="47.238890" lon="-1.209090"><ele>97</ele><time>2026-03-01T10:10:48Z</time></trkpt>
			<trkpt lat="47.238850" lon="-1.209290"><ele>97</ele><time>2026-03-01T10:11:00Z</time></trkpt>
			<trkpt lat="47.238830" lon="-1.209470"><ele>96</ele><time>2026-03-01T10:11:12Z</time></trkpt>
			<trkpt lat="47.238830" lon="-1.209640"><ele>96</ele><time>2026-03-01T10:11:24Z</time></trkpt>
			<trkpt lat="47.238900" lon="-1.210740"><ele>94</ele><time>2026-03-01T10:11:36Z</time></trkpt>
			<trkpt lat="47.239000" lon="-1.212310"><ele>93</ele><time>2026-03-01T10:11:48Z</time></trkpt>
			<trkpt lat="47.239090" lon="-1.213630"><ele>94</ele><time>2026-03-01T10:12:00Z</time></trkpt>
			<trkpt lat="47.239110" lon="-1.213810"><ele>93</ele><time>2026-03-01T10:12:12Z</time></trkpt>
			<trkpt lat="47.239130" lon="-1.213980"><ele>93</ele><time>2026-03-01T10:12:24Z</time></trkpt>
			<trkpt lat="47.239150" lon="-1.214080"><ele>93</ele><time>2026-03-01T10:12:36Z</time></trkpt>
			<trkpt lat="47.239220" lon="-1.214230"><ele>93</ele><time>2026-03-01T10:12:48Z</time></trkpt>
			<trkpt lat="47.239310" lon="-1.214340"><ele>92</ele><time>2026-03-01T10:13:00Z</time></trkpt>
			<trkpt lat="47.239370" lon="-1.214360"><ele>92</ele><time>2026-03-01T10:13:12Z</time></trkpt>
			<trkpt lat="47.239410" lon="-1.214410"><ele>91</ele><time>2026-03-01T10:13:24Z</time></trkpt>
			<trkpt lat="47.239430" lon="-1.214450"><ele>91</ele><time>2026-03-01T10:13:36Z</time></trkpt>
			<trkpt lat="47.239440" lon="-1.214500"><ele>91</ele><time>2026-03-01T10:13:48Z</time></trkpt>
			<trkpt lat="47.239450" lon="-1.214560"><ele>91</ele><time>2026-03-01T10:14:00Z</time></trkpt>
			<trkpt lat="47.239430" lon="-1.214630"><ele>91</ele><time>2026-03-01T10:14:12Z</time></trkpt>
			<trkpt lat="47.239480" lon="-1.214770"><ele>90</ele><time>2026-03-01T10:14:24Z</time></trkpt>
			<trkpt lat="47.239540" lon="-1.214890"><ele>90</ele><time>2026-03-01T10:14:36Z</time></trkpt>
			<trkpt lat="47.239590" lon="-1.214950"><ele>90</ele><time>2026-03-01T10:14:48Z</time></trkpt>
			<trkpt lat="47.239680" lon="-1.215030"><ele>89</ele><time>2026-03-01T10:15:00Z</time></trkpt>
			<trkpt lat="47.239890" lon="-1.215220"><ele>89</ele><time>2026-03-01T10:15:12Z</time></trkpt>
			<trkpt lat="47.240080" lon="-1.215360"><ele>88</ele><time>2026-03-01T10:15:24Z</time></trkpt>
			<trkpt lat="47.241000" lon="-1.216070"><ele>84</ele><time>2026-03-01T10:15:36Z</time></trkpt>
			<trkpt lat="47.241340" lon="-1.216340"><ele>82</ele><time>2026-03-01T10:15:48Z</time></trkpt>
			<trkpt lat="47.241430" lon="-1.216450"><ele>81</ele><time>2026-03-01T10:16:00Z</time></trkpt>
			<trkpt lat="47.241520" lon="-1.216570"><ele>80</ele><time>2026-03-01T10:16:12Z</time></trkpt>
			<trkpt lat="47.241560" lon="-1.216670"><ele>80</ele><time>2026-03-01T10:16:24Z</time></trkpt>
			<trkpt lat="47.241600" lon="-1.216810"><ele>79</ele><time>2026-03-01T10:16:36Z</time></trkpt>
			<trkpt lat="47.241670" lon="-1.217100"><ele>79</ele><time>2026-03-01T10:16:48Z</time></trkpt>
			<trkpt lat="47.241700" lon="-1.217210"><ele>79</ele><time>2026-03-01T10:17:00Z</time></trkpt>
			<trkpt lat="47.241770" lon="-1.217390"><ele>78</ele><time>2026-03-01T10:17:12Z</time></trkpt>
			<trkpt lat="47.241850" lon="-1.217500"><ele>78</ele><time>2026-03-01T10:17:24Z</time></trkpt>
			<trkpt lat="47.241930" lon="-1.217580"><ele>77</ele><time>2026-03-01T10:17:36Z</time></trkpt>
			<trkpt lat="47.242040" lon="-1.217660"><ele>76</ele><time>2026-03-01T10:17:48Z</time></trkpt>
			<trkpt lat="47.242630" lon="-1.217930"><ele>72</ele><time>2026-03-01T10:18:00Z</time></trkpt>
			<trkpt lat="47.243200" lon="-1.218220"><ele>70</ele><time>2026-03-01T10:18:12Z</time></trkpt>
			<trkpt lat="47.243310" lon="-1.218310"><ele>70</ele><time>2026-03-01T10:18:24Z</time></trkpt>
			<trkpt lat="47.243400" lon="-1.218410"><ele>70</ele><time>2026-03-01T10:18:36Z</time></trkpt>
			<trkpt lat="47.243470" lon="-1.218530"><ele>70</ele><time>2026-03-01T10:18:48Z</time></trkpt>
			<trkpt lat="47.243770" lon="-1.219190"><ele>70</ele><time>2026-03-01T10:19:00Z</time></trkpt>
			<trkpt lat="47.243920" lon="-1.219390"><ele>70</ele><time>2026-03-01T10:19:12Z</time></trkpt>
			<trkpt lat="47.244020" lon="-1.219480"><ele>70</ele><time>2026-03-01T10:19:24Z</time></trkpt>
			<trkpt lat="47.244130" lon="-1.219540"><ele>70</ele><time>2026-03-01T10:19:36Z</time></trkpt>
			<trkpt lat="47.244270" lon="-1.219590"><ele>71</ele><time>2026-03-01T10:19:48Z</time></trkpt>
			<trkpt lat="47.244780" lon="-1.219680"><ele>75</ele><time>2026-03-01T10:20:00Z</time></trkpt>
			<trkpt lat="47.245180" lon="-1.219790"><ele>78</ele><time>2026-03-01T10:20:12Z</time></trkpt>
			<trkpt lat="47.245300" lon="-1.219840"><ele>79</ele><time>2026-03-01T10:20:24Z</time></trkpt>
			<trkpt lat="47.245440" lon="-1.219940"><ele>80</ele><time>2026-03-01T10:20:36Z</time></trkpt>
			<trkpt lat="47.245550" lon="-1.220020"><ele>81</ele><time>2026-03-01T10:20:48Z</time></trkpt>
			<trkpt lat="47.245810" lon="-1.220270"><ele>83</ele><time>2026-03-01T10:21:00Z</time></trkpt>
			<trkpt lat="47.245960" lon="-1.220430"><ele>84</ele><time>2026-03-01T10:21:12Z</time></trkpt>
			<trkpt lat="47.247130" lon="-1.221580"><ele>91</ele><time>2026-03-01T10:21:24Z</time></trkpt>
			<trkpt lat="47.247570" lon="-1.222100"><ele>93</ele><time>2026-03-01T10:21:36Z</time></trkpt>
			<trkpt lat="47.247830" lon="-1.222410"><ele>94</ele><time>2026-03-01T10:21:48Z</time></trkpt>
			<trkpt lat="47.248020" lon="-1.222690"><ele>94</ele><time>2026-03-01T10:22:00Z</time></trkpt>
			<trkpt lat="47.248350" lon="-1.223290"><ele>94</ele><time>2026-03-01T10:22:12Z</time></trkpt>
			<trkpt lat="47.248890" lon="-1.224140"><ele>94</ele><time>2026-03-01T10:22:24Z</time></trkpt>
			<trkpt lat="47.249010" lon="-1.224360"><ele>94</ele><time>2026-03-01T10:22:36Z</time></trkpt>
			<trkpt lat="47.249180" lon="-1.224770"><ele>94</ele><time>2026-03-01T10:22:48Z</time></trkpt>
			<trkpt lat="47.249340" lon="-1.224980"><ele>94</ele><time>2026-03-01T10:23:00Z</time></trkpt>
			<trkpt lat="47.249490" lon="-1.225140"><ele>94</ele><time>2026-03-01T10:23:12Z</time></trkpt>
			<trkpt lat="47.249830" lon="-1.225450"><ele>94</ele><time>2026-03-01T10:23:24Z</time></trkpt>
			<trkpt lat="47.250030" lon="-1.225590"><ele>94</ele><time>2026-03-01T10:23:36Z</time></trkpt>
			<trkpt lat="47.250120" lon="-1.225640"><ele>93</ele><time>2026-03-01T10:23:48Z</time></trkpt>
			<trkpt lat="47.250580" lon="-1.225860"><ele>93</ele><time>2026-03-01T10:24:00Z</time></trkpt>
			<trkpt lat="47.250850" lon="-1.225950"><ele>93</ele><time>2026-03-01T10:24:12Z</time></trkpt>
			<trkpt lat="47.251100" lon="-1.226020"><ele>93</ele><time>2026-03-01T10:24:24Z</time></trkpt>
			<trkpt lat="47.251460" lon="-1.226110"><ele>94</ele><time>2026-03-01T10:24:36Z</time></trkpt>
			<trkpt lat="47.251490" lon="-1.226120"><ele>94</ele><time>2026-03-01T10:24:48Z</time></trkpt>
			<trkpt lat="47.252370" lon="-1.226310"><ele>93</ele><time>2026-03-01T10:25:00Z</time></trkpt>
			<trkpt lat="47.252480" lon="-1.226380"><ele>92</ele><time>2026-03-01T10:25:12Z</time></trkpt>
			<trkpt lat="47.252570" lon="-1.226460"><ele>92</ele><time>2026-03-01T10:25:24Z</time></trkpt>
			<trkpt lat="47.252650" lon="-1.226580"><ele>91</ele><time>2026-03-01T10:25:36Z</time></trkpt>
			<trkpt lat="47.252970" lon="-1.227180"><ele>88</ele><time>2026-03-01T10:25:48Z</time></trkpt>
			<trkpt lat="47.253060" lon="-1.227320"><ele>87</ele><time>2026-03-01T10:26:00Z</time></trkpt>
			<trkpt lat="47.253160" lon="-1.227450"><ele>86</ele><time>2026-03-01T10:26:12Z</time></trkpt>
			<trkpt lat="47.254150" lon="-1.228510"><ele>84</ele><time>2026-03-01T10:26:24Z</time></trkpt>
			<trkpt lat="47.255290" lon="-1.229710"><ele>84</ele><time>2026-03-01T10:26:36Z</time></trkpt>
			<trkpt lat="47.255460" lon="-1.229870"><ele>83</ele><time>2026-03-01T10:26:48Z</time></trkpt>
			<trkpt lat="47.255510" lon="-1.229920"><ele>83</ele><time>2026-03-01T10:27:00Z</time></trkpt>
			<trkpt lat="47.255740" lon="-1.230140"><ele>82</ele><time>2026-03-01T10:27:12Z</time></trkpt>
			<trkpt lat="47.256080" lon="-1.230410"><ele>82</ele><time>2026-03-01T10:27:24Z</time></trkpt>
			<trkpt lat="47.256680" lon="-1.230980"><ele>80</ele><time>2026-03-01T10:27:36Z</time></trkpt>
			<trkpt lat="47.257610" lon="-1.231900"><ele>77</ele><time>2026-03-01T10:27:48Z</time></trkpt>
			<trkpt lat="47.257740" lon="-1.232060"><ele>77</ele><time>2026-03-01T10:28:00Z</time></trkpt>
			<trkpt lat="47.257810" lon="-1.232170"><ele>77</ele><time>2026-03-01T10:28:12Z</time></trkpt>
			<trkpt lat="47.257930" lon="-1.232410"><ele>77</ele><time>2026-03-01T10:28:24Z</time></trkpt>
			<trkpt lat="47.258100" lon="-1.232810"><ele>75</ele><time>2026-03-01T10:28:36Z</time></trkpt>
			<trkpt lat="47.258270" lon="-1.233170"><ele>73</ele><time>2026-03-01T10:28:48Z</time></trkpt>
			<trkpt lat="47.258440" lon="-1.233490"><ele>70</ele><time>2026-03-01T10:29:00Z</time></trkpt>
			<trkpt lat="47.258620" lon="-1.233800"><ele>67</ele><time>2026-03-01T10:29:12Z</time></trkpt>
			<trkpt lat="47.258830" lon="-1.234120"><ele>65</ele><time>2026-03-01T10:29:24Z</time></trkpt>
			<trkpt lat="47.259160" lon="-1.234580"><ele>63</ele><time>2026-03-01T10:29:36Z</time></trkpt>
			<trkpt lat="47.259340" lon="-1.234820"><ele>64</ele><time>2026-03-01T10:29:48Z</time></trkpt>
			<trkpt lat="47.259490" lon="-1.235050"><ele>66</ele><time>2026-03-01T10:30:00Z</time></trkpt>
			<trkpt lat="47.259590" lon="-1.235230"><ele>67</ele><time>2026-03-01T10:30:12Z</time></trkpt>
			<trkpt lat="47.259650" lon="-1.235420"><ele>68</ele><time>2026-03-01T10:30:24Z</time></trkpt>
			<trkpt lat="47.259680" lon="-1.235580"><ele>69</ele><time>2026-03-01T10:30:36Z</time></trkpt>
			<trkpt lat="47.259740" lon="-1.236030"><ele>70</ele><time>2026-03-01T10:30:48Z</time></trkpt>
			<trkpt lat="47.259780" lon="-1.236200"><ele>71</ele><time>2026-03-01T10:31:00Z</time></trkpt>
			<trkpt lat="47.259830" lon="-1.236330"><ele>72</ele><time>2026-03-01T10:31:12Z</time></trkpt>
			<trkpt lat="47.259930" lon="-1.236530"><ele>73</ele><time>2026-03-01T10:31:24Z</time></trkpt>
			<trkpt lat="47.260460" lon="-1.237410"><ele>76</ele><time>2026-03-01T10:31:36Z</time></trkpt>
			<trkpt lat="47.260990" lon="-1.238280"><ele>79</ele><time>2026-03-01T10:31:48Z</time></trkpt>
			<trkpt lat="47.261090" lon="-1.238430"><ele>79</ele><time>2026-03-01T10:32:00Z</time></trkpt>
			<trkpt lat="47.261210" lon="-1.238580"><ele>79</ele><time>2026-03-01T10:32:12Z</time></trkpt>
			<trkpt lat="47.261340" lon="-1.238700"><ele>79</ele><time>2026-03-01T10:32:24Z</time></trkpt>
			<trkpt lat="47.261930" lon="-1.239260"><ele>81</ele><time>2026-03-01T10:32:36Z</time></trkpt>
			<trkpt lat="47.262200" lon="-1.239510"><ele>81</ele><time>2026-03-01T10:32:48Z</time></trkpt>
			<trkpt lat="47.262700" lon="-1.239960"><ele>82</ele><time>2026-03-01T10:33:00Z</time></trkpt>
			<trkpt lat="47.262780" lon="-1.240050"><ele>83</ele><time>2026-03-01T10:33:12Z</time></trkpt>
			<trkpt lat="47.263000" lon="-1.240360"><ele>84</ele><time>2026-03-01T10:33:24Z</time></trkpt>
			<trkpt lat="47.263210" lon="-1.240770"><ele>86</ele><time>2026-03-01T10:33:36Z</time></trkpt>
			<trkpt lat="47.263380" lon="-1.241080"><ele>87</ele><time>2026-03-01T10:33:48Z</time></trkpt>
			<trkpt lat="47.263520" lon="-1.241350"><ele>88</ele><time>2026-03-01T10:34:00Z</time></trkpt>
			<trkpt lat="47.263560" lon="-1.241420"><ele>88</ele><time>2026-03-01T10:34:12Z</time></trkpt>
			<trkpt lat="47.263890" lon="-1.242180"><ele>90</ele><time>2026-03-01T10:34:24Z</time></trkpt>
			<trkpt lat="47.263910" lon="-1.242210"><ele>90</ele><time>2026-03-01T10:34:36Z</time></trkpt>
			<trkpt lat="47.264190" lon="-1.242790"><ele>91</ele><time>2026-03-01T10:34:48Z</time></trkpt>
			<trkpt lat="47.264210" lon="-1.242840"><ele>91</ele><time>2026-03-01T10:35:00Z</time></trkpt>
			<trkpt lat="47.264260" lon="-1.242870"><ele>91</ele><time>2026-03-01T10:35:12Z</time></trkpt>
			<trkpt lat="47.264290" lon="-1.242880"><ele>91</ele><time>2026-03-01T10:35:24Z</time></trkpt>
			<trkpt lat="47.264560" lon="-1.242800"><ele>91</ele><time>2026-03-01T10:35:36Z</time></trkpt>
			<trkpt lat="47.264860" lon="-1.242720"><ele>91</ele><time>2026-03-01T10:35:48Z</time></trkpt>
			<trkpt lat="47.264970" lon="-1.242540"><ele>91</ele><time>2026-03-01T10:36:00Z</time></trkpt>
			<trkpt lat="47.265100" lon="-1.242380"><ele>91</ele><time>2026-03-01T10:36:12Z</time></trkpt>
			<trkpt lat="47.265150" lon="-1.242550"><ele>91</ele><time>2026-03-01T10:36:24Z</time></trkpt>
			<trkpt lat="47.265280" lon="-1.242990"><ele>91</ele><time>2026-03-01T10:36:36Z</time></trkpt>
			<trkpt lat="47.265380" lon="-1.243410"><ele>91</ele><time>2026-03-01T10:36:48Z</time></trkpt>
			<trkpt lat="47.265430" lon="-1.243650"><ele>91</ele><time>2026-03-01T10:37:00Z</time></trkpt>
			<trkpt lat="47.265460" lon="-1.243870"><ele>90</ele><time>2026-03-01T10:37:12Z</time></trkpt>
			<trkpt lat="47.265480" lon="-1.244120"><ele>90</ele><time>2026-03-01T10:37:24Z</time></trkpt>
			<trkpt lat="47.265670" lon="-1.244230"><ele>90</ele><time>2026-03-01T10:37:36Z</time></trkpt>
			<trkpt lat="47.265780" lon="-1.244300"><ele>90</ele><time>2026-03-01T10:37:48Z</time></trkpt>
			<trkpt lat="47.265890" lon="-1.244380"><ele>90</ele><time>2026-03-01T10:38:00Z</time></trkpt>
			<trkpt lat="47.266100" lon="-1.244480"><ele>90</ele><time>2026-03-01T10:38:12Z</time></trkpt>
			<trkpt lat="47.266530" lon="-1.244620"><ele>90</ele><time>2026-03-01T10:38:24Z</time></trkpt>
			<trkpt lat="47.266650" lon="-1.244680"><ele>89</ele><time>2026-03-01T10:38:36Z</time></trkpt>
			<trkpt lat="47.266870" lon="-1.244820"><ele>89</ele><time>2026-03-01T10:38:48Z</time></trkpt>
			<trkpt lat="47.266950" lon="-1.244850"><ele>88</ele><time>2026-03-01T10:39:00Z</time></trkpt>
			<trkpt lat="47.267000" lon="-1.244890"><ele>88</ele><time>2026-03-01T10:39:12Z</time></trkpt>
			<trkpt lat="47.267110" lon="-1.244960"><ele>88</ele><time>2026-03-01T10:39:24Z</time></trkpt>
			<trkpt lat="47.267360" lon="-1.245050"><ele>87</ele><time>2026-03-01T10:39:36Z</time></trkpt>
			<trkpt lat="47.267860" lon="-1.245170"><ele>87</ele><time>2026-03-01T10:39:48Z</time></trkpt>
			<trkpt lat="47.267890" lon="-1.245180"><ele>87</ele><time>2026-03-01T10:40:00Z</time></trkpt>
			<trkpt lat="47.268480" lon="-1.245380"><ele>86</ele><time>2026-03-01T10:40:12Z</time></trkpt>
			<trkpt lat="47.268880" lon="-1.245530"><ele>86</ele><time>2026-03-01T10:40:24Z</time></trkpt>
			<trkpt lat="47.269340" lon="-1.245600"><ele>85</ele><time>2026-03-01T10:40:36Z</time></trkpt>
			<trkpt lat="47.269670" lon="-1.245630"><ele>85</ele><time>2026-03-01T10:40:48Z</time></trkpt>
			<trkpt lat="47.269780" lon="-1.245670"><ele>85</ele><time>2026-03-01T10:41:00Z</time></trkpt>
			<trkpt lat="47.270150" lon="-1.245890"><ele>84</ele><time>2026-03-01T10:41:12Z</time></trkpt>
			<trkpt lat="47.270410" lon="-1.246030"><ele>84</ele><time>2026-03-01T10:41:24Z</time></trkpt>
			<trkpt lat="47.270720" lon="-1.246160"><ele>82</ele><time>2026-03-01T10:41:36Z</time></trkpt>
			<trkpt lat="47.270960" lon="-1.246270"><ele>82</ele><time>2026-03-01T10:41:48Z</time></trkpt>
			<trkpt lat="47.271290" lon="-1.246430"><ele>83</ele><time>2026-03-01T10:42:00Z</time></trkpt>
			<trkpt lat="47.271480" lon="-1.246550"><ele>83</ele><time>2026-03-01T10:42:12Z</time></trkpt>
			<trkpt lat="47.272000" lon="-1.246970"><ele>82</ele><time>2026-03-01T10:42:24Z</time></trkpt>
			<trkpt lat="47.272120" lon="-1.247030"><ele>82</ele><time>2026-03-01T10:42:36Z</time></trkpt>
			<trkpt lat="47.272240" lon="-1.247080"><ele>82</ele><time>2026-03-01T10:42:48Z</time></trkpt>
			<trkpt lat="47.272390" lon="-1.247100"><ele>82</ele><time>2026-03-01T10:43:00Z</time></trkpt>
			<trkpt lat="47.272540" lon="-1.247100"><ele>81</ele><time>2026-03-01T10:43:12Z</time></trkpt>
			<trkpt lat="47.273000" lon="-1.247010"><ele>81</ele><time>2026-03-01T10:43:24Z</time></trkpt>
			<trkpt lat="47.273150" lon="-1.247000"><ele>81</ele><time>2026-03-01T10:43:36Z</time></trkpt>
			<trkpt lat="47.273660" lon="-1.247010"><ele>81</ele><time>2026-03-01T10:43:48Z</time></trkpt>
			<trkpt lat="47.273900" lon="-1.247030"><ele>80</ele><time>2026-03-01T10:44:00Z</time></trkpt>
			<trkpt lat="47.274180" lon="-1.247020"><ele>80</ele><time>2026-03-01T10:44:12Z</time></trkpt>
			<trkpt lat="47.275790" lon="-1.246730"><ele>74</ele><time>2026-03-01T10:44:24Z</time></trkpt>
			<trkpt lat="47.275980" lon="-1.246670"><ele>73</ele><time>2026-03-01T10:44:36Z</time></trkpt>
			<trkpt lat="47.276180" lon="-1.246590"><ele>72</ele><time>2026-03-01T10:44:48Z</time></trkpt>
			<trkpt lat="47.276310" lon="-1.246510"><ele>71</ele><time>2026-03-01T10:45:00Z</time></trkpt>
			<trkpt lat="47.276620" lon="-1.246300"><ele>69</ele><time>2026-03-01T10:45:12Z</time></trkpt>
			<trkpt lat="47.276760" lon="-1.246250"><ele>69</ele><time>2026-03-01T10:45:24Z</time></trkpt>
			<trkpt lat="47.276860" lon="-1.246230"><ele>68</ele><time>2026-03-01T10:45:36Z</time></trkpt>
			<trkpt lat="47.276950" lon="-1.246230"><ele>68</ele><time>2026-03-01T10:45:48Z</time></trkpt>
			<trkpt lat="47.277400" lon="-1.246410"><ele>67</ele><time>2026-03-01T10:46:00Z</time></trkpt>
			<trkpt lat="47.277490" lon="-1.246430"><ele>66</ele><time>2026-03-01T10:46:12Z</time></trkpt>
			<trkpt lat="47.277610" lon="-1.246450"><ele>67</ele><time>2026-03-01T10:46:24Z</time></trkpt>
			<trkpt lat="47.277720" lon="-1.246440"><ele>67</ele><time>2026-03-01T10:46:36Z</time></trkpt>
			<trkpt lat="47.278630" lon="-1.246390"><ele>71</ele><time>2026-03-01T10:46:48Z</time></trkpt>
			<trkpt lat="47.278750" lon="-1.246400"><ele>72</ele><time>2026-03-01T10:47:00Z</time></trkpt>
			<trkpt lat="47.278940" lon="-1.246430"><ele>73</ele><time>2026-03-01T10:47:12Z</time></trkpt>
			<trkpt lat="47.279040" lon="-1.246470"><ele>74</ele><time>2026-03-01T10:47:24Z</time></trkpt>
			<trkpt lat="47.279110" lon="-1.246520"><ele>74</ele><time>2026-03-01T10:47:36Z</time></trkpt>
			<trkpt lat="47.279170" lon="-1.246570"><ele>74</ele><time>2026-03-01T10:47:48Z</time></trkpt>
			<trkpt lat="47.279260" lon="-1.246690"><ele>74</ele><time>2026-03-01T10:48:00Z</time></trkpt>
			<trkpt lat="47.279310" lon="-1.246800"><ele>74</ele><time>2026-03-01T10:48:12Z</time></trkpt>
			<trkpt lat="47.279360" lon="-1.246920"><ele>74</ele><time>2026-03-01T10:48:24Z</time></trkpt>
			<trkpt lat="47.279440" lon="-1.247230"><ele>73</ele><time>2026-03-01T10:48:36Z</time></trkpt>
			<trkpt lat="47.279480" lon="-1.247420"><ele>73</ele><time>2026-03-01T10:48:48Z</time></trkpt>
			<trkpt lat="47.279520" lon="-1.247630"><ele>72</ele><time>2026-03-01T10:49:00Z</time></trkpt>
			<trkpt lat="47.279570" lon="-1.247760"><ele>72</ele><time>2026-03-01T10:49:12Z</time></trkpt>
			<trkpt lat="47.279640" lon="-1.247910"><ele>71</ele><time>2026-03-01T10:49:24Z</time></trkpt>
			<trkpt lat="47.279730" lon="-1.248040"><ele>71</ele><time>2026-03-01T10:49:36Z</time></trkpt>
			<trkpt lat="47.280100" lon="-1.248520"><ele>70</ele><time>2026-03-01T10:49:48Z</time></trkpt>
			<trkpt lat="47.280370" lon="-1.248860"><ele>69</ele><time>2026-03-01T10:50:00Z</time></trkpt>
			<trkpt lat="47.280440" lon="-1.248960"><ele>69</ele><time>2026-03-01T10:50:12Z</time></trkpt>
			<trkpt lat="47.280540" lon="-1.249130"><ele>69</ele><time>2026-03-01T10:50:24Z</time></trkpt>
			<trkpt lat="47.280670" lon="-1.249360"><ele>68</ele><time>2026-03-01T10:50:36Z</time></trkpt>
			<trkpt lat="47.281190" lon="-1.250430"><ele>68</ele><time>2026-03-01T10:50:48Z</time></trkpt>
			<trkpt lat="47.281310" lon="-1.250650"><ele>68</ele><time>2026-03-01T10:51:00Z</time></trkpt>
			<trkpt lat="47.281380" lon="-1.250770"><ele>68</ele><time>2026-03-01T10:51:12Z</time></trkpt>
			<trkpt lat="47.281470" lon="-1.250880"><ele>69</ele><time>2026-03-01T10:51:24Z</time></trkpt>
			<trkpt lat="47.281570" lon="-1.250980"><ele>69</ele><time>2026-03-01T10:51:36Z</time></trkpt>
			<trkpt lat="47.281780" lon="-1.251160"><ele>69</ele><time>2026-03-01T10:51:48Z</time></trkpt>
			<trkpt lat="47.281880" lon="-1.251280"><ele>69</ele><time>2026-03-01T10:52:00Z</time></trkpt>
			<trkpt lat="47.281930" lon="-1.251380"><ele>69</ele><time>2026-03-01T10:52:12Z</time></trkpt>
			<trkpt lat="47.281980" lon="-1.251510"><ele>69</ele><time>2026-03-01T10:52:24Z</time></trkpt>
			<trkpt lat="47.282100" lon="-1.252030"><ele>68</ele><time>2026-03-01T10:52:36Z</time></trkpt>
			<trkpt lat="47.282190" lon="-1.252260"><ele>67</ele><time>2026-03-01T10:52:48Z</time></trkpt>
			<trkpt lat="47.282550" lon="-1.252920"><ele>65</ele><time>2026-03-01T10:53:00Z</time></trkpt>
			<trkpt lat="47.282700" lon="-1.253150"><ele>63</ele><time>2026-03-01T10:53:12Z</time></trkpt>
			<trkpt lat="47.282760" lon="-1.253210"><ele>63</ele><time>2026-03-01T10:53:24Z</time></trkpt>
			<trkpt lat="47.282820" lon="-1.253250"><ele>62</ele><time>2026-03-01T10:53:36Z</time></trkpt>
			<trkpt lat="47.282900" lon="-1.253270"><ele>61</ele><time>2026-03-01T10:53:48Z</time></trkpt>
			<trkpt lat="47.283000" lon="-1.253270"><ele>61</ele><time>2026-03-01T10:54:00Z</time></trkpt>
			<trkpt lat="47.283110" lon="-1.253240"><ele>60</ele><time>2026-03-01T10:54:12Z</time></trkpt>
			<trkpt lat="47.283500" lon="-1.253050"><ele>60</ele><time>2026-03-01T10:54:24Z</time></trkpt>
			<trkpt lat="47.283570" lon="-1.252990"><ele>60</ele><time>2026-03-01T10:54:36Z</time></trkpt>
			<trkpt lat="47.283580" lon="-1.252940"><ele>61</ele><time>2026-03-01T10:54:48Z</time></trkpt>
			<trkpt lat="47.283580" lon="-1.252920"><ele>61</ele><time>2026-03-01T10:55:00Z</time></trkpt>
			<trkpt lat="47.283610" lon="-1.252900"><ele>61</ele><time>2026-03-01T10:55:12Z</time></trkpt>
			<trkpt lat="47.283630" lon="-1.252900"><ele>61</ele><time>2026-03-01T10:55:24Z</time></trkpt>
			<trkpt lat="47.283650" lon="-1.252910"><ele>61</ele><time>2026-03-01T10:55:36Z</time></trkpt>
			<trkpt lat="47.283670" lon="-1.252940"><ele>61</ele><time>2026-03-01T10:55:48Z</time></trkpt>
			<trkpt lat="47.283670" lon="-1.252980"><ele>60</ele><time>2026-03-01T10:56:00Z</time></trkpt>
			<trkpt lat="47.283670" lon="-1.253010"><ele>60</ele><time>2026-03-01T10:56:12Z</time></trkpt>
			<trkpt lat="47.283800" lon="-1.253150"><ele>59</ele><time>2026-03-01T10:56:24Z</time></trkpt>
			<trkpt lat="47.283850" lon="-1.253230"><ele>59</ele><time>2026-03-01T10:56:36Z</time></trkpt>
			<trkpt lat="47.283900" lon="-1.253330"><ele>59</ele><time>2026-03-01T10:56:48Z</time></trkpt>
			<trkpt lat="47.283940" lon="-1.253460"><ele>59</ele><time>2026-03-01T10:57:00Z</time></trkpt>
			<trkpt lat="47.283960" lon="-1.253610"><ele>59</ele><time>2026-03-01T10:57:12Z</time></trkpt>
			<trkpt lat="47.284090" lon="-1.254480"><ele>62</ele><time>2026-03-01T10:57:24Z</time></trkpt>
			<trkpt lat="47.284090" lon="-1.254520"><ele>62</ele><time>2026-03-01T10:57:36Z</time></trkpt>
			<trkpt lat="47.284120" lon="-1.254800"><ele>63</ele><time>2026-03-01T10:57:48Z</time></trkpt>
			<trkpt lat="47.284170" lon="-1.255540"><ele>68</ele><time>2026-03-01T10:58:00Z</time></trkpt>
			<trkpt lat="47.284180" lon="-1.255640"><ele>68</ele><time>2026-03-01T10:58:12Z</time></trkpt>
			<trkpt lat="47.284250" lon="-1.255710"><ele>69</ele><time>2026-03-01T10:58:24Z</time></trkpt>
			<trkpt lat="47.284330" lon="-1.255750"><ele>69</ele><time>2026-03-01T10:58:36Z</time></trkpt>
			<trkpt lat="47.284700" lon="-1.255860"><ele>70</ele><time>2026-03-01T10:58:48Z</time></trkpt>
			<trkpt lat="47.284750" lon="-1.255800"><ele>70</ele><time>2026-03-01T10:59:00Z</time></trkpt>
			<trkpt lat="47.284820" lon="-1.255630"><ele>70</ele><time>2026-03-01T10:59:12Z</time></trkpt>
			<trkpt lat="47.284870" lon="-1.255590"><ele>70</ele><time>2026-03-01T10:59:24Z</time></trkpt>
			<trkpt lat="47.285160" lon="-1.255470"><ele>70</ele><time>2026-03-01T10:59:36Z</time></trkpt>
			<trkpt lat="47.285470" lon="-1.255350"><ele>71</ele><time>2026-03-01T10:59:48Z</time></trkpt>
			<trkpt lat="47.285580" lon="-1.255330"><ele>71</ele><time>2026-03-01T11:00:00Z</time></trkpt>
			<trkpt lat="47.286190" lon="-1.255380"><ele>73</ele><time>2026-03-01T11:00:12Z</time></trkpt>
			<trkpt lat="47.286560" lon="-1.255380"><ele>74</ele><time>2026-03-01T11:00:24Z</time></trkpt>
			<trkpt lat="47.286670" lon="-1.255370"><ele>74</ele><time>2026-03-01T11:00:36Z</time></trkpt>
			<trkpt lat="47.286980" lon="-1.255300"><ele>74</ele><time>2026-03-01T11:00:48Z</time></trkpt>
			<trkpt lat="47.287120" lon="-1.255260"><ele>74</ele><time>2026-03-01T11:01:00Z</time></trkpt>
			<trkpt lat="47.287240" lon="-1.255200"><ele>75</ele><time>2026-03-01T11:01:12Z</time></trkpt>
			<trkpt lat="47.287310" lon="-1.255130"><ele>75</ele><time>2026-03-01T11:01:24Z</time></trkpt>
			<trkpt lat="47.287750" lon="-1.254530"><ele>76</ele><time>2026-03-01T11:01:36Z</time></trkpt>
			<trkpt lat="47.287870" lon="-1.254370"><ele>75</ele><time>2026-03-01T11:01:48Z</time></trkpt>
			<trkpt lat="47.287890" lon="-1.254400"><ele>75</ele><time>2026-03-01T11:02:00Z</time></trkpt>
			<trkpt lat="47.288390" lon="-1.254680"><ele>76</ele><time>2026-03-01T11:02:12Z</time></trkpt>
			<trkpt lat="47.288580" lon="-1.254750"><ele>77</ele><time>2026-03-01T11:02:24Z</time></trkpt>
			<trkpt lat="47.290070" lon="-1.255150"><ele>77</ele><time>2026-03-01T11:02:36Z</time></trkpt>
			<trkpt lat="47.290820" lon="-1.255270"><ele>78</ele><time>2026-03-01T11:02:48Z</time></trkpt>
			<trkpt lat="47.291560" lon="-1.255360"><ele>78</ele><time>2026-03-01T11:03:00Z</time></trkpt>
			<trkpt lat="47.291700" lon="-1.255360"><ele>78</ele><time>2026-03-01T11:03:12Z</time></trkpt>
			<trkpt lat="47.291940" lon="-1.255300"><ele>78</ele><time>2026-03-01T11:03:24Z</time></trkpt>
			<trkpt lat="47.292070" lon="-1.255260"><ele>78</ele><time>2026-03-01T11:03:36Z</time></trkpt>
			<trkpt lat="47.292220" lon="-1.255190"><ele>77</ele><time>2026-03-01T11:03:48Z</time></trkpt>
			<trkpt lat="47.293550" lon="-1.254430"><ele>80</ele><time>2026-03-01T11:04:00Z</time></trkpt>
			<trkpt lat="47.293770" lon="-1.254330"><ele>80</ele><time>2026-03-01T11:04:12Z</time></trkpt>
			<trkpt lat="47.294030" lon="-1.254240"><ele>80</ele><time>2026-03-01T11:04:24Z</time></trkpt>
			<trkpt lat="47.294800" lon="-1.254030"><ele>80</ele><time>2026-03-01T11:04:36Z</time></trkpt>
			<trkpt lat="47.294940" lon="-1.254000"><ele>80</ele><time>2026-03-01T11:04:48Z</time></trkpt>
			<trkpt lat="47.295070" lon="-1.253970"><ele>80</ele><time>2026-03-01T11:05:00Z</time></trkpt>
			<trkpt lat="47.295590" lon="-1.253930"><ele>80</ele><time>2026-03-01T11:05:12Z</time></trkpt>
			<trkpt lat="47.295710" lon="-1.253900"><ele>80</ele><time>2026-03-01T11:05:24Z</time></trkpt>
			<trkpt lat="47.295750" lon="-1.253880"><ele>80</ele><time>2026-03-01T11:05:36Z</time></trkpt>
			<trkpt lat="47.295940" lon="-1.253760"><ele>80</ele><time>2026-03-01T11:05:48Z</time></trkpt>
			<trkpt lat="47.296620" lon="-1.253260"><ele>78</ele><time>2026-03-01T11:06:00Z</time></trkpt>
			<trkpt lat="47.297230" lon="-1.252920"><ele>78</ele><time>2026-03-01T11:06:12Z</time></trkpt>
			<trkpt lat="47.298510" lon="-1.252480"><ele>77</ele><time>2026-03-01T11:06:24Z</time></trkpt>
			<trkpt lat="47.298650" lon="-1.252480"><ele>77</ele><time>2026-03-01T11:06:36Z</time></trkpt>
			<trkpt lat="47.298700" lon="-1.252490"><ele>77</ele><time>2026-03-01T11:06:48Z</time></trkpt>
			<trkpt lat="47.298760" lon="-1.252540"><ele>77</ele><time>2026-03-01T11:07:00Z</time></trkpt>
			<trkpt lat="47.298820" lon="-1.252600"><ele>77</ele><time>2026-03-01T11:07:12Z</time></trkpt>
			<trkpt lat="47.299050" lon="-1.252900"><ele>77</ele><time>2026-03-01T11:07:24Z</time></trkpt>
			<trkpt lat="47.299240" lon="-1.253280"><ele>76</ele><time>2026-03-01T11:07:36Z</time></trkpt>
			<trkpt lat="47.299470" lon="-1.253920"><ele>75</ele><time>2026-03-01T11:07:48Z</time></trkpt>
			<trkpt lat="47.299560" lon="-1.254050"><ele>75</ele><time>2026-03-01T11:08:00Z</time></trkpt>
			<trkpt lat="47.299690" lon="-1.254190"><ele>74</ele><time>2026-03-01T11:08:12Z</time></trkpt>
			<trkpt lat="47.300290" lon="-1.254700"><ele>73</ele><time>2026-03-01T11:08:24Z</time></trkpt>
			<trkpt lat="47.300670" lon="-1.254980"><ele>72</ele><time>2026-03-01T11:08:36Z</time></trkpt>
			<trkpt lat="47.303050" lon="-1.256350"><ele>78</ele><time>2026-03-01T11:08:48Z</time></trkpt>
			<trkpt lat="47.303630" lon="-1.256670"><ele>79</ele><time>2026-03-01T11:09:00Z</time></trkpt>
			<trkpt lat="47.305410" lon="-1.257970"><ele>80</ele><time>2026-03-01T11:09:12Z</time></trkpt>
			<trkpt lat="47.306020" lon="-1.258490"><ele>81</ele><time>2026-03-01T11:09:24Z</time></trkpt>
			<trkpt lat="47.307940" lon="-1.260510"><ele>79</ele><time>2026-03-01T11:09:36Z</time></trkpt>
			<trkpt lat="47.308880" lon="-1.261600"><ele>75</ele><time>2026-03-01T11:09:48Z</time></trkpt>
			<trkpt lat="47.309240" lon="-1.261960"><ele>74</ele><time>2026-03-01T11:10:00Z</time></trkpt>
			<trkpt lat="47.309670" lon="-1.262290"><ele>76</ele><time>2026-03-01T11:10:12Z</time></trkpt>
			<trkpt lat="47.309850" lon="-1.262390"><ele>76</ele><time>2026-03-01T11:10:24Z</time></trkpt>
			<trkpt lat="47.310090" lon="-1.262460"><ele>76</ele><time>2026-03-01T11:10:36Z</time></trkpt>
			<trkpt lat="47.310220" lon="-1.262480"><ele>76</ele><time>2026-03-01T11:10:48Z</time></trkpt>
			<trkpt lat="47.310360" lon="-1.262480"><ele>75</ele><time>2026-03-01T11:11:00Z</time></trkpt>
			<trkpt lat="47.310480" lon="-1.262470"><ele>75</ele><time>2026-03-01T11:11:12Z</time></trkpt>
			<trkpt lat="47.310620" lon="-1.262430"><ele>74</ele><time>2026-03-01T11:11:24Z</time></trkpt>
			<trkpt lat="47.310810" lon="-1.262360"><ele>73</ele><time>2026-03-01T11:11:36Z</time></trkpt>
			<trkpt lat="47.310940" lon="-1.262290"><ele>73</ele><time>2026-03-01T11:11:48Z</time></trkpt>
			<trkpt lat="47.311210" lon="-1.262080"><ele>73</ele><time>2026-03-01T11:12:00Z</time></trkpt>
			<trkpt lat="47.311330" lon="-1.262010"><ele>73</ele><time>2026-03-01T11:12:12Z</time></trkpt>
			<trkpt lat="47.311470" lon="-1.261950"><ele>73</ele><time>2026-03-01T11:12:24Z</time></trkpt>
			<trkpt lat="47.312700" lon="-1.261590"><ele>71</ele><time>2026-03-01T11:12:36Z</time></trkpt>
			<trkpt lat="47.312890" lon="-1.261540"><ele>72</ele><time>2026-03-01T11:12:48Z</time></trkpt>
			<trkpt lat="47.313120" lon="-1.261520"><ele>72</ele><time>2026-03-01T11:13:00Z</time></trkpt>
			<trkpt lat="47.314080" lon="-1.261550"><ele>72</ele><time>2026-03-01T11:13:12Z</time></trkpt>
			<trkpt lat="47.314240" lon="-1.261570"><ele>72</ele><time>2026-03-01T11:13:24Z</time></trkpt>
			<trkpt lat="47.314380" lon="-1.261610"><ele>72</ele><time>2026-03-01T11:13:36Z</time></trkpt>
			<trkpt lat="47.314530" lon="-1.261690"><ele>73</ele><time>2026-03-01T11:13:48Z</time></trkpt>
			<trkpt lat="47.314680" lon="-1.261800"><ele>73</ele><time>2026-03-01T11:14:00Z</time></trkpt>
			<trkpt lat="47.315350" lon="-1.262410"><ele>74</ele><time>2026-03-01T11:14:12Z</time></trkpt>
			<trkpt lat="47.315580" lon="-1.262580"><ele>75</ele><time>2026-03-01T11:14:24Z</time></trkpt>
			<trkpt lat="47.315760" lon="-1.262690"><ele>75</ele><time>2026-03-01T11:14:36Z</time></trkpt>
			<trkpt lat="47.315940" lon="-1.262740"><ele>76</ele><time>2026-03-01T11:14:48Z</time></trkpt>
			<trkpt lat="47.316130" lon="-1.262770"><ele>76</ele><time>2026-03-01T11:15:00Z</time></trkpt>
			<trkpt lat="47.316280" lon="-1.262760"><ele>77</ele><time>2026-03-01T11:15:12Z</time></trkpt>
			<trkpt lat="47.316490" lon="-1.262730"><ele>78</ele><time>2026-03-01T11:15:24Z</time></trkpt>
			<trkpt lat="47.316720" lon="-1.262650"><ele>78</ele><time>2026-03-01T11:15:36Z</time></trkpt>
			<trkpt lat="47.318200" lon="-1.262110"><ele>81</ele><time>2026-03-01T11:15:48Z</time></trkpt>
			<trkpt lat="47.318480" lon="-1.261990"><ele>82</ele><time>2026-03-01T11:16:00Z</time></trkpt>
			<trkpt lat="47.318670" lon="-1.261880"><ele>82</ele><time>2026-03-01T11:16:12Z</time></trkpt>
			<trkpt lat="47.319080" lon="-1.261610"><ele>82</ele><time>2026-03-01T11:16:24Z</time></trkpt>
			<trkpt lat="47.320080" lon="-1.260870"><ele>84</ele><time>2026-03-01T11:16:36Z</time></trkpt>
			<trkpt lat="47.320320" lon="-1.260730"><ele>84</ele><time>2026-03-01T11:16:48Z</time></trkpt>
			<trkpt lat="47.320550" lon="-1.260600"><ele>83</ele><time>2026-03-01T11:17:00Z</time></trkpt>
			<trkpt lat="47.320990" lon="-1.260440"><ele>82</ele><time>2026-03-01T11:17:12Z</time></trkpt>
			<trkpt lat="47.321350" lon="-1.260360"><ele>82</ele><time>2026-03-01T11:17:24Z</time></trkpt>
			<trkpt lat="47.322390" lon="-1.260150"><ele>83</ele><time>2026-03-01T11:17:36Z</time></trkpt>
			<trkpt lat="47.322750" lon="-1.260090"><ele>82</ele><time>2026-03-01T11:17:48Z</time></trkpt>
			<trkpt lat="47.323010" lon="-1.260090"><ele>82</ele><time>2026-03-01T11:18:00Z</time></trkpt>
			<trkpt lat="47.324900" lon="-1.260430"><ele>79</ele><time>2026-03-01T11:18:12Z</time></trkpt>
			<trkpt lat="47.326280" lon="-1.260680"><ele>76</ele><time>2026-03-01T11:18:24Z</time></trkpt>
			<trkpt lat="47.327110" lon="-1.260830"><ele>75</ele><time>2026-03-01T11:18:36Z</time></trkpt>
			<trkpt lat="47.327300" lon="-1.260850"><ele>74</ele><time>2026-03-01T11:18:48Z</time></trkpt>
			<trkpt lat="47.327530" lon="-1.260870"><ele>74</ele><time>2026-03-01T11:19:00Z</time></trkpt>
			<trkpt lat="47.327910" lon="-1.260880"><ele>74</ele><time>2026-03-01T11:19:12Z</time></trkpt>
			<trkpt lat="47.328720" lon="-1.260910"><ele>72</ele><time>2026-03-01T11:19:24Z</time></trkpt>
			<trkpt lat="47.329280" lon="-1.260950"><ele>72</ele><time>2026-03-01T11:19:36Z</time></trkpt>
			<trkpt lat="47.329420" lon="-1.260980"><ele>72</ele><time>2026-03-01T11:19:48Z</time></trkpt>
			<trkpt lat="47.329460" lon="-1.261000"><ele>72</ele><time>2026-03-01T11:20:00Z</time></trkpt>
			<trkpt lat="47.329520" lon="-1.260920"><ele>72</ele><time>2026-03-01T11:20:12Z</time></trkpt>
			<trkpt lat="47.329590" lon="-1.260860"><ele>72</ele><time>2026-03-01T11:20:24Z</time></trkpt>
			<trkpt lat="47.329650" lon="-1.260830"><ele>73</ele><time>2026-03-01T11:20:36Z</time></trkpt>
			<trkpt lat="47.329800" lon="-1.260790"><ele>73</ele><time>2026-03-01T11:20:48Z</time></trkpt>
			<trkpt lat="47.329930" lon="-1.260800"><ele>73</ele><time>2026-03-01T11:21:00Z</time></trkpt>
			<trkpt lat="47.330040" lon="-1.260830"><ele>73</ele><time>2026-03-01T11:21:12Z</time></trkpt>
			<trkpt lat="47.330330" lon="-1.260940"><ele>73</ele><time>2026-03-01T11:21:24Z</time></trkpt>
			<trkpt lat="47.330520" lon="-1.261050"><ele>72</ele><time>2026-03-01T11:21:36Z</time></trkpt>
			<trkpt lat="47.330680" lon="-1.261150"><ele>71</ele><time>2026-03-01T11:21:48Z</time></trkpt>
			<trkpt lat="47.331510" lon="-1.261720"><ele>72</ele><time>2026-03-01T11:22:00Z</time></trkpt>
			<trkpt lat="47.331670" lon="-1.261860"><ele>73</ele><time>2026-03-01T11:22:12Z</time></trkpt>
			<trkpt lat="47.331990" lon="-1.262150"><ele>74</ele><time>2026-03-01T11:22:24Z</time></trkpt>
			<trkpt lat="47.332600" lon="-1.262750"><ele>75</ele><time>2026-03-01T11:22:36Z</time></trkpt>
			<trkpt lat="47.332810" lon="-1.263000"><ele>75</ele><time>2026-03-01T11:22:48Z</time></trkpt>
			<trkpt lat="47.333560" lon="-1.264060"><ele>76</ele><time>2026-03-01T11:23:00Z</time></trkpt>
			<trkpt lat="47.333640" lon="-1.264150"><ele>76</ele><time>2026-03-01T11:23:12Z</time></trkpt>
			<trkpt lat="47.333690" lon="-1.264190"><ele>76</ele><time>2026-03-01T11:23:24Z</time></trkpt>
			<trkpt lat="47.333750" lon="-1.264210"><ele>76</ele><time>2026-03-01T11:23:36Z</time></trkpt>
			<trkpt lat="47.333820" lon="-1.264210"><ele>76</ele><time>2026-03-01T11:23:48Z</time></trkpt>
			<trkpt lat="47.334140" lon="-1.264060"><ele>76</ele><time>2026-03-01T11:24:00Z</time></trkpt>
			<trkpt lat="47.334200" lon="-1.264010"><ele>76</ele><time>2026-03-01T11:24:12Z</time></trkpt>
			<trkpt lat="47.334240" lon="-1.263940"><ele>76</ele><time>2026-03-01T11:24:24Z</time></trkpt>
			<trkpt lat="47.334220" lon="-1.263890"><ele>76</ele><time>2026-03-01T11:24:36Z</time></trkpt>
			<trkpt lat="47.334230" lon="-1.263840"><ele>75</ele><time>2026-03-01T11:24:48Z</time></trkpt>
			<trkpt lat="47.334240" lon="-1.263810"><ele>75</ele><time>2026-03-01T11:25:00Z</time></trkpt>
			<trkpt lat="47.334270" lon="-1.263800"><ele>75</ele><time>2026-03-01T11:25:12Z</time></trkpt>
			<trkpt lat="47.334300" lon="-1.263810"><ele>75</ele><time>2026-03-01T11:25:24Z</time></trkpt>
			<trkpt lat="47.334320" lon="-1.263840"><ele>75</ele><time>2026-03-01T11:25:36Z</time></trkpt>
			<trkpt lat="47.334970" lon="-1.263430"><ele>74</ele><time>2026-03-01T11:25:48Z</time></trkpt>
			<trkpt lat="47.335120" lon="-1.263340"><ele>74</ele><time>2026-03-01T11:26:00Z</time></trkpt>
			<trkpt lat="47.335800" lon="-1.262920"><ele>73</ele><time>2026-03-01T11:26:12Z</time></trkpt>
			<trkpt lat="47.335990" lon="-1.262830"><ele>72</ele><time>2026-03-01T11:26:24Z</time></trkpt>
			<trkpt lat="47.336230" lon="-1.262750"><ele>72</ele><time>2026-03-01T11:26:36Z</time></trkpt>
			<trkpt lat="47.336290" lon="-1.262720"><ele>72</ele><time>2026-03-01T11:26:48Z</time></trkpt>
			<trkpt lat="47.337190" lon="-1.262400"><ele>68</ele><time>2026-03-01T11:27:00Z</time></trkpt>
			<trkpt lat="47.337200" lon="-1.262360"><ele>68</ele><time>2026-03-01T11:27:12Z</time></trkpt>
			<trkpt lat="47.337210" lon="-1.262320"><ele>68</ele><time>2026-03-01T11:27:24Z</time></trkpt>
			<trkpt lat="47.337230" lon="-1.262290"><ele>68</ele><time>2026-03-01T11:27:36Z</time></trkpt>
			<trkpt lat="47.337260" lon="-1.262290"><ele>68</ele><time>2026-03-01T11:27:48Z</time></trkpt>
			<trkpt lat="47.337260" lon="-1.262140"><ele>68</ele><time>2026-03-01T11:28:00Z</time></trkpt>
			<trkpt lat="47.337140" lon="-1.261670"><ele>68</ele><time>2026-03-01T11:28:12Z</time></trkpt>
			<trkpt lat="47.336730" lon="-1.260290"><ele>67</ele><time>2026-03-01T11:28:24Z</time></trkpt>
			<trkpt lat="47.336230" lon="-1.258630"><ele>68</ele><time>2026-03-01T11:28:36Z</time></trkpt>
			<trkpt lat="47.336160" lon="-1.258310"><ele>68</ele><time>2026-03-01T11:28:48Z</time></trkpt>
			<trkpt lat="47.336120" lon="-1.258070"><ele>68</ele><time>2026-03-01T11:29:00Z</time></trkpt>
			<trkpt lat="47.336100" lon="-1.257850"><ele>68</ele><time>2026-03-01T11:29:12Z</time></trkpt>
			<trkpt lat="47.336060" lon="-1.256670"><ele>70</ele><time>2026-03-01T11:29:24Z</time></trkpt>
			<trkpt lat="47.336020" lon="-1.256580"><ele>70</ele><time>2026-03-01T11:29:36Z</time></trkpt>
			<trkpt lat="47.335980" lon="-1.256510"><ele>70</ele><time>2026-03-01T11:29:48Z</time></trkpt>
			<trkpt lat="47.336020" lon="-1.256430"><ele>70</ele><time>2026-03-01T11:30:00Z</time></trkpt>
			<trkpt lat="47.336040" lon="-1.256310"><ele>70</ele><time>2026-03-01T11:30:12Z</time></trkpt>
			<trkpt lat="47.336020" lon="-1.256050"><ele>70</ele><time>2026-03-01T11:30:24Z</time></trkpt>
			<trkpt lat="47.335960" lon="-1.255710"><ele>70</ele><time>2026-03-01T11:30:36Z</time></trkpt>
			<trkpt lat="47.335690" lon="-1.254720"><ele>69</ele><time>2026-03-01T11:30:48Z</time></trkpt>
			<trkpt lat="47.335520" lon="-1.254100"><ele>69</ele><time>2026-03-01T11:31:00Z</time></trkpt>
			<trkpt lat="47.335500" lon="-1.254040"><ele>69</ele><time>2026-03-01T11:31:12Z</time></trkpt>
			<trkpt lat="47.335460" lon="-1.253890"><ele>70</ele><time>2026-03-01T11:31:24Z</time></trkpt>
			<trkpt lat="47.335320" lon="-1.253390"><ele>71</ele><time>2026-03-01T11:31:36Z</time></trkpt>
			<trkpt lat="47.335170" lon="-1.252980"><ele>71</ele><time>2026-03-01T11:31:48Z</time></trkpt>
			<trkpt lat="47.335030" lon="-1.252700"><ele>71</ele><time>2026-03-01T11:32:00Z</time></trkpt>
			<trkpt lat="47.334850" lon="-1.252430"><ele>71</ele><time>2026-03-01T11:32:12Z</time></trkpt>
			<trkpt lat="47.334810" lon="-1.252360"><ele>71</ele><time>2026-03-01T11:32:24Z</time></trkpt>
			<trkpt lat="47.334680" lon="-1.252200"><ele>70</ele><time>2026-03-01T11:32:36Z</time></trkpt>
			<trkpt lat="47.333910" lon="-1.251180"><ele>69</ele><time>2026-03-01T11:32:48Z</time></trkpt>
			<trkpt lat="47.333800" lon="-1.251020"><ele>71</ele><time>2026-03-01T11:33:00Z</time></trkpt>
			<trkpt lat="47.333720" lon="-1.250850"><ele>71</ele><time>2026-03-01T11:33:12Z</time></trkpt>
			<trkpt lat="47.333660" lon="-1.250610"><ele>72</ele><time>2026-03-01T11:33:24Z</time></trkpt>
			<trkpt lat="47.333520" lon="-1.249770"><ele>71</ele><time>2026-03-01T11:33:36Z</time></trkpt>
			<trkpt lat="47.333430" lon="-1.249370"><ele>70</ele><time>2026-03-01T11:33:48Z</time></trkpt>
			<trkpt lat="47.333410" lon="-1.249290"><ele>70</ele><time>2026-03-01T11:34:00Z</time></trkpt>
			<trkpt lat="47.333260" lon="-1.248760"><ele>71</ele><time>2026-03-01T11:34:12Z</time></trkpt>
			<trkpt lat="47.333190" lon="-1.248440"><ele>72</ele><time>2026-03-01T11:34:24Z</time></trkpt>
			<trkpt lat="47.333080" lon="-1.247810"><ele>72</ele><time>2026-03-01T11:34:36Z</time></trkpt>
			<trkpt lat="47.333030" lon="-1.247190"><ele>73</ele><time>2026-03-01T11:34:48Z</time></trkpt>
			<trkpt lat="47.333000" lon="-1.246890"><ele>73</ele><time>2026-03-01T11:35:00Z</time></trkpt>
			<trkpt lat="47.332940" lon="-1.246500"><ele>73</ele><time>2026-03-01T11:35:12Z</time></trkpt>
			<trkpt lat="47.332810" lon="-1.245980"><ele>73</ele><time>2026-03-01T11:35:24Z</time></trkpt>
			<trkpt lat="47.332530" lon="-1.245080"><ele>72</ele><time>2026-03-01T11:35:36Z</time></trkpt>
			<trkpt lat="47.332220" lon="-1.244110"><ele>70</ele><time>2026-03-01T11:35:48Z</time></trkpt>
			<trkpt lat="47.332120" lon="-1.243780"><ele>69</ele><time>2026-03-01T11:36:00Z</time></trkpt>
			<trkpt lat="47.332050" lon="-1.243520"><ele>69</ele><time>2026-03-01T11:36:12Z</time></trkpt>
			<trkpt lat="47.332020" lon="-1.243330"><ele>68</ele><time>2026-03-01T11:36:24Z</time></trkpt>
			<trkpt lat="47.331950" lon="-1.242780"><ele>68</ele><time>2026-03-01T11:36:36Z</time></trkpt>
			<trkpt lat="47.331920" lon="-1.242620"><ele>68</ele><time>2026-03-01T11:36:48Z</time></trkpt>
			<trkpt lat="47.331760" lon="-1.242110"><ele>70</ele><time>2026-03-01T11:37:00Z</time></trkpt>
			<trkpt lat="47.331740" lon="-1.241980"><ele>70</ele><time>2026-03-01T11:37:12Z</time></trkpt>
			<trkpt lat="47.331720" lon="-1.241840"><ele>70</ele><time>2026-03-01T11:37:24Z</time></trkpt>
			<trkpt lat="47.331710" lon="-1.241200"><ele>71</ele><time>2026-03-01T11:37:36Z</time></trkpt>
			<trkpt lat="47.331710" lon="-1.240290"><ele>70</ele><time>2026-03-01T11:37:48Z</time></trkpt>
			<trkpt lat="47.331710" lon="-1.239630"><ele>69</ele><time>2026-03-01T11:38:00Z</time></trkpt>
			<trkpt lat="47.331730" lon="-1.239260"><ele>68</ele><time>2026-03-01T11:38:12Z</time></trkpt>
			<trkpt lat="47.331770" lon="-1.238980"><ele>67</ele><time>2026-03-01T11:38:24Z</time></trkpt>
			<trkpt lat="47.331820" lon="-1.238700"><ele>66</ele><time>2026-03-01T11:38:36Z</time></trkpt>
			<trkpt lat="47.331910" lon="-1.238320"><ele>65</ele><time>2026-03-01T11:38:48Z</time></trkpt>
			<trkpt lat="47.332030" lon="-1.237940"><ele>63</ele><time>2026-03-01T11:39:00Z</time></trkpt>
			<trkpt lat="47.332100" lon="-1.237730"><ele>62</ele><time>2026-03-01T11:39:12Z</time></trkpt>
			<trkpt lat="47.332370" lon="-1.237180"><ele>59</ele><time>2026-03-01T11:39:24Z</time></trkpt>
			<trkpt lat="47.332740" lon="-1.236500"><ele>56</ele><time>2026-03-01T11:39:36Z</time></trkpt>
			<trkpt lat="47.332970" lon="-1.236140"><ele>56</ele><time>2026-03-01T11:39:48Z</time></trkpt>
			<trkpt lat="47.333450" lon="-1.235580"><ele>53</ele><time>2026-03-01T11:40:00Z</time></trkpt>
			<trkpt lat="47.333730" lon="-1.235300"><ele>50</ele><time>2026-03-01T11:40:12Z</time></trkpt>
			<trkpt lat="47.334090" lon="-1.235000"><ele>48</ele><time>2026-03-01T11:40:24Z</time></trkpt>
			<trkpt lat="47.334200" lon="-1.234920"><ele>48</ele><time>2026-03-01T11:40:36Z</time></trkpt>
			<trkpt lat="47.334400" lon="-1.234820"><ele>46</ele><time>2026-03-01T11:40:48Z</time></trkpt>
			<trkpt lat="47.334570" lon="-1.234770"><ele>45</ele><time>2026-03-01T11:41:00Z</time></trkpt>
			<trkpt lat="47.335980" lon="-1.234490"><ele>36</ele><time>2026-03-01T11:41:12Z</time></trkpt>
			<trkpt lat="47.336200" lon="-1.234380"><ele>35</ele><time>2026-03-01T11:41:24Z</time></trkpt>
			<trkpt lat="47.336490" lon="-1.234180"><ele>34</ele><time>2026-03-01T11:41:36Z</time></trkpt>
			<trkpt lat="47.336700" lon="-1.233990"><ele>33</ele><time>2026-03-01T11:41:48Z</time></trkpt>
			<trkpt lat="47.336860" lon="-1.233790"><ele>32</ele><time>2026-03-01T11:42:00Z</time></trkpt>
			<trkpt lat="47.337480" lon="-1.232670"><ele>29</ele><time>2026-03-01T11:42:12Z</time></trkpt>
			<trkpt lat="47.337610" lon="-1.232500"><ele>29</ele><time>2026-03-01T11:42:24Z</time></trkpt>
			<trkpt lat="47.337740" lon="-1.232380"><ele>28</ele><time>2026-03-01T11:42:36Z</time></trkpt>
			<trkpt lat="47.337930" lon="-1.232310"><ele>27</ele><time>2026-03-01T11:42:48Z</time></trkpt>
			<trkpt lat="47.338070" lon="-1.232340"><ele>27</ele><time>2026-03-01T11:43:00Z</time></trkpt>
			<trkpt lat="47.338360" lon="-1.232440"><ele>27</ele><time>2026-03-01T11:43:12Z</time></trkpt>
			<trkpt lat="47.338440" lon="-1.232450"><ele>27</ele><time>2026-03-01T11:43:24Z</time></trkpt>
			<trkpt lat="47.338520" lon="-1.232430"><ele>26</ele><time>2026-03-01T11:43:36Z</time></trkpt>
			<trkpt lat="47.338880" lon="-1.232260"><ele>23</ele><time>2026-03-01T11:43:48Z</time></trkpt>
			<trkpt lat="47.339130" lon="-1.232180"><ele>21</ele><time>2026-03-01T11:44:00Z</time></trkpt>
			<trkpt lat="47.339190" lon="-1.232130"><ele>20</ele><time>2026-03-01T11:44:12Z</time></trkpt>
			<trkpt lat="47.339220" lon="-1.232060"><ele>19</ele><time>2026-03-01T11:44:24Z</time></trkpt>
			<trkpt lat="47.339320" lon="-1.231790"><ele>16</ele><time>2026-03-01T11:44:36Z</time></trkpt>
			<trkpt lat="47.339370" lon="-1.231710"><ele>15</ele><time>2026-03-01T11:44:48Z</time></trkpt>
			<trkpt lat="47.339420" lon="-1.231660"><ele>15</ele><time>2026-03-01T11:45:00Z</time></trkpt>
			<trkpt lat="47.339530" lon="-1.231590"><ele>14</ele><time>2026-03-01T11:45:12Z</time></trkpt>
			<trkpt lat="47.339920" lon="-1.231450"><ele>12</ele><time>2026-03-01T11:45:24Z</time></trkpt>
			<trkpt lat="47.339960" lon="-1.231440"><ele>12</ele><time>2026-03-01T11:45:36Z</time></trkpt>
			<trkpt lat="47.339970" lon="-1.230960"><ele>11</ele><time>2026-03-01T11:45:48Z</time></trkpt>
			<trkpt lat="47.340280" lon="-1.228440"><ele>17</ele><time>2026-03-01T11:46:00Z</time></trkpt>
			<trkpt lat="47.340350" lon="-1.228100"><ele>16</ele><time>2026-03-01T11:46:12Z</time></trkpt>
			<trkpt lat="47.340550" lon="-1.227510"><ele>14</ele><time>2026-03-01T11:46:24Z</time></trkpt>
			<trkpt lat="47.340620" lon="-1.227270"><ele>14</ele><time>2026-03-01T11:46:36Z</time></trkpt>
			<trkpt lat="47.340660" lon="-1.227020"><ele>15</ele><time>2026-03-01T11:46:48Z</time></trkpt>
			<trkpt lat="47.340850" lon="-1.225500"><ele>17</ele><time>2026-03-01T11:47:00Z</time></trkpt>
			<trkpt lat="47.341040" lon="-1.224050"><ele>19</ele><time>2026-03-01T11:47:12Z</time></trkpt>
			<trkpt lat="47.341230" lon="-1.223080"><ele>20</ele><time>2026-03-01T11:47:24Z</time></trkpt>
			<trkpt lat="47.341430" lon="-1.222070"><ele>20</ele><time>2026-03-01T11:47:36Z</time></trkpt>
			<trkpt lat="47.341550" lon="-1.221300"><ele>18</ele><time>2026-03-01T11:47:48Z</time></trkpt>
			<trkpt lat="47.341730" lon="-1.218620"><ele>16</ele><time>2026-03-01T11:48:00Z</time></trkpt>
			<trkpt lat="47.341730" lon="-1.218280"><ele>16</ele><time>2026-03-01T11:48:12Z</time></trkpt>
			<trkpt lat="47.341710" lon="-1.217960"><ele>17</ele><time>2026-03-01T11:48:24Z</time></trkpt>
			<trkpt lat="47.341620" lon="-1.217230"><ele>21</ele><time>2026-03-01T11:48:36Z</time></trkpt>
			<trkpt lat="47.341610" lon="-1.216860"><ele>23</ele><time>2026-03-01T11:48:48Z</time></trkpt>
			<trkpt lat="47.341600" lon="-1.214760"><ele>22</ele><time>2026-03-01T11:49:00Z</time></trkpt>
			<trkpt lat="47.341610" lon="-1.213810"><ele>20</ele><time>2026-03-01T11:49:12Z</time></trkpt>
			<trkpt lat="47.341610" lon="-1.213200"><ele>21</ele><time>2026-03-01T11:49:24Z</time></trkpt>
			<trkpt lat="47.341640" lon="-1.212840"><ele>20</ele><time>2026-03-01T11:49:36Z</time></trkpt>
			<trkpt lat="47.341680" lon="-1.212510"><ele>19</ele><time>2026-03-01T11:49:48Z</time></trkpt>
			<trkpt lat="47.341740" lon="-1.212200"><ele>19</ele><time>2026-03-01T11:50:00Z</time></trkpt>
			<trkpt lat="47.341800" lon="-1.211970"><ele>18</ele><time>2026-03-01T11:50:12Z</time></trkpt>
			<trkpt lat="47.341950" lon="-1.211440"><ele>19</ele><time>2026-03-01T11:50:24Z</time></trkpt>
			<trkpt lat="47.342160" lon="-1.210700"><ele>22</ele><time>2026-03-01T11:50:36Z</time></trkpt>
			<trkpt lat="47.342230" lon="-1.210350"><ele>22</ele><time>2026-03-01T11:50:48Z</time></trkpt>
			<trkpt lat="47.342410" lon="-1.209290"><ele>21</ele><time>2026-03-01T11:51:00Z</time></trkpt>
			<trkpt lat="47.342500" lon="-1.208750"><ele>21</ele><time>2026-03-01T11:51:12Z</time></trkpt>
			<trkpt lat="47.342510" lon="-1.208660"><ele>22</ele><time>2026-03-01T11:51:24Z</time></trkpt>
			<trkpt lat="47.342730" lon="-1.207340"><ele>26</ele><time>2026-03-01T11:51:36Z</time></trkpt>
			<trkpt lat="47.342860" lon="-1.206590"><ele>24</ele><time>2026-03-01T11:51:48Z</time></trkpt>
			<trkpt lat="47.342920" lon="-1.206270"><ele>23</ele><time>2026-03-01T11:52:00Z</time></trkpt>
			<trkpt lat="47.342980" lon="-1.206060"><ele>21</ele><time>2026-03-01T11:52:12Z</time></trkpt>
			<trkpt lat="47.343080" lon="-1.205790"><ele>20</ele><time>2026-03-01T11:52:24Z</time></trkpt>
			<trkpt lat="47.343230" lon="-1.205530"><ele>19</ele><time>2026-03-01T11:52:36Z</time></trkpt>
			<trkpt lat="47.343740" lon="-1.204730"><ele>16</ele><time>2026-03-01T11:52:48Z</time></trkpt>
			<trkpt lat="47.343900" lon="-1.204390"><ele>15</ele><time>2026-03-01T11:53:00Z</time></trkpt>
			<trkpt lat="47.343960" lon="-1.204190"><ele>15</ele><time>2026-03-01T11:53:12Z</time></trkpt>
			<trkpt lat="47.344010" lon="-1.204020"><ele>14</ele><time>2026-03-01T11:53:24Z</time></trkpt>
			<trkpt lat="47.344500" lon="-1.204170"><ele>11</ele><time>2026-03-01T11:53:36Z</time></trkpt>
			<trkpt lat="47.344940" lon="-1.204330"><ele>8</ele><time>2026-03-01T11:53:48Z</time></trkpt>
			<trkpt lat="47.345260" lon="-1.204440"><ele>7</ele><time>2026-03-01T11:54:00Z</time></trkpt>
			<trkpt lat="47.345410" lon="-1.204460"><ele>7</ele><time>2026-03-01T11:54:12Z</time></trkpt>
			<trkpt lat="47.345600" lon="-1.204400"><ele>6</ele><time>2026-03-01T11:54:24Z</time></trkpt>
			<trkpt lat="47.345730" lon="-1.204320"><ele>6</ele><time>2026-03-01T11:54:36Z</time></trkpt>
			<trkpt lat="47.346030" lon="-1.204020"><ele>6</ele><time>2026-03-01T11:54:48Z</time></trkpt>
			<trkpt lat="47.346110" lon="-1.203940"><ele>7</ele><time>2026-03-01T11:55:00Z</time></trkpt>
			<trkpt lat="47.346610" lon="-1.203310"><ele>7</ele><time>2026-03-01T11:55:12Z</time></trkpt>
			<trkpt lat="47.346970" lon="-1.202920"><ele>8</ele><time>2026-03-01T11:55:24Z</time></trkpt>
			<trkpt lat="47.347130" lon="-1.202800"><ele>9</ele><time>2026-03-01T11:55:36Z</time></trkpt>
			<trkpt lat="47.347320" lon="-1.202760"><ele>9</ele><time>2026-03-01T11:55:48Z</time></trkpt>
			<trkpt lat="47.347550" lon="-1.202760"><ele>9</ele><time>2026-03-01T11:56:00Z</time></trkpt>
			<trkpt lat="47.348400" lon="-1.202830"><ele>11</ele><time>2026-03-01T11:56:12Z</time></trkpt>
			<trkpt lat="47.348490" lon="-1.202820"><ele>10</ele><time>2026-03-01T11:56:24Z</time></trkpt>
			<trkpt lat="47.348600" lon="-1.202770"><ele>10</ele><time>2026-03-01T11:56:36Z</time></trkpt>
			<trkpt lat="47.348740" lon="-1.202640"><ele>10</ele><time>2026-03-01T11:56:48Z</time></trkpt>
			<trkpt lat="47.349430" lon="-1.200730"><ele>7</ele><time>2026-03-01T11:57:00Z</time></trkpt>
			<trkpt lat="47.349660" lon="-1.200360"><ele>7</ele><time>2026-03-01T11:57:12Z</time></trkpt>
			<trkpt lat="47.349840" lon="-1.200090"><ele>8</ele><time>2026-03-01T11:57:24Z</time></trkpt>
			<trkpt lat="47.349980" lon="-1.199840"><ele>8</ele><time>2026-03-01T11:57:36Z</time></trkpt>
			<trkpt lat="47.350030" lon="-1.199690"><ele>8</ele><time>2026-03-01T11:57:48Z</time></trkpt>
			<trkpt lat="47.350160" lon="-1.198830"><ele>8</ele><time>2026-03-01T11:58:00Z</time></trkpt>
			<trkpt lat="47.350300" lon="-1.197990"><ele>7</ele><time>2026-03-01T11:58:12Z</time></trkpt>
			<trkpt lat="47.350330" lon="-1.197750"><ele>8</ele><time>2026-03-01T11:58:24Z</time></trkpt>
			<trkpt lat="47.350330" lon="-1.197510"><ele>8</ele><time>2026-03-01T11:58:36Z</time></trkpt>
			<trkpt lat="47.350280" lon="-1.197140"><ele>8</ele><time>2026-03-01T11:58:48Z</time></trkpt>
			<trkpt lat="47.350330" lon="-1.196420"><ele>8</ele><time>2026-03-01T11:59:00Z</time></trkpt>
			<trkpt lat="47.350490" lon="-1.195030"><ele>5</ele><time>2026-03-01T11:59:12Z</time></trkpt>
			<trkpt lat="47.350540" lon="-1.194720"><ele>5</ele><time>2026-03-01T11:59:24Z</time></trkpt>
			<trkpt lat="47.350860" lon="-1.193660"><ele>7</ele><time>2026-03-01T11:59:36Z</time></trkpt>
			<trkpt lat="47.351180" lon="-1.192620"><ele>7</ele><time>2026-03-01T11:59:48Z</time></trkpt>
			<trkpt lat="47.351400" lon="-1.191880"><ele>7</ele><time>2026-03-01T12:00:00Z</time></trkpt>
			<trkpt lat="47.351490" lon="-1.191460"><ele>8</ele><time>2026-03-01T12:00:12Z</time></trkpt>
			<trkpt lat="47.351580" lon="-1.190960"><ele>7</ele><time>2026-03-01T12:00:24Z</time></trkpt>
			<trkpt lat="47.351640" lon="-1.190330"><ele>8</ele><time>2026-03-01T12:00:36Z</time></trkpt>
			<trkpt lat="47.351660" lon="-1.189390"><ele>9</ele><time>2026-03-01T12:00:48Z</time></trkpt>
			<trkpt lat="47.351740" lon="-1.188760"><ele>8</ele><time>2026-03-01T12:01:00Z</time></trkpt>
			<trkpt lat="47.351860" lon="-1.188170"><ele>8</ele><time>2026-03-01T12:01:12Z</time></trkpt>
			<trkpt lat="47.352190" lon="-1.186790"><ele>8</ele><time>2026-03-01T12:01:24Z</time></trkpt>
			<trkpt lat="47.352490" lon="-1.185820"><ele>8</ele><time>2026-03-01T12:01:36Z</time></trkpt>
			<trkpt lat="47.352640" lon="-1.185440"><ele>9</ele><time>2026-03-01T12:01:48Z</time></trkpt>
			<trkpt lat="47.352840" lon="-1.185050"><ele>10</ele><time>2026-03-01T12:02:00Z</time></trkpt>
			<trkpt lat="47.353000" lon="-1.184800"><ele>10</ele><time>2026-03-01T12:02:12Z</time></trkpt>
			<trkpt lat="47.353450" lon="-1.184290"><ele>9</ele><time>2026-03-01T12:02:24Z</time></trkpt>
			<trkpt lat="47.353590" lon="-1.184120"><ele>9</ele><time>2026-03-01T12:02:36Z</time></trkpt>
			<trkpt lat="47.353660" lon="-1.183960"><ele>9</ele><time>2026-03-01T12:02:48Z</time></trkpt>
			<trkpt lat="47.353900" lon="-1.183230"><ele>8</ele><time>2026-03-01T12:03:00Z</time></trkpt>
			<trkpt lat="47.353930" lon="-1.183180"><ele>8</ele><time>2026-03-01T12:03:12Z</time></trkpt>
			<trkpt lat="47.354470" lon="-1.182200"><ele>8</ele><time>2026-03-01T12:03:24Z</time></trkpt>
			<trkpt lat="47.354480" lon="-1.182180"><ele>8</ele><time>2026-03-01T12:03:36Z</time></trkpt>
			<trkpt lat="47.355010" lon="-1.181080"><ele>8</ele><time>2026-03-01T12:03:48Z</time></trkpt>
			<trkpt lat="47.355740" lon="-1.179400"><ele>10</ele><time>2026-03-01T12:04:00Z</time></trkpt>
			<trkpt lat="47.356440" lon="-1.177870"><ele>8</ele><time>2026-03-01T12:04:12Z</time></trkpt>
			<trkpt lat="47.356530" lon="-1.177630"><ele>9</ele><time>2026-03-01T12:04:24Z</time></trkpt>
			<trkpt lat="47.356590" lon="-1.177390"><ele>9</ele><time>2026-03-01T12:04:36Z</time></trkpt>
			<trkpt lat="47.356990" lon="-1.176010"><ele>9</ele><time>2026-03-01T12:04:48Z</time></trkpt>
			<trkpt lat="47.357010" lon="-1.175910"><ele>9</ele><time>2026-03-01T12:05:00Z</time></trkpt>
			<trkpt lat="47.357040" lon="-1.175780"><ele>9</ele><time>2026-03-01T12:05:12Z</time></trkpt>
			<trkpt lat="47.357090" lon="-1.175500"><ele>9</ele><time>2026-03-01T12:05:24Z</time></trkpt>
			<trkpt lat="47.357150" lon="-1.175170"><ele>10</ele><time>2026-03-01T12:05:36Z</time></trkpt>
			<trkpt lat="47.357280" lon="-1.174730"><ele>11</ele><time>2026-03-01T12:05:48Z</time></trkpt>
			<trkpt lat="47.357390" lon="-1.174460"><ele>11</ele><time>2026-03-01T12:06:00Z</time></trkpt>
			<trkpt lat="47.357510" lon="-1.174140"><ele>12</ele><time>2026-03-01T12:06:12Z</time></trkpt>
			<trkpt lat="47.358740" lon="-1.174790"><ele>10</ele><time>2026-03-01T12:06:24Z</time></trkpt>
			<trkpt lat="47.359110" lon="-1.174980"><ele>10</ele><time>2026-03-01T12:06:36Z</time></trkpt>
			<trkpt lat="47.359640" lon="-1.175260"><ele>10</ele><time>2026-03-01T12:06:48Z</time></trkpt>
			<trkpt lat="47.359860" lon="-1.175380"><ele>10</ele><time>2026-03-01T12:07:00Z</time></trkpt>
			<trkpt lat="47.363510" lon="-1.177280"><ele>10</ele><time>2026-03-01T12:07:12Z</time></trkpt>
			<trkpt lat="47.363610" lon="-1.177330"><ele>11</ele><time>2026-03-01T12:07:24Z</time></trkpt>
			<trkpt lat="47.363620" lon="-1.177290"><ele>11</ele><time>2026-03-01T12:07:36Z</time></trkpt>
			<trkpt lat="47.363650" lon="-1.177260"><ele>11</ele><time>2026-03-01T12:07:48Z</time></trkpt>
			<trkpt lat="47.363680" lon="-1.177250"><ele>11</ele><time>2026-03-01T12:08:00Z</time></trkpt>
			<trkpt lat="47.363710" lon="-1.177260"><ele>12</ele><time>2026-03-01T12:08:12Z</time></trkpt>
			<trkpt lat="47.363740" lon="-1.177320"><ele>12</ele><time>2026-03-01T12:08:24Z</time></trkpt>
			<trkpt lat="47.363740" lon="-1.177390"><ele>12</ele><time>2026-03-01T12:08:36Z</time></trkpt>
			<trkpt lat="47.363720" lon="-1.177430"><ele>12</ele><time>2026-03-01T12:08:48Z</time></trkpt>
			<trkpt lat="47.363700" lon="-1.177460"><ele>12</ele><time>2026-03-01T12:09:00Z</time></trkpt>
			<trkpt lat="47.363660" lon="-1.177460"><ele>12</ele><time>2026-03-01T12:09:12Z</time></trkpt>
			<trkpt lat="47.363630" lon="-1.177440"><ele>11</ele><time>2026-03-01T12:09:24Z</time></trkpt>
			<trkpt lat="47.363590" lon="-1.177480"><ele>11</ele><time>2026-03-01T12:09:36Z</time></trkpt>
			<trkpt lat="47.363530" lon="-1.177600"><ele>11</ele><time>2026-03-01T12:09:48Z</time></trkpt>
			<trkpt lat="47.363470" lon="-1.177850"><ele>11</ele><time>2026-03-01T12:10:00Z</time></trkpt>
			<trkpt lat="47.363450" lon="-1.177940"><ele>11</ele><time>2026-03-01T12:10:12Z</time></trkpt>
			<trkpt lat="47.363430" lon="-1.177990"><ele>11</ele><time>2026-03-01T12:10:24Z</time></trkpt>
			<trkpt lat="47.363370" lon="-1.178230"><ele>11</ele><time>2026-03-01T12:10:36Z</time></trkpt>
			<trkpt lat="47.363320" lon="-1.178440"><ele>11</ele><time>2026-03-01T12:10:48Z</time></trkpt>
			<trkpt lat="47.363240" lon="-1.178730"><ele>11</ele><time>2026-03-01T12:11:00Z</time></trkpt>
			<trkpt lat="47.363230" lon="-1.178900"><ele>11</ele><time>2026-03-01T12:11:12Z</time></trkpt>
			<trkpt lat="47.363230" lon="-1.179150"><ele>11</ele><time>2026-03-01T12:11:24Z</time></trkpt>
			<trkpt lat="47.363330" lon="-1.180130"><ele>12</ele><time>2026-03-01T12:11:36Z</time></trkpt>
			<trkpt lat="47.363340" lon="-1.180250"><ele>12</ele><time>2026-03-01T12:11:48Z</time></trkpt>
			<trkpt lat="47.363380" lon="-1.180630"><ele>13</ele><time>2026-03-01T12:12:00Z</time></trkpt>
			<trkpt lat="47.363410" lon="-1.181040"><ele>13</ele><time>2026-03-01T12:12:12Z</time></trkpt>
			<trkpt lat="47.363480" lon="-1.181870"><ele>14</ele><time>2026-03-01T12:12:24Z</time></trkpt>
			<trkpt lat="47.363530" lon="-1.182510"><ele>13</ele><time>2026-03-01T12:12:36Z</time></trkpt>
			<trkpt lat="47.363530" lon="-1.182780"><ele>13</ele><time>2026-03-01T12:12:48Z</time></trkpt>
			<trkpt lat="47.363570" lon="-1.182790"><ele>13</ele><time>2026-03-01T12:13:00Z</time></trkpt>
			<trkpt lat="47.363600" lon="-1.182810"><ele>13</ele><time>2026-03-01T12:13:12Z</time></trkpt>
			<trkpt lat="47.363630" lon="-1.182850"><ele>13</ele><time>2026-03-01T12:13:24Z</time></trkpt>
			<trkpt lat="47.363640" lon="-1.182900"><ele>13</ele><time>2026-03-01T12:13:36Z</time></trkpt>
			<trkpt lat="47.363650" lon="-1.182950"><ele>13</ele><time>2026-03-01T12:13:48Z</time></trkpt>
			<trkpt lat="47.363640" lon="-1.183010"><ele>13</ele><time>2026-03-01T12:14:00Z</time></trkpt>
			<trkpt lat="47.363630" lon="-1.183050"><ele>13</ele><time>2026-03-01T12:14:12Z</time></trkpt>
			<trkpt lat="47.363600" lon="-1.183090"><ele>13</ele><time>2026-03-01T12:14:24Z</time></trkpt>
			<trkpt lat="47.363570" lon="-1.183120"><ele>13</ele><time>2026-03-01T12:14:36Z</time></trkpt>
			<trkpt lat="47.363540" lon="-1.183120"><ele>13</ele><time>2026-03-01T12:14:48Z</time></trkpt>
			<trkpt lat="47.363530" lon="-1.184130"><ele>12</ele><time>2026-03-01T12:15:00Z</time></trkpt>
			<trkpt lat="47.363520" lon="-1.184390"><ele>12</ele><time>2026-03-01T12:15:12Z</time></trkpt>
			<trkpt lat="47.363520" lon="-1.184670"><ele>12</ele><time>2026-03-01T12:15:24Z</time></trkpt>
			<trkpt lat="47.363520" lon="-1.185920"><ele>13</ele><time>2026-03-01T12:15:36Z</time></trkpt>
			<trkpt lat="47.363520" lon="-1.186430"><ele>13</ele><time>2026-03-01T12:15:48Z</time></trkpt>
			<trkpt lat="47.363520" lon="-1.186600"><ele>13</ele><time>2026-03-01T12:16:00Z</time></trkpt>
			<trkpt lat="47.363540" lon="-1.186780"><ele>13</ele><time>2026-03-01T12:16:12Z</time></trkpt>
			<trkpt lat="47.363590" lon="-1.186980"><ele>12</ele><time>2026-03-01T12:16:24Z</time></trkpt>
			<trkpt lat="47.363610" lon="-1.187070"><ele>12</ele><time>2026-03-01T12:16:36Z</time></trkpt>
			<trkpt lat="47.363690" lon="-1.187260"><ele>12</ele><time>2026-03-01T12:16:48Z</time></trkpt>
			<trkpt lat="47.363830" lon="-1.187390"><ele>12</ele><time>2026-03-01T12:17:00Z</time></trkpt>
			<trkpt lat="47.363980" lon="-1.187330"><ele>13</ele><time>2026-03-01T12:17:12Z</time></trkpt>
			<trkpt lat="47.364070" lon="-1.187290"><ele>13</ele><time>2026-03-01T12:17:24Z</time></trkpt>
			<trkpt lat="47.364110" lon="-1.187210"><ele>13</ele><time>2026-03-01T12:17:36Z</time></trkpt>
			<trkpt lat="47.364140" lon="-1.187160"><ele>13</ele><time>2026-03-01T12:17:48Z</time></trkpt>
			<trkpt lat="47.364200" lon="-1.187140"><ele>13</ele><time>2026-03-01T12:18:00Z</time></trkpt>
			<trkpt lat="47.364260" lon="-1.187150"><ele>13</ele><time>2026-03-01T12:18:12Z</time></trkpt>
			<trkpt lat="47.364300" lon="-1.187180"><ele>13</ele><time>2026-03-01T12:18:24Z</time></trkpt>
			<trkpt lat="47.364430" lon="-1.187180"><ele>13</ele><time>2026-03-01T12:18:36Z</time></trkpt>
			<trkpt lat="47.364480" lon="-1.187140"><ele>13</ele><time>2026-03-01T12:18:48Z</time></trkpt>
			<trkpt lat="47.364520" lon="-1.187190"><ele>13</ele><time>2026-03-01T12:19:00Z</time></trkpt>
			<trkpt lat="47.364560" lon="-1.187190"><ele>13</ele><time>2026-03-01T12:19:12Z</time></trkpt>
			<trkpt lat="47.364570" lon="-1.187180"><ele>13</ele><time>2026-03-01T12:19:24Z</time></trkpt>
			<trkpt lat="47.365120" lon="-1.186710"><ele>12</ele><time>2026-03-01T12:19:36Z</time></trkpt>
			<trkpt lat="47.365090" lon="-1.186600"><ele>12</ele><time>2026-03-01T12:19:48Z</time></trkpt>
			<trkpt lat="47.365650" lon="-1.186130"><ele>10</ele><time>2026-03-01T12:20:00Z</time></trkpt>
			<trkpt lat="47.365950" lon="-1.185880"><ele>10</ele><time>2026-03-01T12:20:12Z</time></trkpt>
			<trkpt lat="47.366170" lon="-1.185690"><ele>10</ele><time>2026-03-01T12:20:24Z</time></trkpt>
			<trkpt lat="47.366290" lon="-1.185610"><ele>10</ele><time>2026-03-01T12:20:36Z</time></trkpt>
			<trkpt lat="47.366360" lon="-1.185560"><ele>10</ele><time>2026-03-01T12:20:48Z</time></trkpt>
			<trkpt lat="47.366390" lon="-1.185600"><ele>10</ele><time>2026-03-01T12:21:00Z</time></trkpt>
			<trkpt lat="47.366440" lon="-1.185600"><ele>10</ele><time>2026-03-01T12:21:12Z</time></trkpt>
			<trkpt lat="47.366470" lon="-1.185550"><ele>9</ele><time>2026-03-01T12:21:24Z</time></trkpt>
			<trkpt lat="47.366470" lon="-1.185530"><ele>9</ele><time>2026-03-01T12:21:36Z</time></trkpt>
			<trkpt lat="47.366470" lon="-1.185460"><ele>10</ele><time>2026-03-01T12:21:48Z</time></trkpt>
			<trkpt lat="47.366760" lon="-1.185070"><ele>9</ele><time>2026-03-01T12:22:00Z</time></trkpt>
			<trkpt lat="47.366900" lon="-1.184820"><ele>9</ele><time>2026-03-01T12:22:12Z</time></trkpt>
			<trkpt lat="47.366930" lon="-1.184760"><ele>9</ele><time>2026-03-01T12:22:24Z</time></trkpt>
			<trkpt lat="47.367080" lon="-1.184370"><ele>10</ele><time>2026-03-01T12:22:36Z</time></trkpt>
			<trkpt lat="47.367110" lon="-1.184230"><ele>10</ele><time>2026-03-01T12:22:48Z</time></trkpt>
			<trkpt lat="47.367130" lon="-1.184240"><ele>10</ele><time>2026-03-01T12:23:00Z</time></trkpt>
			<trkpt lat="47.367170" lon="-1.184220"><ele>10</ele><time>2026-03-01T12:23:12Z</time></trkpt>
			<trkpt lat="47.367190" lon="-1.184170"><ele>10</ele><time>2026-03-01T12:23:24Z</time></trkpt>
			<trkpt lat="47.367190" lon="-1.184110"><ele>10</ele><time>2026-03-01T12:23:36Z</time></trkpt>
			<trkpt lat="47.367160" lon="-1.184060"><ele>11</ele><time>2026-03-01T12:23:48Z</time></trkpt>
			<trkpt lat="47.367200" lon="-1.183970"><ele>11</ele><time>2026-03-01T12:24:00Z</time></trkpt>
			<trkpt lat="47.367290" lon="-1.183790"><ele>11</ele><time>2026-03-01T12:24:12Z</time></trkpt>
			<trkpt lat="47.367410" lon="-1.183430"><ele>11</ele><time>2026-03-01T12:24:24Z</time></trkpt>
			<trkpt lat="47.367530" lon="-1.183040"><ele>11</ele><time>2026-03-01T12:24:36Z</time></trkpt>
			<trkpt lat="47.367550" lon="-1.183000"><ele>11</ele><time>2026-03-01T12:24:48Z</time></trkpt>
			<trkpt lat="47.367570" lon="-1.182900"><ele>10</ele><time>2026-03-01T12:25:00Z</time></trkpt>
			<trkpt lat="47.367610" lon="-1.182900"><ele>10</ele><time>2026-03-01T12:25:12Z</time></trkpt>
			<trkpt lat="47.367640" lon="-1.182870"><ele>10</ele><time>2026-03-01T12:25:24Z</time></trkpt>
			<trkpt lat="47.367640" lon="-1.182850"><ele>10</ele><time>2026-03-01T12:25:36Z</time></trkpt>
			<trkpt lat="47.367640" lon="-1.182800"><ele>10</ele><time>2026-03-01T12:25:48Z</time></trkpt>
			<trkpt lat="47.367620" lon="-1.182760"><ele>10</ele><time>2026-03-01T12:26:00Z</time></trkpt>
			<trkpt lat="47.367730" lon="-1.182420"><ele>10</ele><time>2026-03-01T12:26:12Z</time></trkpt>
			<trkpt lat="47.367850" lon="-1.182050"><ele>10</ele><time>2026-03-01T12:26:24Z</time></trkpt>
			<trkpt lat="47.368000" lon="-1.181590"><ele>10</ele><time>2026-03-01T12:26:36Z</time></trkpt>
			<trkpt lat="47.368060" lon="-1.181380"><ele>10</ele><time>2026-03-01T12:26:48Z</time></trkpt>
			<trkpt lat="47.368090" lon="-1.181210"><ele>10</ele><time>2026-03-01T12:27:00Z</time></trkpt>
			<trkpt lat="47.368110" lon="-1.181110"><ele>10</ele><time>2026-03-01T12:27:12Z</time></trkpt>
			<trkpt lat="47.368140" lon="-1.181120"><ele>10</ele><time>2026-03-01T12:27:24Z</time></trkpt>
			<trkpt lat="47.368170" lon="-1.181090"><ele>10</ele><time>2026-03-01T12:27:36Z</time></trkpt>
			<trkpt lat="47.368180" lon="-1.181070"><ele>10</ele><time>2026-03-01T12:27:48Z</time></trkpt>
			<trkpt lat="47.368240" lon="-1.181100"><ele>10</ele><time>2026-03-01T12:28:00Z</time></trkpt>
			<trkpt lat="47.368460" lon="-1.181260"><ele>10</ele><time>2026-03-01T12:28:12Z</time></trkpt>
			<trkpt lat="47.368670" lon="-1.181420"><ele>11</ele><time>2026-03-01T12:28:24Z</time></trkpt>
			<trkpt lat="47.368700" lon="-1.181480"><ele>11</ele><time>2026-03-01T12:28:36Z</time></trkpt>
			<trkpt lat="47.368730" lon="-1.181560"><ele>11</ele><time>2026-03-01T12:28:48Z</time></trkpt>
			<trkpt lat="47.368757" lon="-1.181587"><ele>11</ele><time>2026-03-01T12:29:00Z</time></trkpt>
			<trkpt lat="47.367648" lon="-1.181598"><ele>11</ele><time>2026-03-01T12:29:12Z</time></trkpt>
			<trkpt lat="47.366538" lon="-1.181608"><ele>11</ele><time>2026-03-01T12:29:24Z</time></trkpt>
			<trkpt lat="47.365429" lon="-1.181619"><ele>11</ele><time>2026-03-01T12:29:36Z</time></trkpt>
			<trkpt lat="47.364319" lon="-1.181629"><ele>11</ele><time>2026-03-01T12:29:48Z</time></trkpt>
			<trkpt lat="47.363210" lon="-1.181640"><ele>11</ele><time>2026-03-01T12:30:00Z</time></trkpt>
		</trkseg>
	</trk>
</gpx>
