<?xml version="1.0" encoding="UTF-8" ?>
<gpx version="1.1" xmlns:xsi="http://www.w3.org/2001/XMLSchema-instance"
    xmlns="http://www.topografix.com/GPX/1/1"
    xsi:schemaLocation="http://www.topografix.com/GPX/1/1 http://www.topografix.com/GPX/1/1/gpx.xsd"
    creator="Club'O'Clock — jeu de démonstration">
	<trk>
		<name>Sud 80 km</name>
		<trkseg>
			<trkpt lat="47.363210" lon="-1.181640"><ele>11</ele><time>2026-03-01T08:00:00Z</time></trkpt>
			<trkpt lat="47.364554" lon="-1.181569"><ele>11</ele><time>2026-03-01T08:00:12Z</time></trkpt>
			<trkpt lat="47.365899" lon="-1.181499"><ele>11</ele><time>2026-03-01T08:00:24Z</time></trkpt>
			<trkpt lat="47.367243" lon="-1.181428"><ele>11</ele><time>2026-03-01T08:00:36Z</time></trkpt>
			<trkpt lat="47.368587" lon="-1.181357"><ele>11</ele><time>2026-03-01T08:00:48Z</time></trkpt>
			<trkpt lat="47.368460" lon="-1.181260"><ele>10</ele><time>2026-03-01T08:01:00Z</time></trkpt>
			<trkpt lat="47.368240" lon="-1.181100"><ele>10</ele><time>2026-03-01T08:01:12Z</time></trkpt>
			<trkpt lat="47.368180" lon="-1.181070"><ele>10</ele><time>2026-03-01T08:01:24Z</time></trkpt>
			<trkpt lat="47.368170" lon="-1.181090"><ele>10</ele><time>2026-03-01T08:01:36Z</time></trkpt>
			<trkpt lat="47.368140" lon="-1.181120"><ele>10</ele><time>2026-03-01T08:01:48Z</time></trkpt>
			<trkpt lat="47.368110" lon="-1.181110"><ele>10</ele><time>2026-03-01T08:02:00Z</time></trkpt>
			<trkpt lat="47.368090" lon="-1.181210"><ele>10</ele><time>2026-03-01T08:02:12Z</time></trkpt>
			<trkpt lat="47.368060" lon="-1.181380"><ele>10</ele><time>2026-03-01T08:02:24Z</time></trkpt>
			<trkpt lat="47.368000" lon="-1.181590"><ele>10</ele><time>2026-03-01T08:02:36Z</time></trkpt>
			<trkpt lat="47.368020" lon="-1.181620"><ele>10</ele><time>2026-03-01T08:02:48Z</time></trkpt>
			<trkpt lat="47.368000" lon="-1.181590"><ele>10</ele><time>2026-03-01T08:03:00Z</time></trkpt>
			<trkpt lat="47.367850" lon="-1.182050"><ele>10</ele><time>2026-03-01T08:03:12Z</time></trkpt>
			<trkpt lat="47.367730" lon="-1.182420"><ele>10</ele><time>2026-03-01T08:03:24Z</time></trkpt>
			<trkpt lat="47.367620" lon="-1.182760"><ele>10</ele><time>2026-03-01T08:03:36Z</time></trkpt>
			<trkpt lat="47.367640" lon="-1.182800"><ele>10</ele><time>2026-03-01T08:03:48Z</time></trkpt>
			<trkpt lat="47.367640" lon="-1.182850"><ele>10</ele><time>2026-03-01T08:04:00Z</time></trkpt>
			<trkpt lat="47.367640" lon="-1.182870"><ele>10</ele><time>2026-03-01T08:04:12Z</time></trkpt>
			<trkpt lat="47.367610" lon="-1.182900"><ele>10</ele><time>2026-03-01T08:04:24Z</time></trkpt>
			<trkpt lat="47.367570" lon="-1.182900"><ele>10</ele><time>2026-03-01T08:04:36Z</time></trkpt>
			<trkpt lat="47.367550" lon="-1.183000"><ele>11</ele><time>2026-03-01T08:04:48Z</time></trkpt>
			<trkpt lat="47.367530" lon="-1.183040"><ele>11</ele><time>2026-03-01T08:05:00Z</time></trkpt>
			<trkpt lat="47.367410" lon="-1.183430"><ele>11</ele><time>2026-03-01T08:05:12Z</time></trkpt>
			<trkpt lat="47.367290" lon="-1.183790"><ele>11</ele><time>2026-03-01T08:05:24Z</time></trkpt>
			<trkpt lat="47.367200" lon="-1.183970"><ele>11</ele><time>2026-03-01T08:05:36Z</time></trkpt>
			<trkpt lat="47.367160" lon="-1.184060"><ele>11</ele><time>2026-03-01T08:05:48Z</time></trkpt>
			<trkpt lat="47.367190" lon="-1.184110"><ele>10</ele><time>2026-03-01T08:06:00Z</time></trkpt>
			<trkpt lat="47.367190" lon="-1.184170"><ele>10</ele><time>2026-03-01T08:06:12Z</time></trkpt>
			<trkpt lat="47.367170" lon="-1.184220"><ele>10</ele><time>2026-03-01T08:06:24Z</time></trkpt>
			<trkpt lat="47.367130" lon="-1.184240"><ele>10</ele><time>2026-03-01T08:06:36Z</time></trkpt>
			<trkpt lat="47.367110" lon="-1.184230"><ele>10</ele><time>2026-03-01T08:06:48Z</time></trkpt>
			<trkpt lat="47.367080" lon="-1.184370"><ele>10</ele><time>2026-03-01T08:07:00Z</time></trkpt>
			<trkpt lat="47.366930" lon="-1.184760"><ele>9</ele><time>2026-03-01T08:07:12Z</time></trkpt>
			<trkpt lat="47.366900" lon="-1.184820"><ele>9</ele><time>2026-03-01T08:07:24Z</time></trkpt>
			<trkpt lat="47.366760" lon="-1.185070"><ele>9</ele><time>2026-03-01T08:07:36Z</time></trkpt>
			<trkpt lat="47.366470" lon="-1.185460"><ele>10</ele><time>2026-03-01T08:07:48Z</time></trkpt>
			<trkpt lat="47.366470" lon="-1.185530"><ele>9</ele><time>2026-03-01T08:08:00Z</time></trkpt>
			<trkpt lat="47.366470" lon="-1.185550"><ele>9</ele><time>2026-03-01T08:08:12Z</time></trkpt>
			<trkpt lat="47.366440" lon="-1.185600"><ele>10</ele><time>2026-03-01T08:08:24Z</time></trkpt>
			<trkpt lat="47.366390" lon="-1.185600"><ele>10</ele><time>2026-03-01T08:08:36Z</time></trkpt>
			<trkpt lat="47.366360" lon="-1.185560"><ele>10</ele><time>2026-03-01T08:08:48Z</time></trkpt>
			<trkpt lat="47.366290" lon="-1.185610"><ele>10</ele><time>2026-03-01T08:09:00Z</time></trkpt>
			<trkpt lat="47.366170" lon="-1.185690"><ele>10</ele><time>2026-03-01T08:09:12Z</time></trkpt>
			<trkpt lat="47.365950" lon="-1.185880"><ele>10</ele><time>2026-03-01T08:09:24Z</time></trkpt>
			<trkpt lat="47.365650" lon="-1.186130"><ele>10</ele><time>2026-03-01T08:09:36Z</time></trkpt>
			<trkpt lat="47.365090" lon="-1.186600"><ele>12</ele><time>2026-03-01T08:09:48Z</time></trkpt>
			<trkpt lat="47.364810" lon="-1.186840"><ele>13</ele><time>2026-03-01T08:10:00Z</time></trkpt>
			<trkpt lat="47.364520" lon="-1.187080"><ele>13</ele><time>2026-03-01T08:10:12Z</time></trkpt>
			<trkpt lat="47.364480" lon="-1.187140"><ele>13</ele><time>2026-03-01T08:10:24Z</time></trkpt>
			<trkpt lat="47.364430" lon="-1.187180"><ele>13</ele><time>2026-03-01T08:10:36Z</time></trkpt>
			<trkpt lat="47.364360" lon="-1.187320"><ele>13</ele><time>2026-03-01T08:10:48Z</time></trkpt>
			<trkpt lat="47.364360" lon="-1.187370"><ele>13</ele><time>2026-03-01T08:11:00Z</time></trkpt>
			<trkpt lat="47.364340" lon="-1.187450"><ele>13</ele><time>2026-03-01T08:11:12Z</time></trkpt>
			<trkpt lat="47.364310" lon="-1.187520"><ele>13</ele><time>2026-03-01T08:11:24Z</time></trkpt>
			<trkpt lat="47.364270" lon="-1.187550"><ele>13</ele><time>2026-03-01T08:11:36Z</time></trkpt>
			<trkpt lat="47.364230" lon="-1.187570"><ele>13</ele><time>2026-03-01T08:11:48Z</time></trkpt>
			<trkpt lat="47.364190" lon="-1.187570"><ele>13</ele><time>2026-03-01T08:12:00Z</time></trkpt>
			<trkpt lat="47.364160" lon="-1.187560"><ele>13</ele><time>2026-03-01T08:12:12Z</time></trkpt>
			<trkpt lat="47.364120" lon="-1.187530"><ele>13</ele><time>2026-03-01T08:12:24Z</time></trkpt>
			<trkpt lat="47.364030" lon="-1.187570"><ele>13</ele><time>2026-03-01T08:12:36Z</time></trkpt>
			<trkpt lat="47.363860" lon="-1.187650"><ele>12</ele><time>2026-03-01T08:12:48Z</time></trkpt>
			<trkpt lat="47.363820" lon="-1.187660"><ele>12</ele><time>2026-03-01T08:13:00Z</time></trkpt>
			<trkpt lat="47.363770" lon="-1.187640"><ele>12</ele><time>2026-03-01T08:13:12Z</time></trkpt>
			<trkpt lat="47.363740" lon="-1.187610"><ele>12</ele><time>2026-03-01T08:13:24Z</time></trkpt>
			<trkpt lat="47.363730" lon="-1.187570"><ele>12</ele><time>2026-03-01T08:13:36Z</time></trkpt>
			<trkpt lat="47.363720" lon="-1.187530"><ele>12</ele><time>2026-03-01T08:13:48Z</time></trkpt>
			<trkpt lat="47.363720" lon="-1.187470"><ele>12</ele><time>2026-03-01T08:14:00Z</time></trkpt>
			<trkpt lat="47.363690" lon="-1.187260"><ele>12</ele><time>2026-03-01T08:14:12Z</time></trkpt>
			<trkpt lat="47.363610" lon="-1.187070"><ele>12</ele><time>2026-03-01T08:14:24Z</time></trkpt>
			<trkpt lat="47.363590" lon="-1.186980"><ele>12</ele><time>2026-03-01T08:14:36Z</time></trkpt>
			<trkpt lat="47.363540" lon="-1.186780"><ele>13</ele><time>2026-03-01T08:14:48Z</time></trkpt>
			<trkpt lat="47.363520" lon="-1.186600"><ele>13</ele><time>2026-03-01T08:15:00Z</time></trkpt>
			<trkpt lat="47.363520" lon="-1.186430"><ele>13</ele><time>2026-03-01T08:15:12Z</time></trkpt>
			<trkpt lat="47.363520" lon="-1.185920"><ele>13</ele><time>2026-03-01T08:15:24Z</time></trkpt>
			<trkpt lat="47.363520" lon="-1.184670"><ele>12</ele><time>2026-03-01T08:15:36Z</time></trkpt>
			<trkpt lat="47.363520" lon="-1.184390"><ele>12</ele><time>2026-03-01T08:15:48Z</time></trkpt>
			<trkpt lat="47.363530" lon="-1.184130"><ele>12</ele><time>2026-03-01T08:16:00Z</time></trkpt>
			<trkpt lat="47.363540" lon="-1.183120"><ele>13</ele><time>2026-03-01T08:16:12Z</time></trkpt>
			<trkpt lat="47.363500" lon="-1.183120"><ele>13</ele><time>2026-03-01T08:16:24Z</time></trkpt>
			<trkpt lat="47.363460" lon="-1.183090"><ele>13</ele><time>2026-03-01T08:16:36Z</time></trkpt>
			<trkpt lat="47.363430" lon="-1.183050"><ele>13</ele><time>2026-03-01T08:16:48Z</time></trkpt>
			<trkpt lat="47.363420" lon="-1.183000"><ele>13</ele><time>2026-03-01T08:17:00Z</time></trkpt>
			<trkpt lat="47.363420" lon="-1.182940"><ele>13</ele><time>2026-03-01T08:17:12Z</time></trkpt>
			<trkpt lat="47.363430" lon="-1.182880"><ele>13</ele><time>2026-03-01T08:17:24Z</time></trkpt>
			<trkpt lat="47.363440" lon="-1.182840"><ele>13</ele><time>2026-03-01T08:17:36Z</time></trkpt>
			<trkpt lat="47.363470" lon="-1.182810"><ele>13</ele><time>2026-03-01T08:17:48Z</time></trkpt>
			<trkpt lat="47.363500" lon="-1.182790"><ele>13</ele><time>2026-03-01T08:18:00Z</time></trkpt>
			<trkpt lat="47.363530" lon="-1.182780"><ele>13</ele><time>2026-03-01T08:18:12Z</time></trkpt>
			<trkpt lat="47.363530" lon="-1.182510"><ele>13</ele><time>2026-03-01T08:18:24Z</time></trkpt>
			<trkpt lat="47.363480" lon="-1.181870"><ele>14</ele><time>2026-03-01T08:18:36Z</time></trkpt>
			<trkpt lat="47.363410" lon="-1.181040"><ele>13</ele><time>2026-03-01T08:18:48Z</time></trkpt>
			<trkpt lat="47.363380" lon="-1.180630"><ele>13</ele><time>2026-03-01T08:19:00Z</time></trkpt>
			<trkpt lat="47.363340" lon="-1.180250"><ele>12</ele><time>2026-03-01T08:19:12Z</time></trkpt>
			<trkpt lat="47.363330" lon="-1.180130"><ele>12</ele><time>2026-03-01T08:19:24Z</time></trkpt>
			<trkpt lat="47.363230" lon="-1.179150"><ele>11</ele><time>2026-03-01T08:19:36Z</time></trkpt>
			<trkpt lat="47.363230" lon="-1.178900"><ele>11</ele><time>2026-03-01T08:19:48Z</time></trkpt>
			<trkpt lat="47.363240" lon="-1.178730"><ele>11</ele><time>2026-03-01T08:20:00Z</time></trkpt>
			<trkpt lat="47.363320" lon="-1.178440"><ele>11</ele><time>2026-03-01T08:20:12Z</time></trkpt>
			<trkpt lat="47.363370" lon="-1.178230"><ele>11</ele><time>2026-03-01T08:20:24Z</time></trkpt>
			<trkpt lat="47.363390" lon="-1.178160"><ele>11</ele><time>2026-03-01T08:20:36Z</time></trkpt>
			<trkpt lat="47.363430" lon="-1.177990"><ele>11</ele><time>2026-03-01T08:20:48Z</time></trkpt>
			<trkpt lat="47.363450" lon="-1.177940"><ele>11</ele><time>2026-03-01T08:21:00Z</time></trkpt>
			<trkpt lat="47.363470" lon="-1.177850"><ele>11</ele><time>2026-03-01T08:21:12Z</time></trkpt>
			<trkpt lat="47.363530" lon="-1.177600"><ele>11</ele><time>2026-03-01T08:21:24Z</time></trkpt>
			<trkpt lat="47.363590" lon="-1.177480"><ele>11</ele><time>2026-03-01T08:21:36Z</time></trkpt>
			<trkpt lat="47.363630" lon="-1.177440"><ele>11</ele><time>2026-03-01T08:21:48Z</time></trkpt>
			<trkpt lat="47.363610" lon="-1.177410"><ele>11</ele><time>2026-03-01T08:22:00Z</time></trkpt>
			<trkpt lat="47.363610" lon="-1.177370"><ele>11</ele><time>2026-03-01T08:22:12Z</time></trkpt>
			<trkpt lat="47.363610" lon="-1.177330"><ele>11</ele><time>2026-03-01T08:22:24Z</time></trkpt>
			<trkpt lat="47.363510" lon="-1.177280"><ele>10</ele><time>2026-03-01T08:22:36Z</time></trkpt>
			<trkpt lat="47.359860" lon="-1.175380"><ele>10</ele><time>2026-03-01T08:22:48Z</time></trkpt>
			<trkpt lat="47.359640" lon="-1.175260"><ele>10</ele><time>2026-03-01T08:23:00Z</time></trkpt>
			<trkpt lat="47.359110" lon="-1.174980"><ele>10</ele><time>2026-03-01T08:23:12Z</time></trkpt>
			<trkpt lat="47.358740" lon="-1.174790"><ele>10</ele><time>2026-03-01T08:23:24Z</time></trkpt>
			<trkpt lat="47.357510" lon="-1.174140"><ele>12</ele><time>2026-03-01T08:23:36Z</time></trkpt>
			<trkpt lat="47.357560" lon="-1.173940"><ele>12</ele><time>2026-03-01T08:23:48Z</time></trkpt>
			<trkpt lat="47.357620" lon="-1.173800"><ele>12</ele><time>2026-03-01T08:24:00Z</time></trkpt>
			<trkpt lat="47.357660" lon="-1.173700"><ele>12</ele><time>2026-03-01T08:24:12Z</time></trkpt>
			<trkpt lat="47.357720" lon="-1.173590"><ele>11</ele><time>2026-03-01T08:24:24Z</time></trkpt>
			<trkpt lat="47.357830" lon="-1.173370"><ele>11</ele><time>2026-03-01T08:24:36Z</time></trkpt>
			<trkpt lat="47.357800" lon="-1.173250"><ele>11</ele><time>2026-03-01T08:24:48Z</time></trkpt>
			<trkpt lat="47.357780" lon="-1.172930"><ele>11</ele><time>2026-03-01T08:25:00Z</time></trkpt>
			<trkpt lat="47.357600" lon="-1.172180"><ele>12</ele><time>2026-03-01T08:25:12Z</time></trkpt>
			<trkpt lat="47.357470" lon="-1.171810"><ele>11</ele><time>2026-03-01T08:25:24Z</time></trkpt>
			<trkpt lat="47.357420" lon="-1.171690"><ele>11</ele><time>2026-03-01T08:25:36Z</time></trkpt>
			<trkpt lat="47.357350" lon="-1.171600"><ele>11</ele><time>2026-03-01T08:25:48Z</time></trkpt>
			<trkpt lat="47.357110" lon="-1.171300"><ele>11</ele><time>2026-03-01T08:26:00Z</time></trkpt>
			<trkpt lat="47.356980" lon="-1.171050"><ele>10</ele><time>2026-03-01T08:26:12Z</time></trkpt>
			<trkpt lat="47.356800" lon="-1.170630"><ele>10</ele><time>2026-03-01T08:26:24Z</time></trkpt>
			<trkpt lat="47.356690" lon="-1.170420"><ele>10</ele><time>2026-03-01T08:26:36Z</time></trkpt>
			<trkpt lat="47.356440" lon="-1.169910"><ele>9</ele><time>2026-03-01T08:26:48Z</time></trkpt>
			<trkpt lat="47.356410" lon="-1.169800"><ele>9</ele><time>2026-03-01T08:27:00Z</time></trkpt>
			<trkpt lat="47.356370" lon="-1.169660"><ele>8</ele><time>2026-03-01T08:27:12Z</time></trkpt>
			<trkpt lat="47.356350" lon="-1.169530"><ele>8</ele><time>2026-03-01T08:27:24Z</time></trkpt>
			<trkpt lat="47.356350" lon="-1.169210"><ele>8</ele><time>2026-03-01T08:27:36Z</time></trkpt>
			<trkpt lat="47.356390" lon="-1.168670"><ele>9</ele><time>2026-03-01T08:27:48Z</time></trkpt>
			<trkpt lat="47.356420" lon="-1.168370"><ele>9</ele><time>2026-03-01T08:28:00Z</time></trkpt>
			<trkpt lat="47.356470" lon="-1.168050"><ele>10</ele><time>2026-03-01T08:28:12Z</time></trkpt>
			<trkpt lat="47.356570" lon="-1.167560"><ele>10</ele><time>2026-03-01T08:28:24Z</time></trkpt>
			<trkpt lat="47.356600" lon="-1.167290"><ele>10</ele><time>2026-03-01T08:28:36Z</time></trkpt>
			<trkpt lat="47.356600" lon="-1.167140"><ele>10</ele><time>2026-03-01T08:28:48Z</time></trkpt>
			<trkpt lat="47.356590" lon="-1.166920"><ele>10</ele><time>2026-03-01T08:29:00Z</time></trkpt>
			<trkpt lat="47.356500" lon="-1.166110"><ele>10</ele><time>2026-03-01T08:29:12Z</time></trkpt>
			<trkpt lat="47.356450" lon="-1.165780"><ele>9</ele><time>2026-03-01T08:29:24Z</time></trkpt>
			<trkpt lat="47.356380" lon="-1.165440"><ele>7</ele><time>2026-03-01T08:29:36Z</time></trkpt>
			<trkpt lat="47.356350" lon="-1.165250"><ele>5</ele><time>2026-03-01T08:29:48Z</time></trkpt>
			<trkpt lat="47.356330" lon="-1.165050"><ele>5</ele><time>2026-03-01T08:30:00Z</time></trkpt>
			<trkpt lat="47.356340" lon="-1.164680"><ele>3</ele><time>2026-03-01T08:30:12Z</time></trkpt>
			<trkpt lat="47.356400" lon="-1.163820"><ele>-1</ele><time>2026-03-01T08:30:24Z</time></trkpt>
			<trkpt lat="47.356400" lon="-1.163620"><ele>-1</ele><time>2026-03-01T08:30:36Z</time></trkpt>
			<trkpt lat="47.356340" lon="-1.162930"><ele>0</ele><time>2026-03-01T08:30:48Z</time></trkpt>
			<trkpt lat="47.356330" lon="-1.162800"><ele>1</ele><time>2026-03-01T08:31:00Z</time></trkpt>
			<trkpt lat="47.356330" lon="-1.162390"><ele>1</ele><time>2026-03-01T08:31:12Z</time></trkpt>
			<trkpt lat="47.356370" lon="-1.161870"><ele>2</ele><time>2026-03-01T08:31:24Z</time></trkpt>
			<trkpt lat="47.356400" lon="-1.161590"><ele>2</ele><time>2026-03-01T08:31:36Z</time></trkpt>
			<trkpt lat="47.356470" lon="-1.161240"><ele>2</ele><time>2026-03-01T08:31:48Z</time></trkpt>
			<trkpt lat="47.356540" lon="-1.160960"><ele>2</ele><time>2026-03-01T08:32:00Z</time></trkpt>
			<trkpt lat="47.356560" lon="-1.160760"><ele>2</ele><time>2026-03-01T08:32:12Z</time></trkpt>
			<trkpt lat="47.356610" lon="-1.160140"><ele>4</ele><time>2026-03-01T08:32:24Z</time></trkpt>
			<trkpt lat="47.356640" lon="-1.159860"><ele>6</ele><time>2026-03-01T08:32:36Z</time></trkpt>
			<trkpt lat="47.356640" lon="-1.159720"><ele>6</ele><time>2026-03-01T08:32:48Z</time></trkpt>
			<trkpt lat="47.356630" lon="-1.159610"><ele>6</ele><time>2026-03-01T08:33:00Z</time></trkpt>
			<trkpt lat="47.356610" lon="-1.159520"><ele>7</ele><time>2026-03-01T08:33:12Z</time></trkpt>
			<trkpt lat="47.356580" lon="-1.159420"><ele>7</ele><time>2026-03-01T08:33:24Z</time></trkpt>
			<trkpt lat="47.356420" lon="-1.159140"><ele>8</ele><time>2026-03-01T08:33:36Z</time></trkpt>
			<trkpt lat="47.356350" lon="-1.159000"><ele>8</ele><time>2026-03-01T08:33:48Z</time></trkpt>
			<trkpt lat="47.356300" lon="-1.158880"><ele>8</ele><time>2026-03-01T08:34:00Z</time></trkpt>
			<trkpt lat="47.356180" lon="-1.158600"><ele>8</ele><time>2026-03-01T08:34:12Z</time></trkpt>
			<trkpt lat="47.356120" lon="-1.158500"><ele>8</ele><time>2026-03-01T08:34:24Z</time></trkpt>
			<trkpt lat="47.355850" lon="-1.158130"><ele>7</ele><time>2026-03-01T08:34:36Z</time></trkpt>
			<trkpt lat="47.355350" lon="-1.157250"><ele>7</ele><time>2026-03-01T08:34:48Z</time></trkpt>
			<trkpt lat="47.355220" lon="-1.157050"><ele>7</ele><time>2026-03-01T08:35:00Z</time></trkpt>
			<trkpt lat="47.355000" lon="-1.156770"><ele>7</ele><time>2026-03-01T08:35:12Z</time></trkpt>
			<trkpt lat="47.354890" lon="-1.156670"><ele>7</ele><time>2026-03-01T08:35:24Z</time></trkpt>
			<trkpt lat="47.354550" lon="-1.156560"><ele>7</ele><time>2026-03-01T08:35:36Z</time></trkpt>
			<trkpt lat="47.354360" lon="-1.156540"><ele>8</ele><time>2026-03-01T08:35:48Z</time></trkpt>
			<trkpt lat="47.354230" lon="-1.156550"><ele>8</ele><time>2026-03-01T08:36:00Z</time></trkpt>
			<trkpt lat="47.353890" lon="-1.156630"><ele>8</ele><time>2026-03-01T08:36:12Z</time></trkpt>
			<trkpt lat="47.353500" lon="-1.156770"><ele>8</ele><time>2026-03-01T08:36:24Z</time></trkpt>
			<trkpt lat="47.353420" lon="-1.156800"><ele>8</ele><time>2026-03-01T08:36:36Z</time></trkpt>
			<trkpt lat="47.353150" lon="-1.156950"><ele>8</ele><time>2026-03-01T08:36:48Z</time></trkpt>
			<trkpt lat="47.352900" lon="-1.157030"><ele>8</ele><time>2026-03-01T08:37:00Z</time></trkpt>
			<trkpt lat="47.352520" lon="-1.157050"><ele>8</ele><time>2026-03-01T08:37:12Z</time></trkpt>
			<trkpt lat="47.351820" lon="-1.157180"><ele>8</ele><time>2026-03-01T08:37:24Z</time></trkpt>
			<trkpt lat="47.351390" lon="-1.157200"><ele>8</ele><time>2026-03-01T08:37:36Z</time></trkpt>
			<trkpt lat="47.351220" lon="-1.157230"><ele>8</ele><time>2026-03-01T08:37:48Z</time></trkpt>
			<trkpt lat="47.351110" lon="-1.157290"><ele>8</ele><time>2026-03-01T08:38:00Z</time></trkpt>
			<trkpt lat="47.351030" lon="-1.157360"><ele>9</ele><time>2026-03-01T08:38:12Z</time></trkpt>
			<trkpt lat="47.350980" lon="-1.157460"><ele>9</ele><time>2026-03-01T08:38:24Z</time></trkpt>
			<trkpt lat="47.350540" lon="-1.158630"><ele>9</ele><time>2026-03-01T08:38:36Z</time></trkpt>
			<trkpt lat="47.350100" lon="-1.159590"><ele>8</ele><time>2026-03-01T08:38:48Z</time></trkpt>
			<trkpt lat="47.350020" lon="-1.159700"><ele>7</ele><time>2026-03-01T08:39:00Z</time></trkpt>
			<trkpt lat="47.349950" lon="-1.159770"><ele>7</ele><time>2026-03-01T08:39:12Z</time></trkpt>
			<trkpt lat="47.349850" lon="-1.159810"><ele>7</ele><time>2026-03-01T08:39:24Z</time></trkpt>
			<trkpt lat="47.349750" lon="-1.159820"><ele>7</ele><time>2026-03-01T08:39:36Z</time></trkpt>
			<trkpt lat="47.349640" lon="-1.159790"><ele>8</ele><time>2026-03-01T08:39:48Z</time></trkpt>
			<trkpt lat="47.349300" lon="-1.159620"><ele>8</ele><time>2026-03-01T08:40:00Z</time></trkpt>
			<trkpt lat="47.349240" lon="-1.159570"><ele>8</ele><time>2026-03-01T08:40:12Z</time></trkpt>
			<trkpt lat="47.349000" lon="-1.159420"><ele>8</ele><time>2026-03-01T08:40:24Z</time></trkpt>
			<trkpt lat="47.348410" lon="-1.159060"><ele>9</ele><time>2026-03-01T08:40:36Z</time></trkpt>
			<trkpt lat="47.348280" lon="-1.158960"><ele>9</ele><time>2026-03-01T08:40:48Z</time></trkpt>
			<trkpt lat="47.347980" lon="-1.158650"><ele>11</ele><time>2026-03-01T08:41:00Z</time></trkpt>
			<trkpt lat="47.347830" lon="-1.158560"><ele>12</ele><time>2026-03-01T08:41:12Z</time></trkpt>
			<trkpt lat="47.347690" lon="-1.158490"><ele>12</ele><time>2026-03-01T08:41:24Z</time></trkpt>
			<trkpt lat="47.347390" lon="-1.158380"><ele>14</ele><time>2026-03-01T08:41:36Z</time></trkpt>
			<trkpt lat="47.347020" lon="-1.158250"><ele>15</ele><time>2026-03-01T08:41:48Z</time></trkpt>
			<trkpt lat="47.346720" lon="-1.158150"><ele>16</ele><time>2026-03-01T08:42:00Z</time></trkpt>
			<trkpt lat="47.346110" lon="-1.157950"><ele>18</ele><time>2026-03-01T08:42:12Z</time></trkpt>
			<trkpt lat="47.346000" lon="-1.157910"><ele>18</ele><time>2026-03-01T08:42:24Z</time></trkpt>
			<trkpt lat="47.345890" lon="-1.157850"><ele>18</ele><time>2026-03-01T08:42:36Z</time></trkpt>
			<trkpt lat="47.345260" lon="-1.157490"><ele>20</ele><time>2026-03-01T08:42:48Z</time></trkpt>
			<trkpt lat="47.345180" lon="-1.157520"><ele>20</ele><time>2026-03-01T08:43:00Z</time></trkpt>
			<trkpt lat="47.344980" lon="-1.157730"><ele>20</ele><time>2026-03-01T08:43:12Z</time></trkpt>
			<trkpt lat="47.344760" lon="-1.157240"><ele>22</ele><time>2026-03-01T08:43:24Z</time></trkpt>
			<trkpt lat="47.344420" lon="-1.156470"><ele>24</ele><time>2026-03-01T08:43:36Z</time></trkpt>
			<trkpt lat="47.344410" lon="-1.156450"><ele>24</ele><time>2026-03-01T08:43:48Z</time></trkpt>
			<trkpt lat="47.343900" lon="-1.155290"><ele>28</ele><time>2026-03-01T08:44:00Z</time></trkpt>
			<trkpt lat="47.343730" lon="-1.154890"><ele>29</ele><time>2026-03-01T08:44:12Z</time></trkpt>
			<trkpt lat="47.343690" lon="-1.154810"><ele>29</ele><time>2026-03-01T08:44:24Z</time></trkpt>
			<trkpt lat="47.343340" lon="-1.154040"><ele>31</ele><time>2026-03-01T08:44:36Z</time></trkpt>
			<trkpt lat="47.343190" lon="-1.153700"><ele>31</ele><time>2026-03-01T08:44:48Z</time></trkpt>
			<trkpt lat="47.343150" lon="-1.153550"><ele>31</ele><time>2026-03-01T08:45:00Z</time></trkpt>
			<trkpt lat="47.343110" lon="-1.153350"><ele>31</ele><time>2026-03-01T08:45:12Z</time></trkpt>
			<trkpt lat="47.343110" lon="-1.153150"><ele>31</ele><time>2026-03-01T08:45:24Z</time></trkpt>
			<trkpt lat="47.343180" lon="-1.152680"><ele>30</ele><time>2026-03-01T08:45:36Z</time></trkpt>
			<trkpt lat="47.343230" lon="-1.152460"><ele>30</ele><time>2026-03-01T08:45:48Z</time></trkpt>
			<trkpt lat="47.343250" lon="-1.152290"><ele>31</ele><time>2026-03-01T08:46:00Z</time></trkpt>
			<trkpt lat="47.343260" lon="-1.152080"><ele>31</ele><time>2026-03-01T08:46:12Z</time></trkpt>
			<trkpt lat="47.343240" lon="-1.151700"><ele>31</ele><time>2026-03-01T08:46:24Z</time></trkpt>
			<trkpt lat="47.343110" lon="-1.150410"><ele>30</ele><time>2026-03-01T08:46:36Z</time></trkpt>
			<trkpt lat="47.343080" lon="-1.150270"><ele>30</ele><time>2026-03-01T08:46:48Z</time></trkpt>
			<trkpt lat="47.343050" lon="-1.150110"><ele>30</ele><time>2026-03-01T08:47:00Z</time></trkpt>
			<trkpt lat="47.342920" lon="-1.149770"><ele>30</ele><time>2026-03-01T08:47:12Z</time></trkpt>
			<trkpt lat="47.342870" lon="-1.149660"><ele>30</ele><time>2026-03-01T08:47:24Z</time></trkpt>
			<trkpt lat="47.342830" lon="-1.149690"><ele>30</ele><time>2026-03-01T08:47:36Z</time></trkpt>
			<trkpt lat="47.342740" lon="-1.149730"><ele>31</ele><time>2026-03-01T08:47:48Z</time></trkpt>
			<trkpt lat="47.341430" lon="-1.150030"><ele>38</ele><time>2026-03-01T08:48:00Z</time></trkpt>
			<trkpt lat="47.341160" lon="-1.150120"><ele>40</ele><time>2026-03-01T08:48:12Z</time></trkpt>
			<trkpt lat="47.341070" lon="-1.150130"><ele>41</ele><time>2026-03-01T08:48:24Z</time></trkpt>
			<trkpt lat="47.340980" lon="-1.150120"><ele>41</ele><time>2026-03-01T08:48:36Z</time></trkpt>
			<trkpt lat="47.340890" lon="-1.150070"><ele>42</ele><time>2026-03-01T08:48:48Z</time></trkpt>
			<trkpt lat="47.340780" lon="-1.149960"><ele>43</ele><time>2026-03-01T08:49:00Z</time></trkpt>
			<trkpt lat="47.340730" lon="-1.149900"><ele>43</ele><time>2026-03-01T08:49:12Z</time></trkpt>
			<trkpt lat="47.339730" lon="-1.148570"><ele>55</ele><time>2026-03-01T08:49:24Z</time></trkpt>
			<trkpt lat="47.339600" lon="-1.148440"><ele>57</ele><time>2026-03-01T08:49:36Z</time></trkpt>
			<trkpt lat="47.339470" lon="-1.148320"><ele>58</ele><time>2026-03-01T08:49:48Z</time></trkpt>
			<trkpt lat="47.339310" lon="-1.148230"><ele>59</ele><time>2026-03-01T08:50:00Z</time></trkpt>
			<trkpt lat="47.339130" lon="-1.148180"><ele>61</ele><time>2026-03-01T08:50:12Z</time></trkpt>
			<trkpt lat="47.338610" lon="-1.148220"><ele>64</ele><time>2026-03-01T08:50:24Z</time></trkpt>
			<trkpt lat="47.338520" lon="-1.148220"><ele>65</ele><time>2026-03-01T08:50:36Z</time></trkpt>
			<trkpt lat="47.338150" lon="-1.148290"><ele>66</ele><time>2026-03-01T08:50:48Z</time></trkpt>
			<trkpt lat="47.337930" lon="-1.148320"><ele>65</ele><time>2026-03-01T08:51:00Z</time></trkpt>
			<trkpt lat="47.337630" lon="-1.148330"><ele>65</ele><time>2026-03-01T08:51:12Z</time></trkpt>
			<trkpt lat="47.337200" lon="-1.148270"><ele>64</ele><time>2026-03-01T08:51:24Z</time></trkpt>
			<trkpt lat="47.336660" lon="-1.148160"><ele>63</ele><time>2026-03-01T08:51:36Z</time></trkpt>
			<trkpt lat="47.336470" lon="-1.148160"><ele>64</ele><time>2026-03-01T08:51:48Z</time></trkpt>
			<trkpt lat="47.336270" lon="-1.148190"><ele>65</ele><time>2026-03-01T08:52:00Z</time></trkpt>
			<trkpt lat="47.335130" lon="-1.148460"><ele>68</ele><time>2026-03-01T08:52:12Z</time></trkpt>
			<trkpt lat="47.334830" lon="-1.148530"><ele>69</ele><time>2026-03-01T08:52:24Z</time></trkpt>
			<trkpt lat="47.334690" lon="-1.148550"><ele>69</ele><time>2026-03-01T08:52:36Z</time></trkpt>
			<trkpt lat="47.334530" lon="-1.148540"><ele>69</ele><time>2026-03-01T08:52:48Z</time></trkpt>
			<trkpt lat="47.334380" lon="-1.148500"><ele>69</ele><time>2026-03-01T08:53:00Z</time></trkpt>
			<trkpt lat="47.334200" lon="-1.148410"><ele>68</ele><time>2026-03-01T08:53:12Z</time></trkpt>
			<trkpt lat="47.334110" lon="-1.148350"><ele>68</ele><time>2026-03-01T08:53:24Z</time></trkpt>
			<trkpt lat="47.333960" lon="-1.148210"><ele>69</ele><time>2026-03-01T08:53:36Z</time></trkpt>
			<trkpt lat="47.333850" lon="-1.148040"><ele>69</ele><time>2026-03-01T08:53:48Z</time></trkpt>
			<trkpt lat="47.332830" lon="-1.145740"><ele>73</ele><time>2026-03-01T08:54:00Z</time></trkpt>
			<trkpt lat="47.332530" lon="-1.145120"><ele>77</ele><time>2026-03-01T08:54:12Z</time></trkpt>
			<trkpt lat="47.332080" lon="-1.144310"><ele>79</ele><time>2026-03-01T08:54:24Z</time></trkpt>
			<trkpt lat="47.331740" lon="-1.143770"><ele>80</ele><time>2026-03-01T08:54:36Z</time></trkpt>
			<trkpt lat="47.330840" lon="-1.142580"><ele>82</ele><time>2026-03-01T08:54:48Z</time></trkpt>
			<trkpt lat="47.330630" lon="-1.142410"><ele>82</ele><time>2026-03-01T08:55:00Z</time></trkpt>
			<trkpt lat="47.330570" lon="-1.142360"><ele>82</ele><time>2026-03-01T08:55:12Z</time></trkpt>
			<trkpt lat="47.330280" lon="-1.142160"><ele>82</ele><time>2026-03-01T08:55:24Z</time></trkpt>
			<trkpt lat="47.329730" lon="-1.141750"><ele>82</ele><time>2026-03-01T08:55:36Z</time></trkpt>
			<trkpt lat="47.329290" lon="-1.141480"><ele>82</ele><time>2026-03-01T08:55:48Z</time></trkpt>
			<trkpt lat="47.328260" lon="-1.140930"><ele>81</ele><time>2026-03-01T08:56:00Z</time></trkpt>
			<trkpt lat="47.327800" lon="-1.140730"><ele>80</ele><time>2026-03-01T08:56:12Z</time></trkpt>
			<trkpt lat="47.327190" lon="-1.140500"><ele>79</ele><time>2026-03-01T08:56:24Z</time></trkpt>
			<trkpt lat="47.326940" lon="-1.140430"><ele>78</ele><time>2026-03-01T08:56:36Z</time></trkpt>
			<trkpt lat="47.326710" lon="-1.140410"><ele>78</ele><time>2026-03-01T08:56:48Z</time></trkpt>
			<trkpt lat="47.326490" lon="-1.140420"><ele>78</ele><time>2026-03-01T08:57:00Z</time></trkpt>
			<trkpt lat="47.326160" lon="-1.140460"><ele>77</ele><time>2026-03-01T08:57:12Z</time></trkpt>
			<trkpt lat="47.325500" lon="-1.140540"><ele>76</ele><time>2026-03-01T08:57:24Z</time></trkpt>
			<trkpt lat="47.325050" lon="-1.140540"><ele>75</ele><time>2026-03-01T08:57:36Z</time></trkpt>
			<trkpt lat="47.323980" lon="-1.140490"><ele>73</ele><time>2026-03-01T08:57:48Z</time></trkpt>
			<trkpt lat="47.323710" lon="-1.140460"><ele>72</ele><time>2026-03-01T08:58:00Z</time></trkpt>
			<trkpt lat="47.323510" lon="-1.140420"><ele>72</ele><time>2026-03-01T08:58:12Z</time></trkpt>
			<trkpt lat="47.323300" lon="-1.140360"><ele>72</ele><time>2026-03-01T08:58:24Z</time></trkpt>
			<trkpt lat="47.323180" lon="-1.140280"><ele>72</ele><time>2026-03-01T08:58:36Z</time></trkpt>
			<trkpt lat="47.323050" lon="-1.140110"><ele>72</ele><time>2026-03-01T08:58:48Z</time></trkpt>
			<trkpt lat="47.321540" lon="-1.136710"><ele>76</ele><time>2026-03-01T08:59:00Z</time></trkpt>
			<trkpt lat="47.321390" lon="-1.136410"><ele>76</ele><time>2026-03-01T08:59:12Z</time></trkpt>
			<trkpt lat="47.321190" lon="-1.136110"><ele>76</ele><time>2026-03-01T08:59:24Z</time></trkpt>
			<trkpt lat="47.320920" lon="-1.135790"><ele>77</ele><time>2026-03-01T08:59:36Z</time></trkpt>
			<trkpt lat="47.320140" lon="-1.134960"><ele>76</ele><time>2026-03-01T08:59:48Z</time></trkpt>
			<trkpt lat="47.318360" lon="-1.133250"><ele>74</ele><time>2026-03-01T09:00:00Z</time></trkpt>
			<trkpt lat="47.317970" lon="-1.132800"><ele>75</ele><time>2026-03-01T09:00:12Z</time></trkpt>
			<trkpt lat="47.317410" lon="-1.132190"><ele>75</ele><time>2026-03-01T09:00:24Z</time></trkpt>
			<trkpt lat="47.317280" lon="-1.132070"><ele>75</ele><time>2026-03-01T09:00:36Z</time></trkpt>
			<trkpt lat="47.312980" lon="-1.129460"><ele>81</ele><time>2026-03-01T09:00:48Z</time></trkpt>
			<trkpt lat="47.312820" lon="-1.129340"><ele>81</ele><time>2026-03-01T09:01:00Z</time></trkpt>
			<trkpt lat="47.312720" lon="-1.129240"><ele>81</ele><time>2026-03-01T09:01:12Z</time></trkpt>
			<trkpt lat="47.312650" lon="-1.129050"><ele>81</ele><time>2026-03-01T09:01:24Z</time></trkpt>
			<trkpt lat="47.312570" lon="-1.128800"><ele>82</ele><time>2026-03-01T09:01:36Z</time></trkpt>
			<trkpt lat="47.312200" lon="-1.127350"><ele>83</ele><time>2026-03-01T09:01:48Z</time></trkpt>
			<trkpt lat="47.312160" lon="-1.127070"><ele>83</ele><time>2026-03-01T09:02:00Z</time></trkpt>
			<trkpt lat="47.312150" lon="-1.126880"><ele>84</ele><time>2026-03-01T09:02:12Z</time></trkpt>
			<trkpt lat="47.312250" lon="-1.125360"><ele>85</ele><time>2026-03-01T09:02:24Z</time></trkpt>
			<trkpt lat="47.312250" lon="-1.124940"><ele>85</ele><time>2026-03-01T09:02:36Z</time></trkpt>
			<trkpt lat="47.312160" lon="-1.124070"><ele>85</ele><time>2026-03-01T09:02:48Z</time></trkpt>
			<trkpt lat="47.311710" lon="-1.120620"><ele>86</ele><time>2026-03-01T09:03:00Z</time></trkpt>
			<trkpt lat="47.310980" lon="-1.116620"><ele>86</ele><time>2026-03-01T09:03:12Z</time></trkpt>
			<trkpt lat="47.309980" lon="-1.116710"><ele>84</ele><time>2026-03-01T09:03:24Z</time></trkpt>
			<trkpt lat="47.309460" lon="-1.116760"><ele>83</ele><time>2026-03-01T09:03:36Z</time></trkpt>
			<trkpt lat="47.308220" lon="-1.116880"><ele>82</ele><time>2026-03-01T09:03:48Z</time></trkpt>
			<trkpt lat="47.308000" lon="-1.116930"><ele>83</ele><time>2026-03-01T09:04:00Z</time></trkpt>
			<trkpt lat="47.307730" lon="-1.117020"><ele>83</ele><time>2026-03-01T09:04:12Z</time></trkpt>
			<trkpt lat="47.307060" lon="-1.117280"><ele>85</ele><time>2026-03-01T09:04:24Z</time></trkpt>
			<trkpt lat="47.306280" lon="-1.117650"><ele>86</ele><time>2026-03-01T09:04:36Z</time></trkpt>
			<trkpt lat="47.306170" lon="-1.117690"><ele>87</ele><time>2026-03-01T09:04:48Z</time></trkpt>
			<trkpt lat="47.306100" lon="-1.117690"><ele>87</ele><time>2026-03-01T09:05:00Z</time></trkpt>
			<trkpt lat="47.306040" lon="-1.117690"><ele>87</ele><time>2026-03-01T09:05:12Z</time></trkpt>
			<trkpt lat="47.305900" lon="-1.117650"><ele>87</ele><time>2026-03-01T09:05:24Z</time></trkpt>
			<trkpt lat="47.304730" lon="-1.116980"><ele>89</ele><time>2026-03-01T09:05:36Z</time></trkpt>
			<trkpt lat="47.304490" lon="-1.116870"><ele>89</ele><time>2026-03-01T09:05:48Z</time></trkpt>
			<trkpt lat="47.303990" lon="-1.116680"><ele>90</ele><time>2026-03-01T09:06:00Z</time></trkpt>
			<trkpt lat="47.303760" lon="-1.116590"><ele>91</ele><time>2026-03-01T09:06:12Z</time></trkpt>
			<trkpt lat="47.302600" lon="-1.116220"><ele>96</ele><time>2026-03-01T09:06:24Z</time></trkpt>
			<trkpt lat="47.302470" lon="-1.116160"><ele>96</ele><time>2026-03-01T09:06:36Z</time></trkpt>
			<trkpt lat="47.302330" lon="-1.116060"><ele>96</ele><time>2026-03-01T09:06:48Z</time></trkpt>
			<trkpt lat="47.302190" lon="-1.115910"><ele>96</ele><time>2026-03-01T09:07:00Z</time></trkpt>
			<trkpt lat="47.301990" lon="-1.115610"><ele>97</ele><time>2026-03-01T09:07:12Z</time></trkpt>
			<trkpt lat="47.301860" lon="-1.115450"><ele>98</ele><time>2026-03-01T09:07:24Z</time></trkpt>
			<trkpt lat="47.301540" lon="-1.115180"><ele>98</ele><time>2026-03-01T09:07:36Z</time></trkpt>
			<trkpt lat="47.301450" lon="-1.115100"><ele>98</ele><time>2026-03-01T09:07:48Z</time></trkpt>
			<trkpt lat="47.301200" lon="-1.114890"><ele>98</ele><time>2026-03-01T09:08:00Z</time></trkpt>
			<trkpt lat="47.300940" lon="-1.114620"><ele>97</ele><time>2026-03-01T09:08:12Z</time></trkpt>
			<trkpt lat="47.300630" lon="-1.114270"><ele>97</ele><time>2026-03-01T09:08:24Z</time></trkpt>
			<trkpt lat="47.300510" lon="-1.114160"><ele>96</ele><time>2026-03-01T09:08:36Z</time></trkpt>
			<trkpt lat="47.300380" lon="-1.114070"><ele>96</ele><time>2026-03-01T09:08:48Z</time></trkpt>
			<trkpt lat="47.300210" lon="-1.113970"><ele>95</ele><time>2026-03-01T09:09:00Z</time></trkpt>
			<trkpt lat="47.300060" lon="-1.113900"><ele>95</ele><time>2026-03-01T09:09:12Z</time></trkpt>
			<trkpt lat="47.299910" lon="-1.113840"><ele>94</ele><time>2026-03-01T09:09:24Z</time></trkpt>
			<trkpt lat="47.299220" lon="-1.113620"><ele>92</ele><time>2026-03-01T09:09:36Z</time></trkpt>
			<trkpt lat="47.298700" lon="-1.113500"><ele>89</ele><time>2026-03-01T09:09:48Z</time></trkpt>
			<trkpt lat="47.298320" lon="-1.113440"><ele>86</ele><time>2026-03-01T09:10:00Z</time></trkpt>
			<trkpt lat="47.298090" lon="-1.113370"><ele>85</ele><time>2026-03-01T09:10:12Z</time></trkpt>
			<trkpt lat="47.297850" lon="-1.113260"><ele>84</ele><time>2026-03-01T09:10:24Z</time></trkpt>
			<trkpt lat="47.297570" lon="-1.113080"><ele>82</ele><time>2026-03-01T09:10:36Z</time></trkpt>
			<trkpt lat="47.297180" lon="-1.112770"><ele>80</ele><time>2026-03-01T09:10:48Z</time></trkpt>
			<trkpt lat="47.296440" lon="-1.112110"><ele>73</ele><time>2026-03-01T09:11:00Z</time></trkpt>
			<trkpt lat="47.295860" lon="-1.111550"><ele>67</ele><time>2026-03-01T09:11:12Z</time></trkpt>
			<trkpt lat="47.295750" lon="-1.111470"><ele>67</ele><time>2026-03-01T09:11:24Z</time></trkpt>
			<trkpt lat="47.295640" lon="-1.111410"><ele>67</ele><time>2026-03-01T09:11:36Z</time></trkpt>
			<trkpt lat="47.295480" lon="-1.111370"><ele>68</ele><time>2026-03-01T09:11:48Z</time></trkpt>
			<trkpt lat="47.295270" lon="-1.111390"><ele>68</ele><time>2026-03-01T09:12:00Z</time></trkpt>
			<trkpt lat="47.294790" lon="-1.111470"><ele>70</ele><time>2026-03-01T09:12:12Z</time></trkpt>
			<trkpt lat="47.294600" lon="-1.111540"><ele>72</ele><time>2026-03-01T09:12:24Z</time></trkpt>
			<trkpt lat="47.294400" lon="-1.111630"><ele>73</ele><time>2026-03-01T09:12:36Z</time></trkpt>
			<trkpt lat="47.294240" lon="-1.111680"><ele>74</ele><time>2026-03-01T09:12:48Z</time></trkpt>
			<trkpt lat="47.294030" lon="-1.111720"><ele>76</ele><time>2026-03-01T09:13:00Z</time></trkpt>
			<trkpt lat="47.293190" lon="-1.111690"><ele>83</ele><time>2026-03-01T09:13:12Z</time></trkpt>
			<trkpt lat="47.293040" lon="-1.111710"><ele>84</ele><time>2026-03-01T09:13:24Z</time></trkpt>
			<trkpt lat="47.292800" lon="-1.111770"><ele>85</ele><time>2026-03-01T09:13:36Z</time></trkpt>
			<trkpt lat="47.291600" lon="-1.112330"><ele>93</ele><time>2026-03-01T09:13:48Z</time></trkpt>
			<trkpt lat="47.291360" lon="-1.112390"><ele>93</ele><time>2026-03-01T09:14:00Z</time></trkpt>
			<trkpt lat="47.291070" lon="-1.112430"><ele>94</ele><time>2026-03-01T09:14:12Z</time></trkpt>
			<trkpt lat="47.290770" lon="-1.112400"><ele>94</ele><time>2026-03-01T09:14:24Z</time></trkpt>
			<trkpt lat="47.290080" lon="-1.112260"><ele>94</ele><time>2026-03-01T09:14:36Z</time></trkpt>
			<trkpt lat="47.289960" lon="-1.112230"><ele>94</ele><time>2026-03-01T09:14:48Z</time></trkpt>
			<trkpt lat="47.289870" lon="-1.112250"><ele>94</ele><time>2026-03-01T09:15:00Z</time></trkpt>
			<trkpt lat="47.289790" lon="-1.112300"><ele>94</ele><time>2026-03-01T09:15:12Z</time></trkpt>
			<trkpt lat="47.289710" lon="-1.112390"><ele>94</ele><time>2026-03-01T09:15:24Z</time></trkpt>
			<trkpt lat="47.289640" lon="-1.112490"><ele>94</ele><time>2026-03-01T09:15:36Z</time></trkpt>
			<trkpt lat="47.289480" lon="-1.112820"><ele>95</ele><time>2026-03-01T09:15:48Z</time></trkpt>
			<trkpt lat="47.289370" lon="-1.112970"><ele>95</ele><time>2026-03-01T09:16:00Z</time></trkpt>
			<trkpt lat="47.289250" lon="-1.113130"><ele>95</ele><time>2026-03-01T09:16:12Z</time></trkpt>
			<trkpt lat="47.289020" lon="-1.113370"><ele>95</ele><time>2026-03-01T09:16:24Z</time></trkpt>
			<trkpt lat="47.288790" lon="-1.113610"><ele>96</ele><time>2026-03-01T09:16:36Z</time></trkpt>
			<trkpt lat="47.288470" lon="-1.113890"><ele>97</ele><time>2026-03-01T09:16:48Z</time></trkpt>
			<trkpt lat="47.288010" lon="-1.114250"><ele>97</ele><time>2026-03-01T09:17:00Z</time></trkpt>
			<trkpt lat="47.287860" lon="-1.114350"><ele>98</ele><time>2026-03-01T09:17:12Z</time></trkpt>
			<trkpt lat="47.287720" lon="-1.114430"><ele>98</ele><time>2026-03-01T09:17:24Z</time></trkpt>
			<trkpt lat="47.287440" lon="-1.114510"><ele>98</ele><time>2026-03-01T09:17:36Z</time></trkpt>
			<trkpt lat="47.286850" lon="-1.114670"><ele>99</ele><time>2026-03-01T09:17:48Z</time></trkpt>
			<trkpt lat="47.286500" lon="-1.114800"><ele>99</ele><time>2026-03-01T09:18:00Z</time></trkpt>
			<trkpt lat="47.285840" lon="-1.115150"><ele>98</ele><time>2026-03-01T09:18:12Z</time></trkpt>
			<trkpt lat="47.285740" lon="-1.115210"><ele>98</ele><time>2026-03-01T09:18:24Z</time></trkpt>
			<trkpt lat="47.285170" lon="-1.115500"><ele>98</ele><time>2026-03-01T09:18:36Z</time></trkpt>
			<trkpt lat="47.284900" lon="-1.115640"><ele>98</ele><time>2026-03-01T09:18:48Z</time></trkpt>
			<trkpt lat="47.284760" lon="-1.115700"><ele>98</ele><time>2026-03-01T09:19:00Z</time></trkpt>
			<trkpt lat="47.284660" lon="-1.115700"><ele>98</ele><time>2026-03-01T09:19:12Z</time></trkpt>
			<trkpt lat="47.284600" lon="-1.115690"><ele>98</ele><time>2026-03-01T09:19:24Z</time></trkpt>
			<trkpt lat="47.284360" lon="-1.115620"><ele>98</ele><time>2026-03-01T09:19:36Z</time></trkpt>
			<trkpt lat="47.284130" lon="-1.115520"><ele>98</ele><time>2026-03-01T09:19:48Z</time></trkpt>
			<trkpt lat="47.283770" lon="-1.115340"><ele>96</ele><time>2026-03-01T09:20:00Z</time></trkpt>
			<trkpt lat="47.283660" lon="-1.115310"><ele>96</ele><time>2026-03-01T09:20:12Z</time></trkpt>
			<trkpt lat="47.283560" lon="-1.115300"><ele>96</ele><time>2026-03-01T09:20:24Z</time></trkpt>
			<trkpt lat="47.283130" lon="-1.115370"><ele>94</ele><time>2026-03-01T09:20:36Z</time></trkpt>
			<trkpt lat="47.283020" lon="-1.115380"><ele>93</ele><time>2026-03-01T09:20:48Z</time></trkpt>
			<trkpt lat="47.282740" lon="-1.115420"><ele>92</ele><time>2026-03-01T09:21:00Z</time></trkpt>
			<trkpt lat="47.282480" lon="-1.115430"><ele>91</ele><time>2026-03-01T09:21:12Z</time></trkpt>
			<trkpt lat="47.281950" lon="-1.115420"><ele>87</ele><time>2026-03-01T09:21:24Z</time></trkpt>
			<trkpt lat="47.281670" lon="-1.115400"><ele>86</ele><time>2026-03-01T09:21:36Z</time></trkpt>
			<trkpt lat="47.281600" lon="-1.115390"><ele>85</ele><time>2026-03-01T09:21:48Z</time></trkpt>
			<trkpt lat="47.281300" lon="-1.115300"><ele>84</ele><time>2026-03-01T09:22:00Z</time></trkpt>
			<trkpt lat="47.281260" lon="-1.115320"><ele>84</ele><time>2026-03-01T09:22:12Z</time></trkpt>
			<trkpt lat="47.281080" lon="-1.115530"><ele>84</ele><time>2026-03-01T09:22:24Z</time></trkpt>
			<trkpt lat="47.281000" lon="-1.115750"><ele>84</ele><time>2026-03-01T09:22:36Z</time></trkpt>
			<trkpt lat="47.280900" lon="-1.115980"><ele>85</ele><time>2026-03-01T09:22:48Z</time></trkpt>
			<trkpt lat="47.280890" lon="-1.116000"><ele>85</ele><time>2026-03-01T09:23:00Z</time></trkpt>
			<trkpt lat="47.280830" lon="-1.116190"><ele>85</ele><time>2026-03-01T09:23:12Z</time></trkpt>
			<trkpt lat="47.280730" lon="-1.116390"><ele>85</ele><time>2026-03-01T09:23:24Z</time></trkpt>
			<trkpt lat="47.280710" lon="-1.116430"><ele>85</ele><time>2026-03-01T09:23:36Z</time></trkpt>
			<trkpt lat="47.280610" lon="-1.116080"><ele>85</ele><time>2026-03-01T09:23:48Z</time></trkpt>
			<trkpt lat="47.280200" lon="-1.114480"><ele>84</ele><time>2026-03-01T09:24:00Z</time></trkpt>
			<trkpt lat="47.280120" lon="-1.114230"><ele>84</ele><time>2026-03-01T09:24:12Z</time></trkpt>
			<trkpt lat="47.280090" lon="-1.114130"><ele>84</ele><time>2026-03-01T09:24:24Z</time></trkpt>
			<trkpt lat="47.279970" lon="-1.113580"><ele>82</ele><time>2026-03-01T09:24:36Z</time></trkpt>
			<trkpt lat="47.279940" lon="-1.113270"><ele>81</ele><time>2026-03-01T09:24:48Z</time></trkpt>
			<trkpt lat="47.279730" lon="-1.112320"><ele>80</ele><time>2026-03-01T09:25:00Z</time></trkpt>
			<trkpt lat="47.279680" lon="-1.112000"><ele>79</ele><time>2026-03-01T09:25:12Z</time></trkpt>
			<trkpt lat="47.279610" lon="-1.111660"><ele>77</ele><time>2026-03-01T09:25:24Z</time></trkpt>
			<trkpt lat="47.279520" lon="-1.111340"><ele>77</ele><time>2026-03-01T09:25:36Z</time></trkpt>
			<trkpt lat="47.279280" lon="-1.110160"><ele>76</ele><time>2026-03-01T09:25:48Z</time></trkpt>
			<trkpt lat="47.279150" lon="-1.109520"><ele>78</ele><time>2026-03-01T09:26:00Z</time></trkpt>
			<trkpt lat="47.279050" lon="-1.109100"><ele>79</ele><time>2026-03-01T09:26:12Z</time></trkpt>
			<trkpt lat="47.278930" lon="-1.108650"><ele>79</ele><time>2026-03-01T09:26:24Z</time></trkpt>
			<trkpt lat="47.278640" lon="-1.107770"><ele>78</ele><time>2026-03-01T09:26:36Z</time></trkpt>
			<trkpt lat="47.278030" lon="-1.105950"><ele>70</ele><time>2026-03-01T09:26:48Z</time></trkpt>
			<trkpt lat="47.277800" lon="-1.105190"><ele>63</ele><time>2026-03-01T09:27:00Z</time></trkpt>
			<trkpt lat="47.277700" lon="-1.104770"><ele>60</ele><time>2026-03-01T09:27:12Z</time></trkpt>
			<trkpt lat="47.277610" lon="-1.104320"><ele>60</ele><time>2026-03-01T09:27:24Z</time></trkpt>
			<trkpt lat="47.277450" lon="-1.103370"><ele>67</ele><time>2026-03-01T09:27:36Z</time></trkpt>
			<trkpt lat="47.277300" lon="-1.101900"><ele>71</ele><time>2026-03-01T09:27:48Z</time></trkpt>
			<trkpt lat="47.277220" lon="-1.100930"><ele>74</ele><time>2026-03-01T09:28:00Z</time></trkpt>
			<trkpt lat="47.277180" lon="-1.100430"><ele>75</ele><time>2026-03-01T09:28:12Z</time></trkpt>
			<trkpt lat="47.277110" lon="-1.099950"><ele>76</ele><time>2026-03-01T09:28:24Z</time></trkpt>
			<trkpt lat="47.276950" lon="-1.099080"><ele>79</ele><time>2026-03-01T09:28:36Z</time></trkpt>
			<trkpt lat="47.276140" lon="-1.095320"><ele>88</ele><time>2026-03-01T09:28:48Z</time></trkpt>
			<trkpt lat="47.276120" lon="-1.095180"><ele>88</ele><time>2026-03-01T09:29:00Z</time></trkpt>
			<trkpt lat="47.275890" lon="-1.094120"><ele>90</ele><time>2026-03-01T09:29:12Z</time></trkpt>
			<trkpt lat="47.275820" lon="-1.093760"><ele>90</ele><time>2026-03-01T09:29:24Z</time></trkpt>
			<trkpt lat="47.273620" lon="-1.083380"><ele>95</ele><time>2026-03-01T09:29:36Z</time></trkpt>
			<trkpt lat="47.273550" lon="-1.083400"><ele>95</ele><time>2026-03-01T09:29:48Z</time></trkpt>
			<trkpt lat="47.273620" lon="-1.083380"><ele>95</ele><time>2026-03-01T09:30:00Z</time></trkpt>
			<trkpt lat="47.273390" lon="-1.082550"><ele>94</ele><time>2026-03-01T09:30:12Z</time></trkpt>
			<trkpt lat="47.273190" lon="-1.081620"><ele>92</ele><time>2026-03-01T09:30:24Z</time></trkpt>
			<trkpt lat="47.273130" lon="-1.081230"><ele>92</ele><time>2026-03-01T09:30:36Z</time></trkpt>
			<trkpt lat="47.273090" lon="-1.080890"><ele>92</ele><time>2026-03-01T09:30:48Z</time></trkpt>
			<trkpt lat="47.272960" lon="-1.080300"><ele>92</ele><time>2026-03-01T09:31:00Z</time></trkpt>
			<trkpt lat="47.272870" lon="-1.079810"><ele>92</ele><time>2026-03-01T09:31:12Z</time></trkpt>
			<trkpt lat="47.272510" lon="-1.078180"><ele>91</ele><time>2026-03-01T09:31:24Z</time></trkpt>
			<trkpt lat="47.272470" lon="-1.077950"><ele>91</ele><time>2026-03-01T09:31:36Z</time></trkpt>
			<trkpt lat="47.272440" lon="-1.077710"><ele>90</ele><time>2026-03-01T09:31:48Z</time></trkpt>
			<trkpt lat="47.272410" lon="-1.077360"><ele>90</ele><time>2026-03-01T09:32:00Z</time></trkpt>
			<trkpt lat="47.272410" lon="-1.077090"><ele>90</ele><time>2026-03-01T09:32:12Z</time></trkpt>
			<trkpt lat="47.272440" lon="-1.076760"><ele>90</ele><time>2026-03-01T09:32:24Z</time></trkpt>
			<trkpt lat="47.272540" lon="-1.076170"><ele>89</ele><time>2026-03-01T09:32:36Z</time></trkpt>
			<trkpt lat="47.272550" lon="-1.076100"><ele>89</ele><time>2026-03-01T09:32:48Z</time></trkpt>
			<trkpt lat="47.272570" lon="-1.075930"><ele>88</ele><time>2026-03-01T09:33:00Z</time></trkpt>
			<trkpt lat="47.272560" lon="-1.075850"><ele>88</ele><time>2026-03-01T09:33:12Z</time></trkpt>
			<trkpt lat="47.272520" lon="-1.075660"><ele>88</ele><time>2026-03-01T09:33:24Z</time></trkpt>
			<trkpt lat="47.272260" lon="-1.074810"><ele>87</ele><time>2026-03-01T09:33:36Z</time></trkpt>
			<trkpt lat="47.272140" lon="-1.074530"><ele>86</ele><time>2026-03-01T09:33:48Z</time></trkpt>
			<trkpt lat="47.272100" lon="-1.074440"><ele>86</ele><time>2026-03-01T09:34:00Z</time></trkpt>
			<trkpt lat="47.271950" lon="-1.074200"><ele>84</ele><time>2026-03-01T09:34:12Z</time></trkpt>
			<trkpt lat="47.271760" lon="-1.073950"><ele>83</ele><time>2026-03-01T09:34:24Z</time></trkpt>
			<trkpt lat="47.271680" lon="-1.073780"><ele>82</ele><time>2026-03-01T09:34:36Z</time></trkpt>
			<trkpt lat="47.271620" lon="-1.073610"><ele>81</ele><time>2026-03-01T09:34:48Z</time></trkpt>
			<trkpt lat="47.271510" lon="-1.073080"><ele>79</ele><time>2026-03-01T09:35:00Z</time></trkpt>
			<trkpt lat="47.271420" lon="-1.073120"><ele>79</ele><time>2026-03-01T09:35:12Z</time></trkpt>
			<trkpt lat="47.271390" lon="-1.073180"><ele>80</ele><time>2026-03-01T09:35:24Z</time></trkpt>
			<trkpt lat="47.271280" lon="-1.073580"><ele>81</ele><time>2026-03-01T09:35:36Z</time></trkpt>
			<trkpt lat="47.271230" lon="-1.073790"><ele>82</ele><time>2026-03-01T09:35:48Z</time></trkpt>
			<trkpt lat="47.271170" lon="-1.073770"><ele>82</ele><time>2026-03-01T09:36:00Z</time></trkpt>
			<trkpt lat="47.270340" lon="-1.074070"><ele>84</ele><time>2026-03-01T09:36:12Z</time></trkpt>
			<trkpt lat="47.269490" lon="-1.074510"><ele>87</ele><time>2026-03-01T09:36:24Z</time></trkpt>
			<trkpt lat="47.269340" lon="-1.074590"><ele>88</ele><time>2026-03-01T09:36:36Z</time></trkpt>
			<trkpt lat="47.268450" lon="-1.075070"><ele>90</ele><time>2026-03-01T09:36:48Z</time></trkpt>
			<trkpt lat="47.268180" lon="-1.075170"><ele>91</ele><time>2026-03-01T09:37:00Z</time></trkpt>
			<trkpt lat="47.267230" lon="-1.075400"><ele>95</ele><time>2026-03-01T09:37:12Z</time></trkpt>
			<trkpt lat="47.267020" lon="-1.075480"><ele>96</ele><time>2026-03-01T09:37:24Z</time></trkpt>
			<trkpt lat="47.266270" lon="-1.075870"><ele>99</ele><time>2026-03-01T09:37:36Z</time></trkpt>
			<trkpt lat="47.266070" lon="-1.075930"><ele>100</ele><time>2026-03-01T09:37:48Z</time></trkpt>
			<trkpt lat="47.265930" lon="-1.075930"><ele>101</ele><time>2026-03-01T09:38:00Z</time></trkpt>
			<trkpt lat="47.265810" lon="-1.075890"><ele>102</ele><time>2026-03-01T09:38:12Z</time></trkpt>
			<trkpt lat="47.265690" lon="-1.075820"><ele>102</ele><time>2026-03-01T09:38:24Z</time></trkpt>
			<trkpt lat="47.265580" lon="-1.075730"><ele>102</ele><time>2026-03-01T09:38:36Z</time></trkpt>
			<trkpt lat="47.265390" lon="-1.075480"><ele>102</ele><time>2026-03-01T09:38:48Z</time></trkpt>
			<trkpt lat="47.265050" lon="-1.075060"><ele>102</ele><time>2026-03-01T09:39:00Z</time></trkpt>
			<trkpt lat="47.264740" lon="-1.074680"><ele>102</ele><time>2026-03-01T09:39:12Z</time></trkpt>
			<trkpt lat="47.264640" lon="-1.074580"><ele>102</ele><time>2026-03-01T09:39:24Z</time></trkpt>
			<trkpt lat="47.264340" lon="-1.074440"><ele>102</ele><time>2026-03-01T09:39:36Z</time></trkpt>
			<trkpt lat="47.264160" lon="-1.074370"><ele>102</ele><time>2026-03-01T09:39:48Z</time></trkpt>
			<trkpt lat="47.263540" lon="-1.074090"><ele>103</ele><time>2026-03-01T09:40:00Z</time></trkpt>
			<trkpt lat="47.263290" lon="-1.073910"><ele>104</ele><time>2026-03-01T09:40:12Z</time></trkpt>
			<trkpt lat="47.263180" lon="-1.073850"><ele>104</ele><time>2026-03-01T09:40:24Z</time></trkpt>
			<trkpt lat="47.262930" lon="-1.073790"><ele>103</ele><time>2026-03-01T09:40:36Z</time></trkpt>
			<trkpt lat="47.262400" lon="-1.073780"><ele>103</ele><time>2026-03-01T09:40:48Z</time></trkpt>
			<trkpt lat="47.262260" lon="-1.073750"><ele>103</ele><time>2026-03-01T09:41:00Z</time></trkpt>
			<trkpt lat="47.261500" lon="-1.073520"><ele>101</ele><time>2026-03-01T09:41:12Z</time></trkpt>
			<trkpt lat="47.261080" lon="-1.073450"><ele>99</ele><time>2026-03-01T09:41:24Z</time></trkpt>
			<trkpt lat="47.260830" lon="-1.073370"><ele>98</ele><time>2026-03-01T09:41:36Z</time></trkpt>
			<trkpt lat="47.260270" lon="-1.073080"><ele>93</ele><time>2026-03-01T09:41:48Z</time></trkpt>
			<trkpt lat="47.260090" lon="-1.072990"><ele>91</ele><time>2026-03-01T09:42:00Z</time></trkpt>
			<trkpt lat="47.259980" lon="-1.072980"><ele>90</ele><time>2026-03-01T09:42:12Z</time></trkpt>
			<trkpt lat="47.259920" lon="-1.072980"><ele>90</ele><time>2026-03-01T09:42:24Z</time></trkpt>
			<trkpt lat="47.259710" lon="-1.073030"><ele>88</ele><time>2026-03-01T09:42:36Z</time></trkpt>
			<trkpt lat="47.259360" lon="-1.073020"><ele>85</ele><time>2026-03-01T09:42:48Z</time></trkpt>
			<trkpt lat="47.259200" lon="-1.073060"><ele>84</ele><time>2026-03-01T09:43:00Z</time></trkpt>
			<trkpt lat="47.258820" lon="-1.073290"><ele>82</ele><time>2026-03-01T09:43:12Z</time></trkpt>
			<trkpt lat="47.258670" lon="-1.073390"><ele>81</ele><time>2026-03-01T09:43:24Z</time></trkpt>
			<trkpt lat="47.258590" lon="-1.073430"><ele>81</ele><time>2026-03-01T09:43:36Z</time></trkpt>
			<trkpt lat="47.258430" lon="-1.073430"><ele>80</ele><time>2026-03-01T09:43:48Z</time></trkpt>
			<trkpt lat="47.258310" lon="-1.073370"><ele>79</ele><time>2026-03-01T09:44:00Z</time></trkpt>
			<trkpt lat="47.258230" lon="-1.073290"><ele>79</ele><time>2026-03-01T09:44:12Z</time></trkpt>
			<trkpt lat="47.257600" lon="-1.072570"><ele>80</ele><time>2026-03-01T09:44:24Z</time></trkpt>
			<trkpt lat="47.257440" lon="-1.072420"><ele>81</ele><time>2026-03-01T09:44:36Z</time></trkpt>
			<trkpt lat="47.257340" lon="-1.072340"><ele>82</ele><time>2026-03-01T09:44:48Z</time></trkpt>
			<trkpt lat="47.257250" lon="-1.072290"><ele>82</ele><time>2026-03-01T09:45:00Z</time></trkpt>
			<trkpt lat="47.257130" lon="-1.072270"><ele>83</ele><time>2026-03-01T09:45:12Z</time></trkpt>
			<trkpt lat="47.256640" lon="-1.072340"><ele>86</ele><time>2026-03-01T09:45:24Z</time></trkpt>
			<trkpt lat="47.256070" lon="-1.072360"><ele>89</ele><time>2026-03-01T09:45:36Z</time></trkpt>
			<trkpt lat="47.255040" lon="-1.072370"><ele>93</ele><time>2026-03-01T09:45:48Z</time></trkpt>
			<trkpt lat="47.254580" lon="-1.072350"><ele>95</ele><time>2026-03-01T09:46:00Z</time></trkpt>
			<trkpt lat="47.253800" lon="-1.072240"><ele>98</ele><time>2026-03-01T09:46:12Z</time></trkpt>
			<trkpt lat="47.253170" lon="-1.072120"><ele>100</ele><time>2026-03-01T09:46:24Z</time></trkpt>
			<trkpt lat="47.252330" lon="-1.071960"><ele>101</ele><time>2026-03-01T09:46:36Z</time></trkpt>
			<trkpt lat="47.252190" lon="-1.071890"><ele>101</ele><time>2026-03-01T09:46:48Z</time></trkpt>
			<trkpt lat="47.252080" lon="-1.071810"><ele>101</ele><time>2026-03-01T09:47:00Z</time></trkpt>
			<trkpt lat="47.251520" lon="-1.071200"><ele>101</ele><time>2026-03-01T09:47:12Z</time></trkpt>
			<trkpt lat="47.250470" lon="-1.070060"><ele>104</ele><time>2026-03-01T09:47:24Z</time></trkpt>
			<trkpt lat="47.250380" lon="-1.070300"><ele>104</ele><time>2026-03-01T09:47:36Z</time></trkpt>
			<trkpt lat="47.249200" lon="-1.073040"><ele>107</ele><time>2026-03-01T09:47:48Z</time></trkpt>
			<trkpt lat="47.249110" lon="-1.073240"><ele>107</ele><time>2026-03-01T09:48:00Z</time></trkpt>
			<trkpt lat="47.249030" lon="-1.073440"><ele>107</ele><time>2026-03-01T09:48:12Z</time></trkpt>
			<trkpt lat="47.248610" lon="-1.074400"><ele>108</ele><time>2026-03-01T09:48:24Z</time></trkpt>
			<trkpt lat="47.248590" lon="-1.074450"><ele>108</ele><time>2026-03-01T09:48:36Z</time></trkpt>
			<trkpt lat="47.248430" lon="-1.074850"><ele>108</ele><time>2026-03-01T09:48:48Z</time></trkpt>
			<trkpt lat="47.247580" lon="-1.077330"><ele>108</ele><time>2026-03-01T09:49:00Z</time></trkpt>
			<trkpt lat="47.246390" lon="-1.081550"><ele>111</ele><time>2026-03-01T09:49:12Z</time></trkpt>
			<trkpt lat="47.246100" lon="-1.082540"><ele>110</ele><time>2026-03-01T09:49:24Z</time></trkpt>
			<trkpt lat="47.245470" lon="-1.084740"><ele>110</ele><time>2026-03-01T09:49:36Z</time></trkpt>
			<trkpt lat="47.244370" lon="-1.088650"><ele>113</ele><time>2026-03-01T09:49:48Z</time></trkpt>
			<trkpt lat="47.243080" lon="-1.093070"><ele>109</ele><time>2026-03-01T09:50:00Z</time></trkpt>
			<trkpt lat="47.243010" lon="-1.093270"><ele>109</ele><time>2026-03-01T09:50:12Z</time></trkpt>
			<trkpt lat="47.242840" lon="-1.093640"><ele>108</ele><time>2026-03-01T09:50:24Z</time></trkpt>
			<trkpt lat="47.242730" lon="-1.093840"><ele>108</ele><time>2026-03-01T09:50:36Z</time></trkpt>
			<trkpt lat="47.242490" lon="-1.094320"><ele>107</ele><time>2026-03-01T09:50:48Z</time></trkpt>
			<trkpt lat="47.240210" lon="-1.098350"><ele>107</ele><time>2026-03-01T09:51:00Z</time></trkpt>
			<trkpt lat="47.238420" lon="-1.101500"><ele>106</ele><time>2026-03-01T09:51:12Z</time></trkpt>
			<trkpt lat="47.238180" lon="-1.101840"><ele>105</ele><time>2026-03-01T09:51:24Z</time></trkpt>
			<trkpt lat="47.236830" lon="-1.103910"><ele>104</ele><time>2026-03-01T09:51:36Z</time></trkpt>
			<trkpt lat="47.236330" lon="-1.104660"><ele>104</ele><time>2026-03-01T09:51:48Z</time></trkpt>
			<trkpt lat="47.235190" lon="-1.106400"><ele>104</ele><time>2026-03-01T09:52:00Z</time></trkpt>
			<trkpt lat="47.234930" lon="-1.106810"><ele>104</ele><time>2026-03-01T09:52:12Z</time></trkpt>
			<trkpt lat="47.234180" lon="-1.107940"><ele>103</ele><time>2026-03-01T09:52:24Z</time></trkpt>
			<trkpt lat="47.234030" lon="-1.108180"><ele>103</ele><time>2026-03-01T09:52:36Z</time></trkpt>
			<trkpt lat="47.233950" lon="-1.108370"><ele>102</ele><time>2026-03-01T09:52:48Z</time></trkpt>
			<trkpt lat="47.233850" lon="-1.108650"><ele>102</ele><time>2026-03-01T09:53:00Z</time></trkpt>
			<trkpt lat="47.233720" lon="-1.109020"><ele>102</ele><time>2026-03-01T09:53:12Z</time></trkpt>
			<trkpt lat="47.233390" lon="-1.110010"><ele>104</ele><time>2026-03-01T09:53:24Z</time></trkpt>
			<trkpt lat="47.233320" lon="-1.110310"><ele>103</ele><time>2026-03-01T09:53:36Z</time></trkpt>
			<trkpt lat="47.233290" lon="-1.110490"><ele>103</ele><time>2026-03-01T09:53:48Z</time></trkpt>
			<trkpt lat="47.233230" lon="-1.111020"><ele>101</ele><time>2026-03-01T09:54:00Z</time></trkpt>
			<trkpt lat="47.233190" lon="-1.111450"><ele>100</ele><time>2026-03-01T09:54:12Z</time></trkpt>
			<trkpt lat="47.233130" lon="-1.112220"><ele>98</ele><time>2026-03-01T09:54:24Z</time></trkpt>
			<trkpt lat="47.233070" lon="-1.112650"><ele>97</ele><time>2026-03-01T09:54:36Z</time></trkpt>
			<trkpt lat="47.233010" lon="-1.113090"><ele>95</ele><time>2026-03-01T09:54:48Z</time></trkpt>
			<trkpt lat="47.232910" lon="-1.113720"><ele>92</ele><time>2026-03-01T09:55:00Z</time></trkpt>
			<trkpt lat="47.232810" lon="-1.114320"><ele>89</ele><time>2026-03-01T09:55:12Z</time></trkpt>
			<trkpt lat="47.232760" lon="-1.114470"><ele>89</ele><time>2026-03-01T09:55:24Z</time></trkpt>
			<trkpt lat="47.232720" lon="-1.114570"><ele>89</ele><time>2026-03-01T09:55:36Z</time></trkpt>
			<trkpt lat="47.232630" lon="-1.114710"><ele>89</ele><time>2026-03-01T09:55:48Z</time></trkpt>
			<trkpt lat="47.232520" lon="-1.114830"><ele>89</ele><time>2026-03-01T09:56:00Z</time></trkpt>
			<trkpt lat="47.232080" lon="-1.115140"><ele>91</ele><time>2026-03-01T09:56:12Z</time></trkpt>
			<trkpt lat="47.231800" lon="-1.115380"><ele>93</ele><time>2026-03-01T09:56:24Z</time></trkpt>
			<trkpt lat="47.231670" lon="-1.115490"><ele>94</ele><time>2026-03-01T09:56:36Z</time></trkpt>
			<trkpt lat="47.231550" lon="-1.115570"><ele>93</ele><time>2026-03-01T09:56:48Z</time></trkpt>
			<trkpt lat="47.231480" lon="-1.115600"><ele>93</ele><time>2026-03-01T09:57:00Z</time></trkpt>
			<trkpt lat="47.230440" lon="-1.115640"><ele>91</ele><time>2026-03-01T09:57:12Z</time></trkpt>
			<trkpt lat="47.230230" lon="-1.115650"><ele>91</ele><time>2026-03-01T09:57:24Z</time></trkpt>
			<trkpt lat="47.229660" lon="-1.115630"><ele>90</ele><time>2026-03-01T09:57:36Z</time></trkpt>
			<trkpt lat="47.229490" lon="-1.115610"><ele>90</ele><time>2026-03-01T09:57:48Z</time></trkpt>
			<trkpt lat="47.229400" lon="-1.115600"><ele>90</ele><time>2026-03-01T09:58:00Z</time></trkpt>
			<trkpt lat="47.229210" lon="-1.115550"><ele>89</ele><time>2026-03-01T09:58:12Z</time></trkpt>
			<trkpt lat="47.228800" lon="-1.115410"><ele>89</ele><time>2026-03-01T09:58:24Z</time></trkpt>
			<trkpt lat="47.228550" lon="-1.115290"><ele>89</ele><time>2026-03-01T09:58:36Z</time></trkpt>
			<trkpt lat="47.228350" lon="-1.115160"><ele>88</ele><time>2026-03-01T09:58:48Z</time></trkpt>
			<trkpt lat="47.228220" lon="-1.115060"><ele>88</ele><time>2026-03-01T09:59:00Z</time></trkpt>
			<trkpt lat="47.228030" lon="-1.114860"><ele>87</ele><time>2026-03-01T09:59:12Z</time></trkpt>
			<trkpt lat="47.227950" lon="-1.114770"><ele>87</ele><time>2026-03-01T09:59:24Z</time></trkpt>
			<trkpt lat="47.227750" lon="-1.114510"><ele>87</ele><time>2026-03-01T09:59:36Z</time></trkpt>
			<trkpt lat="47.227490" lon="-1.114220"><ele>87</ele><time>2026-03-01T09:59:48Z</time></trkpt>
			<trkpt lat="47.227250" lon="-1.113980"><ele>87</ele><time>2026-03-01T10:00:00Z</time></trkpt>
			<trkpt lat="47.226820" lon="-1.113590"><ele>87</ele><time>2026-03-01T10:00:12Z</time></trkpt>
			<trkpt lat="47.226080" lon="-1.112940"><ele>84</ele><time>2026-03-01T10:00:24Z</time></trkpt>
			<trkpt lat="47.225900" lon="-1.112800"><ele>82</ele><time>2026-03-01T10:00:36Z</time></trkpt>
			<trkpt lat="47.225740" lon="-1.112690"><ele>82</ele><time>2026-03-01T10:00:48Z</time></trkpt>
			<trkpt lat="47.225420" lon="-1.112490"><ele>81</ele><time>2026-03-01T10:01:00Z</time></trkpt>
			<trkpt lat="47.225250" lon="-1.112360"><ele>81</ele><time>2026-03-01T10:01:12Z</time></trkpt>
			<trkpt lat="47.225070" lon="-1.112150"><ele>82</ele><time>2026-03-01T10:01:24Z</time></trkpt>
			<trkpt lat="47.224910" lon="-1.111930"><ele>83</ele><time>2026-03-01T10:01:36Z</time></trkpt>
			<trkpt lat="47.224770" lon="-1.111700"><ele>84</ele><time>2026-03-01T10:01:48Z</time></trkpt>
			<trkpt lat="47.224620" lon="-1.111430"><ele>85</ele><time>2026-03-01T10:02:00Z</time></trkpt>
			<trkpt lat="47.223410" lon="-1.108940"><ele>92</ele><time>2026-03-01T10:02:12Z</time></trkpt>
			<trkpt lat="47.223260" lon="-1.108730"><ele>93</ele><time>2026-03-01T10:02:24Z</time></trkpt>
			<trkpt lat="47.223090" lon="-1.108550"><ele>94</ele><time>2026-03-01T10:02:36Z</time></trkpt>
			<trkpt lat="47.222960" lon="-1.108440"><ele>94</ele><time>2026-03-01T10:02:48Z</time></trkpt>
			<trkpt lat="47.222790" lon="-1.108350"><ele>95</ele><time>2026-03-01T10:03:00Z</time></trkpt>
			<trkpt lat="47.222650" lon="-1.108290"><ele>95</ele><time>2026-03-01T10:03:12Z</time></trkpt>
			<trkpt lat="47.222460" lon="-1.108250"><ele>95</ele><time>2026-03-01T10:03:24Z</time></trkpt>
			<trkpt lat="47.222300" lon="-1.108220"><ele>95</ele><time>2026-03-01T10:03:36Z</time></trkpt>
			<trkpt lat="47.222060" lon="-1.108240"><ele>96</ele><time>2026-03-01T10:03:48Z</time></trkpt>
			<trkpt lat="47.221520" lon="-1.108370"><ele>96</ele><time>2026-03-01T10:04:00Z</time></trkpt>
			<trkpt lat="47.221380" lon="-1.108410"><ele>96</ele><time>2026-03-01T10:04:12Z</time></trkpt>
			<trkpt lat="47.219900" lon="-1.108820"><ele>96</ele><time>2026-03-01T10:04:24Z</time></trkpt>
			<trkpt lat="47.219500" lon="-1.108980"><ele>96</ele><time>2026-03-01T10:04:36Z</time></trkpt>
			<trkpt lat="47.219080" lon="-1.109190"><ele>96</ele><time>2026-03-01T10:04:48Z</time></trkpt>
			<trkpt lat="47.218600" lon="-1.109400"><ele>98</ele><time>2026-03-01T10:05:00Z</time></trkpt>
			<trkpt lat="47.218250" lon="-1.109580"><ele>99</ele><time>2026-03-01T10:05:12Z</time></trkpt>
			<trkpt lat="47.218010" lon="-1.109690"><ele>99</ele><time>2026-03-01T10:05:24Z</time></trkpt>
			<trkpt lat="47.217610" lon="-1.109880"><ele>99</ele><time>2026-03-01T10:05:36Z</time></trkpt>
			<trkpt lat="47.216810" lon="-1.110250"><ele>100</ele><time>2026-03-01T10:05:48Z</time></trkpt>
			<trkpt lat="47.216500" lon="-1.110440"><ele>100</ele><time>2026-03-01T10:06:00Z</time></trkpt>
			<trkpt lat="47.216430" lon="-1.110480"><ele>100</ele><time>2026-03-01T10:06:12Z</time></trkpt>
			<trkpt lat="47.216280" lon="-1.110610"><ele>100</ele><time>2026-03-01T10:06:24Z</time></trkpt>
			<trkpt lat="47.216090" lon="-1.110820"><ele>100</ele><time>2026-03-01T10:06:36Z</time></trkpt>
			<trkpt lat="47.215710" lon="-1.111220"><ele>100</ele><time>2026-03-01T10:06:48Z</time></trkpt>
			<trkpt lat="47.215330" lon="-1.111650"><ele>100</ele><time>2026-03-01T10:07:00Z</time></trkpt>
			<trkpt lat="47.214890" lon="-1.112120"><ele>102</ele><time>2026-03-01T10:07:12Z</time></trkpt>
			<trkpt lat="47.214780" lon="-1.112240"><ele>102</ele><time>2026-03-01T10:07:24Z</time></trkpt>
			<trkpt lat="47.214470" lon="-1.112580"><ele>103</ele><time>2026-03-01T10:07:36Z</time></trkpt>
			<trkpt lat="47.214020" lon="-1.113160"><ele>104</ele><time>2026-03-01T10:07:48Z</time></trkpt>
			<trkpt lat="47.213330" lon="-1.114090"><ele>103</ele><time>2026-03-01T10:08:00Z</time></trkpt>
			<trkpt lat="47.213090" lon="-1.114440"><ele>103</ele><time>2026-03-01T10:08:12Z</time></trkpt>
			<trkpt lat="47.212180" lon="-1.115640"><ele>103</ele><time>2026-03-01T10:08:24Z</time></trkpt>
			<trkpt lat="47.211690" lon="-1.116310"><ele>103</ele><time>2026-03-01T10:08:36Z</time></trkpt>
			<trkpt lat="47.211360" lon="-1.116750"><ele>101</ele><time>2026-03-01T10:08:48Z</time></trkpt>
			<trkpt lat="47.210630" lon="-1.117460"><ele>100</ele><time>2026-03-01T10:09:00Z</time></trkpt>
			<trkpt lat="47.210280" lon="-1.117790"><ele>100</ele><time>2026-03-01T10:09:12Z</time></trkpt>
			<trkpt lat="47.210020" lon="-1.117970"><ele>100</ele><time>2026-03-01T10:09:24Z</time></trkpt>
			<trkpt lat="47.209690" lon="-1.118160"><ele>101</ele><time>2026-03-01T10:09:36Z</time></trkpt>
			<trkpt lat="47.209170" lon="-1.118370"><ele>101</ele><time>2026-03-01T10:09:48Z</time></trkpt>
			<trkpt lat="47.207750" lon="-1.118830"><ele>103</ele><time>2026-03-01T10:10:00Z</time></trkpt>
			<trkpt lat="47.206400" lon="-1.119360"><ele>104</ele><time>2026-03-01T10:10:12Z</time></trkpt>
			<trkpt lat="47.206040" lon="-1.119580"><ele>103</ele><time>2026-03-01T10:10:24Z</time></trkpt>
			<trkpt lat="47.205520" lon="-1.120080"><ele>103</ele><time>2026-03-01T10:10:36Z</time></trkpt>
			<trkpt lat="47.205150" lon="-1.120450"><ele>103</ele><time>2026-03-01T10:10:48Z</time></trkpt>
			<trkpt lat="47.204550" lon="-1.121010"><ele>101</ele><time>2026-03-01T10:11:00Z</time></trkpt>
			<trkpt lat="47.204470" lon="-1.121080"><ele>101</ele><time>2026-03-01T10:11:12Z</time></trkpt>
			<trkpt lat="47.204080" lon="-1.121380"><ele>101</ele><time>2026-03-01T10:11:24Z</time></trkpt>
			<trkpt lat="47.203050" lon="-1.122140"><ele>99</ele><time>2026-03-01T10:11:36Z</time></trkpt>
			<trkpt lat="47.201710" lon="-1.122980"><ele>93</ele><time>2026-03-01T10:11:48Z</time></trkpt>
			<trkpt lat="47.200730" lon="-1.123550"><ele>90</ele><time>2026-03-01T10:12:00Z</time></trkpt>
			<trkpt lat="47.199730" lon="-1.124130"><ele>89</ele><time>2026-03-01T10:12:12Z</time></trkpt>
			<trkpt lat="47.199470" lon="-1.124240"><ele>89</ele><time>2026-03-01T10:12:24Z</time></trkpt>
			<trkpt lat="47.199160" lon="-1.124350"><ele>88</ele><time>2026-03-01T10:12:36Z</time></trkpt>
			<trkpt lat="47.198810" lon="-1.124440"><ele>87</ele><time>2026-03-01T10:12:48Z</time></trkpt>
			<trkpt lat="47.198620" lon="-1.124520"><ele>87</ele><time>2026-03-01T10:13:00Z</time></trkpt>
			<trkpt lat="47.198400" lon="-1.124640"><ele>87</ele><time>2026-03-01T10:13:12Z</time></trkpt>
			<trkpt lat="47.197690" lon="-1.125150"><ele>84</ele><time>2026-03-01T10:13:24Z</time></trkpt>
			<trkpt lat="47.197490" lon="-1.125330"><ele>83</ele><time>2026-03-01T10:13:36Z</time></trkpt>
			<trkpt lat="47.197090" lon="-1.125730"><ele>81</ele><time>2026-03-01T10:13:48Z</time></trkpt>
			<trkpt lat="47.196970" lon="-1.125820"><ele>81</ele><time>2026-03-01T10:14:00Z</time></trkpt>
			<trkpt lat="47.196840" lon="-1.125900"><ele>80</ele><time>2026-03-01T10:14:12Z</time></trkpt>
			<trkpt lat="47.196690" lon="-1.125950"><ele>80</ele><time>2026-03-01T10:14:24Z</time></trkpt>
			<trkpt lat="47.196570" lon="-1.125970"><ele>79</ele><time>2026-03-01T10:14:36Z</time></trkpt>
			<trkpt lat="47.196420" lon="-1.125950"><ele>79</ele><time>2026-03-01T10:14:48Z</time></trkpt>
			<trkpt lat="47.196240" lon="-1.125900"><ele>78</ele><time>2026-03-01T10:15:00Z</time></trkpt>
			<trkpt lat="47.195540" lon="-1.125620"><ele>75</ele><time>2026-03-01T10:15:12Z</time></trkpt>
			<trkpt lat="47.195490" lon="-1.125600"><ele>74</ele><time>2026-03-01T10:15:24Z</time></trkpt>
			<trkpt lat="47.193930" lon="-1.124990"><ele>66</ele><time>2026-03-01T10:15:36Z</time></trkpt>
			<trkpt lat="47.193680" lon="-1.124910"><ele>65</ele><time>2026-03-01T10:15:48Z</time></trkpt>
			<trkpt lat="47.193560" lon="-1.124860"><ele>65</ele><time>2026-03-01T10:16:00Z</time></trkpt>
			<trkpt lat="47.192550" lon="-1.124450"><ele>69</ele><time>2026-03-01T10:16:12Z</time></trkpt>
			<trkpt lat="47.192160" lon="-1.124340"><ele>72</ele><time>2026-03-01T10:16:24Z</time></trkpt>
			<trkpt lat="47.190410" lon="-1.124050"><ele>80</ele><time>2026-03-01T10:16:36Z</time></trkpt>
			<trkpt lat="47.190210" lon="-1.124010"><ele>81</ele><time>2026-03-01T10:16:48Z</time></trkpt>
			<trkpt lat="47.190090" lon="-1.123970"><ele>81</ele><time>2026-03-01T10:17:00Z</time></trkpt>
			<trkpt lat="47.189970" lon="-1.123900"><ele>81</ele><time>2026-03-01T10:17:12Z</time></trkpt>
			<trkpt lat="47.189820" lon="-1.123790"><ele>82</ele><time>2026-03-01T10:17:24Z</time></trkpt>
			<trkpt lat="47.189330" lon="-1.123320"><ele>82</ele><time>2026-03-01T10:17:36Z</time></trkpt>
			<trkpt lat="47.189200" lon="-1.123160"><ele>81</ele><time>2026-03-01T10:17:48Z</time></trkpt>
			<trkpt lat="47.189110" lon="-1.123030"><ele>81</ele><time>2026-03-01T10:18:00Z</time></trkpt>
			<trkpt lat="47.189030" lon="-1.122860"><ele>81</ele><time>2026-03-01T10:18:12Z</time></trkpt>
			<trkpt lat="47.189000" lon="-1.122730"><ele>81</ele><time>2026-03-01T10:18:24Z</time></trkpt>
			<trkpt lat="47.188960" lon="-1.122560"><ele>80</ele><time>2026-03-01T10:18:36Z</time></trkpt>
			<trkpt lat="47.188700" lon="-1.121000"><ele>80</ele><time>2026-03-01T10:18:48Z</time></trkpt>
			<trkpt lat="47.188600" lon="-1.120580"><ele>80</ele><time>2026-03-01T10:19:00Z</time></trkpt>
			<trkpt lat="47.188510" lon="-1.120320"><ele>80</ele><time>2026-03-01T10:19:12Z</time></trkpt>
			<trkpt lat="47.188130" lon="-1.119290"><ele>80</ele><time>2026-03-01T10:19:24Z</time></trkpt>
			<trkpt lat="47.188020" lon="-1.119030"><ele>80</ele><time>2026-03-01T10:19:36Z</time></trkpt>
			<trkpt lat="47.187910" lon="-1.118830"><ele>80</ele><time>2026-03-01T10:19:48Z</time></trkpt>
			<trkpt lat="47.187810" lon="-1.118680"><ele>81</ele><time>2026-03-01T10:20:00Z</time></trkpt>
			<trkpt lat="47.187190" lon="-1.118040"><ele>80</ele><time>2026-03-01T10:20:12Z</time></trkpt>
			<trkpt lat="47.185920" lon="-1.116730"><ele>77</ele><time>2026-03-01T10:20:24Z</time></trkpt>
			<trkpt lat="47.184500" lon="-1.115190"><ele>73</ele><time>2026-03-01T10:20:36Z</time></trkpt>
			<trkpt lat="47.183530" lon="-1.114150"><ele>77</ele><time>2026-03-01T10:20:48Z</time></trkpt>
			<trkpt lat="47.183210" lon="-1.113820"><ele>77</ele><time>2026-03-01T10:21:00Z</time></trkpt>
			<trkpt lat="47.183020" lon="-1.114200"><ele>79</ele><time>2026-03-01T10:21:12Z</time></trkpt>
			<trkpt lat="47.182570" lon="-1.114960"><ele>81</ele><time>2026-03-01T10:21:24Z</time></trkpt>
			<trkpt lat="47.182340" lon="-1.115390"><ele>80</ele><time>2026-03-01T10:21:36Z</time></trkpt>
			<trkpt lat="47.182000" lon="-1.116010"><ele>79</ele><time>2026-03-01T10:21:48Z</time></trkpt>
			<trkpt lat="47.181940" lon="-1.116100"><ele>79</ele><time>2026-03-01T10:22:00Z</time></trkpt>
			<trkpt lat="47.181860" lon="-1.116140"><ele>79</ele><time>2026-03-01T10:22:12Z</time></trkpt>
			<trkpt lat="47.181660" lon="-1.116130"><ele>79</ele><time>2026-03-01T10:22:24Z</time></trkpt>
			<trkpt lat="47.181610" lon="-1.116980"><ele>78</ele><time>2026-03-01T10:22:36Z</time></trkpt>
			<trkpt lat="47.181600" lon="-1.117230"><ele>78</ele><time>2026-03-01T10:22:48Z</time></trkpt>
			<trkpt lat="47.181490" lon="-1.119500"><ele>82</ele><time>2026-03-01T10:23:00Z</time></trkpt>
			<trkpt lat="47.181420" lon="-1.121000"><ele>85</ele><time>2026-03-01T10:23:12Z</time></trkpt>
			<trkpt lat="47.181240" lon="-1.124290"><ele>84</ele><time>2026-03-01T10:23:24Z</time></trkpt>
			<trkpt lat="47.181060" lon="-1.127980"><ele>91</ele><time>2026-03-01T10:23:36Z</time></trkpt>
			<trkpt lat="47.180940" lon="-1.130140"><ele>95</ele><time>2026-03-01T10:23:48Z</time></trkpt>
			<trkpt lat="47.180900" lon="-1.131160"><ele>94</ele><time>2026-03-01T10:24:00Z</time></trkpt>
			<trkpt lat="47.180690" lon="-1.135460"><ele>93</ele><time>2026-03-01T10:24:12Z</time></trkpt>
			<trkpt lat="47.180610" lon="-1.137040"><ele>93</ele><time>2026-03-01T10:24:24Z</time></trkpt>
			<trkpt lat="47.180550" lon="-1.138230"><ele>94</ele><time>2026-03-01T10:24:36Z</time></trkpt>
			<trkpt lat="47.180500" lon="-1.139310"><ele>94</ele><time>2026-03-01T10:24:48Z</time></trkpt>
			<trkpt lat="47.180350" lon="-1.142290"><ele>95</ele><time>2026-03-01T10:25:00Z</time></trkpt>
			<trkpt lat="47.179940" lon="-1.150500"><ele>92</ele><time>2026-03-01T10:25:12Z</time></trkpt>
			<trkpt lat="47.179930" lon="-1.150580"><ele>91</ele><time>2026-03-01T10:25:24Z</time></trkpt>
			<trkpt lat="47.179730" lon="-1.154970"><ele>82</ele><time>2026-03-01T10:25:36Z</time></trkpt>
			<trkpt lat="47.179580" lon="-1.157620"><ele>77</ele><time>2026-03-01T10:25:48Z</time></trkpt>
			<trkpt lat="47.179490" lon="-1.159200"><ele>73</ele><time>2026-03-01T10:26:00Z</time></trkpt>
			<trkpt lat="47.179480" lon="-1.159450"><ele>71</ele><time>2026-03-01T10:26:12Z</time></trkpt>
			<trkpt lat="47.179490" lon="-1.159660"><ele>70</ele><time>2026-03-01T10:26:24Z</time></trkpt>
			<trkpt lat="47.179510" lon="-1.159830"><ele>69</ele><time>2026-03-01T10:26:36Z</time></trkpt>
			<trkpt lat="47.179530" lon="-1.159980"><ele>68</ele><time>2026-03-01T10:26:48Z</time></trkpt>
			<trkpt lat="47.179580" lon="-1.160140"><ele>67</ele><time>2026-03-01T10:27:00Z</time></trkpt>
			<trkpt lat="47.179640" lon="-1.160270"><ele>67</ele><time>2026-03-01T10:27:12Z</time></trkpt>
			<trkpt lat="47.179810" lon="-1.160600"><ele>66</ele><time>2026-03-01T10:27:24Z</time></trkpt>
			<trkpt lat="47.179870" lon="-1.160730"><ele>65</ele><time>2026-03-01T10:27:36Z</time></trkpt>
			<trkpt lat="47.179930" lon="-1.161050"><ele>64</ele><time>2026-03-01T10:27:48Z</time></trkpt>
			<trkpt lat="47.179950" lon="-1.161170"><ele>64</ele><time>2026-03-01T10:28:00Z</time></trkpt>
			<trkpt lat="47.179940" lon="-1.161300"><ele>63</ele><time>2026-03-01T10:28:12Z</time></trkpt>
			<trkpt lat="47.179930" lon="-1.161470"><ele>62</ele><time>2026-03-01T10:28:24Z</time></trkpt>
			<trkpt lat="47.179910" lon="-1.161630"><ele>62</ele><time>2026-03-01T10:28:36Z</time></trkpt>
			<trkpt lat="47.179860" lon="-1.161780"><ele>61</ele><time>2026-03-01T10:28:48Z</time></trkpt>
			<trkpt lat="47.179820" lon="-1.161900"><ele>60</ele><time>2026-03-01T10:29:00Z</time></trkpt>
			<trkpt lat="47.179750" lon="-1.162030"><ele>59</ele><time>2026-03-01T10:29:12Z</time></trkpt>
			<trkpt lat="47.179590" lon="-1.162230"><ele>58</ele><time>2026-03-01T10:29:24Z</time></trkpt>
			<trkpt lat="47.179490" lon="-1.162320"><ele>57</ele><time>2026-03-01T10:29:36Z</time></trkpt>
			<trkpt lat="47.179370" lon="-1.162400"><ele>56</ele><time>2026-03-01T10:29:48Z</time></trkpt>
			<trkpt lat="47.179130" lon="-1.162570"><ele>54</ele><time>2026-03-01T10:30:00Z</time></trkpt>
			<trkpt lat="47.179020" lon="-1.162700"><ele>53</ele><time>2026-03-01T10:30:12Z</time></trkpt>
			<trkpt lat="47.178910" lon="-1.162880"><ele>53</ele><time>2026-03-01T10:30:24Z</time></trkpt>
			<trkpt lat="47.178830" lon="-1.163060"><ele>53</ele><time>2026-03-01T10:30:36Z</time></trkpt>
			<trkpt lat="47.178750" lon="-1.163250"><ele>53</ele><time>2026-03-01T10:30:48Z</time></trkpt>
			<trkpt lat="47.178630" lon="-1.163560"><ele>55</ele><time>2026-03-01T10:31:00Z</time></trkpt>
			<trkpt lat="47.178210" lon="-1.164570"><ele>60</ele><time>2026-03-01T10:31:12Z</time></trkpt>
			<trkpt lat="47.178150" lon="-1.164760"><ele>61</ele><time>2026-03-01T10:31:24Z</time></trkpt>
			<trkpt lat="47.178060" lon="-1.165260"><ele>63</ele><time>2026-03-01T10:31:36Z</time></trkpt>
			<trkpt lat="47.177660" lon="-1.166520"><ele>65</ele><time>2026-03-01T10:31:48Z</time></trkpt>
			<trkpt lat="47.177630" lon="-1.166700"><ele>66</ele><time>2026-03-01T10:32:00Z</time></trkpt>
			<trkpt lat="47.177630" lon="-1.167070"><ele>68</ele><time>2026-03-01T10:32:12Z</time></trkpt>
			<trkpt lat="47.177640" lon="-1.167230"><ele>69</ele><time>2026-03-01T10:32:24Z</time></trkpt>
			<trkpt lat="47.177620" lon="-1.167390"><ele>69</ele><time>2026-03-01T10:32:36Z</time></trkpt>
			<trkpt lat="47.177320" lon="-1.168120"><ele>72</ele><time>2026-03-01T10:32:48Z</time></trkpt>
			<trkpt lat="47.177240" lon="-1.168270"><ele>73</ele><time>2026-03-01T10:33:00Z</time></trkpt>
			<trkpt lat="47.177080" lon="-1.168440"><ele>73</ele><time>2026-03-01T10:33:12Z</time></trkpt>
			<trkpt lat="47.176610" lon="-1.168830"><ele>72</ele><time>2026-03-01T10:33:24Z</time></trkpt>
			<trkpt lat="47.176550" lon="-1.168940"><ele>73</ele><time>2026-03-01T10:33:36Z</time></trkpt>
			<trkpt lat="47.176500" lon="-1.169040"><ele>74</ele><time>2026-03-01T10:33:48Z</time></trkpt>
			<trkpt lat="47.176460" lon="-1.169210"><ele>76</ele><time>2026-03-01T10:34:00Z</time></trkpt>
			<trkpt lat="47.176450" lon="-1.169300"><ele>77</ele><time>2026-03-01T10:34:12Z</time></trkpt>
			<trkpt lat="47.176450" lon="-1.169410"><ele>77</ele><time>2026-03-01T10:34:24Z</time></trkpt>
			<trkpt lat="47.176530" lon="-1.170460"><ele>85</ele><time>2026-03-01T10:34:36Z</time></trkpt>
			<trkpt lat="47.176540" lon="-1.170750"><ele>86</ele><time>2026-03-01T10:34:48Z</time></trkpt>
			<trkpt lat="47.176530" lon="-1.170920"><ele>87</ele><time>2026-03-01T10:35:00Z</time></trkpt>
			<trkpt lat="47.176500" lon="-1.171070"><ele>87</ele><time>2026-03-01T10:35:12Z</time></trkpt>
			<trkpt lat="47.176450" lon="-1.171230"><ele>87</ele><time>2026-03-01T10:35:24Z</time></trkpt>
			<trkpt lat="47.175450" lon="-1.173720"><ele>89</ele><time>2026-03-01T10:35:36Z</time></trkpt>
			<trkpt lat="47.175260" lon="-1.174220"><ele>88</ele><time>2026-03-01T10:35:48Z</time></trkpt>
			<trkpt lat="47.174860" lon="-1.175420"><ele>91</ele><time>2026-03-01T10:36:00Z</time></trkpt>
			<trkpt lat="47.174840" lon="-1.175470"><ele>91</ele><time>2026-03-01T10:36:12Z</time></trkpt>
			<trkpt lat="47.174370" lon="-1.176920"><ele>90</ele><time>2026-03-01T10:36:24Z</time></trkpt>
			<trkpt lat="47.173780" lon="-1.178730"><ele>90</ele><time>2026-03-01T10:36:36Z</time></trkpt>
			<trkpt lat="47.172920" lon="-1.181390"><ele>91</ele><time>2026-03-01T10:36:48Z</time></trkpt>
			<trkpt lat="47.172870" lon="-1.181540"><ele>91</ele><time>2026-03-01T10:37:00Z</time></trkpt>
			<trkpt lat="47.172000" lon="-1.184190"><ele>91</ele><time>2026-03-01T10:37:12Z</time></trkpt>
			<trkpt lat="47.171810" lon="-1.184750"><ele>89</ele><time>2026-03-01T10:37:24Z</time></trkpt>
			<trkpt lat="47.171570" lon="-1.185400"><ele>88</ele><time>2026-03-01T10:37:36Z</time></trkpt>
			<trkpt lat="47.169890" lon="-1.189760"><ele>87</ele><time>2026-03-01T10:37:48Z</time></trkpt>
			<trkpt lat="47.169860" lon="-1.189850"><ele>87</ele><time>2026-03-01T10:38:00Z</time></trkpt>
			<trkpt lat="47.168760" lon="-1.192710"><ele>86</ele><time>2026-03-01T10:38:12Z</time></trkpt>
			<trkpt lat="47.167760" lon="-1.195320"><ele>85</ele><time>2026-03-01T10:38:24Z</time></trkpt>
			<trkpt lat="47.166830" lon="-1.197740"><ele>86</ele><time>2026-03-01T10:38:36Z</time></trkpt>
			<trkpt lat="47.166410" lon="-1.198830"><ele>87</ele><time>2026-03-01T10:38:48Z</time></trkpt>
			<trkpt lat="47.164560" lon="-1.203650"><ele>86</ele><time>2026-03-01T10:39:00Z</time></trkpt>
			<trkpt lat="47.162970" lon="-1.207740"><ele>86</ele><time>2026-03-01T10:39:12Z</time></trkpt>
			<trkpt lat="47.162090" lon="-1.210030"><ele>88</ele><time>2026-03-01T10:39:24Z</time></trkpt>
			<trkpt lat="47.162000" lon="-1.210280"><ele>88</ele><time>2026-03-01T10:39:36Z</time></trkpt>
			<trkpt lat="47.161920" lon="-1.210530"><ele>88</ele><time>2026-03-01T10:39:48Z</time></trkpt>
			<trkpt lat="47.161800" lon="-1.211010"><ele>89</ele><time>2026-03-01T10:40:00Z</time></trkpt>
			<trkpt lat="47.161680" lon="-1.211560"><ele>88</ele><time>2026-03-01T10:40:12Z</time></trkpt>
			<trkpt lat="47.161660" lon="-1.211660"><ele>88</ele><time>2026-03-01T10:40:24Z</time></trkpt>
			<trkpt lat="47.161250" lon="-1.213570"><ele>86</ele><time>2026-03-01T10:40:36Z</time></trkpt>
			<trkpt lat="47.161160" lon="-1.214060"><ele>86</ele><time>2026-03-01T10:40:48Z</time></trkpt>
			<trkpt lat="47.161130" lon="-1.214300"><ele>86</ele><time>2026-03-01T10:41:00Z</time></trkpt>
			<trkpt lat="47.161100" lon="-1.214520"><ele>86</ele><time>2026-03-01T10:41:12Z</time></trkpt>
			<trkpt lat="47.160930" lon="-1.216310"><ele>85</ele><time>2026-03-01T10:41:24Z</time></trkpt>
			<trkpt lat="47.160460" lon="-1.221270"><ele>85</ele><time>2026-03-01T10:41:36Z</time></trkpt>
			<trkpt lat="47.160390" lon="-1.221960"><ele>85</ele><time>2026-03-01T10:41:48Z</time></trkpt>
			<trkpt lat="47.160350" lon="-1.222250"><ele>84</ele><time>2026-03-01T10:42:00Z</time></trkpt>
			<trkpt lat="47.160320" lon="-1.222530"><ele>84</ele><time>2026-03-01T10:42:12Z</time></trkpt>
			<trkpt lat="47.160320" lon="-1.222610"><ele>84</ele><time>2026-03-01T10:42:24Z</time></trkpt>
			<trkpt lat="47.160310" lon="-1.222860"><ele>84</ele><time>2026-03-01T10:42:36Z</time></trkpt>
			<trkpt lat="47.160310" lon="-1.223100"><ele>84</ele><time>2026-03-01T10:42:48Z</time></trkpt>
			<trkpt lat="47.160330" lon="-1.223340"><ele>84</ele><time>2026-03-01T10:43:00Z</time></trkpt>
			<trkpt lat="47.160360" lon="-1.223570"><ele>83</ele><time>2026-03-01T10:43:12Z</time></trkpt>
			<trkpt lat="47.160540" lon="-1.224870"><ele>82</ele><time>2026-03-01T10:43:24Z</time></trkpt>
			<trkpt lat="47.160770" lon="-1.226670"><ele>78</ele><time>2026-03-01T10:43:36Z</time></trkpt>
			<trkpt lat="47.160950" lon="-1.227940"><ele>77</ele><time>2026-03-01T10:43:48Z</time></trkpt>
			<trkpt lat="47.161320" lon="-1.230000"><ele>74</ele><time>2026-03-01T10:44:00Z</time></trkpt>
			<trkpt lat="47.161420" lon="-1.230420"><ele>74</ele><time>2026-03-01T10:44:12Z</time></trkpt>
			<trkpt lat="47.161590" lon="-1.230990"><ele>73</ele><time>2026-03-01T10:44:24Z</time></trkpt>
			<trkpt lat="47.162610" lon="-1.233990"><ele>66</ele><time>2026-03-01T10:44:36Z</time></trkpt>
			<trkpt lat="47.163360" lon="-1.236250"><ele>62</ele><time>2026-03-01T10:44:48Z</time></trkpt>
			<trkpt lat="47.163390" lon="-1.236350"><ele>61</ele><time>2026-03-01T10:45:00Z</time></trkpt>
			<trkpt lat="47.164450" lon="-1.239520"><ele>45</ele><time>2026-03-01T10:45:12Z</time></trkpt>
			<trkpt lat="47.164530" lon="-1.239810"><ele>44</ele><time>2026-03-01T10:45:24Z</time></trkpt>
			<trkpt lat="47.164560" lon="-1.240020"><ele>44</ele><time>2026-03-01T10:45:36Z</time></trkpt>
			<trkpt lat="47.164560" lon="-1.240130"><ele>44</ele><time>2026-03-01T10:45:48Z</time></trkpt>
			<trkpt lat="47.164540" lon="-1.240350"><ele>44</ele><time>2026-03-01T10:46:00Z</time></trkpt>
			<trkpt lat="47.164480" lon="-1.240680"><ele>44</ele><time>2026-03-01T10:46:12Z</time></trkpt>
			<trkpt lat="47.164380" lon="-1.241070"><ele>44</ele><time>2026-03-01T10:46:24Z</time></trkpt>
			<trkpt lat="47.164020" lon="-1.242530"><ele>49</ele><time>2026-03-01T10:46:36Z</time></trkpt>
			<trkpt lat="47.163570" lon="-1.244330"><ele>53</ele><time>2026-03-01T10:46:48Z</time></trkpt>
			<trkpt lat="47.163470" lon="-1.244880"><ele>55</ele><time>2026-03-01T10:47:00Z</time></trkpt>
			<trkpt lat="47.163410" lon="-1.245400"><ele>58</ele><time>2026-03-01T10:47:12Z</time></trkpt>
			<trkpt lat="47.163290" lon="-1.247630"><ele>68</ele><time>2026-03-01T10:47:24Z</time></trkpt>
			<trkpt lat="47.163170" lon="-1.250170"><ele>66</ele><time>2026-03-01T10:47:36Z</time></trkpt>
			<trkpt lat="47.163180" lon="-1.250350"><ele>65</ele><time>2026-03-01T10:47:48Z</time></trkpt>
			<trkpt lat="47.163210" lon="-1.250530"><ele>65</ele><time>2026-03-01T10:48:00Z</time></trkpt>
			<trkpt lat="47.163270" lon="-1.250780"><ele>64</ele><time>2026-03-01T10:48:12Z</time></trkpt>
			<trkpt lat="47.163650" lon="-1.252080"><ele>62</ele><time>2026-03-01T10:48:24Z</time></trkpt>
			<trkpt lat="47.163830" lon="-1.252720"><ele>60</ele><time>2026-03-01T10:48:36Z</time></trkpt>
			<trkpt lat="47.163910" lon="-1.253020"><ele>59</ele><time>2026-03-01T10:48:48Z</time></trkpt>
			<trkpt lat="47.163980" lon="-1.253330"><ele>59</ele><time>2026-03-01T10:49:00Z</time></trkpt>
			<trkpt lat="47.164090" lon="-1.253920"><ele>56</ele><time>2026-03-01T10:49:12Z</time></trkpt>
			<trkpt lat="47.164120" lon="-1.254210"><ele>55</ele><time>2026-03-01T10:49:24Z</time></trkpt>
			<trkpt lat="47.164120" lon="-1.254350"><ele>55</ele><time>2026-03-01T10:49:36Z</time></trkpt>
			<trkpt lat="47.164120" lon="-1.254480"><ele>54</ele><time>2026-03-01T10:49:48Z</time></trkpt>
			<trkpt lat="47.164100" lon="-1.254600"><ele>54</ele><time>2026-03-01T10:50:00Z</time></trkpt>
			<trkpt lat="47.164040" lon="-1.254840"><ele>54</ele><time>2026-03-01T10:50:12Z</time></trkpt>
			<trkpt lat="47.163910" lon="-1.255300"><ele>54</ele><time>2026-03-01T10:50:24Z</time></trkpt>
			<trkpt lat="47.163790" lon="-1.255650"><ele>56</ele><time>2026-03-01T10:50:36Z</time></trkpt>
			<trkpt lat="47.163720" lon="-1.255850"><ele>57</ele><time>2026-03-01T10:50:48Z</time></trkpt>
			<trkpt lat="47.163620" lon="-1.256100"><ele>58</ele><time>2026-03-01T10:51:00Z</time></trkpt>
			<trkpt lat="47.163450" lon="-1.256470"><ele>61</ele><time>2026-03-01T10:51:12Z</time></trkpt>
			<trkpt lat="47.163400" lon="-1.256630"><ele>62</ele><time>2026-03-01T10:51:24Z</time></trkpt>
			<trkpt lat="47.163360" lon="-1.256840"><ele>62</ele><time>2026-03-01T10:51:36Z</time></trkpt>
			<trkpt lat="47.163230" lon="-1.257710"><ele>61</ele><time>2026-03-01T10:51:48Z</time></trkpt>
			<trkpt lat="47.163210" lon="-1.257820"><ele>61</ele><time>2026-03-01T10:52:00Z</time></trkpt>
			<trkpt lat="47.163190" lon="-1.257930"><ele>60</ele><time>2026-03-01T10:52:12Z</time></trkpt>
			<trkpt lat="47.163070" lon="-1.258750"><ele>58</ele><time>2026-03-01T10:52:24Z</time></trkpt>
			<trkpt lat="47.162980" lon="-1.259200"><ele>57</ele><time>2026-03-01T10:52:36Z</time></trkpt>
			<trkpt lat="47.162830" lon="-1.259910"><ele>53</ele><time>2026-03-01T10:52:48Z</time></trkpt>
			<trkpt lat="47.162790" lon="-1.260100"><ele>52</ele><time>2026-03-01T10:53:00Z</time></trkpt>
			<trkpt lat="47.162710" lon="-1.260410"><ele>52</ele><time>2026-03-01T10:53:12Z</time></trkpt>
			<trkpt lat="47.162650" lon="-1.260580"><ele>52</ele><time>2026-03-01T10:53:24Z</time></trkpt>
			<trkpt lat="47.162650" lon="-1.260740"><ele>52</ele><time>2026-03-01T10:53:36Z</time></trkpt>
			<trkpt lat="47.162650" lon="-1.260790"><ele>52</ele><time>2026-03-01T10:53:48Z</time></trkpt>
			<trkpt lat="47.162650" lon="-1.260830"><ele>52</ele><time>2026-03-01T10:54:00Z</time></trkpt>
			<trkpt lat="47.162620" lon="-1.260880"><ele>51</ele><time>2026-03-01T10:54:12Z</time></trkpt>
			<trkpt lat="47.162560" lon="-1.261020"><ele>51</ele><time>2026-03-01T10:54:24Z</time></trkpt>
			<trkpt lat="47.162550" lon="-1.261090"><ele>51</ele><time>2026-03-01T10:54:36Z</time></trkpt>
			<trkpt lat="47.162420" lon="-1.261490"><ele>51</ele><time>2026-03-01T10:54:48Z</time></trkpt>
			<trkpt lat="47.162410" lon="-1.261540"><ele>51</ele><time>2026-03-01T10:55:00Z</time></trkpt>
			<trkpt lat="47.162230" lon="-1.261980"><ele>51</ele><time>2026-03-01T10:55:12Z</time></trkpt>
			<trkpt lat="47.162050" lon="-1.262400"><ele>52</ele><time>2026-03-01T10:55:24Z</time></trkpt>
			<trkpt lat="47.161970" lon="-1.262620"><ele>53</ele><time>2026-03-01T10:55:36Z</time></trkpt>
			<trkpt lat="47.161880" lon="-1.262950"><ele>53</ele><time>2026-03-01T10:55:48Z</time></trkpt>
			<trkpt lat="47.161840" lon="-1.263090"><ele>53</ele><time>2026-03-01T10:56:00Z</time></trkpt>
			<trkpt lat="47.161840" lon="-1.263120"><ele>53</ele><time>2026-03-01T10:56:12Z</time></trkpt>
			<trkpt lat="47.161680" lon="-1.263740"><ele>54</ele><time>2026-03-01T10:56:24Z</time></trkpt>
			<trkpt lat="47.161610" lon="-1.264020"><ele>54</ele><time>2026-03-01T10:56:36Z</time></trkpt>
			<trkpt lat="47.161490" lon="-1.264410"><ele>54</ele><time>2026-03-01T10:56:48Z</time></trkpt>
			<trkpt lat="47.161400" lon="-1.264690"><ele>54</ele><time>2026-03-01T10:57:00Z</time></trkpt>
			<trkpt lat="47.161360" lon="-1.264770"><ele>54</ele><time>2026-03-01T10:57:12Z</time></trkpt>
			<trkpt lat="47.161230" lon="-1.264990"><ele>53</ele><time>2026-03-01T10:57:24Z</time></trkpt>
			<trkpt lat="47.161150" lon="-1.265120"><ele>53</ele><time>2026-03-01T10:57:36Z</time></trkpt>
			<trkpt lat="47.161010" lon="-1.265350"><ele>53</ele><time>2026-03-01T10:57:48Z</time></trkpt>
			<trkpt lat="47.161110" lon="-1.265480"><ele>54</ele><time>2026-03-01T10:58:00Z</time></trkpt>
			<trkpt lat="47.161140" lon="-1.265510"><ele>54</ele><time>2026-03-01T10:58:12Z</time></trkpt>
			<trkpt lat="47.161150" lon="-1.265530"><ele>54</ele><time>2026-03-01T10:58:24Z</time></trkpt>
			<trkpt lat="47.161270" lon="-1.265690"><ele>54</ele><time>2026-03-01T10:58:36Z</time></trkpt>
			<trkpt lat="47.161320" lon="-1.265740"><ele>55</ele><time>2026-03-01T10:58:48Z</time></trkpt>
			<trkpt lat="47.161580" lon="-1.266060"><ele>55</ele><time>2026-03-01T10:59:00Z</time></trkpt>
			<trkpt lat="47.161740" lon="-1.266230"><ele>56</ele><time>2026-03-01T10:59:12Z</time></trkpt>
			<trkpt lat="47.161870" lon="-1.266360"><ele>56</ele><time>2026-03-01T10:59:24Z</time></trkpt>
			<trkpt lat="47.162160" lon="-1.266590"><ele>57</ele><time>2026-03-01T10:59:36Z</time></trkpt>
			<trkpt lat="47.162210" lon="-1.266660"><ele>57</ele><time>2026-03-01T10:59:48Z</time></trkpt>
			<trkpt lat="47.162310" lon="-1.266850"><ele>57</ele><time>2026-03-01T11:00:00Z</time></trkpt>
			<trkpt lat="47.162500" lon="-1.267350"><ele>58</ele><time>2026-03-01T11:00:12Z</time></trkpt>
			<trkpt lat="47.162590" lon="-1.267560"><ele>58</ele><time>2026-03-01T11:00:24Z</time></trkpt>
			<trkpt lat="47.163080" lon="-1.268500"><ele>61</ele><time>2026-03-01T11:00:36Z</time></trkpt>
			<trkpt lat="47.163090" lon="-1.268540"><ele>61</ele><time>2026-03-01T11:00:48Z</time></trkpt>
			<trkpt lat="47.163110" lon="-1.268550"><ele>61</ele><time>2026-03-01T11:01:00Z</time></trkpt>
			<trkpt lat="47.163150" lon="-1.268590"><ele>61</ele><time>2026-03-01T11:01:12Z</time></trkpt>
			<trkpt lat="47.163160" lon="-1.268660"><ele>61</ele><time>2026-03-01T11:01:24Z</time></trkpt>
			<trkpt lat="47.163160" lon="-1.268690"><ele>61</ele><time>2026-03-01T11:01:36Z</time></trkpt>
			<trkpt lat="47.163330" lon="-1.268790"><ele>62</ele><time>2026-03-01T11:01:48Z</time></trkpt>
			<trkpt lat="47.163360" lon="-1.268740"><ele>62</ele><time>2026-03-01T11:02:00Z</time></trkpt>
			<trkpt lat="47.163410" lon="-1.268740"><ele>62</ele><time>2026-03-01T11:02:12Z</time></trkpt>
			<trkpt lat="47.163420" lon="-1.268750"><ele>62</ele><time>2026-03-01T11:02:24Z</time></trkpt>
			<trkpt lat="47.163450" lon="-1.268790"><ele>62</ele><time>2026-03-01T11:02:36Z</time></trkpt>
			<trkpt lat="47.163450" lon="-1.268850"><ele>62</ele><time>2026-03-01T11:02:48Z</time></trkpt>
			<trkpt lat="47.163430" lon="-1.268900"><ele>62</ele><time>2026-03-01T11:03:00Z</time></trkpt>
			<trkpt lat="47.163470" lon="-1.268980"><ele>62</ele><time>2026-03-01T11:03:12Z</time></trkpt>
			<trkpt lat="47.163670" lon="-1.269310"><ele>62</ele><time>2026-03-01T11:03:24Z</time></trkpt>
			<trkpt lat="47.163960" lon="-1.269750"><ele>61</ele><time>2026-03-01T11:03:36Z</time></trkpt>
			<trkpt lat="47.164140" lon="-1.270020"><ele>61</ele><time>2026-03-01T11:03:48Z</time></trkpt>
			<trkpt lat="47.164450" lon="-1.270490"><ele>62</ele><time>2026-03-01T11:04:00Z</time></trkpt>
			<trkpt lat="47.164560" lon="-1.270640"><ele>62</ele><time>2026-03-01T11:04:12Z</time></trkpt>
			<trkpt lat="47.164670" lon="-1.270760"><ele>61</ele><time>2026-03-01T11:04:24Z</time></trkpt>
			<trkpt lat="47.165130" lon="-1.271130"><ele>61</ele><time>2026-03-01T11:04:36Z</time></trkpt>
			<trkpt lat="47.165460" lon="-1.271380"><ele>61</ele><time>2026-03-01T11:04:48Z</time></trkpt>
			<trkpt lat="47.165560" lon="-1.271440"><ele>61</ele><time>2026-03-01T11:05:00Z</time></trkpt>
			<trkpt lat="47.165590" lon="-1.271400"><ele>61</ele><time>2026-03-01T11:05:12Z</time></trkpt>
			<trkpt lat="47.165630" lon="-1.271410"><ele>61</ele><time>2026-03-01T11:05:24Z</time></trkpt>
			<trkpt lat="47.165640" lon="-1.271420"><ele>61</ele><time>2026-03-01T11:05:36Z</time></trkpt>
			<trkpt lat="47.165650" lon="-1.271470"><ele>61</ele><time>2026-03-01T11:05:48Z</time></trkpt>
			<trkpt lat="47.165650" lon="-1.271510"><ele>61</ele><time>2026-03-01T11:06:00Z</time></trkpt>
			<trkpt lat="47.166320" lon="-1.272050"><ele>60</ele><time>2026-03-01T11:06:12Z</time></trkpt>
			<trkpt lat="47.166610" lon="-1.272270"><ele>60</ele><time>2026-03-01T11:06:24Z</time></trkpt>
			<trkpt lat="47.166990" lon="-1.272570"><ele>60</ele><time>2026-03-01T11:06:36Z</time></trkpt>
			<trkpt lat="47.167050" lon="-1.272600"><ele>60</ele><time>2026-03-01T11:06:48Z</time></trkpt>
			<trkpt lat="47.167360" lon="-1.272840"><ele>60</ele><time>2026-03-01T11:07:00Z</time></trkpt>
			<trkpt lat="47.167630" lon="-1.273040"><ele>61</ele><time>2026-03-01T11:07:12Z</time></trkpt>
			<trkpt lat="47.167970" lon="-1.273310"><ele>62</ele><time>2026-03-01T11:07:24Z</time></trkpt>
			<trkpt lat="47.168040" lon="-1.273360"><ele>62</ele><time>2026-03-01T11:07:36Z</time></trkpt>
			<trkpt lat="47.168700" lon="-1.273860"><ele>63</ele><time>2026-03-01T11:07:48Z</time></trkpt>
			<trkpt lat="47.168740" lon="-1.273890"><ele>63</ele><time>2026-03-01T11:08:00Z</time></trkpt>
			<trkpt lat="47.168800" lon="-1.273940"><ele>64</ele><time>2026-03-01T11:08:12Z</time></trkpt>
			<trkpt lat="47.170200" lon="-1.275000"><ele>67</ele><time>2026-03-01T11:08:24Z</time></trkpt>
			<trkpt lat="47.170290" lon="-1.275070"><ele>67</ele><time>2026-03-01T11:08:36Z</time></trkpt>
			<trkpt lat="47.171450" lon="-1.275970"><ele>70</ele><time>2026-03-01T11:08:48Z</time></trkpt>
			<trkpt lat="47.172850" lon="-1.277040"><ele>71</ele><time>2026-03-01T11:09:00Z</time></trkpt>
			<trkpt lat="47.173940" lon="-1.277900"><ele>70</ele><time>2026-03-01T11:09:12Z</time></trkpt>
			<trkpt lat="47.178690" lon="-1.281520"><ele>74</ele><time>2026-03-01T11:09:24Z</time></trkpt>
			<trkpt lat="47.179420" lon="-1.282080"><ele>74</ele><time>2026-03-01T11:09:36Z</time></trkpt>
			<trkpt lat="47.179560" lon="-1.282190"><ele>75</ele><time>2026-03-01T11:09:48Z</time></trkpt>
			<trkpt lat="47.180920" lon="-1.283210"><ele>68</ele><time>2026-03-01T11:10:00Z</time></trkpt>
			<trkpt lat="47.181490" lon="-1.283650"><ele>65</ele><time>2026-03-01T11:10:12Z</time></trkpt>
			<trkpt lat="47.181790" lon="-1.283880"><ele>63</ele><time>2026-03-01T11:10:24Z</time></trkpt>
			<trkpt lat="47.182190" lon="-1.284180"><ele>61</ele><time>2026-03-01T11:10:36Z</time></trkpt>
			<trkpt lat="47.184910" lon="-1.286270"><ele>51</ele><time>2026-03-01T11:10:48Z</time></trkpt>
			<trkpt lat="47.189770" lon="-1.289970"><ele>33</ele><time>2026-03-01T11:11:00Z</time></trkpt>
			<trkpt lat="47.190010" lon="-1.290170"><ele>32</ele><time>2026-03-01T11:11:12Z</time></trkpt>
			<trkpt lat="47.190220" lon="-1.290370"><ele>33</ele><time>2026-03-01T11:11:24Z</time></trkpt>
			<trkpt lat="47.190510" lon="-1.290690"><ele>33</ele><time>2026-03-01T11:11:36Z</time></trkpt>
			<trkpt lat="47.191250" lon="-1.291700"><ele>36</ele><time>2026-03-01T11:11:48Z</time></trkpt>
			<trkpt lat="47.191470" lon="-1.291980"><ele>37</ele><time>2026-03-01T11:12:00Z</time></trkpt>
			<trkpt lat="47.191720" lon="-1.292270"><ele>38</ele><time>2026-03-01T11:12:12Z</time></trkpt>
			<trkpt lat="47.192110" lon="-1.292690"><ele>39</ele><time>2026-03-01T11:12:24Z</time></trkpt>
			<trkpt lat="47.192750" lon="-1.293350"><ele>40</ele><time>2026-03-01T11:12:36Z</time></trkpt>
			<trkpt lat="47.192760" lon="-1.293360"><ele>41</ele><time>2026-03-01T11:12:48Z</time></trkpt>
			<trkpt lat="47.193350" lon="-1.293990"><ele>43</ele><time>2026-03-01T11:13:00Z</time></trkpt>
			<trkpt lat="47.194050" lon="-1.294730"><ele>47</ele><time>2026-03-01T11:13:12Z</time></trkpt>
			<trkpt lat="47.194320" lon="-1.294950"><ele>48</ele><time>2026-03-01T11:13:24Z</time></trkpt>
			<trkpt lat="47.194520" lon="-1.295050"><ele>49</ele><time>2026-03-01T11:13:36Z</time></trkpt>
			<trkpt lat="47.194810" lon="-1.295140"><ele>50</ele><time>2026-03-01T11:13:48Z</time></trkpt>
			<trkpt lat="47.195060" lon="-1.295210"><ele>51</ele><time>2026-03-01T11:14:00Z</time></trkpt>
			<trkpt lat="47.197060" lon="-1.295680"><ele>52</ele><time>2026-03-01T11:14:12Z</time></trkpt>
			<trkpt lat="47.197400" lon="-1.295780"><ele>52</ele><time>2026-03-01T11:14:24Z</time></trkpt>
			<trkpt lat="47.197730" lon="-1.295880"><ele>51</ele><time>2026-03-01T11:14:36Z</time></trkpt>
			<trkpt lat="47.197840" lon="-1.295920"><ele>51</ele><time>2026-03-01T11:14:48Z</time></trkpt>
			<trkpt lat="47.198050" lon="-1.296030"><ele>50</ele><time>2026-03-01T11:15:00Z</time></trkpt>
			<trkpt lat="47.198180" lon="-1.296110"><ele>49</ele><time>2026-03-01T11:15:12Z</time></trkpt>
			<trkpt lat="47.198330" lon="-1.296220"><ele>48</ele><time>2026-03-01T11:15:24Z</time></trkpt>
			<trkpt lat="47.198490" lon="-1.296360"><ele>47</ele><time>2026-03-01T11:15:36Z</time></trkpt>
			<trkpt lat="47.198650" lon="-1.296520"><ele>46</ele><time>2026-03-01T11:15:48Z</time></trkpt>
			<trkpt lat="47.198720" lon="-1.296630"><ele>45</ele><time>2026-03-01T11:16:00Z</time></trkpt>
			<trkpt lat="47.198820" lon="-1.296730"><ele>45</ele><time>2026-03-01T11:16:12Z</time></trkpt>
			<trkpt lat="47.199010" lon="-1.297040"><ele>44</ele><time>2026-03-01T11:16:24Z</time></trkpt>
			<trkpt lat="47.199140" lon="-1.297280"><ele>43</ele><time>2026-03-01T11:16:36Z</time></trkpt>
			<trkpt lat="47.199240" lon="-1.297480"><ele>43</ele><time>2026-03-01T11:16:48Z</time></trkpt>
			<trkpt lat="47.199370" lon="-1.297860"><ele>46</ele><time>2026-03-01T11:17:00Z</time></trkpt>
			<trkpt lat="47.199440" lon="-1.298100"><ele>47</ele><time>2026-03-01T11:17:12Z</time></trkpt>
			<trkpt lat="47.199480" lon="-1.298330"><ele>48</ele><time>2026-03-01T11:17:24Z</time></trkpt>
			<trkpt lat="47.199550" lon="-1.298660"><ele>50</ele><time>2026-03-01T11:17:36Z</time></trkpt>
			<trkpt lat="47.199600" lon="-1.298970"><ele>52</ele><time>2026-03-01T11:17:48Z</time></trkpt>
			<trkpt lat="47.199710" lon="-1.299490"><ele>54</ele><time>2026-03-01T11:18:00Z</time></trkpt>
			<trkpt lat="47.199810" lon="-1.299840"><ele>55</ele><time>2026-03-01T11:18:12Z</time></trkpt>
			<trkpt lat="47.199900" lon="-1.300100"><ele>55</ele><time>2026-03-01T11:18:24Z</time></trkpt>
			<trkpt lat="47.200020" lon="-1.300350"><ele>55</ele><time>2026-03-01T11:18:36Z</time></trkpt>
			<trkpt lat="47.200160" lon="-1.300630"><ele>56</ele><time>2026-03-01T11:18:48Z</time></trkpt>
			<trkpt lat="47.200350" lon="-1.300890"><ele>56</ele><time>2026-03-01T11:19:00Z</time></trkpt>
			<trkpt lat="47.200410" lon="-1.300960"><ele>56</ele><time>2026-03-01T11:19:12Z</time></trkpt>
			<trkpt lat="47.200730" lon="-1.301350"><ele>57</ele><time>2026-03-01T11:19:24Z</time></trkpt>
			<trkpt lat="47.201480" lon="-1.302180"><ele>58</ele><time>2026-03-01T11:19:36Z</time></trkpt>
			<trkpt lat="47.202200" lon="-1.302980"><ele>60</ele><time>2026-03-01T11:19:48Z</time></trkpt>
			<trkpt lat="47.202740" lon="-1.303590"><ele>62</ele><time>2026-03-01T11:20:00Z</time></trkpt>
			<trkpt lat="47.202830" lon="-1.303690"><ele>62</ele><time>2026-03-01T11:20:12Z</time></trkpt>
			<trkpt lat="47.203050" lon="-1.303960"><ele>63</ele><time>2026-03-01T11:20:24Z</time></trkpt>
			<trkpt lat="47.203120" lon="-1.304010"><ele>63</ele><time>2026-03-01T11:20:36Z</time></trkpt>
			<trkpt lat="47.203180" lon="-1.304060"><ele>63</ele><time>2026-03-01T11:20:48Z</time></trkpt>
			<trkpt lat="47.203480" lon="-1.304410"><ele>63</ele><time>2026-03-01T11:21:00Z</time></trkpt>
			<trkpt lat="47.203540" lon="-1.304510"><ele>64</ele><time>2026-03-01T11:21:12Z</time></trkpt>
			<trkpt lat="47.203870" lon="-1.304880"><ele>65</ele><time>2026-03-01T11:21:24Z</time></trkpt>
			<trkpt lat="47.204050" lon="-1.305040"><ele>65</ele><time>2026-03-01T11:21:36Z</time></trkpt>
			<trkpt lat="47.204350" lon="-1.305400"><ele>65</ele><time>2026-03-01T11:21:48Z</time></trkpt>
			<trkpt lat="47.204420" lon="-1.305490"><ele>65</ele><time>2026-03-01T11:22:00Z</time></trkpt>
			<trkpt lat="47.204460" lon="-1.305530"><ele>65</ele><time>2026-03-01T11:22:12Z</time></trkpt>
			<trkpt lat="47.204810" lon="-1.305920"><ele>65</ele><time>2026-03-01T11:22:24Z</time></trkpt>
			<trkpt lat="47.204940" lon="-1.306060"><ele>66</ele><time>2026-03-01T11:22:36Z</time></trkpt>
			<trkpt lat="47.205120" lon="-1.305980"><ele>66</ele><time>2026-03-01T11:22:48Z</time></trkpt>
			<trkpt lat="47.205240" lon="-1.305920"><ele>66</ele><time>2026-03-01T11:23:00Z</time></trkpt>
			<trkpt lat="47.205290" lon="-1.305900"><ele>67</ele><time>2026-03-01T11:23:12Z</time></trkpt>
			<trkpt lat="47.205700" lon="-1.305880"><ele>68</ele><time>2026-03-01T11:23:24Z</time></trkpt>
			<trkpt lat="47.205830" lon="-1.305880"><ele>68</ele><time>2026-03-01T11:23:36Z</time></trkpt>
			<trkpt lat="47.206140" lon="-1.305860"><ele>67</ele><time>2026-03-01T11:23:48Z</time></trkpt>
			<trkpt lat="47.206830" lon="-1.305840"><ele>66</ele><time>2026-03-01T11:24:00Z</time></trkpt>
			<trkpt lat="47.207260" lon="-1.305820"><ele>65</ele><time>2026-03-01T11:24:12Z</time></trkpt>
			<trkpt lat="47.207580" lon="-1.305810"><ele>65</ele><time>2026-03-01T11:24:24Z</time></trkpt>
			<trkpt lat="47.207580" lon="-1.305780"><ele>65</ele><time>2026-03-01T11:24:36Z</time></trkpt>
			<trkpt lat="47.207600" lon="-1.305760"><ele>65</ele><time>2026-03-01T11:24:48Z</time></trkpt>
			<trkpt lat="47.207630" lon="-1.305740"><ele>65</ele><time>2026-03-01T11:25:00Z</time></trkpt>
			<trkpt lat="47.207660" lon="-1.305760"><ele>65</ele><time>2026-03-01T11:25:12Z</time></trkpt>
			<trkpt lat="47.207670" lon="-1.305780"><ele>65</ele><time>2026-03-01T11:25:24Z</time></trkpt>
			<trkpt lat="47.207680" lon="-1.305810"><ele>65</ele><time>2026-03-01T11:25:36Z</time></trkpt>
			<trkpt lat="47.207960" lon="-1.305800"><ele>66</ele><time>2026-03-01T11:25:48Z</time></trkpt>
			<trkpt lat="47.209260" lon="-1.305750"><ele>67</ele><time>2026-03-01T11:26:00Z</time></trkpt>
			<trkpt lat="47.209570" lon="-1.305730"><ele>68</ele><time>2026-03-01T11:26:12Z</time></trkpt>
			<trkpt lat="47.210120" lon="-1.305720"><ele>70</ele><time>2026-03-01T11:26:24Z</time></trkpt>
			<trkpt lat="47.210840" lon="-1.305700"><ele>72</ele><time>2026-03-01T11:26:36Z</time></trkpt>
			<trkpt lat="47.212080" lon="-1.305670"><ele>73</ele><time>2026-03-01T11:26:48Z</time></trkpt>
			<trkpt lat="47.212920" lon="-1.305640"><ele>74</ele><time>2026-03-01T11:27:00Z</time></trkpt>
			<trkpt lat="47.213520" lon="-1.305620"><ele>75</ele><time>2026-03-01T11:27:12Z</time></trkpt>
			<trkpt lat="47.214710" lon="-1.305570"><ele>76</ele><time>2026-03-01T11:27:24Z</time></trkpt>
			<trkpt lat="47.215170" lon="-1.305500"><ele>76</ele><time>2026-03-01T11:27:36Z</time></trkpt>
			<trkpt lat="47.215460" lon="-1.305480"><ele>76</ele><time>2026-03-01T11:27:48Z</time></trkpt>
			<trkpt lat="47.215750" lon="-1.305470"><ele>75</ele><time>2026-03-01T11:28:00Z</time></trkpt>
			<trkpt lat="47.215880" lon="-1.305490"><ele>76</ele><time>2026-03-01T11:28:12Z</time></trkpt>
			<trkpt lat="47.216020" lon="-1.305520"><ele>76</ele><time>2026-03-01T11:28:24Z</time></trkpt>
			<trkpt lat="47.216150" lon="-1.305570"><ele>76</ele><time>2026-03-01T11:28:36Z</time></trkpt>
			<trkpt lat="47.216600" lon="-1.305790"><ele>77</ele><time>2026-03-01T11:28:48Z</time></trkpt>
			<trkpt lat="47.216900" lon="-1.306000"><ele>77</ele><time>2026-03-01T11:29:00Z</time></trkpt>
			<trkpt lat="47.217640" lon="-1.306360"><ele>77</ele><time>2026-03-01T11:29:12Z</time></trkpt>
			<trkpt lat="47.218010" lon="-1.306530"><ele>76</ele><time>2026-03-01T11:29:24Z</time></trkpt>
			<trkpt lat="47.219650" lon="-1.307310"><ele>66</ele><time>2026-03-01T11:29:36Z</time></trkpt>
			<trkpt lat="47.219880" lon="-1.306700"><ele>67</ele><time>2026-03-01T11:29:48Z</time></trkpt>
			<trkpt lat="47.220120" lon="-1.305960"><ele>66</ele><time>2026-03-01T11:30:00Z</time></trkpt>
			<trkpt lat="47.220270" lon="-1.305510"><ele>65</ele><time>2026-03-01T11:30:12Z</time></trkpt>
			<trkpt lat="47.220500" lon="-1.305090"><ele>65</ele><time>2026-03-01T11:30:24Z</time></trkpt>
			<trkpt lat="47.220680" lon="-1.304840"><ele>65</ele><time>2026-03-01T11:30:36Z</time></trkpt>
			<trkpt lat="47.221340" lon="-1.304140"><ele>64</ele><time>2026-03-01T11:30:48Z</time></trkpt>
			<trkpt lat="47.222000" lon="-1.303460"><ele>63</ele><time>2026-03-01T11:31:00Z</time></trkpt>
			<trkpt lat="47.222420" lon="-1.302950"><ele>61</ele><time>2026-03-01T11:31:12Z</time></trkpt>
			<trkpt lat="47.222830" lon="-1.302420"><ele>59</ele><time>2026-03-01T11:31:24Z</time></trkpt>
			<trkpt lat="47.223570" lon="-1.301550"><ele>59</ele><time>2026-03-01T11:31:36Z</time></trkpt>
			<trkpt lat="47.224190" lon="-1.300770"><ele>60</ele><time>2026-03-01T11:31:48Z</time></trkpt>
			<trkpt lat="47.225310" lon="-1.299430"><ele>61</ele><time>2026-03-01T11:32:00Z</time></trkpt>
			<trkpt lat="47.225650" lon="-1.299020"><ele>60</ele><time>2026-03-01T11:32:12Z</time></trkpt>
			<trkpt lat="47.226080" lon="-1.298470"><ele>61</ele><time>2026-03-01T11:32:24Z</time></trkpt>
			<trkpt lat="47.226500" lon="-1.297970"><ele>61</ele><time>2026-03-01T11:32:36Z</time></trkpt>
			<trkpt lat="47.226600" lon="-1.297850"><ele>61</ele><time>2026-03-01T11:32:48Z</time></trkpt>
			<trkpt lat="47.227110" lon="-1.297260"><ele>61</ele><time>2026-03-01T11:33:00Z</time></trkpt>
			<trkpt lat="47.227900" lon="-1.296300"><ele>61</ele><time>2026-03-01T11:33:12Z</time></trkpt>
			<trkpt lat="47.228270" lon="-1.295840"><ele>62</ele><time>2026-03-01T11:33:24Z</time></trkpt>
			<trkpt lat="47.228490" lon="-1.295600"><ele>62</ele><time>2026-03-01T11:33:36Z</time></trkpt>
			<trkpt lat="47.228560" lon="-1.295540"><ele>62</ele><time>2026-03-01T11:33:48Z</time></trkpt>
			<trkpt lat="47.228610" lon="-1.295520"><ele>62</ele><time>2026-03-01T11:34:00Z</time></trkpt>
			<trkpt lat="47.228710" lon="-1.295520"><ele>62</ele><time>2026-03-01T11:34:12Z</time></trkpt>
			<trkpt lat="47.228750" lon="-1.295550"><ele>62</ele><time>2026-03-01T11:34:24Z</time></trkpt>
			<trkpt lat="47.229070" lon="-1.295820"><ele>60</ele><time>2026-03-01T11:34:36Z</time></trkpt>
			<trkpt lat="47.229610" lon="-1.296330"><ele>59</ele><time>2026-03-01T11:34:48Z</time></trkpt>
			<trkpt lat="47.229640" lon="-1.296350"><ele>59</ele><time>2026-03-01T11:35:00Z</time></trkpt>
			<trkpt lat="47.229930" lon="-1.296600"><ele>60</ele><time>2026-03-01T11:35:12Z</time></trkpt>
			<trkpt lat="47.230120" lon="-1.296690"><ele>61</ele><time>2026-03-01T11:35:24Z</time></trkpt>
			<trkpt lat="47.230290" lon="-1.296740"><ele>62</ele><time>2026-03-01T11:35:36Z</time></trkpt>
			<trkpt lat="47.230490" lon="-1.296730"><ele>63</ele><time>2026-03-01T11:35:48Z</time></trkpt>
			<trkpt lat="47.231450" lon="-1.296330"><ele>68</ele><time>2026-03-01T11:36:00Z</time></trkpt>
			<trkpt lat="47.231610" lon="-1.296280"><ele>68</ele><time>2026-03-01T11:36:12Z</time></trkpt>
			<trkpt lat="47.231770" lon="-1.296280"><ele>69</ele><time>2026-03-01T11:36:24Z</time></trkpt>
			<trkpt lat="47.231940" lon="-1.296360"><ele>70</ele><time>2026-03-01T11:36:36Z</time></trkpt>
			<trkpt lat="47.232070" lon="-1.296490"><ele>71</ele><time>2026-03-01T11:36:48Z</time></trkpt>
			<trkpt lat="47.232260" lon="-1.296780"><ele>72</ele><time>2026-03-01T11:37:00Z</time></trkpt>
			<trkpt lat="47.232640" lon="-1.297400"><ele>74</ele><time>2026-03-01T11:37:12Z</time></trkpt>
			<trkpt lat="47.233150" lon="-1.298180"><ele>75</ele><time>2026-03-01T11:37:24Z</time></trkpt>
			<trkpt lat="47.233610" lon="-1.298900"><ele>74</ele><time>2026-03-01T11:37:36Z</time></trkpt>
			<trkpt lat="47.233910" lon="-1.299380"><ele>73</ele><time>2026-03-01T11:37:48Z</time></trkpt>
			<trkpt lat="47.234390" lon="-1.300170"><ele>71</ele><time>2026-03-01T11:38:00Z</time></trkpt>
			<trkpt lat="47.234430" lon="-1.300260"><ele>71</ele><time>2026-03-01T11:38:12Z</time></trkpt>
			<trkpt lat="47.234450" lon="-1.300280"><ele>71</ele><time>2026-03-01T11:38:24Z</time></trkpt>
			<trkpt lat="47.234960" lon="-1.301380"><ele>73</ele><time>2026-03-01T11:38:36Z</time></trkpt>
			<trkpt lat="47.235350" lon="-1.301970"><ele>75</ele><time>2026-03-01T11:38:48Z</time></trkpt>
			<trkpt lat="47.235790" lon="-1.302700"><ele>77</ele><time>2026-03-01T11:39:00Z</time></trkpt>
			<trkpt lat="47.235870" lon="-1.302800"><ele>77</ele><time>2026-03-01T11:39:12Z</time></trkpt>
			<trkpt lat="47.235930" lon="-1.302860"><ele>77</ele><time>2026-03-01T11:39:24Z</time></trkpt>
			<trkpt lat="47.236040" lon="-1.302920"><ele>77</ele><time>2026-03-01T11:39:36Z</time></trkpt>
			<trkpt lat="47.236410" lon="-1.302980"><ele>77</ele><time>2026-03-01T11:39:48Z</time></trkpt>
			<trkpt lat="47.236830" lon="-1.303040"><ele>78</ele><time>2026-03-01T11:40:00Z</time></trkpt>
			<trkpt lat="47.238020" lon="-1.303250"><ele>78</ele><time>2026-03-01T11:40:12Z</time></trkpt>
			<trkpt lat="47.238380" lon="-1.303290"><ele>78</ele><time>2026-03-01T11:40:24Z</time></trkpt>
			<trkpt lat="47.238940" lon="-1.303300"><ele>79</ele><time>2026-03-01T11:40:36Z</time></trkpt>
			<trkpt lat="47.239210" lon="-1.303230"><ele>80</ele><time>2026-03-01T11:40:48Z</time></trkpt>
			<trkpt lat="47.239500" lon="-1.303150"><ele>80</ele><time>2026-03-01T11:41:00Z</time></trkpt>
			<trkpt lat="47.239790" lon="-1.303030"><ele>81</ele><time>2026-03-01T11:41:12Z</time></trkpt>
			<trkpt lat="47.240530" lon="-1.302640"><ele>81</ele><time>2026-03-01T11:41:24Z</time></trkpt>
			<trkpt lat="47.241570" lon="-1.302100"><ele>79</ele><time>2026-03-01T11:41:36Z</time></trkpt>
			<trkpt lat="47.242150" lon="-1.301850"><ele>80</ele><time>2026-03-01T11:41:48Z</time></trkpt>
			<trkpt lat="47.243180" lon="-1.301490"><ele>80</ele><time>2026-03-01T11:42:00Z</time></trkpt>
			<trkpt lat="47.243650" lon="-1.301340"><ele>80</ele><time>2026-03-01T11:42:12Z</time></trkpt>
			<trkpt lat="47.243790" lon="-1.301310"><ele>80</ele><time>2026-03-01T11:42:24Z</time></trkpt>
			<trkpt lat="47.245270" lon="-1.300920"><ele>81</ele><time>2026-03-01T11:42:36Z</time></trkpt>
			<trkpt lat="47.245710" lon="-1.300750"><ele>80</ele><time>2026-03-01T11:42:48Z</time></trkpt>
			<trkpt lat="47.247760" lon="-1.299930"><ele>79</ele><time>2026-03-01T11:43:00Z</time></trkpt>
			<trkpt lat="47.248360" lon="-1.299680"><ele>80</ele><time>2026-03-01T11:43:12Z</time></trkpt>
			<trkpt lat="47.248970" lon="-1.299400"><ele>81</ele><time>2026-03-01T11:43:24Z</time></trkpt>
			<trkpt lat="47.249010" lon="-1.299390"><ele>81</ele><time>2026-03-01T11:43:36Z</time></trkpt>
			<trkpt lat="47.249280" lon="-1.299260"><ele>81</ele><time>2026-03-01T11:43:48Z</time></trkpt>
			<trkpt lat="47.249330" lon="-1.299230"><ele>81</ele><time>2026-03-01T11:44:00Z</time></trkpt>
			<trkpt lat="47.250610" lon="-1.298380"><ele>80</ele><time>2026-03-01T11:44:12Z</time></trkpt>
			<trkpt lat="47.252320" lon="-1.297260"><ele>80</ele><time>2026-03-01T11:44:24Z</time></trkpt>
			<trkpt lat="47.253330" lon="-1.296560"><ele>81</ele><time>2026-03-01T11:44:36Z</time></trkpt>
			<trkpt lat="47.253460" lon="-1.296530"><ele>81</ele><time>2026-03-01T11:44:48Z</time></trkpt>
			<trkpt lat="47.253590" lon="-1.296530"><ele>80</ele><time>2026-03-01T11:45:00Z</time></trkpt>
			<trkpt lat="47.253840" lon="-1.296600"><ele>80</ele><time>2026-03-01T11:45:12Z</time></trkpt>
			<trkpt lat="47.256980" lon="-1.297800"><ele>79</ele><time>2026-03-01T11:45:24Z</time></trkpt>
			<trkpt lat="47.258290" lon="-1.298520"><ele>79</ele><time>2026-03-01T11:45:36Z</time></trkpt>
			<trkpt lat="47.258420" lon="-1.298600"><ele>79</ele><time>2026-03-01T11:45:48Z</time></trkpt>
			<trkpt lat="47.258490" lon="-1.298630"><ele>79</ele><time>2026-03-01T11:46:00Z</time></trkpt>
			<trkpt lat="47.258850" lon="-1.298830"><ele>79</ele><time>2026-03-01T11:46:12Z</time></trkpt>
			<trkpt lat="47.259860" lon="-1.299430"><ele>77</ele><time>2026-03-01T11:46:24Z</time></trkpt>
			<trkpt lat="47.260350" lon="-1.299850"><ele>77</ele><time>2026-03-01T11:46:36Z</time></trkpt>
			<trkpt lat="47.260550" lon="-1.300020"><ele>77</ele><time>2026-03-01T11:46:48Z</time></trkpt>
			<trkpt lat="47.260920" lon="-1.300300"><ele>77</ele><time>2026-03-01T11:47:00Z</time></trkpt>
			<trkpt lat="47.261020" lon="-1.300350"><ele>77</ele><time>2026-03-01T11:47:12Z</time></trkpt>
			<trkpt lat="47.261110" lon="-1.300370"><ele>77</ele><time>2026-03-01T11:47:24Z</time></trkpt>
			<trkpt lat="47.261220" lon="-1.300370"><ele>77</ele><time>2026-03-01T11:47:36Z</time></trkpt>
			<trkpt lat="47.261340" lon="-1.300330"><ele>77</ele><time>2026-03-01T11:47:48Z</time></trkpt>
			<trkpt lat="47.261450" lon="-1.300280"><ele>77</ele><time>2026-03-01T11:48:00Z</time></trkpt>
			<trkpt lat="47.261500" lon="-1.300240"><ele>77</ele><time>2026-03-01T11:48:12Z</time></trkpt>
			<trkpt lat="47.263110" lon="-1.299190"><ele>72</ele><time>2026-03-01T11:48:24Z</time></trkpt>
			<trkpt lat="47.263130" lon="-1.299170"><ele>71</ele><time>2026-03-01T11:48:36Z</time></trkpt>
			<trkpt lat="47.263380" lon="-1.299000"><ele>71</ele><time>2026-03-01T11:48:48Z</time></trkpt>
			<trkpt lat="47.263610" lon="-1.298870"><ele>71</ele><time>2026-03-01T11:49:00Z</time></trkpt>
			<trkpt lat="47.263800" lon="-1.298820"><ele>71</ele><time>2026-03-01T11:49:12Z</time></trkpt>
			<trkpt lat="47.264010" lon="-1.298810"><ele>72</ele><time>2026-03-01T11:49:24Z</time></trkpt>
			<trkpt lat="47.264360" lon="-1.298780"><ele>72</ele><time>2026-03-01T11:49:36Z</time></trkpt>
			<trkpt lat="47.265920" lon="-1.298660"><ele>69</ele><time>2026-03-01T11:49:48Z</time></trkpt>
			<trkpt lat="47.266060" lon="-1.298670"><ele>69</ele><time>2026-03-01T11:50:00Z</time></trkpt>
			<trkpt lat="47.266190" lon="-1.298710"><ele>69</ele><time>2026-03-01T11:50:12Z</time></trkpt>
			<trkpt lat="47.266310" lon="-1.298770"><ele>69</ele><time>2026-03-01T11:50:24Z</time></trkpt>
			<trkpt lat="47.266800" lon="-1.299240"><ele>68</ele><time>2026-03-01T11:50:36Z</time></trkpt>
			<trkpt lat="47.266880" lon="-1.299290"><ele>68</ele><time>2026-03-01T11:50:48Z</time></trkpt>
			<trkpt lat="47.266970" lon="-1.299330"><ele>68</ele><time>2026-03-01T11:51:00Z</time></trkpt>
			<trkpt lat="47.267080" lon="-1.299350"><ele>69</ele><time>2026-03-01T11:51:12Z</time></trkpt>
			<trkpt lat="47.267230" lon="-1.299340"><ele>69</ele><time>2026-03-01T11:51:24Z</time></trkpt>
			<trkpt lat="47.267790" lon="-1.299250"><ele>70</ele><time>2026-03-01T11:51:36Z</time></trkpt>
			<trkpt lat="47.268280" lon="-1.299170"><ele>73</ele><time>2026-03-01T11:51:48Z</time></trkpt>
			<trkpt lat="47.269070" lon="-1.299020"><ele>75</ele><time>2026-03-01T11:52:00Z</time></trkpt>
			<trkpt lat="47.269230" lon="-1.299020"><ele>76</ele><time>2026-03-01T11:52:12Z</time></trkpt>
			<trkpt lat="47.269360" lon="-1.299080"><ele>76</ele><time>2026-03-01T11:52:24Z</time></trkpt>
			<trkpt lat="47.269500" lon="-1.299230"><ele>77</ele><time>2026-03-01T11:52:36Z</time></trkpt>
			<trkpt lat="47.269640" lon="-1.299350"><ele>77</ele><time>2026-03-01T11:52:48Z</time></trkpt>
			<trkpt lat="47.269720" lon="-1.299420"><ele>78</ele><time>2026-03-01T11:53:00Z</time></trkpt>
			<trkpt lat="47.269800" lon="-1.299460"><ele>78</ele><time>2026-03-01T11:53:12Z</time></trkpt>
			<trkpt lat="47.269850" lon="-1.299470"><ele>78</ele><time>2026-03-01T11:53:24Z</time></trkpt>
			<trkpt lat="47.270030" lon="-1.299460"><ele>78</ele><time>2026-03-01T11:53:36Z</time></trkpt>
			<trkpt lat="47.270470" lon="-1.299390"><ele>78</ele><time>2026-03-01T11:53:48Z</time></trkpt>
			<trkpt lat="47.270560" lon="-1.299390"><ele>78</ele><time>2026-03-01T11:54:00Z</time></trkpt>
			<trkpt lat="47.270630" lon="-1.299420"><ele>78</ele><time>2026-03-01T11:54:12Z</time></trkpt>
			<trkpt lat="47.270810" lon="-1.298840"><ele>78</ele><time>2026-03-01T11:54:24Z</time></trkpt>
			<trkpt lat="47.271070" lon="-1.297980"><ele>78</ele><time>2026-03-01T11:54:36Z</time></trkpt>
			<trkpt lat="47.271110" lon="-1.297760"><ele>78</ele><time>2026-03-01T11:54:48Z</time></trkpt>
			<trkpt lat="47.271110" lon="-1.297680"><ele>78</ele><time>2026-03-01T11:55:00Z</time></trkpt>
			<trkpt lat="47.271100" lon="-1.297360"><ele>77</ele><time>2026-03-01T11:55:12Z</time></trkpt>
			<trkpt lat="47.271060" lon="-1.296910"><ele>77</ele><time>2026-03-01T11:55:24Z</time></trkpt>
			<trkpt lat="47.271070" lon="-1.296740"><ele>77</ele><time>2026-03-01T11:55:36Z</time></trkpt>
			<trkpt lat="47.271090" lon="-1.296560"><ele>77</ele><time>2026-03-01T11:55:48Z</time></trkpt>
			<trkpt lat="47.271190" lon="-1.296160"><ele>77</ele><time>2026-03-01T11:56:00Z</time></trkpt>
			<trkpt lat="47.271260" lon="-1.295970"><ele>76</ele><time>2026-03-01T11:56:12Z</time></trkpt>
			<trkpt lat="47.271300" lon="-1.295850"><ele>76</ele><time>2026-03-01T11:56:24Z</time></trkpt>
			<trkpt lat="47.271360" lon="-1.295710"><ele>76</ele><time>2026-03-01T11:56:36Z</time></trkpt>
			<trkpt lat="47.271440" lon="-1.295580"><ele>75</ele><time>2026-03-01T11:56:48Z</time></trkpt>
			<trkpt lat="47.271630" lon="-1.295310"><ele>75</ele><time>2026-03-01T11:57:00Z</time></trkpt>
			<trkpt lat="47.271760" lon="-1.295170"><ele>74</ele><time>2026-03-01T11:57:12Z</time></trkpt>
			<trkpt lat="47.272090" lon="-1.294880"><ele>74</ele><time>2026-03-01T11:57:24Z</time></trkpt>
			<trkpt lat="47.272230" lon="-1.294730"><ele>74</ele><time>2026-03-01T11:57:36Z</time></trkpt>
			<trkpt lat="47.272630" lon="-1.294180"><ele>72</ele><time>2026-03-01T11:57:48Z</time></trkpt>
			<trkpt lat="47.272860" lon="-1.293790"><ele>71</ele><time>2026-03-01T11:58:00Z</time></trkpt>
			<trkpt lat="47.272970" lon="-1.293580"><ele>70</ele><time>2026-03-01T11:58:12Z</time></trkpt>
			<trkpt lat="47.273440" lon="-1.292480"><ele>68</ele><time>2026-03-01T11:58:24Z</time></trkpt>
			<trkpt lat="47.273480" lon="-1.292400"><ele>68</ele><time>2026-03-01T11:58:36Z</time></trkpt>
			<trkpt lat="47.273510" lon="-1.292330"><ele>68</ele><time>2026-03-01T11:58:48Z</time></trkpt>
			<trkpt lat="47.273750" lon="-1.291810"><ele>68</ele><time>2026-03-01T11:59:00Z</time></trkpt>
			<trkpt lat="47.273890" lon="-1.291610"><ele>69</ele><time>2026-03-01T11:59:12Z</time></trkpt>
			<trkpt lat="47.274040" lon="-1.291460"><ele>70</ele><time>2026-03-01T11:59:24Z</time></trkpt>
			<trkpt lat="47.274580" lon="-1.291110"><ele>72</ele><time>2026-03-01T11:59:36Z</time></trkpt>
			<trkpt lat="47.274640" lon="-1.291070"><ele>72</ele><time>2026-03-01T11:59:48Z</time></trkpt>
			<trkpt lat="47.274780" lon="-1.290960"><ele>73</ele><time>2026-03-01T12:00:00Z</time></trkpt>
			<trkpt lat="47.274900" lon="-1.290850"><ele>73</ele><time>2026-03-01T12:00:12Z</time></trkpt>
			<trkpt lat="47.275250" lon="-1.290390"><ele>73</ele><time>2026-03-01T12:00:24Z</time></trkpt>
			<trkpt lat="47.275440" lon="-1.290130"><ele>73</ele><time>2026-03-01T12:00:36Z</time></trkpt>
			<trkpt lat="47.275470" lon="-1.290090"><ele>73</ele><time>2026-03-01T12:00:48Z</time></trkpt>
			<trkpt lat="47.275740" lon="-1.289720"><ele>74</ele><time>2026-03-01T12:01:00Z</time></trkpt>
			<trkpt lat="47.275800" lon="-1.289570"><ele>74</ele><time>2026-03-01T12:01:12Z</time></trkpt>
			<trkpt lat="47.275880" lon="-1.289290"><ele>74</ele><time>2026-03-01T12:01:24Z</time></trkpt>
			<trkpt lat="47.275940" lon="-1.289060"><ele>74</ele><time>2026-03-01T12:01:36Z</time></trkpt>
			<trkpt lat="47.276010" lon="-1.288820"><ele>74</ele><time>2026-03-01T12:01:48Z</time></trkpt>
			<trkpt lat="47.276090" lon="-1.288690"><ele>74</ele><time>2026-03-01T12:02:00Z</time></trkpt>
			<trkpt lat="47.276120" lon="-1.288650"><ele>74</ele><time>2026-03-01T12:02:12Z</time></trkpt>
			<trkpt lat="47.276190" lon="-1.288580"><ele>75</ele><time>2026-03-01T12:02:24Z</time></trkpt>
			<trkpt lat="47.276560" lon="-1.288360"><ele>76</ele><time>2026-03-01T12:02:36Z</time></trkpt>
			<trkpt lat="47.276710" lon="-1.288320"><ele>76</ele><time>2026-03-01T12:02:48Z</time></trkpt>
			<trkpt lat="47.276710" lon="-1.288180"><ele>76</ele><time>2026-03-01T12:03:00Z</time></trkpt>
			<trkpt lat="47.276730" lon="-1.288100"><ele>76</ele><time>2026-03-01T12:03:12Z</time></trkpt>
			<trkpt lat="47.276810" lon="-1.287900"><ele>76</ele><time>2026-03-01T12:03:24Z</time></trkpt>
			<trkpt lat="47.276900" lon="-1.287700"><ele>76</ele><time>2026-03-01T12:03:36Z</time></trkpt>
			<trkpt lat="47.277020" lon="-1.287440"><ele>77</ele><time>2026-03-01T12:03:48Z</time></trkpt>
			<trkpt lat="47.277130" lon="-1.287210"><ele>76</ele><time>2026-03-01T12:04:00Z</time></trkpt>
			<trkpt lat="47.277200" lon="-1.287050"><ele>76</ele><time>2026-03-01T12:04:12Z</time></trkpt>
			<trkpt lat="47.277330" lon="-1.286770"><ele>76</ele><time>2026-03-01T12:04:24Z</time></trkpt>
			<trkpt lat="47.277380" lon="-1.286710"><ele>76</ele><time>2026-03-01T12:04:36Z</time></trkpt>
			<trkpt lat="47.277520" lon="-1.286620"><ele>76</ele><time>2026-03-01T12:04:48Z</time></trkpt>
			<trkpt lat="47.277620" lon="-1.286580"><ele>76</ele><time>2026-03-01T12:05:00Z</time></trkpt>
			<trkpt lat="47.277720" lon="-1.286520"><ele>76</ele><time>2026-03-01T12:05:12Z</time></trkpt>
			<trkpt lat="47.277890" lon="-1.286440"><ele>76</ele><time>2026-03-01T12:05:24Z</time></trkpt>
			<trkpt lat="47.278060" lon="-1.286300"><ele>76</ele><time>2026-03-01T12:05:36Z</time></trkpt>
			<trkpt lat="47.278140" lon="-1.286220"><ele>75</ele><time>2026-03-01T12:05:48Z</time></trkpt>
			<trkpt lat="47.278190" lon="-1.286220"><ele>75</ele><time>2026-03-01T12:06:00Z</time></trkpt>
			<trkpt lat="47.278220" lon="-1.286240"><ele>75</ele><time>2026-03-01T12:06:12Z</time></trkpt>
			<trkpt lat="47.278240" lon="-1.286270"><ele>76</ele><time>2026-03-01T12:06:24Z</time></trkpt>
			<trkpt lat="47.278390" lon="-1.286260"><ele>76</ele><time>2026-03-01T12:06:36Z</time></trkpt>
			<trkpt lat="47.278920" lon="-1.286380"><ele>76</ele><time>2026-03-01T12:06:48Z</time></trkpt>
			<trkpt lat="47.279070" lon="-1.286420"><ele>76</ele><time>2026-03-01T12:07:00Z</time></trkpt>
			<trkpt lat="47.281580" lon="-1.286980"><ele>78</ele><time>2026-03-01T12:07:12Z</time></trkpt>
			<trkpt lat="47.282320" lon="-1.287140"><ele>77</ele><time>2026-03-01T12:07:24Z</time></trkpt>
			<trkpt lat="47.282630" lon="-1.287160"><ele>77</ele><time>2026-03-01T12:07:36Z</time></trkpt>
			<trkpt lat="47.282800" lon="-1.287150"><ele>76</ele><time>2026-03-01T12:07:48Z</time></trkpt>
			<trkpt lat="47.282940" lon="-1.287120"><ele>76</ele><time>2026-03-01T12:08:00Z</time></trkpt>
			<trkpt lat="47.284650" lon="-1.286470"><ele>75</ele><time>2026-03-01T12:08:12Z</time></trkpt>
			<trkpt lat="47.284900" lon="-1.286390"><ele>75</ele><time>2026-03-01T12:08:24Z</time></trkpt>
			<trkpt lat="47.285180" lon="-1.286340"><ele>75</ele><time>2026-03-01T12:08:36Z</time></trkpt>
			<trkpt lat="47.286070" lon="-1.286200"><ele>74</ele><time>2026-03-01T12:08:48Z</time></trkpt>
			<trkpt lat="47.286180" lon="-1.286160"><ele>74</ele><time>2026-03-01T12:09:00Z</time></trkpt>
			<trkpt lat="47.286270" lon="-1.286120"><ele>74</ele><time>2026-03-01T12:09:12Z</time></trkpt>
			<trkpt lat="47.286360" lon="-1.286030"><ele>75</ele><time>2026-03-01T12:09:24Z</time></trkpt>
			<trkpt lat="47.286480" lon="-1.285930"><ele>75</ele><time>2026-03-01T12:09:36Z</time></trkpt>
			<trkpt lat="47.286660" lon="-1.285670"><ele>75</ele><time>2026-03-01T12:09:48Z</time></trkpt>
			<trkpt lat="47.286980" lon="-1.285220"><ele>74</ele><time>2026-03-01T12:10:00Z</time></trkpt>
			<trkpt lat="47.287050" lon="-1.285140"><ele>74</ele><time>2026-03-01T12:10:12Z</time></trkpt>
			<trkpt lat="47.287160" lon="-1.285010"><ele>74</ele><time>2026-03-01T12:10:24Z</time></trkpt>
			<trkpt lat="47.287370" lon="-1.284850"><ele>74</ele><time>2026-03-01T12:10:36Z</time></trkpt>
			<trkpt lat="47.287590" lon="-1.284760"><ele>74</ele><time>2026-03-01T12:10:48Z</time></trkpt>
			<trkpt lat="47.288090" lon="-1.284590"><ele>71</ele><time>2026-03-01T12:11:00Z</time></trkpt>
			<trkpt lat="47.288980" lon="-1.284080"><ele>67</ele><time>2026-03-01T12:11:12Z</time></trkpt>
			<trkpt lat="47.290450" lon="-1.283220"><ele>64</ele><time>2026-03-01T12:11:24Z</time></trkpt>
			<trkpt lat="47.291440" lon="-1.282660"><ele>59</ele><time>2026-03-01T12:11:36Z</time></trkpt>
			<trkpt lat="47.292000" lon="-1.282450"><ele>56</ele><time>2026-03-01T12:11:48Z</time></trkpt>
			<trkpt lat="47.292660" lon="-1.282200"><ele>50</ele><time>2026-03-01T12:12:00Z</time></trkpt>
			<trkpt lat="47.292850" lon="-1.282160"><ele>48</ele><time>2026-03-01T12:12:12Z</time></trkpt>
			<trkpt lat="47.292930" lon="-1.282160"><ele>47</ele><time>2026-03-01T12:12:24Z</time></trkpt>
			<trkpt lat="47.293020" lon="-1.282180"><ele>46</ele><time>2026-03-01T12:12:36Z</time></trkpt>
			<trkpt lat="47.293100" lon="-1.282220"><ele>46</ele><time>2026-03-01T12:12:48Z</time></trkpt>
			<trkpt lat="47.293210" lon="-1.282340"><ele>45</ele><time>2026-03-01T12:13:00Z</time></trkpt>
			<trkpt lat="47.293280" lon="-1.282500"><ele>46</ele><time>2026-03-01T12:13:12Z</time></trkpt>
			<trkpt lat="47.293300" lon="-1.282610"><ele>45</ele><time>2026-03-01T12:13:24Z</time></trkpt>
			<trkpt lat="47.293310" lon="-1.282720"><ele>44</ele><time>2026-03-01T12:13:36Z</time></trkpt>
			<trkpt lat="47.293300" lon="-1.282880"><ele>44</ele><time>2026-03-01T12:13:48Z</time></trkpt>
			<trkpt lat="47.293180" lon="-1.283380"><ele>43</ele><time>2026-03-01T12:14:00Z</time></trkpt>
			<trkpt lat="47.293100" lon="-1.283900"><ele>42</ele><time>2026-03-01T12:14:12Z</time></trkpt>
			<trkpt lat="47.293120" lon="-1.284110"><ele>41</ele><time>2026-03-01T12:14:24Z</time></trkpt>
			<trkpt lat="47.293140" lon="-1.284260"><ele>40</ele><time>2026-03-01T12:14:36Z</time></trkpt>
			<trkpt lat="47.293370" lon="-1.284840"><ele>35</ele><time>2026-03-01T12:14:48Z</time></trkpt>
			<trkpt lat="47.293450" lon="-1.284980"><ele>34</ele><time>2026-03-01T12:15:00Z</time></trkpt>
			<trkpt lat="47.293540" lon="-1.285050"><ele>33</ele><time>2026-03-01T12:15:12Z</time></trkpt>
			<trkpt lat="47.293660" lon="-1.285090"><ele>32</ele><time>2026-03-01T12:15:24Z</time></trkpt>
			<trkpt lat="47.293810" lon="-1.285060"><ele>30</ele><time>2026-03-01T12:15:36Z</time></trkpt>
			<trkpt lat="47.293920" lon="-1.284980"><ele>29</ele><time>2026-03-01T12:15:48Z</time></trkpt>
			<trkpt lat="47.293990" lon="-1.284870"><ele>29</ele><time>2026-03-01T12:16:00Z</time></trkpt>
			<trkpt lat="47.294030" lon="-1.284780"><ele>29</ele><time>2026-03-01T12:16:12Z</time></trkpt>
			<trkpt lat="47.294060" lon="-1.284610"><ele>29</ele><time>2026-03-01T12:16:24Z</time></trkpt>
			<trkpt lat="47.294060" lon="-1.284400"><ele>29</ele><time>2026-03-01T12:16:36Z</time></trkpt>
			<trkpt lat="47.294050" lon="-1.283980"><ele>30</ele><time>2026-03-01T12:16:48Z</time></trkpt>
			<trkpt lat="47.294070" lon="-1.283770"><ele>30</ele><time>2026-03-01T12:17:00Z</time></trkpt>
			<trkpt lat="47.294140" lon="-1.283470"><ele>30</ele><time>2026-03-01T12:17:12Z</time></trkpt>
			<trkpt lat="47.294250" lon="-1.283200"><ele>30</ele><time>2026-03-01T12:17:24Z</time></trkpt>
			<trkpt lat="47.294380" lon="-1.283060"><ele>28</ele><time>2026-03-01T12:17:36Z</time></trkpt>
			<trkpt lat="47.294530" lon="-1.283020"><ele>26</ele><time>2026-03-01T12:17:48Z</time></trkpt>
			<trkpt lat="47.294650" lon="-1.283020"><ele>25</ele><time>2026-03-01T12:18:00Z</time></trkpt>
			<trkpt lat="47.294780" lon="-1.283070"><ele>23</ele><time>2026-03-01T12:18:12Z</time></trkpt>
			<trkpt lat="47.294910" lon="-1.283210"><ele>21</ele><time>2026-03-01T12:18:24Z</time></trkpt>
			<trkpt lat="47.294960" lon="-1.283340"><ele>20</ele><time>2026-03-01T12:18:36Z</time></trkpt>
			<trkpt lat="47.295110" lon="-1.283910"><ele>19</ele><time>2026-03-01T12:18:48Z</time></trkpt>
			<trkpt lat="47.295190" lon="-1.284070"><ele>19</ele><time>2026-03-01T12:19:00Z</time></trkpt>
			<trkpt lat="47.295300" lon="-1.284170"><ele>18</ele><time>2026-03-01T12:19:12Z</time></trkpt>
			<trkpt lat="47.295440" lon="-1.284270"><ele>17</ele><time>2026-03-01T12:19:24Z</time></trkpt>
			<trkpt lat="47.295680" lon="-1.284380"><ele>16</ele><time>2026-03-01T12:19:36Z</time></trkpt>
			<trkpt lat="47.296010" lon="-1.284530"><ele>16</ele><time>2026-03-01T12:19:48Z</time></trkpt>
			<trkpt lat="47.296270" lon="-1.284610"><ele>17</ele><time>2026-03-01T12:20:00Z</time></trkpt>
			<trkpt lat="47.297200" lon="-1.284650"><ele>22</ele><time>2026-03-01T12:20:12Z</time></trkpt>
			<trkpt lat="47.297280" lon="-1.284690"><ele>22</ele><time>2026-03-01T12:20:24Z</time></trkpt>
			<trkpt lat="47.297420" lon="-1.284800"><ele>22</ele><time>2026-03-01T12:20:36Z</time></trkpt>
			<trkpt lat="47.297530" lon="-1.284920"><ele>22</ele><time>2026-03-01T12:20:48Z</time></trkpt>
			<trkpt lat="47.297750" lon="-1.285270"><ele>20</ele><time>2026-03-01T12:21:00Z</time></trkpt>
			<trkpt lat="47.297940" lon="-1.285440"><ele>19</ele><time>2026-03-01T12:21:12Z</time></trkpt>
			<trkpt lat="47.298080" lon="-1.285520"><ele>19</ele><time>2026-03-01T12:21:24Z</time></trkpt>
			<trkpt lat="47.298270" lon="-1.285570"><ele>19</ele><time>2026-03-01T12:21:36Z</time></trkpt>
			<trkpt lat="47.298490" lon="-1.285580"><ele>21</ele><time>2026-03-01T12:21:48Z</time></trkpt>
			<trkpt lat="47.298720" lon="-1.285560"><ele>22</ele><time>2026-03-01T12:22:00Z</time></trkpt>
			<trkpt lat="47.298880" lon="-1.285510"><ele>24</ele><time>2026-03-01T12:22:12Z</time></trkpt>
			<trkpt lat="47.299070" lon="-1.285430"><ele>25</ele><time>2026-03-01T12:22:24Z</time></trkpt>
			<trkpt lat="47.299690" lon="-1.285020"><ele>29</ele><time>2026-03-01T12:22:36Z</time></trkpt>
			<trkpt lat="47.300130" lon="-1.284700"><ele>32</ele><time>2026-03-01T12:22:48Z</time></trkpt>
			<trkpt lat="47.300350" lon="-1.284510"><ele>34</ele><time>2026-03-01T12:23:00Z</time></trkpt>
			<trkpt lat="47.300460" lon="-1.284350"><ele>34</ele><time>2026-03-01T12:23:12Z</time></trkpt>
			<trkpt lat="47.300790" lon="-1.283840"><ele>35</ele><time>2026-03-01T12:23:24Z</time></trkpt>
			<trkpt lat="47.301120" lon="-1.283180"><ele>35</ele><time>2026-03-01T12:23:36Z</time></trkpt>
			<trkpt lat="47.301200" lon="-1.283090"><ele>35</ele><time>2026-03-01T12:23:48Z</time></trkpt>
			<trkpt lat="47.301300" lon="-1.283060"><ele>35</ele><time>2026-03-01T12:24:00Z</time></trkpt>
			<trkpt lat="47.301420" lon="-1.283060"><ele>36</ele><time>2026-03-01T12:24:12Z</time></trkpt>
			<trkpt lat="47.301650" lon="-1.283130"><ele>38</ele><time>2026-03-01T12:24:24Z</time></trkpt>
			<trkpt lat="47.301780" lon="-1.283130"><ele>39</ele><time>2026-03-01T12:24:36Z</time></trkpt>
			<trkpt lat="47.301910" lon="-1.283090"><ele>40</ele><time>2026-03-01T12:24:48Z</time></trkpt>
			<trkpt lat="47.302140" lon="-1.282930"><ele>40</ele><time>2026-03-01T12:25:00Z</time></trkpt>
			<trkpt lat="47.302300" lon="-1.282910"><ele>42</ele><time>2026-03-01T12:25:12Z</time></trkpt>
			<trkpt lat="47.303390" lon="-1.283070"><ele>51</ele><time>2026-03-01T12:25:24Z</time></trkpt>
			<trkpt lat="47.303540" lon="-1.283140"><ele>51</ele><time>2026-03-01T12:25:36Z</time></trkpt>
			<trkpt lat="47.303620" lon="-1.283200"><ele>52</ele><time>2026-03-01T12:25:48Z</time></trkpt>
			<trkpt lat="47.304000" lon="-1.283740"><ele>53</ele><time>2026-03-01T12:26:00Z</time></trkpt>
			<trkpt lat="47.304100" lon="-1.283850"><ele>53</ele><time>2026-03-01T12:26:12Z</time></trkpt>
			<trkpt lat="47.304210" lon="-1.283940"><ele>54</ele><time>2026-03-01T12:26:24Z</time></trkpt>
			<trkpt lat="47.304290" lon="-1.283970"><ele>54</ele><time>2026-03-01T12:26:36Z</time></trkpt>
			<trkpt lat="47.304380" lon="-1.283970"><ele>54</ele><time>2026-03-01T12:26:48Z</time></trkpt>
			<trkpt lat="47.304520" lon="-1.283940"><ele>54</ele><time>2026-03-01T12:27:00Z</time></trkpt>
			<trkpt lat="47.304650" lon="-1.283870"><ele>54</ele><time>2026-03-01T12:27:12Z</time></trkpt>
			<trkpt lat="47.305060" lon="-1.283500"><ele>54</ele><time>2026-03-01T12:27:24Z</time></trkpt>
			<trkpt lat="47.305270" lon="-1.283300"><ele>54</ele><time>2026-03-01T12:27:36Z</time></trkpt>
			<trkpt lat="47.305580" lon="-1.283030"><ele>55</ele><time>2026-03-01T12:27:48Z</time></trkpt>
			<trkpt lat="47.306010" lon="-1.282640"><ele>57</ele><time>2026-03-01T12:28:00Z</time></trkpt>
			<trkpt lat="47.306520" lon="-1.282130"><ele>59</ele><time>2026-03-01T12:28:12Z</time></trkpt>
			<trkpt lat="47.306660" lon="-1.281940"><ele>59</ele><time>2026-03-01T12:28:24Z</time></trkpt>
			<trkpt lat="47.307130" lon="-1.281230"><ele>61</ele><time>2026-03-01T12:28:36Z</time></trkpt>
			<trkpt lat="47.307400" lon="-1.280900"><ele>62</ele><time>2026-03-01T12:28:48Z</time></trkpt>
			<trkpt lat="47.307640" lon="-1.280660"><ele>62</ele><time>2026-03-01T12:29:00Z</time></trkpt>
			<trkpt lat="47.308460" lon="-1.279960"><ele>64</ele><time>2026-03-01T12:29:12Z</time></trkpt>
			<trkpt lat="47.308660" lon="-1.279710"><ele>65</ele><time>2026-03-01T12:29:24Z</time></trkpt>
			<trkpt lat="47.309160" lon="-1.278660"><ele>66</ele><time>2026-03-01T12:29:36Z</time></trkpt>
			<trkpt lat="47.309390" lon="-1.278160"><ele>66</ele><time>2026-03-01T12:29:48Z</time></trkpt>
			<trkpt lat="47.309460" lon="-1.277900"><ele>66</ele><time>2026-03-01T12:30:00Z</time></trkpt>
			<trkpt lat="47.309520" lon="-1.277640"><ele>67</ele><time>2026-03-01T12:30:12Z</time></trkpt>
			<trkpt lat="47.309620" lon="-1.277050"><ele>68</ele><time>2026-03-01T12:30:24Z</time></trkpt>
			<trkpt lat="47.309650" lon="-1.276700"><ele>69</ele><time>2026-03-01T12:30:36Z</time></trkpt>
			<trkpt lat="47.309640" lon="-1.276350"><ele>69</ele><time>2026-03-01T12:30:48Z</time></trkpt>
			<trkpt lat="47.309640" lon="-1.275950"><ele>69</ele><time>2026-03-01T12:31:00Z</time></trkpt>
			<trkpt lat="47.309640" lon="-1.275820"><ele>69</ele><time>2026-03-01T12:31:12Z</time></trkpt>
			<trkpt lat="47.309670" lon="-1.275680"><ele>69</ele><time>2026-03-01T12:31:24Z</time></trkpt>
			<trkpt lat="47.309700" lon="-1.275570"><ele>68</ele><time>2026-03-01T12:31:36Z</time></trkpt>
			<trkpt lat="47.309740" lon="-1.275430"><ele>68</ele><time>2026-03-01T12:31:48Z</time></trkpt>
			<trkpt lat="47.309920" lon="-1.274990"><ele>67</ele><time>2026-03-01T12:32:00Z</time></trkpt>
			<trkpt lat="47.310050" lon="-1.274670"><ele>66</ele><time>2026-03-01T12:32:12Z</time></trkpt>
			<trkpt lat="47.310190" lon="-1.274350"><ele>66</ele><time>2026-03-01T12:32:24Z</time></trkpt>
			<trkpt lat="47.310320" lon="-1.274120"><ele>65</ele><time>2026-03-01T12:32:36Z</time></trkpt>
			<trkpt lat="47.310800" lon="-1.273480"><ele>65</ele><time>2026-03-01T12:32:48Z</time></trkpt>
			<trkpt lat="47.310870" lon="-1.273330"><ele>65</ele><time>2026-03-01T12:33:00Z</time></trkpt>
			<trkpt lat="47.310920" lon="-1.273150"><ele>66</ele><time>2026-03-01T12:33:12Z</time></trkpt>
			<trkpt lat="47.310970" lon="-1.272990"><ele>66</ele><time>2026-03-01T12:33:24Z</time></trkpt>
			<trkpt lat="47.311010" lon="-1.272740"><ele>67</ele><time>2026-03-01T12:33:36Z</time></trkpt>
			<trkpt lat="47.311030" lon="-1.272490"><ele>68</ele><time>2026-03-01T12:33:48Z</time></trkpt>
			<trkpt lat="47.311050" lon="-1.271780"><ele>69</ele><time>2026-03-01T12:34:00Z</time></trkpt>
			<trkpt lat="47.311080" lon="-1.271050"><ele>70</ele><time>2026-03-01T12:34:12Z</time></trkpt>
			<trkpt lat="47.311090" lon="-1.270820"><ele>71</ele><time>2026-03-01T12:34:24Z</time></trkpt>
			<trkpt lat="47.311150" lon="-1.270450"><ele>71</ele><time>2026-03-01T12:34:36Z</time></trkpt>
			<trkpt lat="47.311300" lon="-1.269840"><ele>72</ele><time>2026-03-01T12:34:48Z</time></trkpt>
			<trkpt lat="47.312030" lon="-1.266800"><ele>72</ele><time>2026-03-01T12:35:00Z</time></trkpt>
			<trkpt lat="47.312100" lon="-1.266590"><ele>72</ele><time>2026-03-01T12:35:12Z</time></trkpt>
			<trkpt lat="47.312180" lon="-1.266400"><ele>72</ele><time>2026-03-01T12:35:24Z</time></trkpt>
			<trkpt lat="47.312300" lon="-1.266180"><ele>72</ele><time>2026-03-01T12:35:36Z</time></trkpt>
			<trkpt lat="47.312420" lon="-1.265990"><ele>71</ele><time>2026-03-01T12:35:48Z</time></trkpt>
			<trkpt lat="47.312550" lon="-1.265850"><ele>71</ele><time>2026-03-01T12:36:00Z</time></trkpt>
			<trkpt lat="47.312660" lon="-1.265760"><ele>71</ele><time>2026-03-01T12:36:12Z</time></trkpt>
			<trkpt lat="47.312770" lon="-1.265700"><ele>71</ele><time>2026-03-01T12:36:24Z</time></trkpt>
			<trkpt lat="47.313180" lon="-1.265550"><ele>72</ele><time>2026-03-01T12:36:36Z</time></trkpt>
			<trkpt lat="47.313370" lon="-1.265460"><ele>73</ele><time>2026-03-01T12:36:48Z</time></trkpt>
			<trkpt lat="47.314400" lon="-1.264820"><ele>75</ele><time>2026-03-01T12:37:00Z</time></trkpt>
			<trkpt lat="47.314560" lon="-1.264690"><ele>74</ele><time>2026-03-01T12:37:12Z</time></trkpt>
			<trkpt lat="47.314660" lon="-1.264580"><ele>74</ele><time>2026-03-01T12:37:24Z</time></trkpt>
			<trkpt lat="47.314770" lon="-1.264440"><ele>74</ele><time>2026-03-01T12:37:36Z</time></trkpt>
			<trkpt lat="47.315610" lon="-1.263260"><ele>76</ele><time>2026-03-01T12:37:48Z</time></trkpt>
			<trkpt lat="47.315670" lon="-1.263110"><ele>76</ele><time>2026-03-01T12:38:00Z</time></trkpt>
			<trkpt lat="47.315720" lon="-1.262920"><ele>75</ele><time>2026-03-01T12:38:12Z</time></trkpt>
			<trkpt lat="47.315760" lon="-1.262690"><ele>75</ele><time>2026-03-01T12:38:24Z</time></trkpt>
			<trkpt lat="47.315940" lon="-1.262740"><ele>76</ele><time>2026-03-01T12:38:36Z</time></trkpt>
			<trkpt lat="47.316130" lon="-1.262770"><ele>76</ele><time>2026-03-01T12:38:48Z</time></trkpt>
			<trkpt lat="47.316280" lon="-1.262760"><ele>77</ele><time>2026-03-01T12:39:00Z</time></trkpt>
			<trkpt lat="47.316490" lon="-1.262730"><ele>78</ele><time>2026-03-01T12:39:12Z</time></trkpt>
			<trkpt lat="47.316720" lon="-1.262650"><ele>78</ele><time>2026-03-01T12:39:24Z</time></trkpt>
			<trkpt lat="47.318200" lon="-1.262110"><ele>81</ele><time>2026-03-01T12:39:36Z</time></trkpt>
			<trkpt lat="47.318480" lon="-1.261990"><ele>82</ele><time>2026-03-01T12:39:48Z</time></trkpt>
			<trkpt lat="47.318670" lon="-1.261880"><ele>82</ele><time>2026-03-01T12:40:00Z</time></trkpt>
			<trkpt lat="47.319080" lon="-1.261610"><ele>82</ele><time>2026-03-01T12:40:12Z</time></trkpt>
			<trkpt lat="47.320080" lon="-1.260870"><ele>84</ele><time>2026-03-01T12:40:24Z</time></trkpt>
			<trkpt lat="47.320320" lon="-1.260730"><ele>84</ele><time>2026-03-01T12:40:36Z</time></trkpt>
			<trkpt lat="47.320550" lon="-1.260600"><ele>83</ele><time>2026-03-01T12:40:48Z</time></trkpt>
			<trkpt lat="47.320990" lon="-1.260440"><ele>82</ele><time>2026-03-01T12:41:00Z</time></trkpt>
			<trkpt lat="47.321350" lon="-1.260360"><ele>82</ele><time>2026-03-01T12:41:12Z</time></trkpt>
			<trkpt lat="47.322390" lon="-1.260150"><ele>83</ele><time>2026-03-01T12:41:24Z</time></trkpt>
			<trkpt lat="47.322750" lon="-1.260090"><ele>82</ele><time>2026-03-01T12:41:36Z</time></trkpt>
			<trkpt lat="47.323010" lon="-1.260090"><ele>82</ele><time>2026-03-01T12:41:48Z</time></trkpt>
			<trkpt lat="47.324900" lon="-1.260430"><ele>79</ele><time>2026-03-01T12:42:00Z</time></trkpt>
			<trkpt lat="47.326280" lon="-1.260680"><ele>76</ele><time>2026-03-01T12:42:12Z</time></trkpt>
			<trkpt lat="47.327110" lon="-1.260830"><ele>75</ele><time>2026-03-01T12:42:24Z</time></trkpt>
			<trkpt lat="47.327300" lon="-1.260850"><ele>74</ele><time>2026-03-01T12:42:36Z</time></trkpt>
			<trkpt lat="47.327530" lon="-1.260870"><ele>74</ele><time>2026-03-01T12:42:48Z</time></trkpt>
			<trkpt lat="47.327910" lon="-1.260880"><ele>74</ele><time>2026-03-01T12:43:00Z</time></trkpt>
			<trkpt lat="47.328720" lon="-1.260910"><ele>72</ele><time>2026-03-01T12:43:12Z</time></trkpt>
			<trkpt lat="47.329280" lon="-1.260950"><ele>72</ele><time>2026-03-01T12:43:24Z</time></trkpt>
			<trkpt lat="47.329420" lon="-1.260980"><ele>72</ele><time>2026-03-01T12:43:36Z</time></trkpt>
			<trkpt lat="47.329460" lon="-1.261000"><ele>72</ele><time>2026-03-01T12:43:48Z</time></trkpt>
			<trkpt lat="47.329520" lon="-1.260920"><ele>72</ele><time>2026-03-01T12:44:00Z</time></trkpt>
			<trkpt lat="47.329590" lon="-1.260860"><ele>72</ele><time>2026-03-01T12:44:12Z</time></trkpt>
			<trkpt lat="47.329650" lon="-1.260830"><ele>73</ele><time>2026-03-01T12:44:24Z</time></trkpt>
			<trkpt lat="47.329800" lon="-1.260790"><ele>73</ele><time>2026-03-01T12:44:36Z</time></trkpt>
			<trkpt lat="47.329930" lon="-1.260800"><ele>73</ele><time>2026-03-01T12:44:48Z</time></trkpt>
			<trkpt lat="47.330040" lon="-1.260830"><ele>73</ele><time>2026-03-01T12:45:00Z</time></trkpt>
			<trkpt lat="47.330330" lon="-1.260940"><ele>73</ele><time>2026-03-01T12:45:12Z</time></trkpt>
			<trkpt lat="47.330520" lon="-1.261050"><ele>72</ele><time>2026-03-01T12:45:24Z</time></trkpt>
			<trkpt lat="47.330680" lon="-1.261150"><ele>71</ele><time>2026-03-01T12:45:36Z</time></trkpt>
			<trkpt lat="47.331510" lon="-1.261720"><ele>72</ele><time>2026-03-01T12:45:48Z</time></trkpt>
			<trkpt lat="47.331670" lon="-1.261860"><ele>73</ele><time>2026-03-01T12:46:00Z</time></trkpt>
			<trkpt lat="47.331990" lon="-1.262150"><ele>74</ele><time>2026-03-01T12:46:12Z</time></trkpt>
			<trkpt lat="47.332600" lon="-1.262750"><ele>75</ele><time>2026-03-01T12:46:24Z</time></trkpt>
			<trkpt lat="47.332810" lon="-1.263000"><ele>75</ele><time>2026-03-01T12:46:36Z</time></trkpt>
			<trkpt lat="47.333560" lon="-1.264060"><ele>76</ele><time>2026-03-01T12:46:48Z</time></trkpt>
			<trkpt lat="47.333640" lon="-1.264150"><ele>76</ele><time>2026-03-01T12:47:00Z</time></trkpt>
			<trkpt lat="47.333690" lon="-1.264190"><ele>76</ele><time>2026-03-01T12:47:12Z</time></trkpt>
			<trkpt lat="47.333750" lon="-1.264210"><ele>76</ele><time>2026-03-01T12:47:24Z</time></trkpt>
			<trkpt lat="47.333820" lon="-1.264210"><ele>76</ele><time>2026-03-01T12:47:36Z</time></trkpt>
			<trkpt lat="47.334140" lon="-1.264060"><ele>76</ele><time>2026-03-01T12:47:48Z</time></trkpt>
			<trkpt lat="47.334200" lon="-1.264010"><ele>76</ele><time>2026-03-01T12:48:00Z</time></trkpt>
			<trkpt lat="47.334240" lon="-1.263940"><ele>76</ele><time>2026-03-01T12:48:12Z</time></trkpt>
			<trkpt lat="47.334220" lon="-1.263890"><ele>76</ele><time>2026-03-01T12:48:24Z</time></trkpt>
			<trkpt lat="47.334230" lon="-1.263840"><ele>75</ele><time>2026-03-01T12:48:36Z</time></trkpt>
			<trkpt lat="47.334240" lon="-1.263810"><ele>75</ele><time>2026-03-01T12:48:48Z</time></trkpt>
			<trkpt lat="47.334270" lon="-1.263800"><ele>75</ele><time>2026-03-01T12:49:00Z</time></trkpt>
			<trkpt lat="47.334300" lon="-1.263810"><ele>75</ele><time>2026-03-01T12:49:12Z</time></trkpt>
			<trkpt lat="47.334320" lon="-1.263840"><ele>75</ele><time>2026-03-01T12:49:24Z</time></trkpt>
			<trkpt lat="47.334970" lon="-1.263430"><ele>74</ele><time>2026-03-01T12:49:36Z</time></trkpt>
			<trkpt lat="47.335120" lon="-1.263340"><ele>74</ele><time>2026-03-01T12:49:48Z</time></trkpt>
			<trkpt lat="47.335800" lon="-1.262920"><ele>73</ele><time>2026-03-01T12:50:00Z</time></trkpt>
			<trkpt lat="47.335990" lon="-1.262830"><ele>72</ele><time>2026-03-01T12:50:12Z</time></trkpt>
			<trkpt lat="47.336230" lon="-1.262750"><ele>72</ele><time>2026-03-01T12:50:24Z</time></trkpt>
			<trkpt lat="47.336290" lon="-1.262720"><ele>72</ele><time>2026-03-01T12:50:36Z</time></trkpt>
			<trkpt lat="47.337190" lon="-1.262400"><ele>68</ele><time>2026-03-01T12:50:48Z</time></trkpt>
			<trkpt lat="47.337200" lon="-1.262360"><ele>68</ele><time>2026-03-01T12:51:00Z</time></trkpt>
			<trkpt lat="47.337210" lon="-1.262320"><ele>68</ele><time>2026-03-01T12:51:12Z</time></trkpt>
			<trkpt lat="47.337230" lon="-1.262290"><ele>68</ele><time>2026-03-01T12:51:24Z</time></trkpt>
			<trkpt lat="47.337260" lon="-1.262290"><ele>68</ele><time>2026-03-01T12:51:36Z</time></trkpt>
			<trkpt lat="47.337260" lon="-1.262140"><ele>68</ele><time>2026-03-01T12:51:48Z</time></trkpt>
			<trkpt lat="47.337140" lon="-1.261670"><ele>68</ele><time>2026-03-01T12:52:00Z</time></trkpt>
			<trkpt lat="47.336730" lon="-1.260290"><ele>67</ele><time>2026-03-01T12:52:12Z</time></trkpt>
			<trkpt lat="47.336230" lon="-1.258630"><ele>68</ele><time>2026-03-01T12:52:24Z</time></trkpt>
			<trkpt lat="47.336160" lon="-1.258310"><ele>68</ele><time>2026-03-01T12:52:36Z</time></trkpt>
			<trkpt lat="47.336120" lon="-1.258070"><ele>68</ele><time>2026-03-01T12:52:48Z</time></trkpt>
			<trkpt lat="47.336100" lon="-1.257850"><ele>68</ele><time>2026-03-01T12:53:00Z</time></trkpt>
			<trkpt lat="47.336060" lon="-1.256670"><ele>70</ele><time>2026-03-01T12:53:12Z</time></trkpt>
			<trkpt lat="47.336020" lon="-1.256580"><ele>70</ele><time>2026-03-01T12:53:24Z</time></trkpt>
			<trkpt lat="47.335980" lon="-1.256510"><ele>70</ele><time>2026-03-01T12:53:36Z</time></trkpt>
			<trkpt lat="47.336020" lon="-1.256430"><ele>70</ele><time>2026-03-01T12:53:48Z</time></trkpt>
			<trkpt lat="47.336040" lon="-1.256310"><ele>70</ele><time>2026-03-01T12:54:00Z</time></trkpt>
			<trkpt lat="47.336020" lon="-1.256050"><ele>70</ele><time>2026-03-01T12:54:12Z</time></trkpt>
			<trkpt lat="47.335960" lon="-1.255710"><ele>70</ele><time>2026-03-01T12:54:24Z</time></trkpt>
			<trkpt lat="47.335690" lon="-1.254720"><ele>69</ele><time>2026-03-01T12:54:36Z</time></trkpt>
			<trkpt lat="47.335520" lon="-1.254100"><ele>69</ele><time>2026-03-01T12:54:48Z</time></trkpt>
			<trkpt lat="47.335500" lon="-1.254040"><ele>69</ele><time>2026-03-01T12:55:00Z</time></trkpt>
			<trkpt lat="47.335460" lon="-1.253890"><ele>70</ele><time>2026-03-01T12:55:12Z</time></trkpt>
			<trkpt lat="47.335320" lon="-1.253390"><ele>71</ele><time>2026-03-01T12:55:24Z</time></trkpt>
			<trkpt lat="47.335170" lon="-1.252980"><ele>71</ele><time>2026-03-01T12:55:36Z</time></trkpt>
			<trkpt lat="47.335030" lon="-1.252700"><ele>71</ele><time>2026-03-01T12:55:48Z</time></trkpt>
			<trkpt lat="47.334850" lon="-1.252430"><ele>71</ele><time>2026-03-01T12:56:00Z</time></trkpt>
			<trkpt lat="47.334810" lon="-1.252360"><ele>71</ele><time>2026-03-01T12:56:12Z</time></trkpt>
			<trkpt lat="47.334680" lon="-1.252200"><ele>70</ele><time>2026-03-01T12:56:24Z</time></trkpt>
			<trkpt lat="47.333910" lon="-1.251180"><ele>69</ele><time>2026-03-01T12:56:36Z</time></trkpt>
			<trkpt lat="47.333800" lon="-1.251020"><ele>71</ele><time>2026-03-01T12:56:48Z</time></trkpt>
			<trkpt lat="47.333720" lon="-1.250850"><ele>71</ele><time>2026-03-01T12:57:00Z</time></trkpt>
			<trkpt lat="47.333660" lon="-1.250610"><ele>72</ele><time>2026-03-01T12:57:12Z</time></trkpt>
			<trkpt lat="47.333520" lon="-1.249770"><ele>71</ele><time>2026-03-01T12:57:24Z</time></trkpt>
			<trkpt lat="47.333430" lon="-1.249370"><ele>70</ele><time>2026-03-01T12:57:36Z</time></trkpt>
			<trkpt lat="47.333410" lon="-1.249290"><ele>70</ele><time>2026-03-01T12:57:48Z</time></trkpt>
			<trkpt lat="47.333260" lon="-1.248760"><ele>71</ele><time>2026-03-01T12:58:00Z</time></trkpt>
			<trkpt lat="47.333190" lon="-1.248440"><ele>72</ele><time>2026-03-01T12:58:12Z</time></trkpt>
			<trkpt lat="47.333080" lon="-1.247810"><ele>72</ele><time>2026-03-01T12:58:24Z</time></trkpt>
			<trkpt lat="47.333030" lon="-1.247190"><ele>73</ele><time>2026-03-01T12:58:36Z</time></trkpt>
			<trkpt lat="47.333000" lon="-1.246890"><ele>73</ele><time>2026-03-01T12:58:48Z</time></trkpt>
			<trkpt lat="47.332940" lon="-1.246500"><ele>73</ele><time>2026-03-01T12:59:00Z</time></trkpt>
			<trkpt lat="47.332810" lon="-1.245980"><ele>73</ele><time>2026-03-01T12:59:12Z</time></trkpt>
			<trkpt lat="47.332530" lon="-1.245080"><ele>72</ele><time>2026-03-01T12:59:24Z</time></trkpt>
			<trkpt lat="47.332220" lon="-1.244110"><ele>70</ele><time>2026-03-01T12:59:36Z</time></trkpt>
			<trkpt lat="47.332120" lon="-1.243780"><ele>69</ele><time>2026-03-01T12:59:48Z</time></trkpt>
			<trkpt lat="47.332050" lon="-1.243520"><ele>69</ele><time>2026-03-01T13:00:00Z</time></trkpt>
			<trkpt lat="47.332020" lon="-1.243330"><ele>68</ele><time>2026-03-01T13:00:12Z</time></trkpt>
			<trkpt lat="47.331950" lon="-1.242780"><ele>68</ele><time>2026-03-01T13:00:24Z</time></trkpt>
			<trkpt lat="47.331920" lon="-1.242620"><ele>68</ele><time>2026-03-01T13:00:36Z</time></trkpt>
			<trkpt lat="47.331760" lon="-1.242110"><ele>70</ele><time>2026-03-01T13:00:48Z</time></trkpt>
			<trkpt lat="47.331740" lon="-1.241980"><ele>70</ele><time>2026-03-01T13:01:00Z</time></trkpt>
			<trkpt lat="47.331720" lon="-1.241840"><ele>70</ele><time>2026-03-01T13:01:12Z</time></trkpt>
			<trkpt lat="47.331710" lon="-1.241200"><ele>71</ele><time>2026-03-01T13:01:24Z</time></trkpt>
			<trkpt lat="47.331710" lon="-1.240290"><ele>70</ele><time>2026-03-01T13:01:36Z</time></trkpt>
			<trkpt lat="47.331710" lon="-1.239630"><ele>69</ele><time>2026-03-01T13:01:48Z</time></trkpt>
			<trkpt lat="47.331730" lon="-1.239260"><ele>68</ele><time>2026-03-01T13:02:00Z</time></trkpt>
			<trkpt lat="47.331770" lon="-1.238980"><ele>67</ele><time>2026-03-01T13:02:12Z</time></trkpt>
			<trkpt lat="47.331820" lon="-1.238700"><ele>66</ele><time>2026-03-01T13:02:24Z</time></trkpt>
			<trkpt lat="47.331910" lon="-1.238320"><ele>65</ele><time>2026-03-01T13:02:36Z</time></trkpt>
			<trkpt lat="47.332030" lon="-1.237940"><ele>63</ele><time>2026-03-01T13:02:48Z</time></trkpt>
			<trkpt lat="47.332100" lon="-1.237730"><ele>62</ele><time>2026-03-01T13:03:00Z</time></trkpt>
			<trkpt lat="47.332370" lon="-1.237180"><ele>59</ele><time>2026-03-01T13:03:12Z</time></trkpt>
			<trkpt lat="47.332740" lon="-1.236500"><ele>56</ele><time>2026-03-01T13:03:24Z</time></trkpt>
			<trkpt lat="47.332970" lon="-1.236140"><ele>56</ele><time>2026-03-01T13:03:36Z</time></trkpt>
			<trkpt lat="47.333450" lon="-1.235580"><ele>53</ele><time>2026-03-01T13:03:48Z</time></trkpt>
			<trkpt lat="47.333730" lon="-1.235300"><ele>50</ele><time>2026-03-01T13:04:00Z</time></trkpt>
			<trkpt lat="47.334090" lon="-1.235000"><ele>48</ele><time>2026-03-01T13:04:12Z</time></trkpt>
			<trkpt lat="47.334200" lon="-1.234920"><ele>48</ele><time>2026-03-01T13:04:24Z</time></trkpt>
			<trkpt lat="47.334400" lon="-1.234820"><ele>46</ele><time>2026-03-01T13:04:36Z</time></trkpt>
			<trkpt lat="47.334570" lon="-1.234770"><ele>45</ele><time>2026-03-01T13:04:48Z</time></trkpt>
			<trkpt lat="47.335980" lon="-1.234490"><ele>36</ele><time>2026-03-01T13:05:00Z</time></trkpt>
			<trkpt lat="47.336200" lon="-1.234380"><ele>35</ele><time>2026-03-01T13:05:12Z</time></trkpt>
			<trkpt lat="47.336490" lon="-1.234180"><ele>34</ele><time>2026-03-01T13:05:24Z</time></trkpt>
			<trkpt lat="47.336700" lon="-1.233990"><ele>33</ele><time>2026-03-01T13:05:36Z</time></trkpt>
			<trkpt lat="47.336860" lon="-1.233790"><ele>32</ele><time>2026-03-01T13:05:48Z</time></trkpt>
			<trkpt lat="47.337480" lon="-1.232670"><ele>29</ele><time>2026-03-01T13:06:00Z</time></trkpt>
			<trkpt lat="47.337610" lon="-1.232500"><ele>29</ele><time>2026-03-01T13:06:12Z</time></trkpt>
			<trkpt lat="47.337740" lon="-1.232380"><ele>28</ele><time>2026-03-01T13:06:24Z</time></trkpt>
			<trkpt lat="47.337930" lon="-1.232310"><ele>27</ele><time>2026-03-01T13:06:36Z</time></trkpt>
			<trkpt lat="47.338070" lon="-1.232340"><ele>27</ele><time>2026-03-01T13:06:48Z</time></trkpt>
			<trkpt lat="47.338360" lon="-1.232440"><ele>27</ele><time>2026-03-01T13:07:00Z</time></trkpt>
			<trkpt lat="47.338440" lon="-1.232450"><ele>27</ele><time>2026-03-01T13:07:12Z</time></trkpt>
			<trkpt lat="47.338520" lon="-1.232430"><ele>26</ele><time>2026-03-01T13:07:24Z</time></trkpt>
			<trkpt lat="47.338880" lon="-1.232260"><ele>23</ele><time>2026-03-01T13:07:36Z</time></trkpt>
			<trkpt lat="47.339130" lon="-1.232180"><ele>21</ele><time>2026-03-01T13:07:48Z</time></trkpt>
			<trkpt lat="47.339190" lon="-1.232130"><ele>20</ele><time>2026-03-01T13:08:00Z</time></trkpt>
			<trkpt lat="47.339220" lon="-1.232060"><ele>19</ele><time>2026-03-01T13:08:12Z</time></trkpt>
			<trkpt lat="47.339320" lon="-1.231790"><ele>16</ele><time>2026-03-01T13:08:24Z</time></trkpt>
			<trkpt lat="47.339370" lon="-1.231710"><ele>15</ele><time>2026-03-01T13:08:36Z</time></trkpt>
			<trkpt lat="47.339420" lon="-1.231660"><ele>15</ele><time>2026-03-01T13:08:48Z</time></trkpt>
			<trkpt lat="47.339530" lon="-1.231590"><ele>14</ele><time>2026-03-01T13:09:00Z</time></trkpt>
			<trkpt lat="47.339920" lon="-1.231450"><ele>12</ele><time>2026-03-01T13:09:12Z</time></trkpt>
			<trkpt lat="47.339960" lon="-1.231440"><ele>12</ele><time>2026-03-01T13:09:24Z</time></trkpt>
			<trkpt lat="47.339970" lon="-1.230960"><ele>11</ele><time>2026-03-01T13:09:36Z</time></trkpt>
			<trkpt lat="47.340280" lon="-1.228440"><ele>17</ele><time>2026-03-01T13:09:48Z</time></trkpt>
			<trkpt lat="47.340350" lon="-1.228100"><ele>16</ele><time>2026-03-01T13:10:00Z</time></trkpt>
			<trkpt lat="47.340550" lon="-1.227510"><ele>14</ele><time>2026-03-01T13:10:12Z</time></trkpt>
			<trkpt lat="47.340620" lon="-1.227270"><ele>14</ele><time>2026-03-01T13:10:24Z</time></trkpt>
			<trkpt lat="47.340660" lon="-1.227020"><ele>15</ele><time>2026-03-01T13:10:36Z</time></trkpt>
			<trkpt lat="47.340850" lon="-1.225500"><ele>17</ele><time>2026-03-01T13:10:48Z</time></trkpt>
			<trkpt lat="47.341040" lon="-1.224050"><ele>19</ele><time>2026-03-01T13:11:00Z</time></trkpt>
			<trkpt lat="47.341230" lon="-1.223080"><ele>20</ele><time>2026-03-01T13:11:12Z</time></trkpt>
			<trkpt lat="47.341430" lon="-1.222070"><ele>20</ele><time>2026-03-01T13:11:24Z</time></trkpt>
			<trkpt lat="47.341550" lon="-1.221300"><ele>18</ele><time>2026-03-01T13:11:36Z</time></trkpt>
			<trkpt lat="47.341730" lon="-1.218620"><ele>16</ele><time>2026-03-01T13:11:48Z</time></trkpt>
			<trkpt lat="47.341730" lon="-1.218280"><ele>16</ele><time>2026-03-01T13:12:00Z</time></trkpt>
			<trkpt lat="47.341710" lon="-1.217960"><ele>17</ele><time>2026-03-01T13:12:12Z</time></trkpt>
			<trkpt lat="47.341620" lon="-1.217230"><ele>21</ele><time>2026-03-01T13:12:24Z</time></trkpt>
			<trkpt lat="47.341610" lon="-1.216860"><ele>23</ele><time>2026-03-01T13:12:36Z</time></trkpt>
			<trkpt lat="47.341600" lon="-1.214760"><ele>22</ele><time>2026-03-01T13:12:48Z</time></trkpt>
			<trkpt lat="47.341610" lon="-1.213810"><ele>20</ele><time>2026-03-01T13:13:00Z</time></trkpt>
			<trkpt lat="47.341610" lon="-1.213200"><ele>21</ele><time>2026-03-01T13:13:12Z</time></trkpt>
			<trkpt lat="47.341640" lon="-1.212840"><ele>20</ele><time>2026-03-01T13:13:24Z</time></trkpt>
			<trkpt lat="47.341680" lon="-1.212510"><ele>19</ele><time>2026-03-01T13:13:36Z</time></trkpt>
			<trkpt lat="47.341740" lon="-1.212200"><ele>19</ele><time>2026-03-01T13:13:48Z</time></trkpt>
			<trkpt lat="47.341800" lon="-1.211970"><ele>18</ele><time>2026-03-01T13:14:00Z</time></trkpt>
			<trkpt lat="47.341950" lon="-1.211440"><ele>19</ele><time>2026-03-01T13:14:12Z</time></trkpt>
			<trkpt lat="47.342160" lon="-1.210700"><ele>22</ele><time>2026-03-01T13:14:24Z</time></trkpt>
			<trkpt lat="47.342230" lon="-1.210350"><ele>22</ele><time>2026-03-01T13:14:36Z</time></trkpt>
			<trkpt lat="47.342410" lon="-1.209290"><ele>21</ele><time>2026-03-01T13:14:48Z</time></trkpt>
			<trkpt lat="47.342500" lon="-1.208750"><ele>21</ele><time>2026-03-01T13:15:00Z</time></trkpt>
			<trkpt lat="47.342510" lon="-1.208660"><ele>22</ele><time>2026-03-01T13:15:12Z</time></trkpt>
			<trkpt lat="47.342730" lon="-1.207340"><ele>26</ele><time>2026-03-01T13:15:24Z</time></trkpt>
			<trkpt lat="47.342860" lon="-1.206590"><ele>24</ele><time>2026-03-01T13:15:36Z</time></trkpt>
			<trkpt lat="47.342920" lon="-1.206270"><ele>23</ele><time>2026-03-01T13:15:48Z</time></trkpt>
			<trkpt lat="47.342980" lon="-1.206060"><ele>21</ele><time>2026-03-01T13:16:00Z</time></trkpt>
			<trkpt lat="47.343080" lon="-1.205790"><ele>20</ele><time>2026-03-01T13:16:12Z</time></trkpt>
			<trkpt lat="47.343230" lon="-1.205530"><ele>19</ele><time>2026-03-01T13:16:24Z</time></trkpt>
			<trkpt lat="47.343740" lon="-1.204730"><ele>16</ele><time>2026-03-01T13:16:36Z</time></trkpt>
			<trkpt lat="47.343900" lon="-1.204390"><ele>15</ele><time>2026-03-01T13:16:48Z</time></trkpt>
			<trkpt lat="47.343960" lon="-1.204190"><ele>15</ele><time>2026-03-01T13:17:00Z</time></trkpt>
			<trkpt lat="47.344010" lon="-1.204020"><ele>14</ele><time>2026-03-01T13:17:12Z</time></trkpt>
			<trkpt lat="47.344500" lon="-1.204170"><ele>11</ele><time>2026-03-01T13:17:24Z</time></trkpt>
			<trkpt lat="47.344940" lon="-1.204330"><ele>8</ele><time>2026-03-01T13:17:36Z</time></trkpt>
			<trkpt lat="47.345260" lon="-1.204440"><ele>7</ele><time>2026-03-01T13:17:48Z</time></trkpt>
			<trkpt lat="47.345410" lon="-1.204460"><ele>7</ele><time>2026-03-01T13:18:00Z</time></trkpt>
			<trkpt lat="47.345600" lon="-1.204400"><ele>6</ele><time>2026-03-01T13:18:12Z</time></trkpt>
			<trkpt lat="47.345730" lon="-1.204320"><ele>6</ele><time>2026-03-01T13:18:24Z</time></trkpt>
			<trkpt lat="47.346030" lon="-1.204020"><ele>6</ele><time>2026-03-01T13:18:36Z</time></trkpt>
			<trkpt lat="47.346110" lon="-1.203940"><ele>7</ele><time>2026-03-01T13:18:48Z</time></trkpt>
			<trkpt lat="47.346610" lon="-1.203310"><ele>7</ele><time>2026-03-01T13:19:00Z</time></trkpt>
			<trkpt lat="47.346970" lon="-1.202920"><ele>8</ele><time>2026-03-01T13:19:12Z</time></trkpt>
			<trkpt lat="47.347130" lon="-1.202800"><ele>9</ele><time>2026-03-01T13:19:24Z</time></trkpt>
			<trkpt lat="47.347320" lon="-1.202760"><ele>9</ele><time>2026-03-01T13:19:36Z</time></trkpt>
			<trkpt lat="47.347550" lon="-1.202760"><ele>9</ele><time>2026-03-01T13:19:48Z</time></trkpt>
			<trkpt lat="47.348400" lon="-1.202830"><ele>11</ele><time>2026-03-01T13:20:00Z</time></trkpt>
			<trkpt lat="47.348490" lon="-1.202820"><ele>10</ele><time>2026-03-01T13:20:12Z</time></trkpt>
			<trkpt lat="47.348600" lon="-1.202770"><ele>10</ele><time>2026-03-01T13:20:24Z</time></trkpt>
			<trkpt lat="47.348740" lon="-1.202640"><ele>10</ele><time>2026-03-01T13:20:36Z</time></trkpt>
			<trkpt lat="47.349430" lon="-1.200730"><ele>7</ele><time>2026-03-01T13:20:48Z</time></trkpt>
			<trkpt lat="47.349660" lon="-1.200360"><ele>7</ele><time>2026-03-01T13:21:00Z</time></trkpt>
			<trkpt lat="47.349840" lon="-1.200090"><ele>8</ele><time>2026-03-01T13:21:12Z</time></trkpt>
			<trkpt lat="47.349980" lon="-1.199840"><ele>8</ele><time>2026-03-01T13:21:24Z</time></trkpt>
			<trkpt lat="47.350030" lon="-1.199690"><ele>8</ele><time>2026-03-01T13:21:36Z</time></trkpt>
			<trkpt lat="47.350160" lon="-1.198830"><ele>8</ele><time>2026-03-01T13:21:48Z</time></trkpt>
			<trkpt lat="47.350300" lon="-1.197990"><ele>7</ele><time>2026-03-01T13:22:00Z</time></trkpt>
			<trkpt lat="47.350330" lon="-1.197750"><ele>8</ele><time>2026-03-01T13:22:12Z</time></trkpt>
			<trkpt lat="47.350330" lon="-1.197510"><ele>8</ele><time>2026-03-01T13:22:24Z</time></trkpt>
			<trkpt lat="47.350280" lon="-1.197140"><ele>8</ele><time>2026-03-01T13:22:36Z</time></trkpt>
			<trkpt lat="47.350330" lon="-1.196420"><ele>8</ele><time>2026-03-01T13:22:48Z</time></trkpt>
			<trkpt lat="47.350490" lon="-1.195030"><ele>5</ele><time>2026-03-01T13:23:00Z</time></trkpt>
			<trkpt lat="47.350540" lon="-1.194720"><ele>5</ele><time>2026-03-01T13:23:12Z</time></trkpt>
			<trkpt lat="47.350860" lon="-1.193660"><ele>7</ele><time>2026-03-01T13:23:24Z</time></trkpt>
			<trkpt lat="47.351180" lon="-1.192620"><ele>7</ele><time>2026-03-01T13:23:36Z</time></trkpt>
			<trkpt lat="47.351400" lon="-1.191880"><ele>7</ele><time>2026-03-01T13:23:48Z</time></trkpt>
			<trkpt lat="47.351490" lon="-1.191460"><ele>8</ele><time>2026-03-01T13:24:00Z</time></trkpt>
			<trkpt lat="47.351580" lon="-1.190960"><ele>7</ele><time>2026-03-01T13:24:12Z</time></trkpt>
			<trkpt lat="47.351640" lon="-1.190330"><ele>8</ele><time>2026-03-01T13:24:24Z</time></trkpt>
			<trkpt lat="47.351660" lon="-1.189390"><ele>9</ele><time>2026-03-01T13:24:36Z</time></trkpt>
			<trkpt lat="47.351740" lon="-1.188760"><ele>8</ele><time>2026-03-01T13:24:48Z</time></trkpt>
			<trkpt lat="47.351860" lon="-1.188170"><ele>8</ele><time>2026-03-01T13:25:00Z</time></trkpt>
			<trkpt lat="47.352190" lon="-1.186790"><ele>8</ele><time>2026-03-01T13:25:12Z</time></trkpt>
			<trkpt lat="47.352490" lon="-1.185820"><ele>8</ele><time>2026-03-01T13:25:24Z</time></trkpt>
			<trkpt lat="47.352640" lon="-1.185440"><ele>9</ele><time>2026-03-01T13:25:36Z</time></trkpt>
			<trkpt lat="47.352840" lon="-1.185050"><ele>10</ele><time>2026-03-01T13:25:48Z</time></trkpt>
			<trkpt lat="47.353000" lon="-1.184800"><ele>10</ele><time>2026-03-01T13:26:00Z</time></trkpt>
			<trkpt lat="47.353450" lon="-1.184290"><ele>9</ele><time>2026-03-01T13:26:12Z</time></trkpt>
			<trkpt lat="47.353590" lon="-1.184120"><ele>9</ele><time>2026-03-01T13:26:24Z</time></trkpt>
			<trkpt lat="47.353660" lon="-1.183960"><ele>9</ele><time>2026-03-01T13:26:36Z</time></trkpt>
			<trkpt lat="47.353900" lon="-1.183230"><ele>8</ele><time>2026-03-01T13:26:48Z</time></trkpt>
			<trkpt lat="47.353930" lon="-1.183180"><ele>8</ele><time>2026-03-01T13:27:00Z</time></trkpt>
			<trkpt lat="47.354470" lon="-1.182200"><ele>8</ele><time>2026-03-01T13:27:12Z</time></trkpt>
			<trkpt lat="47.354480" lon="-1.182180"><ele>8</ele><time>2026-03-01T13:27:24Z</time></trkpt>
			<trkpt lat="47.355010" lon="-1.181080"><ele>8</ele><time>2026-03-01T13:27:36Z</time></trkpt>
			<trkpt lat="47.355740" lon="-1.179400"><ele>10</ele><time>2026-03-01T13:27:48Z</time></trkpt>
			<trkpt lat="47.356440" lon="-1.177870"><ele>8</ele><time>2026-03-01T13:28:00Z</time></trkpt>
			<trkpt lat="47.356530" lon="-1.177630"><ele>9</ele><time>2026-03-01T13:28:12Z</time></trkpt>
			<trkpt lat="47.356590" lon="-1.177390"><ele>9</ele><time>2026-03-01T13:28:24Z</time></trkpt>
			<trkpt lat="47.356990" lon="-1.176010"><ele>9</ele><time>2026-03-01T13:28:36Z</time></trkpt>
			<trkpt lat="47.357010" lon="-1.175910"><ele>9</ele><time>2026-03-01T13:28:48Z</time></trkpt>
			<trkpt lat="47.357040" lon="-1.175780"><ele>9</ele><time>2026-03-01T13:29:00Z</time></trkpt>
			<trkpt lat="47.357090" lon="-1.175500"><ele>9</ele><time>2026-03-01T13:29:12Z</time></trkpt>
			<trkpt lat="47.357150" lon="-1.175170"><ele>10</ele><time>2026-03-01T13:29:24Z</time></trkpt>
			<trkpt lat="47.357280" lon="-1.174730"><ele>11</ele><time>2026-03-01T13:29:36Z</time></trkpt>
			<trkpt lat="47.357390" lon="-1.174460"><ele>11</ele><time>2026-03-01T13:29:48Z</time></trkpt>
			<trkpt lat="47.357510" lon="-1.174140"><ele>12</ele><time>2026-03-01T13:30:00Z</time></trkpt>
			<trkpt lat="47.358740" lon="-1.174790"><ele>10</ele><time>2026-03-01T13:30:12Z</time></trkpt>
			<trkpt lat="47.359110" lon="-1.174980"><ele>10</ele><time>2026-03-01T13:30:24Z</time></trkpt>
			<trkpt lat="47.359640" lon="-1.175260"><ele>10</ele><time>2026-03-01T13:30:36Z</time></trkpt>
			<trkpt lat="47.359860" lon="-1.175380"><ele>10</ele><time>2026-03-01T13:30:48Z</time></trkpt>
			<trkpt lat="47.363510" lon="-1.177280"><ele>10</ele><time>2026-03-01T13:31:00Z</time></trkpt>
			<trkpt lat="47.363610" lon="-1.177330"><ele>11</ele><time>2026-03-01T13:31:12Z</time></trkpt>
			<trkpt lat="47.363620" lon="-1.177290"><ele>11</ele><time>2026-03-01T13:31:24Z</time></trkpt>
			<trkpt lat="47.363650" lon="-1.177260"><ele>11</ele><time>2026-03-01T13:31:36Z</time></trkpt>
			<trkpt lat="47.363680" lon="-1.177250"><ele>11</ele><time>2026-03-01T13:31:48Z</time></trkpt>
			<trkpt lat="47.363710" lon="-1.177260"><ele>12</ele><time>2026-03-01T13:32:00Z</time></trkpt>
			<trkpt lat="47.363740" lon="-1.177320"><ele>12</ele><time>2026-03-01T13:32:12Z</time></trkpt>
			<trkpt lat="47.363740" lon="-1.177390"><ele>12</ele><time>2026-03-01T13:32:24Z</time></trkpt>
			<trkpt lat="47.363720" lon="-1.177430"><ele>12</ele><time>2026-03-01T13:32:36Z</time></trkpt>
			<trkpt lat="47.363700" lon="-1.177460"><ele>12</ele><time>2026-03-01T13:32:48Z</time></trkpt>
			<trkpt lat="47.363660" lon="-1.177460"><ele>12</ele><time>2026-03-01T13:33:00Z</time></trkpt>
			<trkpt lat="47.363630" lon="-1.177440"><ele>11</ele><time>2026-03-01T13:33:12Z</time></trkpt>
			<trkpt lat="47.363590" lon="-1.177480"><ele>11</ele><time>2026-03-01T13:33:24Z</time></trkpt>
			<trkpt lat="47.363530" lon="-1.177600"><ele>11</ele><time>2026-03-01T13:33:36Z</time></trkpt>
			<trkpt lat="47.363470" lon="-1.177850"><ele>11</ele><time>2026-03-01T13:33:48Z</time></trkpt>
			<trkpt lat="47.363450" lon="-1.177940"><ele>11</ele><time>2026-03-01T13:34:00Z</time></trkpt>
			<trkpt lat="47.363430" lon="-1.177990"><ele>11</ele><time>2026-03-01T13:34:12Z</time></trkpt>
			<trkpt lat="47.363370" lon="-1.178230"><ele>11</ele><time>2026-03-01T13:34:24Z</time></trkpt>
			<trkpt lat="47.363320" lon="-1.178440"><ele>11</ele><time>2026-03-01T13:34:36Z</time></trkpt>
			<trkpt lat="47.363240" lon="-1.178730"><ele>11</ele><time>2026-03-01T13:34:48Z</time></trkpt>
			<trkpt lat="47.363230" lon="-1.178900"><ele>11</ele><time>2026-03-01T13:35:00Z</time></trkpt>
			<trkpt lat="47.363230" lon="-1.179150"><ele>11</ele><time>2026-03-01T13:35:12Z</time></trkpt>
			<trkpt lat="47.363330" lon="-1.180130"><ele>12</ele><time>2026-03-01T13:35:24Z</time></trkpt>
			<trkpt lat="47.363340" lon="-1.180250"><ele>12</ele><time>2026-03-01T13:35:36Z</time></trkpt>
			<trkpt lat="47.363380" lon="-1.180630"><ele>13</ele><time>2026-03-01T13:35:48Z</time></trkpt>
			<trkpt lat="47.363410" lon="-1.181040"><ele>13</ele><time>2026-03-01T13:36:00Z</time></trkpt>
			<trkpt lat="47.363480" lon="-1.181870"><ele>14</ele><time>2026-03-01T13:36:12Z</time></trkpt>
			<trkpt lat="47.363530" lon="-1.182510"><ele>13</ele><time>2026-03-01T13:36:24Z</time></trkpt>
			<trkpt lat="47.363530" lon="-1.182780"><ele>13</ele><time>2026-03-01T13:36:36Z</time></trkpt>
			<trkpt lat="47.363570" lon="-1.182790"><ele>13</ele><time>2026-03-01T13:36:48Z</time></trkpt>
			<trkpt lat="47.363600" lon="-1.182810"><ele>13</ele><time>2026-03-01T13:37:00Z</time></trkpt>
			<trkpt lat="47.363630" lon="-1.182850"><ele>13</ele><time>2026-03-01T13:37:12Z</time></trkpt>
			<trkpt lat="47.363640" lon="-1.182900"><ele>13</ele><time>2026-03-01T13:37:24Z</time></trkpt>
			<trkpt lat="47.363650" lon="-1.182950"><ele>13</ele><time>2026-03-01T13:37:36Z</time></trkpt>
			<trkpt lat="47.363640" lon="-1.183010"><ele>13</ele><time>2026-03-01T13:37:48Z</time></trkpt>
			<trkpt lat="47.363630" lon="-1.183050"><ele>13</ele><time>2026-03-01T13:38:00Z</time></trkpt>
			<trkpt lat="47.363600" lon="-1.183090"><ele>13</ele><time>2026-03-01T13:38:12Z</time></trkpt>
			<trkpt lat="47.363570" lon="-1.183120"><ele>13</ele><time>2026-03-01T13:38:24Z</time></trkpt>
			<trkpt lat="47.363540" lon="-1.183120"><ele>13</ele><time>2026-03-01T13:38:36Z</time></trkpt>
			<trkpt lat="47.363530" lon="-1.184130"><ele>12</ele><time>2026-03-01T13:38:48Z</time></trkpt>
			<trkpt lat="47.363520" lon="-1.184390"><ele>12</ele><time>2026-03-01T13:39:00Z</time></trkpt>
			<trkpt lat="47.363520" lon="-1.184670"><ele>12</ele><time>2026-03-01T13:39:12Z</time></trkpt>
			<trkpt lat="47.363520" lon="-1.185920"><ele>13</ele><time>2026-03-01T13:39:24Z</time></trkpt>
			<trkpt lat="47.363520" lon="-1.186430"><ele>13</ele><time>2026-03-01T13:39:36Z</time></trkpt>
			<trkpt lat="47.363520" lon="-1.186600"><ele>13</ele><time>2026-03-01T13:39:48Z</time></trkpt>
			<trkpt lat="47.363540" lon="-1.186780"><ele>13</ele><time>2026-03-01T13:40:00Z</time></trkpt>
			<trkpt lat="47.363590" lon="-1.186980"><ele>12</ele><time>2026-03-01T13:40:12Z</time></trkpt>
			<trkpt lat="47.363610" lon="-1.187070"><ele>12</ele><time>2026-03-01T13:40:24Z</time></trkpt>
			<trkpt lat="47.363690" lon="-1.187260"><ele>12</ele><time>2026-03-01T13:40:36Z</time></trkpt>
			<trkpt lat="47.363830" lon="-1.187390"><ele>12</ele><time>2026-03-01T13:40:48Z</time></trkpt>
			<trkpt lat="47.363980" lon="-1.187330"><ele>13</ele><time>2026-03-01T13:41:00Z</time></trkpt>
			<trkpt lat="47.364070" lon="-1.187290"><ele>13</ele><time>2026-03-01T13:41:12Z</time></trkpt>
			<trkpt lat="47.364110" lon="-1.187210"><ele>13</ele><time>2026-03-01T13:41:24Z</time></trkpt>
			<trkpt lat="47.364140" lon="-1.187160"><ele>13</ele><time>2026-03-01T13:41:36Z</time></trkpt>
			<trkpt lat="47.364200" lon="-1.187140"><ele>13</ele><time>2026-03-01T13:41:48Z</time></trkpt>
			<trkpt lat="47.364260" lon="-1.187150"><ele>13</ele><time>2026-03-01T13:42:00Z</time></trkpt>
			<trkpt lat="47.364300" lon="-1.187180"><ele>13</ele><time>2026-03-01T13:42:12Z</time></trkpt>
			<trkpt lat="47.364430" lon="-1.187180"><ele>13</ele><time>2026-03-01T13:42:24Z</time></trkpt>
			<trkpt lat="47.364480" lon="-1.187140"><ele>13</ele><time>2026-03-01T13:42:36Z</time></trkpt>
			<trkpt lat="47.364520" lon="-1.187190"><ele>13</ele><time>2026-03-01T13:42:48Z</time></trkpt>
			<trkpt lat="47.364560" lon="-1.187190"><ele>13</ele><time>2026-03-01T13:43:00Z</time></trkpt>
			<trkpt lat="47.364570" lon="-1.187180"><ele>13</ele><time>2026-03-01T13:43:12Z</time></trkpt>
			<trkpt lat="47.365120" lon="-1.186710"><ele>12</ele><time>2026-03-01T13:43:24Z</time></trkpt>
			<trkpt lat="47.365090" lon="-1.186600"><ele>12</ele><time>2026-03-01T13:43:36Z</time></trkpt>
			<trkpt lat="47.365650" lon="-1.186130"><ele>10</ele><time>2026-03-01T13:43:48Z</time></trkpt>
			<trkpt lat="47.365950" lon="-1.185880"><ele>10</ele><time>2026-03-01T13:44:00Z</time></trkpt>
			<trkpt lat="47.366170" lon="-1.185690"><ele>10</ele><time>2026-03-01T13:44:12Z</time></trkpt>
			<trkpt lat="47.366290" lon="-1.185610"><ele>10</ele><time>2026-03-01T13:44:24Z</time></trkpt>
			<trkpt lat="47.366360" lon="-1.185560"><ele>10</ele><time>2026-03-01T13:44:36Z</time></trkpt>
			<trkpt lat="47.366390" lon="-1.185600"><ele>10</ele><time>2026-03-01T13:44:48Z</time></trkpt>
			<trkpt lat="47.366440" lon="-1.185600"><ele>10</ele><time>2026-03-01T13:45:00Z</time></trkpt>
			<trkpt lat="47.366470" lon="-1.185550"><ele>9</ele><time>2026-03-01T13:45:12Z</time></trkpt>
			<trkpt lat="47.366470" lon="-1.185530"><ele>9</ele><time>2026-03-01T13:45:24Z</time></trkpt>
			<trkpt lat="47.366470" lon="-1.185460"><ele>10</ele><time>2026-03-01T13:45:36Z</time></trkpt>
			<trkpt lat="47.366760" lon="-1.185070"><ele>9</ele><time>2026-03-01T13:45:48Z</time></trkpt>
			<trkpt lat="47.366900" lon="-1.184820"><ele>9</ele><time>2026-03-01T13:46:00Z</time></trkpt>
			<trkpt lat="47.366930" lon="-1.184760"><ele>9</ele><time>2026-03-01T13:46:12Z</time></trkpt>
			<trkpt lat="47.367080" lon="-1.184370"><ele>10</ele><time>2026-03-01T13:46:24Z</time></trkpt>
			<trkpt lat="47.367110" lon="-1.184230"><ele>10</ele><time>2026-03-01T13:46:36Z</time></trkpt>
			<trkpt lat="47.367130" lon="-1.184240"><ele>10</ele><time>2026-03-01T13:46:48Z</time></trkpt>
			<trkpt lat="47.367170" lon="-1.184220"><ele>10</ele><time>2026-03-01T13:47:00Z</time></trkpt>
			<trkpt lat="47.367190" lon="-1.184170"><ele>10</ele><time>2026-03-01T13:47:12Z</time></trkpt>
			<trkpt lat="47.367190" lon="-1.184110"><ele>10</ele><time>2026-03-01T13:47:24Z</time></trkpt>
			<trkpt lat="47.367160" lon="-1.184060"><ele>11</ele><time>2026-03-01T13:47:36Z</time></trkpt>
			<trkpt lat="47.367200" lon="-1.183970"><ele>11</ele><time>2026-03-01T13:47:48Z</time></trkpt>
			<trkpt lat="47.367290" lon="-1.183790"><ele>11</ele><time>2026-03-01T13:48:00Z</time></trkpt>
			<trkpt lat="47.367410" lon="-1.183430"><ele>11</ele><time>2026-03-01T13:48:12Z</time></trkpt>
			<trkpt lat="47.367530" lon="-1.183040"><ele>11</ele><time>2026-03-01T13:48:24Z</time></trkpt>
			<trkpt lat="47.367550" lon="-1.183000"><ele>11</ele><time>2026-03-01T13:48:36Z</time></trkpt>
			<trkpt lat="47.367570" lon="-1.182900"><ele>10</ele><time>2026-03-01T13:48:48Z</time></trkpt>
			<trkpt lat="47.367610" lon="-1.182900"><ele>10</ele><time>2026-03-01T13:49:00Z</time></trkpt>
			<trkpt lat="47.367640" lon="-1.182870"><ele>10</ele><time>2026-03-01T13:49:12Z</time></trkpt>
			<trkpt lat="47.367640" lon="-1.182850"><ele>10</ele><time>2026-03-01T13:49:24Z</time></trkpt>
			<trkpt lat="47.367640" lon="-1.182800"><ele>10</ele><time>2026-03-01T13:49:36Z</time></trkpt>
			<trkpt lat="47.367620" lon="-1.182760"><ele>10</ele><time>2026-03-01T13:49:48Z</time></trkpt>
			<trkpt lat="47.367730" lon="-1.182420"><ele>10</ele><time>2026-03-01T13:50:00Z</time></trkpt>
			<trkpt lat="47.367850" lon="-1.182050"><ele>10</ele><time>2026-03-01T13:50:12Z</time></trkpt>
			<trkpt lat="47.368000" lon="-1.181590"><ele>10</ele><time>2026-03-01T13:50:24Z</time></trkpt>
			<trkpt lat="47.368060" lon="-1.181380"><ele>10</ele><time>2026-03-01T13:50:36Z</time></trkpt>
			<trkpt lat="47.368090" lon="-1.181210"><ele>10</ele><time>2026-03-01T13:50:48Z</time></trkpt>
			<trkpt lat="47.368110" lon="-1.181110"><ele>10</ele><time>2026-03-01T13:51:00Z</time></trkpt>
			<trkpt lat="47.368140" lon="-1.181120"><ele>10</ele><time>2026-03-01T13:51:12Z</time></trkpt>
			<trkpt lat="47.368170" lon="-1.181090"><ele>10</ele><time>2026-03-01T13:51:24Z</time></trkpt>
			<trkpt lat="47.368180" lon="-1.181070"><ele>10</ele><time>2026-03-01T13:51:36Z</time></trkpt>
			<trkpt lat="47.368240" lon="-1.181100"><ele>10</ele><time>2026-03-01T13:51:48Z</time></trkpt>
			<trkpt lat="47.368460" lon="-1.181260"><ele>10</ele><time>2026-03-01T13:52:00Z</time></trkpt>
			<trkpt lat="47.368670" lon="-1.181420"><ele>11</ele><time>2026-03-01T13:52:12Z</time></trkpt>
			<trkpt lat="47.368700" lon="-1.181480"><ele>11</ele><time>2026-03-01T13:52:24Z</time></trkpt>
			<trkpt lat="47.368730" lon="-1.181560"><ele>11</ele><time>2026-03-01T13:52:36Z</time></trkpt>
			<trkpt lat="47.368757" lon="-1.181587"><ele>11</ele><time>2026-03-01T13:52:48Z</time></trkpt>
			<trkpt lat="47.367648" lon="-1.181598"><ele>11</ele><time>2026-03-01T13:53:00Z</time></trkpt>
			<trkpt lat="47.366538" lon="-1.181608"><ele>11</ele><time>2026-03-01T13:53:12Z</time></trkpt>
			<trkpt lat="47.365429" lon="-1.181619"><ele>11</ele><time>2026-03-01T13:53:24Z</time></trkpt>
			<trkpt lat="47.364319" lon="-1.181629"><ele>11</ele><time>2026-03-01T13:53:36Z</time></trkpt>
			<trkpt lat="47.363210" lon="-1.181640"><ele>11</ele><time>2026-03-01T13:53:48Z</time></trkpt>
		</trkseg>
	</trk>
</gpx>
