<?xml version="1.0" encoding="UTF-8" ?>
<gpx version="1.1" xmlns:xsi="http://www.w3.org/2001/XMLSchema-instance"
    xmlns="http://www.topografix.com/GPX/1/1"
    xsi:schemaLocation="http://www.topografix.com/GPX/1/1 http://www.topografix.com/GPX/1/1/gpx.xsd"
    creator="Club'O'Clock — jeu de démonstration">
	<trk>
		<name>Sud-Est 55 km</name>
		<trkseg>
			<trkpt lat="47.363210" lon="-1.181640"><ele>11</ele><time>2026-03-01T08:00:00Z</time></trkpt>
			<trkpt lat="47.364308" lon="-1.181607"><ele>11</ele><time>2026-03-01T08:00:12Z</time></trkpt>
			<trkpt lat="47.365405" lon="-1.181574"><ele>11</ele><time>2026-03-01T08:00:24Z</time></trkpt>
			<trkpt lat="47.366503" lon="-1.181542"><ele>11</ele><time>2026-03-01T08:00:36Z</time></trkpt>
			<trkpt lat="47.367600" lon="-1.181509"><ele>11</ele><time>2026-03-01T08:00:48Z</time></trkpt>
			<trkpt lat="47.368698" lon="-1.181476"><ele>11</ele><time>2026-03-01T08:01:00Z</time></trkpt>
			<trkpt lat="47.368670" lon="-1.181420"><ele>11</ele><time>2026-03-01T08:01:12Z</time></trkpt>
			<trkpt lat="47.368460" lon="-1.181260"><ele>10</ele><time>2026-03-01T08:01:24Z</time></trkpt>
			<trkpt lat="47.368240" lon="-1.181100"><ele>10</ele><time>2026-03-01T08:01:36Z</time></trkpt>
			<trkpt lat="47.368180" lon="-1.181070"><ele>10</ele><time>2026-03-01T08:01:48Z</time></trkpt>
			<trkpt lat="47.368170" lon="-1.181090"><ele>10</ele><time>2026-03-01T08:02:00Z</time></trkpt>
			<trkpt lat="47.368140" lon="-1.181120"><ele>10</ele><time>2026-03-01T08:02:12Z</time></trkpt>
			<trkpt lat="47.368110" lon="-1.181110"><ele>10</ele><time>2026-03-01T08:02:24Z</time></trkpt>
			<trkpt lat="47.368090" lon="-1.181210"><ele>10</ele><time>2026-03-01T08:02:36Z</time></trkpt>
			<trkpt lat="47.368060" lon="-1.181380"><ele>10</ele><time>2026-03-01T08:02:48Z</time></trkpt>
			<trkpt lat="47.368000" lon="-1.181590"><ele>10</ele><time>2026-03-01T08:03:00Z</time></trkpt>
			<trkpt lat="47.367820" lon="-1.182150"><ele>10</ele><time>2026-03-01T08:03:12Z</time></trkpt>
			<trkpt lat="47.367720" lon="-1.182440"><ele>10</ele><time>2026-03-01T08:03:24Z</time></trkpt>
			<trkpt lat="47.367620" lon="-1.182760"><ele>10</ele><time>2026-03-01T08:03:36Z</time></trkpt>
			<trkpt lat="47.367640" lon="-1.182800"><ele>10</ele><time>2026-03-01T08:03:48Z</time></trkpt>
			<trkpt lat="47.367640" lon="-1.182850"><ele>10</ele><time>2026-03-01T08:04:00Z</time></trkpt>
			<trkpt lat="47.367640" lon="-1.182870"><ele>10</ele><time>2026-03-01T08:04:12Z</time></trkpt>
			<trkpt lat="47.367610" lon="-1.182900"><ele>10</ele><time>2026-03-01T08:04:24Z</time></trkpt>
			<trkpt lat="47.367570" lon="-1.182900"><ele>10</ele><time>2026-03-01T08:04:36Z</time></trkpt>
			<trkpt lat="47.367550" lon="-1.183000"><ele>11</ele><time>2026-03-01T08:04:48Z</time></trkpt>
			<trkpt lat="47.367300" lon="-1.183780"><ele>11</ele><time>2026-03-01T08:05:00Z</time></trkpt>
			<trkpt lat="47.367200" lon="-1.183970"><ele>11</ele><time>2026-03-01T08:05:12Z</time></trkpt>
			<trkpt lat="47.367160" lon="-1.184060"><ele>11</ele><time>2026-03-01T08:05:24Z</time></trkpt>
			<trkpt lat="47.367190" lon="-1.184110"><ele>10</ele><time>2026-03-01T08:05:36Z</time></trkpt>
			<trkpt lat="47.367190" lon="-1.184170"><ele>10</ele><time>2026-03-01T08:05:48Z</time></trkpt>
			<trkpt lat="47.367170" lon="-1.184220"><ele>10</ele><time>2026-03-01T08:06:00Z</time></trkpt>
			<trkpt lat="47.367130" lon="-1.184240"><ele>10</ele><time>2026-03-01T08:06:12Z</time></trkpt>
			<trkpt lat="47.367110" lon="-1.184230"><ele>10</ele><time>2026-03-01T08:06:24Z</time></trkpt>
			<trkpt lat="47.367080" lon="-1.184370"><ele>10</ele><time>2026-03-01T08:06:36Z</time></trkpt>
			<trkpt lat="47.366940" lon="-1.184720"><ele>9</ele><time>2026-03-01T08:06:48Z</time></trkpt>
			<trkpt lat="47.366900" lon="-1.184820"><ele>9</ele><time>2026-03-01T08:07:00Z</time></trkpt>
			<trkpt lat="47.366770" lon="-1.185060"><ele>9</ele><time>2026-03-01T08:07:12Z</time></trkpt>
			<trkpt lat="47.366710" lon="-1.185140"><ele>9</ele><time>2026-03-01T08:07:24Z</time></trkpt>
			<trkpt lat="47.366470" lon="-1.185460"><ele>10</ele><time>2026-03-01T08:07:36Z</time></trkpt>
			<trkpt lat="47.366470" lon="-1.185530"><ele>9</ele><time>2026-03-01T08:07:48Z</time></trkpt>
			<trkpt lat="47.366470" lon="-1.185550"><ele>9</ele><time>2026-03-01T08:08:00Z</time></trkpt>
			<trkpt lat="47.366440" lon="-1.185600"><ele>10</ele><time>2026-03-01T08:08:12Z</time></trkpt>
			<trkpt lat="47.366390" lon="-1.185600"><ele>10</ele><time>2026-03-01T08:08:24Z</time></trkpt>
			<trkpt lat="47.366360" lon="-1.185560"><ele>10</ele><time>2026-03-01T08:08:36Z</time></trkpt>
			<trkpt lat="47.366290" lon="-1.185610"><ele>10</ele><time>2026-03-01T08:08:48Z</time></trkpt>
			<trkpt lat="47.366170" lon="-1.185690"><ele>10</ele><time>2026-03-01T08:09:00Z</time></trkpt>
			<trkpt lat="47.365690" lon="-1.186100"><ele>10</ele><time>2026-03-01T08:09:12Z</time></trkpt>
			<trkpt lat="47.365400" lon="-1.186340"><ele>11</ele><time>2026-03-01T08:09:24Z</time></trkpt>
			<trkpt lat="47.365090" lon="-1.186600"><ele>12</ele><time>2026-03-01T08:09:36Z</time></trkpt>
			<trkpt lat="47.364940" lon="-1.186730"><ele>12</ele><time>2026-03-01T08:09:48Z</time></trkpt>
			<trkpt lat="47.364750" lon="-1.186890"><ele>13</ele><time>2026-03-01T08:10:00Z</time></trkpt>
			<trkpt lat="47.364520" lon="-1.187080"><ele>13</ele><time>2026-03-01T08:10:12Z</time></trkpt>
			<trkpt lat="47.364480" lon="-1.187140"><ele>13</ele><time>2026-03-01T08:10:24Z</time></trkpt>
			<trkpt lat="47.364430" lon="-1.187180"><ele>13</ele><time>2026-03-01T08:10:36Z</time></trkpt>
			<trkpt lat="47.364360" lon="-1.187320"><ele>13</ele><time>2026-03-01T08:10:48Z</time></trkpt>
			<trkpt lat="47.364360" lon="-1.187370"><ele>13</ele><time>2026-03-01T08:11:00Z</time></trkpt>
			<trkpt lat="47.364340" lon="-1.187450"><ele>13</ele><time>2026-03-01T08:11:12Z</time></trkpt>
			<trkpt lat="47.364310" lon="-1.187520"><ele>13</ele><time>2026-03-01T08:11:24Z</time></trkpt>
			<trkpt lat="47.364270" lon="-1.187550"><ele>13</ele><time>2026-03-01T08:11:36Z</time></trkpt>
			<trkpt lat="47.364230" lon="-1.187570"><ele>13</ele><time>2026-03-01T08:11:48Z</time></trkpt>
			<trkpt lat="47.364190" lon="-1.187570"><ele>13</ele><time>2026-03-01T08:12:00Z</time></trkpt>
			<trkpt lat="47.364160" lon="-1.187560"><ele>13</ele><time>2026-03-01T08:12:12Z</time></trkpt>
			<trkpt lat="47.364120" lon="-1.187530"><ele>13</ele><time>2026-03-01T08:12:24Z</time></trkpt>
			<trkpt lat="47.364030" lon="-1.187570"><ele>13</ele><time>2026-03-01T08:12:36Z</time></trkpt>
			<trkpt lat="47.363860" lon="-1.187650"><ele>12</ele><time>2026-03-01T08:12:48Z</time></trkpt>
			<trkpt lat="47.363820" lon="-1.187660"><ele>12</ele><time>2026-03-01T08:13:00Z</time></trkpt>
			<trkpt lat="47.363770" lon="-1.187640"><ele>12</ele><time>2026-03-01T08:13:12Z</time></trkpt>
			<trkpt lat="47.363740" lon="-1.187610"><ele>12</ele><time>2026-03-01T08:13:24Z</time></trkpt>
			<trkpt lat="47.363730" lon="-1.187570"><ele>12</ele><time>2026-03-01T08:13:36Z</time></trkpt>
			<trkpt lat="47.363720" lon="-1.187530"><ele>12</ele><time>2026-03-01T08:13:48Z</time></trkpt>
			<trkpt lat="47.363720" lon="-1.187470"><ele>12</ele><time>2026-03-01T08:14:00Z</time></trkpt>
			<trkpt lat="47.363690" lon="-1.187260"><ele>12</ele><time>2026-03-01T08:14:12Z</time></trkpt>
			<trkpt lat="47.363610" lon="-1.187070"><ele>12</ele><time>2026-03-01T08:14:24Z</time></trkpt>
			<trkpt lat="47.363590" lon="-1.186980"><ele>12</ele><time>2026-03-01T08:14:36Z</time></trkpt>
			<trkpt lat="47.363540" lon="-1.186780"><ele>13</ele><time>2026-03-01T08:14:48Z</time></trkpt>
			<trkpt lat="47.363520" lon="-1.186600"><ele>13</ele><time>2026-03-01T08:15:00Z</time></trkpt>
			<trkpt lat="47.363520" lon="-1.186400"><ele>13</ele><time>2026-03-01T08:15:12Z</time></trkpt>
			<trkpt lat="47.363520" lon="-1.186120"><ele>13</ele><time>2026-03-01T08:15:24Z</time></trkpt>
			<trkpt lat="47.363520" lon="-1.184670"><ele>12</ele><time>2026-03-01T08:15:36Z</time></trkpt>
			<trkpt lat="47.363530" lon="-1.183850"><ele>12</ele><time>2026-03-01T08:15:48Z</time></trkpt>
			<trkpt lat="47.363530" lon="-1.183490"><ele>13</ele><time>2026-03-01T08:16:00Z</time></trkpt>
			<trkpt lat="47.363540" lon="-1.183120"><ele>13</ele><time>2026-03-01T08:16:12Z</time></trkpt>
			<trkpt lat="47.363500" lon="-1.183120"><ele>13</ele><time>2026-03-01T08:16:24Z</time></trkpt>
			<trkpt lat="47.363460" lon="-1.183090"><ele>13</ele><time>2026-03-01T08:16:36Z</time></trkpt>
			<trkpt lat="47.363430" lon="-1.183050"><ele>13</ele><time>2026-03-01T08:16:48Z</time></trkpt>
			<trkpt lat="47.363420" lon="-1.183000"><ele>13</ele><time>2026-03-01T08:17:00Z</time></trkpt>
			<trkpt lat="47.363420" lon="-1.182940"><ele>13</ele><time>2026-03-01T08:17:12Z</time></trkpt>
			<trkpt lat="47.363430" lon="-1.182880"><ele>13</ele><time>2026-03-01T08:17:24Z</time></trkpt>
			<trkpt lat="47.363440" lon="-1.182840"><ele>13</ele><time>2026-03-01T08:17:36Z</time></trkpt>
			<trkpt lat="47.363470" lon="-1.182810"><ele>13</ele><time>2026-03-01T08:17:48Z</time></trkpt>
			<trkpt lat="47.363500" lon="-1.182790"><ele>13</ele><time>2026-03-01T08:18:00Z</time></trkpt>
			<trkpt lat="47.363530" lon="-1.182780"><ele>13</ele><time>2026-03-01T08:18:12Z</time></trkpt>
			<trkpt lat="47.363530" lon="-1.182510"><ele>13</ele><time>2026-03-01T08:18:24Z</time></trkpt>
			<trkpt lat="47.363480" lon="-1.181950"><ele>14</ele><time>2026-03-01T08:18:36Z</time></trkpt>
			<trkpt lat="47.363450" lon="-1.181510"><ele>14</ele><time>2026-03-01T08:18:48Z</time></trkpt>
			<trkpt lat="47.363410" lon="-1.181040"><ele>13</ele><time>2026-03-01T08:19:00Z</time></trkpt>
			<trkpt lat="47.363340" lon="-1.180250"><ele>12</ele><time>2026-03-01T08:19:12Z</time></trkpt>
			<trkpt lat="47.363230" lon="-1.179150"><ele>11</ele><time>2026-03-01T08:19:24Z</time></trkpt>
			<trkpt lat="47.363230" lon="-1.178900"><ele>11</ele><time>2026-03-01T08:19:36Z</time></trkpt>
			<trkpt lat="47.363240" lon="-1.178730"><ele>11</ele><time>2026-03-01T08:19:48Z</time></trkpt>
			<trkpt lat="47.363320" lon="-1.178440"><ele>11</ele><time>2026-03-01T08:20:00Z</time></trkpt>
			<trkpt lat="47.363370" lon="-1.178230"><ele>11</ele><time>2026-03-01T08:20:12Z</time></trkpt>
			<trkpt lat="47.363430" lon="-1.177990"><ele>11</ele><time>2026-03-01T08:20:24Z</time></trkpt>
			<trkpt lat="47.363450" lon="-1.177940"><ele>11</ele><time>2026-03-01T08:20:36Z</time></trkpt>
			<trkpt lat="47.363470" lon="-1.177850"><ele>11</ele><time>2026-03-01T08:20:48Z</time></trkpt>
			<trkpt lat="47.363530" lon="-1.177600"><ele>11</ele><time>2026-03-01T08:21:00Z</time></trkpt>
			<trkpt lat="47.363590" lon="-1.177480"><ele>11</ele><time>2026-03-01T08:21:12Z</time></trkpt>
			<trkpt lat="47.363630" lon="-1.177440"><ele>11</ele><time>2026-03-01T08:21:24Z</time></trkpt>
			<trkpt lat="47.363610" lon="-1.177410"><ele>11</ele><time>2026-03-01T08:21:36Z</time></trkpt>
			<trkpt lat="47.363610" lon="-1.177370"><ele>11</ele><time>2026-03-01T08:21:48Z</time></trkpt>
			<trkpt lat="47.363610" lon="-1.177330"><ele>11</ele><time>2026-03-01T08:22:00Z</time></trkpt>
			<trkpt lat="47.363510" lon="-1.177280"><ele>10</ele><time>2026-03-01T08:22:12Z</time></trkpt>
			<trkpt lat="47.359860" lon="-1.175380"><ele>10</ele><time>2026-03-01T08:22:24Z</time></trkpt>
			<trkpt lat="47.359640" lon="-1.175260"><ele>10</ele><time>2026-03-01T08:22:36Z</time></trkpt>
			<trkpt lat="47.359110" lon="-1.174980"><ele>10</ele><time>2026-03-01T08:22:48Z</time></trkpt>
			<trkpt lat="47.358740" lon="-1.174790"><ele>10</ele><time>2026-03-01T08:23:00Z</time></trkpt>
			<trkpt lat="47.357510" lon="-1.174140"><ele>12</ele><time>2026-03-01T08:23:12Z</time></trkpt>
			<trkpt lat="47.357390" lon="-1.174460"><ele>11</ele><time>2026-03-01T08:23:24Z</time></trkpt>
			<trkpt lat="47.357280" lon="-1.174730"><ele>11</ele><time>2026-03-01T08:23:36Z</time></trkpt>
			<trkpt lat="47.357150" lon="-1.175170"><ele>10</ele><time>2026-03-01T08:23:48Z</time></trkpt>
			<trkpt lat="47.357090" lon="-1.175500"><ele>9</ele><time>2026-03-01T08:24:00Z</time></trkpt>
			<trkpt lat="47.357040" lon="-1.175780"><ele>9</ele><time>2026-03-01T08:24:12Z</time></trkpt>
			<trkpt lat="47.356990" lon="-1.176010"><ele>9</ele><time>2026-03-01T08:24:24Z</time></trkpt>
			<trkpt lat="47.356590" lon="-1.177390"><ele>9</ele><time>2026-03-01T08:24:36Z</time></trkpt>
			<trkpt lat="47.356530" lon="-1.177630"><ele>9</ele><time>2026-03-01T08:24:48Z</time></trkpt>
			<trkpt lat="47.356440" lon="-1.177870"><ele>8</ele><time>2026-03-01T08:25:00Z</time></trkpt>
			<trkpt lat="47.355740" lon="-1.179400"><ele>10</ele><time>2026-03-01T08:25:12Z</time></trkpt>
			<trkpt lat="47.355010" lon="-1.181080"><ele>8</ele><time>2026-03-01T08:25:24Z</time></trkpt>
			<trkpt lat="47.354480" lon="-1.182180"><ele>8</ele><time>2026-03-01T08:25:36Z</time></trkpt>
			<trkpt lat="47.354470" lon="-1.182200"><ele>8</ele><time>2026-03-01T08:25:48Z</time></trkpt>
			<trkpt lat="47.353930" lon="-1.183180"><ele>8</ele><time>2026-03-01T08:26:00Z</time></trkpt>
			<trkpt lat="47.353900" lon="-1.183230"><ele>8</ele><time>2026-03-01T08:26:12Z</time></trkpt>
			<trkpt lat="47.353660" lon="-1.183960"><ele>9</ele><time>2026-03-01T08:26:24Z</time></trkpt>
			<trkpt lat="47.353590" lon="-1.184120"><ele>9</ele><time>2026-03-01T08:26:36Z</time></trkpt>
			<trkpt lat="47.353450" lon="-1.184290"><ele>9</ele><time>2026-03-01T08:26:48Z</time></trkpt>
			<trkpt lat="47.353000" lon="-1.184800"><ele>10</ele><time>2026-03-01T08:27:00Z</time></trkpt>
			<trkpt lat="47.352840" lon="-1.185050"><ele>10</ele><time>2026-03-01T08:27:12Z</time></trkpt>
			<trkpt lat="47.352640" lon="-1.185440"><ele>9</ele><time>2026-03-01T08:27:24Z</time></trkpt>
			<trkpt lat="47.352490" lon="-1.185820"><ele>8</ele><time>2026-03-01T08:27:36Z</time></trkpt>
			<trkpt lat="47.352190" lon="-1.186790"><ele>8</ele><time>2026-03-01T08:27:48Z</time></trkpt>
			<trkpt lat="47.351860" lon="-1.188170"><ele>8</ele><time>2026-03-01T08:28:00Z</time></trkpt>
			<trkpt lat="47.351740" lon="-1.188760"><ele>8</ele><time>2026-03-01T08:28:12Z</time></trkpt>
			<trkpt lat="47.351660" lon="-1.189390"><ele>9</ele><time>2026-03-01T08:28:24Z</time></trkpt>
			<trkpt lat="47.351640" lon="-1.190330"><ele>8</ele><time>2026-03-01T08:28:36Z</time></trkpt>
			<trkpt lat="47.351580" lon="-1.190960"><ele>7</ele><time>2026-03-01T08:28:48Z</time></trkpt>
			<trkpt lat="47.351490" lon="-1.191460"><ele>8</ele><time>2026-03-01T08:29:00Z</time></trkpt>
			<trkpt lat="47.351400" lon="-1.191880"><ele>7</ele><time>2026-03-01T08:29:12Z</time></trkpt>
			<trkpt lat="47.351180" lon="-1.192620"><ele>7</ele><time>2026-03-01T08:29:24Z</time></trkpt>
			<trkpt lat="47.350860" lon="-1.193660"><ele>7</ele><time>2026-03-01T08:29:36Z</time></trkpt>
			<trkpt lat="47.350540" lon="-1.194720"><ele>5</ele><time>2026-03-01T08:29:48Z</time></trkpt>
			<trkpt lat="47.350490" lon="-1.195030"><ele>5</ele><time>2026-03-01T08:30:00Z</time></trkpt>
			<trkpt lat="47.350330" lon="-1.196420"><ele>8</ele><time>2026-03-01T08:30:12Z</time></trkpt>
			<trkpt lat="47.350280" lon="-1.197140"><ele>8</ele><time>2026-03-01T08:30:24Z</time></trkpt>
			<trkpt lat="47.350330" lon="-1.197510"><ele>8</ele><time>2026-03-01T08:30:36Z</time></trkpt>
			<trkpt lat="47.350330" lon="-1.197750"><ele>8</ele><time>2026-03-01T08:30:48Z</time></trkpt>
			<trkpt lat="47.350300" lon="-1.197990"><ele>7</ele><time>2026-03-01T08:31:00Z</time></trkpt>
			<trkpt lat="47.350160" lon="-1.198830"><ele>8</ele><time>2026-03-01T08:31:12Z</time></trkpt>
			<trkpt lat="47.350030" lon="-1.199690"><ele>8</ele><time>2026-03-01T08:31:24Z</time></trkpt>
			<trkpt lat="47.349980" lon="-1.199840"><ele>8</ele><time>2026-03-01T08:31:36Z</time></trkpt>
			<trkpt lat="47.349840" lon="-1.200090"><ele>8</ele><time>2026-03-01T08:31:48Z</time></trkpt>
			<trkpt lat="47.349660" lon="-1.200360"><ele>7</ele><time>2026-03-01T08:32:00Z</time></trkpt>
			<trkpt lat="47.349430" lon="-1.200730"><ele>7</ele><time>2026-03-01T08:32:12Z</time></trkpt>
			<trkpt lat="47.348740" lon="-1.202640"><ele>10</ele><time>2026-03-01T08:32:24Z</time></trkpt>
			<trkpt lat="47.348600" lon="-1.202770"><ele>10</ele><time>2026-03-01T08:32:36Z</time></trkpt>
			<trkpt lat="47.348490" lon="-1.202820"><ele>10</ele><time>2026-03-01T08:32:48Z</time></trkpt>
			<trkpt lat="47.348400" lon="-1.202830"><ele>11</ele><time>2026-03-01T08:33:00Z</time></trkpt>
			<trkpt lat="47.347550" lon="-1.202760"><ele>9</ele><time>2026-03-01T08:33:12Z</time></trkpt>
			<trkpt lat="47.347320" lon="-1.202760"><ele>9</ele><time>2026-03-01T08:33:24Z</time></trkpt>
			<trkpt lat="47.347130" lon="-1.202800"><ele>9</ele><time>2026-03-01T08:33:36Z</time></trkpt>
			<trkpt lat="47.346970" lon="-1.202920"><ele>8</ele><time>2026-03-01T08:33:48Z</time></trkpt>
			<trkpt lat="47.346610" lon="-1.203310"><ele>7</ele><time>2026-03-01T08:34:00Z</time></trkpt>
			<trkpt lat="47.346110" lon="-1.203940"><ele>7</ele><time>2026-03-01T08:34:12Z</time></trkpt>
			<trkpt lat="47.346030" lon="-1.204020"><ele>6</ele><time>2026-03-01T08:34:24Z</time></trkpt>
			<trkpt lat="47.345730" lon="-1.204320"><ele>6</ele><time>2026-03-01T08:34:36Z</time></trkpt>
			<trkpt lat="47.345600" lon="-1.204400"><ele>6</ele><time>2026-03-01T08:34:48Z</time></trkpt>
			<trkpt lat="47.345410" lon="-1.204460"><ele>7</ele><time>2026-03-01T08:35:00Z</time></trkpt>
			<trkpt lat="47.345300" lon="-1.204440"><ele>7</ele><time>2026-03-01T08:35:12Z</time></trkpt>
			<trkpt lat="47.345260" lon="-1.204440"><ele>7</ele><time>2026-03-01T08:35:24Z</time></trkpt>
			<trkpt lat="47.344940" lon="-1.204330"><ele>8</ele><time>2026-03-01T08:35:36Z</time></trkpt>
			<trkpt lat="47.344500" lon="-1.204170"><ele>11</ele><time>2026-03-01T08:35:48Z</time></trkpt>
			<trkpt lat="47.344010" lon="-1.204020"><ele>14</ele><time>2026-03-01T08:36:00Z</time></trkpt>
			<trkpt lat="47.343960" lon="-1.204190"><ele>15</ele><time>2026-03-01T08:36:12Z</time></trkpt>
			<trkpt lat="47.343900" lon="-1.204390"><ele>15</ele><time>2026-03-01T08:36:24Z</time></trkpt>
			<trkpt lat="47.343740" lon="-1.204730"><ele>16</ele><time>2026-03-01T08:36:36Z</time></trkpt>
			<trkpt lat="47.343230" lon="-1.205530"><ele>19</ele><time>2026-03-01T08:36:48Z</time></trkpt>
			<trkpt lat="47.343080" lon="-1.205790"><ele>20</ele><time>2026-03-01T08:37:00Z</time></trkpt>
			<trkpt lat="47.342980" lon="-1.206060"><ele>21</ele><time>2026-03-01T08:37:12Z</time></trkpt>
			<trkpt lat="47.342920" lon="-1.206270"><ele>23</ele><time>2026-03-01T08:37:24Z</time></trkpt>
			<trkpt lat="47.342860" lon="-1.206590"><ele>24</ele><time>2026-03-01T08:37:36Z</time></trkpt>
			<trkpt lat="47.342730" lon="-1.207340"><ele>26</ele><time>2026-03-01T08:37:48Z</time></trkpt>
			<trkpt lat="47.342690" lon="-1.207330"><ele>26</ele><time>2026-03-01T08:38:00Z</time></trkpt>
			<trkpt lat="47.342620" lon="-1.207370"><ele>27</ele><time>2026-03-01T08:38:12Z</time></trkpt>
			<trkpt lat="47.342550" lon="-1.207470"><ele>28</ele><time>2026-03-01T08:38:24Z</time></trkpt>
			<trkpt lat="47.342520" lon="-1.207530"><ele>28</ele><time>2026-03-01T08:38:36Z</time></trkpt>
			<trkpt lat="47.342470" lon="-1.207660"><ele>27</ele><time>2026-03-01T08:38:48Z</time></trkpt>
			<trkpt lat="47.342190" lon="-1.208970"><ele>26</ele><time>2026-03-01T08:39:00Z</time></trkpt>
			<trkpt lat="47.342140" lon="-1.209120"><ele>26</ele><time>2026-03-01T08:39:12Z</time></trkpt>
			<trkpt lat="47.342080" lon="-1.209210"><ele>27</ele><time>2026-03-01T08:39:24Z</time></trkpt>
			<trkpt lat="47.342000" lon="-1.209290"><ele>28</ele><time>2026-03-01T08:39:36Z</time></trkpt>
			<trkpt lat="47.341920" lon="-1.209330"><ele>29</ele><time>2026-03-01T08:39:48Z</time></trkpt>
			<trkpt lat="47.341820" lon="-1.209350"><ele>31</ele><time>2026-03-01T08:40:00Z</time></trkpt>
			<trkpt lat="47.341730" lon="-1.209330"><ele>32</ele><time>2026-03-01T08:40:12Z</time></trkpt>
			<trkpt lat="47.341640" lon="-1.209270"><ele>34</ele><time>2026-03-01T08:40:24Z</time></trkpt>
			<trkpt lat="47.341570" lon="-1.209180"><ele>35</ele><time>2026-03-01T08:40:36Z</time></trkpt>
			<trkpt lat="47.341500" lon="-1.209040"><ele>37</ele><time>2026-03-01T08:40:48Z</time></trkpt>
			<trkpt lat="47.341480" lon="-1.208950"><ele>37</ele><time>2026-03-01T08:41:00Z</time></trkpt>
			<trkpt lat="47.341300" lon="-1.207080"><ele>41</ele><time>2026-03-01T08:41:12Z</time></trkpt>
			<trkpt lat="47.341280" lon="-1.206930"><ele>41</ele><time>2026-03-01T08:41:24Z</time></trkpt>
			<trkpt lat="47.341250" lon="-1.206840"><ele>42</ele><time>2026-03-01T08:41:36Z</time></trkpt>
			<trkpt lat="47.341210" lon="-1.206770"><ele>42</ele><time>2026-03-01T08:41:48Z</time></trkpt>
			<trkpt lat="47.341160" lon="-1.206710"><ele>43</ele><time>2026-03-01T08:42:00Z</time></trkpt>
			<trkpt lat="47.341120" lon="-1.206670"><ele>44</ele><time>2026-03-01T08:42:12Z</time></trkpt>
			<trkpt lat="47.341000" lon="-1.206610"><ele>45</ele><time>2026-03-01T08:42:24Z</time></trkpt>
			<trkpt lat="47.340840" lon="-1.206540"><ele>48</ele><time>2026-03-01T08:42:36Z</time></trkpt>
			<trkpt lat="47.340720" lon="-1.206500"><ele>49</ele><time>2026-03-01T08:42:48Z</time></trkpt>
			<trkpt lat="47.340560" lon="-1.206470"><ele>51</ele><time>2026-03-01T08:43:00Z</time></trkpt>
			<trkpt lat="47.340200" lon="-1.206420"><ele>55</ele><time>2026-03-01T08:43:12Z</time></trkpt>
			<trkpt lat="47.340140" lon="-1.206420"><ele>56</ele><time>2026-03-01T08:43:24Z</time></trkpt>
			<trkpt lat="47.339840" lon="-1.206380"><ele>59</ele><time>2026-03-01T08:43:36Z</time></trkpt>
			<trkpt lat="47.339710" lon="-1.206350"><ele>60</ele><time>2026-03-01T08:43:48Z</time></trkpt>
			<trkpt lat="47.339560" lon="-1.206310"><ele>61</ele><time>2026-03-01T08:44:00Z</time></trkpt>
			<trkpt lat="47.339460" lon="-1.206270"><ele>62</ele><time>2026-03-01T08:44:12Z</time></trkpt>
			<trkpt lat="47.339310" lon="-1.206200"><ele>63</ele><time>2026-03-01T08:44:24Z</time></trkpt>
			<trkpt lat="47.339230" lon="-1.206200"><ele>63</ele><time>2026-03-01T08:44:36Z</time></trkpt>
			<trkpt lat="47.338820" lon="-1.205890"><ele>67</ele><time>2026-03-01T08:44:48Z</time></trkpt>
			<trkpt lat="47.338700" lon="-1.205720"><ele>68</ele><time>2026-03-01T08:45:00Z</time></trkpt>
			<trkpt lat="47.338430" lon="-1.205350"><ele>69</ele><time>2026-03-01T08:45:12Z</time></trkpt>
			<trkpt lat="47.338260" lon="-1.205110"><ele>70</ele><time>2026-03-01T08:45:24Z</time></trkpt>
			<trkpt lat="47.338160" lon="-1.205030"><ele>70</ele><time>2026-03-01T08:45:36Z</time></trkpt>
			<trkpt lat="47.338060" lon="-1.204970"><ele>71</ele><time>2026-03-01T08:45:48Z</time></trkpt>
			<trkpt lat="47.337940" lon="-1.204930"><ele>71</ele><time>2026-03-01T08:46:00Z</time></trkpt>
			<trkpt lat="47.337820" lon="-1.204900"><ele>72</ele><time>2026-03-01T08:46:12Z</time></trkpt>
			<trkpt lat="47.337180" lon="-1.204840"><ele>75</ele><time>2026-03-01T08:46:24Z</time></trkpt>
			<trkpt lat="47.336340" lon="-1.204550"><ele>78</ele><time>2026-03-01T08:46:36Z</time></trkpt>
			<trkpt lat="47.336150" lon="-1.204480"><ele>78</ele><time>2026-03-01T08:46:48Z</time></trkpt>
			<trkpt lat="47.336070" lon="-1.204460"><ele>78</ele><time>2026-03-01T08:47:00Z</time></trkpt>
			<trkpt lat="47.335880" lon="-1.204460"><ele>78</ele><time>2026-03-01T08:47:12Z</time></trkpt>
			<trkpt lat="47.335580" lon="-1.204480"><ele>78</ele><time>2026-03-01T08:47:24Z</time></trkpt>
			<trkpt lat="47.335340" lon="-1.204520"><ele>77</ele><time>2026-03-01T08:47:36Z</time></trkpt>
			<trkpt lat="47.335210" lon="-1.204570"><ele>77</ele><time>2026-03-01T08:47:48Z</time></trkpt>
			<trkpt lat="47.335060" lon="-1.204650"><ele>77</ele><time>2026-03-01T08:48:00Z</time></trkpt>
			<trkpt lat="47.334930" lon="-1.204760"><ele>76</ele><time>2026-03-01T08:48:12Z</time></trkpt>
			<trkpt lat="47.334510" lon="-1.205170"><ele>73</ele><time>2026-03-01T08:48:24Z</time></trkpt>
			<trkpt lat="47.334360" lon="-1.205270"><ele>72</ele><time>2026-03-01T08:48:36Z</time></trkpt>
			<trkpt lat="47.334150" lon="-1.205370"><ele>70</ele><time>2026-03-01T08:48:48Z</time></trkpt>
			<trkpt lat="47.334000" lon="-1.205430"><ele>70</ele><time>2026-03-01T08:49:00Z</time></trkpt>
			<trkpt lat="47.333570" lon="-1.205610"><ele>71</ele><time>2026-03-01T08:49:12Z</time></trkpt>
			<trkpt lat="47.333360" lon="-1.205670"><ele>71</ele><time>2026-03-01T08:49:24Z</time></trkpt>
			<trkpt lat="47.333190" lon="-1.205700"><ele>71</ele><time>2026-03-01T08:49:36Z</time></trkpt>
			<trkpt lat="47.333050" lon="-1.205720"><ele>71</ele><time>2026-03-01T08:49:48Z</time></trkpt>
			<trkpt lat="47.332950" lon="-1.205720"><ele>72</ele><time>2026-03-01T08:50:00Z</time></trkpt>
			<trkpt lat="47.332850" lon="-1.205690"><ele>72</ele><time>2026-03-01T08:50:12Z</time></trkpt>
			<trkpt lat="47.331950" lon="-1.205380"><ele>72</ele><time>2026-03-01T08:50:24Z</time></trkpt>
			<trkpt lat="47.331510" lon="-1.205300"><ele>72</ele><time>2026-03-01T08:50:36Z</time></trkpt>
			<trkpt lat="47.331190" lon="-1.205250"><ele>73</ele><time>2026-03-01T08:50:48Z</time></trkpt>
			<trkpt lat="47.331100" lon="-1.205230"><ele>73</ele><time>2026-03-01T08:51:00Z</time></trkpt>
			<trkpt lat="47.330880" lon="-1.205120"><ele>73</ele><time>2026-03-01T08:51:12Z</time></trkpt>
			<trkpt lat="47.329980" lon="-1.204600"><ele>77</ele><time>2026-03-01T08:51:24Z</time></trkpt>
			<trkpt lat="47.329720" lon="-1.204480"><ele>78</ele><time>2026-03-01T08:51:36Z</time></trkpt>
			<trkpt lat="47.329520" lon="-1.204440"><ele>79</ele><time>2026-03-01T08:51:48Z</time></trkpt>
			<trkpt lat="47.329250" lon="-1.204450"><ele>81</ele><time>2026-03-01T08:52:00Z</time></trkpt>
			<trkpt lat="47.328500" lon="-1.204530"><ele>82</ele><time>2026-03-01T08:52:12Z</time></trkpt>
			<trkpt lat="47.328240" lon="-1.204520"><ele>82</ele><time>2026-03-01T08:52:24Z</time></trkpt>
			<trkpt lat="47.327500" lon="-1.204410"><ele>86</ele><time>2026-03-01T08:52:36Z</time></trkpt>
			<trkpt lat="47.327050" lon="-1.204390"><ele>87</ele><time>2026-03-01T08:52:48Z</time></trkpt>
			<trkpt lat="47.326680" lon="-1.204340"><ele>87</ele><time>2026-03-01T08:53:00Z</time></trkpt>
			<trkpt lat="47.326550" lon="-1.204320"><ele>88</ele><time>2026-03-01T08:53:12Z</time></trkpt>
			<trkpt lat="47.326450" lon="-1.204300"><ele>88</ele><time>2026-03-01T08:53:24Z</time></trkpt>
			<trkpt lat="47.326290" lon="-1.204300"><ele>89</ele><time>2026-03-01T08:53:36Z</time></trkpt>
			<trkpt lat="47.325950" lon="-1.204360"><ele>90</ele><time>2026-03-01T08:53:48Z</time></trkpt>
			<trkpt lat="47.325540" lon="-1.204470"><ele>90</ele><time>2026-03-01T08:54:00Z</time></trkpt>
			<trkpt lat="47.325360" lon="-1.204510"><ele>90</ele><time>2026-03-01T08:54:12Z</time></trkpt>
			<trkpt lat="47.325200" lon="-1.204520"><ele>90</ele><time>2026-03-01T08:54:24Z</time></trkpt>
			<trkpt lat="47.324940" lon="-1.204510"><ele>90</ele><time>2026-03-01T08:54:36Z</time></trkpt>
			<trkpt lat="47.324520" lon="-1.204470"><ele>90</ele><time>2026-03-01T08:54:48Z</time></trkpt>
			<trkpt lat="47.324160" lon="-1.204430"><ele>89</ele><time>2026-03-01T08:55:00Z</time></trkpt>
			<trkpt lat="47.323710" lon="-1.204370"><ele>88</ele><time>2026-03-01T08:55:12Z</time></trkpt>
			<trkpt lat="47.323090" lon="-1.204240"><ele>88</ele><time>2026-03-01T08:55:24Z</time></trkpt>
			<trkpt lat="47.322150" lon="-1.204100"><ele>88</ele><time>2026-03-01T08:55:36Z</time></trkpt>
			<trkpt lat="47.321510" lon="-1.204000"><ele>87</ele><time>2026-03-01T08:55:48Z</time></trkpt>
			<trkpt lat="47.321080" lon="-1.203940"><ele>88</ele><time>2026-03-01T08:56:00Z</time></trkpt>
			<trkpt lat="47.320000" lon="-1.203780"><ele>90</ele><time>2026-03-01T08:56:12Z</time></trkpt>
			<trkpt lat="47.318130" lon="-1.203460"><ele>91</ele><time>2026-03-01T08:56:24Z</time></trkpt>
			<trkpt lat="47.317730" lon="-1.203370"><ele>94</ele><time>2026-03-01T08:56:36Z</time></trkpt>
			<trkpt lat="47.317300" lon="-1.203230"><ele>94</ele><time>2026-03-01T08:56:48Z</time></trkpt>
			<trkpt lat="47.313790" lon="-1.201860"><ele>89</ele><time>2026-03-01T08:57:00Z</time></trkpt>
			<trkpt lat="47.311110" lon="-1.200810"><ele>95</ele><time>2026-03-01T08:57:12Z</time></trkpt>
			<trkpt lat="47.310930" lon="-1.200760"><ele>94</ele><time>2026-03-01T08:57:24Z</time></trkpt>
			<trkpt lat="47.310790" lon="-1.200750"><ele>93</ele><time>2026-03-01T08:57:36Z</time></trkpt>
			<trkpt lat="47.310690" lon="-1.200770"><ele>92</ele><time>2026-03-01T08:57:48Z</time></trkpt>
			<trkpt lat="47.310570" lon="-1.200790"><ele>92</ele><time>2026-03-01T08:58:00Z</time></trkpt>
			<trkpt lat="47.310390" lon="-1.200870"><ele>91</ele><time>2026-03-01T08:58:12Z</time></trkpt>
			<trkpt lat="47.308760" lon="-1.201930"><ele>91</ele><time>2026-03-01T08:58:24Z</time></trkpt>
			<trkpt lat="47.307620" lon="-1.202600"><ele>93</ele><time>2026-03-01T08:58:36Z</time></trkpt>
			<trkpt lat="47.306400" lon="-1.203330"><ele>92</ele><time>2026-03-01T08:58:48Z</time></trkpt>
			<trkpt lat="47.305760" lon="-1.203760"><ele>92</ele><time>2026-03-01T08:59:00Z</time></trkpt>
			<trkpt lat="47.304600" lon="-1.204470"><ele>91</ele><time>2026-03-01T08:59:12Z</time></trkpt>
			<trkpt lat="47.304210" lon="-1.204660"><ele>91</ele><time>2026-03-01T08:59:24Z</time></trkpt>
			<trkpt lat="47.302700" lon="-1.205330"><ele>91</ele><time>2026-03-01T08:59:36Z</time></trkpt>
			<trkpt lat="47.302450" lon="-1.205460"><ele>91</ele><time>2026-03-01T08:59:48Z</time></trkpt>
			<trkpt lat="47.302280" lon="-1.205580"><ele>91</ele><time>2026-03-01T09:00:00Z</time></trkpt>
			<trkpt lat="47.301710" lon="-1.206020"><ele>91</ele><time>2026-03-01T09:00:12Z</time></trkpt>
			<trkpt lat="47.301570" lon="-1.206110"><ele>91</ele><time>2026-03-01T09:00:24Z</time></trkpt>
			<trkpt lat="47.301320" lon="-1.206220"><ele>90</ele><time>2026-03-01T09:00:36Z</time></trkpt>
			<trkpt lat="47.300700" lon="-1.206380"><ele>89</ele><time>2026-03-01T09:00:48Z</time></trkpt>
			<trkpt lat="47.300340" lon="-1.206480"><ele>89</ele><time>2026-03-01T09:01:00Z</time></trkpt>
			<trkpt lat="47.300160" lon="-1.206530"><ele>89</ele><time>2026-03-01T09:01:12Z</time></trkpt>
			<trkpt lat="47.300050" lon="-1.206620"><ele>89</ele><time>2026-03-01T09:01:24Z</time></trkpt>
			<trkpt lat="47.300000" lon="-1.206680"><ele>89</ele><time>2026-03-01T09:01:36Z</time></trkpt>
			<trkpt lat="47.299950" lon="-1.206590"><ele>89</ele><time>2026-03-01T09:01:48Z</time></trkpt>
			<trkpt lat="47.299920" lon="-1.206620"><ele>89</ele><time>2026-03-01T09:02:00Z</time></trkpt>
			<trkpt lat="47.299800" lon="-1.206680"><ele>89</ele><time>2026-03-01T09:02:12Z</time></trkpt>
			<trkpt lat="47.299450" lon="-1.206810"><ele>89</ele><time>2026-03-01T09:02:24Z</time></trkpt>
			<trkpt lat="47.297960" lon="-1.207270"><ele>88</ele><time>2026-03-01T09:02:36Z</time></trkpt>
			<trkpt lat="47.297440" lon="-1.207380"><ele>89</ele><time>2026-03-01T09:02:48Z</time></trkpt>
			<trkpt lat="47.296820" lon="-1.207470"><ele>88</ele><time>2026-03-01T09:03:00Z</time></trkpt>
			<trkpt lat="47.295980" lon="-1.207510"><ele>87</ele><time>2026-03-01T09:03:12Z</time></trkpt>
			<trkpt lat="47.294690" lon="-1.207480"><ele>85</ele><time>2026-03-01T09:03:24Z</time></trkpt>
			<trkpt lat="47.294570" lon="-1.207510"><ele>84</ele><time>2026-03-01T09:03:36Z</time></trkpt>
			<trkpt lat="47.294430" lon="-1.207560"><ele>84</ele><time>2026-03-01T09:03:48Z</time></trkpt>
			<trkpt lat="47.294290" lon="-1.207660"><ele>84</ele><time>2026-03-01T09:04:00Z</time></trkpt>
			<trkpt lat="47.293330" lon="-1.208520"><ele>82</ele><time>2026-03-01T09:04:12Z</time></trkpt>
			<trkpt lat="47.293170" lon="-1.208640"><ele>82</ele><time>2026-03-01T09:04:24Z</time></trkpt>
			<trkpt lat="47.293030" lon="-1.208720"><ele>82</ele><time>2026-03-01T09:04:36Z</time></trkpt>
			<trkpt lat="47.292850" lon="-1.208710"><ele>82</ele><time>2026-03-01T09:04:48Z</time></trkpt>
			<trkpt lat="47.292820" lon="-1.208700"><ele>82</ele><time>2026-03-01T09:05:00Z</time></trkpt>
			<trkpt lat="47.291740" lon="-1.208290"><ele>79</ele><time>2026-03-01T09:05:12Z</time></trkpt>
			<trkpt lat="47.291120" lon="-1.208100"><ele>78</ele><time>2026-03-01T09:05:24Z</time></trkpt>
			<trkpt lat="47.288470" lon="-1.207490"><ele>80</ele><time>2026-03-01T09:05:36Z</time></trkpt>
			<trkpt lat="47.288120" lon="-1.207410"><ele>81</ele><time>2026-03-01T09:05:48Z</time></trkpt>
			<trkpt lat="47.287540" lon="-1.207250"><ele>82</ele><time>2026-03-01T09:06:00Z</time></trkpt>
			<trkpt lat="47.287140" lon="-1.207090"><ele>83</ele><time>2026-03-01T09:06:12Z</time></trkpt>
			<trkpt lat="47.286840" lon="-1.206960"><ele>83</ele><time>2026-03-01T09:06:24Z</time></trkpt>
			<trkpt lat="47.286760" lon="-1.206950"><ele>83</ele><time>2026-03-01T09:06:36Z</time></trkpt>
			<trkpt lat="47.285770" lon="-1.206770"><ele>86</ele><time>2026-03-01T09:06:48Z</time></trkpt>
			<trkpt lat="47.285370" lon="-1.206730"><ele>86</ele><time>2026-03-01T09:07:00Z</time></trkpt>
			<trkpt lat="47.285090" lon="-1.206730"><ele>85</ele><time>2026-03-01T09:07:12Z</time></trkpt>
			<trkpt lat="47.285040" lon="-1.206740"><ele>85</ele><time>2026-03-01T09:07:24Z</time></trkpt>
			<trkpt lat="47.285050" lon="-1.206560"><ele>85</ele><time>2026-03-01T09:07:36Z</time></trkpt>
			<trkpt lat="47.285340" lon="-1.204650"><ele>79</ele><time>2026-03-01T09:07:48Z</time></trkpt>
			<trkpt lat="47.285410" lon="-1.204160"><ele>78</ele><time>2026-03-01T09:08:00Z</time></trkpt>
			<trkpt lat="47.285760" lon="-1.201490"><ele>85</ele><time>2026-03-01T09:08:12Z</time></trkpt>
			<trkpt lat="47.285790" lon="-1.201150"><ele>86</ele><time>2026-03-01T09:08:24Z</time></trkpt>
			<trkpt lat="47.285790" lon="-1.200920"><ele>87</ele><time>2026-03-01T09:08:36Z</time></trkpt>
			<trkpt lat="47.285790" lon="-1.200890"><ele>87</ele><time>2026-03-01T09:08:48Z</time></trkpt>
			<trkpt lat="47.285780" lon="-1.200630"><ele>87</ele><time>2026-03-01T09:09:00Z</time></trkpt>
			<trkpt lat="47.285780" lon="-1.200520"><ele>87</ele><time>2026-03-01T09:09:12Z</time></trkpt>
			<trkpt lat="47.285780" lon="-1.200340"><ele>88</ele><time>2026-03-01T09:09:24Z</time></trkpt>
			<trkpt lat="47.285770" lon="-1.200110"><ele>88</ele><time>2026-03-01T09:09:36Z</time></trkpt>
			<trkpt lat="47.285890" lon="-1.199210"><ele>88</ele><time>2026-03-01T09:09:48Z</time></trkpt>
			<trkpt lat="47.285920" lon="-1.198990"><ele>88</ele><time>2026-03-01T09:10:00Z</time></trkpt>
			<trkpt lat="47.285980" lon="-1.198460"><ele>89</ele><time>2026-03-01T09:10:12Z</time></trkpt>
			<trkpt lat="47.285960" lon="-1.197700"><ele>89</ele><time>2026-03-01T09:10:24Z</time></trkpt>
			<trkpt lat="47.286030" lon="-1.196690"><ele>89</ele><time>2026-03-01T09:10:36Z</time></trkpt>
			<trkpt lat="47.286070" lon="-1.196120"><ele>89</ele><time>2026-03-01T09:10:48Z</time></trkpt>
			<trkpt lat="47.286120" lon="-1.195340"><ele>89</ele><time>2026-03-01T09:11:00Z</time></trkpt>
			<trkpt lat="47.286150" lon="-1.194610"><ele>90</ele><time>2026-03-01T09:11:12Z</time></trkpt>
			<trkpt lat="47.286250" lon="-1.191860"><ele>92</ele><time>2026-03-01T09:11:24Z</time></trkpt>
			<trkpt lat="47.286240" lon="-1.191830"><ele>92</ele><time>2026-03-01T09:11:36Z</time></trkpt>
			<trkpt lat="47.286190" lon="-1.191780"><ele>92</ele><time>2026-03-01T09:11:48Z</time></trkpt>
			<trkpt lat="47.286170" lon="-1.191630"><ele>92</ele><time>2026-03-01T09:12:00Z</time></trkpt>
			<trkpt lat="47.286160" lon="-1.191590"><ele>92</ele><time>2026-03-01T09:12:12Z</time></trkpt>
			<trkpt lat="47.286270" lon="-1.191520"><ele>92</ele><time>2026-03-01T09:12:24Z</time></trkpt>
			<trkpt lat="47.286310" lon="-1.191480"><ele>92</ele><time>2026-03-01T09:12:36Z</time></trkpt>
			<trkpt lat="47.286350" lon="-1.191370"><ele>92</ele><time>2026-03-01T09:12:48Z</time></trkpt>
			<trkpt lat="47.286400" lon="-1.191210"><ele>92</ele><time>2026-03-01T09:13:00Z</time></trkpt>
			<trkpt lat="47.286460" lon="-1.190870"><ele>92</ele><time>2026-03-01T09:13:12Z</time></trkpt>
			<trkpt lat="47.286480" lon="-1.190770"><ele>92</ele><time>2026-03-01T09:13:24Z</time></trkpt>
			<trkpt lat="47.286510" lon="-1.190590"><ele>92</ele><time>2026-03-01T09:13:36Z</time></trkpt>
			<trkpt lat="47.286550" lon="-1.190390"><ele>92</ele><time>2026-03-01T09:13:48Z</time></trkpt>
			<trkpt lat="47.286580" lon="-1.190270"><ele>92</ele><time>2026-03-01T09:14:00Z</time></trkpt>
			<trkpt lat="47.286560" lon="-1.190230"><ele>92</ele><time>2026-03-01T09:14:12Z</time></trkpt>
			<trkpt lat="47.286550" lon="-1.190190"><ele>92</ele><time>2026-03-01T09:14:24Z</time></trkpt>
			<trkpt lat="47.286540" lon="-1.190140"><ele>92</ele><time>2026-03-01T09:14:36Z</time></trkpt>
			<trkpt lat="47.286550" lon="-1.190100"><ele>92</ele><time>2026-03-01T09:14:48Z</time></trkpt>
			<trkpt lat="47.286490" lon="-1.190030"><ele>92</ele><time>2026-03-01T09:15:00Z</time></trkpt>
			<trkpt lat="47.286240" lon="-1.189600"><ele>92</ele><time>2026-03-01T09:15:12Z</time></trkpt>
			<trkpt lat="47.286150" lon="-1.189460"><ele>92</ele><time>2026-03-01T09:15:24Z</time></trkpt>
			<trkpt lat="47.286070" lon="-1.189310"><ele>93</ele><time>2026-03-01T09:15:36Z</time></trkpt>
			<trkpt lat="47.285990" lon="-1.189190"><ele>93</ele><time>2026-03-01T09:15:48Z</time></trkpt>
			<trkpt lat="47.285600" lon="-1.188880"><ele>93</ele><time>2026-03-01T09:16:00Z</time></trkpt>
			<trkpt lat="47.285540" lon="-1.188800"><ele>93</ele><time>2026-03-01T09:16:12Z</time></trkpt>
			<trkpt lat="47.285410" lon="-1.188610"><ele>92</ele><time>2026-03-01T09:16:24Z</time></trkpt>
			<trkpt lat="47.285320" lon="-1.188460"><ele>92</ele><time>2026-03-01T09:16:36Z</time></trkpt>
			<trkpt lat="47.285190" lon="-1.188140"><ele>92</ele><time>2026-03-01T09:16:48Z</time></trkpt>
			<trkpt lat="47.285180" lon="-1.188110"><ele>92</ele><time>2026-03-01T09:17:00Z</time></trkpt>
			<trkpt lat="47.285180" lon="-1.188020"><ele>92</ele><time>2026-03-01T09:17:12Z</time></trkpt>
			<trkpt lat="47.285120" lon="-1.188030"><ele>92</ele><time>2026-03-01T09:17:24Z</time></trkpt>
			<trkpt lat="47.285050" lon="-1.188010"><ele>92</ele><time>2026-03-01T09:17:36Z</time></trkpt>
			<trkpt lat="47.284860" lon="-1.187760"><ele>93</ele><time>2026-03-01T09:17:48Z</time></trkpt>
			<trkpt lat="47.283970" lon="-1.186610"><ele>94</ele><time>2026-03-01T09:18:00Z</time></trkpt>
			<trkpt lat="47.283860" lon="-1.186430"><ele>94</ele><time>2026-03-01T09:18:12Z</time></trkpt>
			<trkpt lat="47.283770" lon="-1.186220"><ele>94</ele><time>2026-03-01T09:18:24Z</time></trkpt>
			<trkpt lat="47.283590" lon="-1.185600"><ele>94</ele><time>2026-03-01T09:18:36Z</time></trkpt>
			<trkpt lat="47.283550" lon="-1.185430"><ele>94</ele><time>2026-03-01T09:18:48Z</time></trkpt>
			<trkpt lat="47.283490" lon="-1.185030"><ele>94</ele><time>2026-03-01T09:19:00Z</time></trkpt>
			<trkpt lat="47.283370" lon="-1.183970"><ele>93</ele><time>2026-03-01T09:19:12Z</time></trkpt>
			<trkpt lat="47.283350" lon="-1.182960"><ele>94</ele><time>2026-03-01T09:19:24Z</time></trkpt>
			<trkpt lat="47.283220" lon="-1.181510"><ele>96</ele><time>2026-03-01T09:19:36Z</time></trkpt>
			<trkpt lat="47.283180" lon="-1.181190"><ele>96</ele><time>2026-03-01T09:19:48Z</time></trkpt>
			<trkpt lat="47.283040" lon="-1.180570"><ele>96</ele><time>2026-03-01T09:20:00Z</time></trkpt>
			<trkpt lat="47.282640" lon="-1.178830"><ele>96</ele><time>2026-03-01T09:20:12Z</time></trkpt>
			<trkpt lat="47.282280" lon="-1.177140"><ele>98</ele><time>2026-03-01T09:20:24Z</time></trkpt>
			<trkpt lat="47.282170" lon="-1.177100"><ele>98</ele><time>2026-03-01T09:20:36Z</time></trkpt>
			<trkpt lat="47.281890" lon="-1.177000"><ele>98</ele><time>2026-03-01T09:20:48Z</time></trkpt>
			<trkpt lat="47.281720" lon="-1.176890"><ele>98</ele><time>2026-03-01T09:21:00Z</time></trkpt>
			<trkpt lat="47.281540" lon="-1.176740"><ele>98</ele><time>2026-03-01T09:21:12Z</time></trkpt>
			<trkpt lat="47.280510" lon="-1.175660"><ele>99</ele><time>2026-03-01T09:21:24Z</time></trkpt>
			<trkpt lat="47.280350" lon="-1.175500"><ele>99</ele><time>2026-03-01T09:21:36Z</time></trkpt>
			<trkpt lat="47.280180" lon="-1.175350"><ele>99</ele><time>2026-03-01T09:21:48Z</time></trkpt>
			<trkpt lat="47.280120" lon="-1.175320"><ele>100</ele><time>2026-03-01T09:22:00Z</time></trkpt>
			<trkpt lat="47.279490" lon="-1.174910"><ele>101</ele><time>2026-03-01T09:22:12Z</time></trkpt>
			<trkpt lat="47.279320" lon="-1.174810"><ele>102</ele><time>2026-03-01T09:22:24Z</time></trkpt>
			<trkpt lat="47.278580" lon="-1.174380"><ele>104</ele><time>2026-03-01T09:22:36Z</time></trkpt>
			<trkpt lat="47.278280" lon="-1.174200"><ele>104</ele><time>2026-03-01T09:22:48Z</time></trkpt>
			<trkpt lat="47.277970" lon="-1.174030"><ele>104</ele><time>2026-03-01T09:23:00Z</time></trkpt>
			<trkpt lat="47.277650" lon="-1.173910"><ele>104</ele><time>2026-03-01T09:23:12Z</time></trkpt>
			<trkpt lat="47.277230" lon="-1.173780"><ele>103</ele><time>2026-03-01T09:23:24Z</time></trkpt>
			<trkpt lat="47.276560" lon="-1.173650"><ele>103</ele><time>2026-03-01T09:23:36Z</time></trkpt>
			<trkpt lat="47.276450" lon="-1.173600"><ele>103</ele><time>2026-03-01T09:23:48Z</time></trkpt>
			<trkpt lat="47.276350" lon="-1.173530"><ele>103</ele><time>2026-03-01T09:24:00Z</time></trkpt>
			<trkpt lat="47.276250" lon="-1.173440"><ele>103</ele><time>2026-03-01T09:24:12Z</time></trkpt>
			<trkpt lat="47.276150" lon="-1.173310"><ele>103</ele><time>2026-03-01T09:24:24Z</time></trkpt>
			<trkpt lat="47.276080" lon="-1.173200"><ele>102</ele><time>2026-03-01T09:24:36Z</time></trkpt>
			<trkpt lat="47.275980" lon="-1.172980"><ele>102</ele><time>2026-03-01T09:24:48Z</time></trkpt>
			<trkpt lat="47.275560" lon="-1.171780"><ele>103</ele><time>2026-03-01T09:25:00Z</time></trkpt>
			<trkpt lat="47.275320" lon="-1.171160"><ele>103</ele><time>2026-03-01T09:25:12Z</time></trkpt>
			<trkpt lat="47.275130" lon="-1.170760"><ele>103</ele><time>2026-03-01T09:25:24Z</time></trkpt>
			<trkpt lat="47.273580" lon="-1.167600"><ele>102</ele><time>2026-03-01T09:25:36Z</time></trkpt>
			<trkpt lat="47.273160" lon="-1.166730"><ele>101</ele><time>2026-03-01T09:25:48Z</time></trkpt>
			<trkpt lat="47.272210" lon="-1.164750"><ele>103</ele><time>2026-03-01T09:26:00Z</time></trkpt>
			<trkpt lat="47.272170" lon="-1.164680"><ele>103</ele><time>2026-03-01T09:26:12Z</time></trkpt>
			<trkpt lat="47.271460" lon="-1.163230"><ele>104</ele><time>2026-03-01T09:26:24Z</time></trkpt>
			<trkpt lat="47.271150" lon="-1.162630"><ele>105</ele><time>2026-03-01T09:26:36Z</time></trkpt>
			<trkpt lat="47.271010" lon="-1.162480"><ele>106</ele><time>2026-03-01T09:26:48Z</time></trkpt>
			<trkpt lat="47.270880" lon="-1.162400"><ele>107</ele><time>2026-03-01T09:27:00Z</time></trkpt>
			<trkpt lat="47.270260" lon="-1.162120"><ele>104</ele><time>2026-03-01T09:27:12Z</time></trkpt>
			<trkpt lat="47.269580" lon="-1.161840"><ele>101</ele><time>2026-03-01T09:27:24Z</time></trkpt>
			<trkpt lat="47.267400" lon="-1.160890"><ele>103</ele><time>2026-03-01T09:27:36Z</time></trkpt>
			<trkpt lat="47.266660" lon="-1.160570"><ele>104</ele><time>2026-03-01T09:27:48Z</time></trkpt>
			<trkpt lat="47.264650" lon="-1.159680"><ele>105</ele><time>2026-03-01T09:28:00Z</time></trkpt>
			<trkpt lat="47.264520" lon="-1.159610"><ele>104</ele><time>2026-03-01T09:28:12Z</time></trkpt>
			<trkpt lat="47.264260" lon="-1.159450"><ele>103</ele><time>2026-03-01T09:28:24Z</time></trkpt>
			<trkpt lat="47.262970" lon="-1.158470"><ele>99</ele><time>2026-03-01T09:28:36Z</time></trkpt>
			<trkpt lat="47.262800" lon="-1.158330"><ele>99</ele><time>2026-03-01T09:28:48Z</time></trkpt>
			<trkpt lat="47.262660" lon="-1.158170"><ele>99</ele><time>2026-03-01T09:29:00Z</time></trkpt>
			<trkpt lat="47.262540" lon="-1.158010"><ele>98</ele><time>2026-03-01T09:29:12Z</time></trkpt>
			<trkpt lat="47.262450" lon="-1.157870"><ele>98</ele><time>2026-03-01T09:29:24Z</time></trkpt>
			<trkpt lat="47.262220" lon="-1.157350"><ele>96</ele><time>2026-03-01T09:29:36Z</time></trkpt>
			<trkpt lat="47.262070" lon="-1.157050"><ele>95</ele><time>2026-03-01T09:29:48Z</time></trkpt>
			<trkpt lat="47.261950" lon="-1.156850"><ele>94</ele><time>2026-03-01T09:30:00Z</time></trkpt>
			<trkpt lat="47.261870" lon="-1.156730"><ele>94</ele><time>2026-03-01T09:30:12Z</time></trkpt>
			<trkpt lat="47.261790" lon="-1.156640"><ele>94</ele><time>2026-03-01T09:30:24Z</time></trkpt>
			<trkpt lat="47.261640" lon="-1.156530"><ele>94</ele><time>2026-03-01T09:30:36Z</time></trkpt>
			<trkpt lat="47.261480" lon="-1.156430"><ele>93</ele><time>2026-03-01T09:30:48Z</time></trkpt>
			<trkpt lat="47.261290" lon="-1.156340"><ele>93</ele><time>2026-03-01T09:31:00Z</time></trkpt>
			<trkpt lat="47.261100" lon="-1.156270"><ele>92</ele><time>2026-03-01T09:31:12Z</time></trkpt>
			<trkpt lat="47.260960" lon="-1.156230"><ele>92</ele><time>2026-03-01T09:31:24Z</time></trkpt>
			<trkpt lat="47.260850" lon="-1.156230"><ele>92</ele><time>2026-03-01T09:31:36Z</time></trkpt>
			<trkpt lat="47.260700" lon="-1.156270"><ele>92</ele><time>2026-03-01T09:31:48Z</time></trkpt>
			<trkpt lat="47.260550" lon="-1.156360"><ele>91</ele><time>2026-03-01T09:32:00Z</time></trkpt>
			<trkpt lat="47.260390" lon="-1.156410"><ele>91</ele><time>2026-03-01T09:32:12Z</time></trkpt>
			<trkpt lat="47.260290" lon="-1.156410"><ele>91</ele><time>2026-03-01T09:32:24Z</time></trkpt>
			<trkpt lat="47.260200" lon="-1.156390"><ele>90</ele><time>2026-03-01T09:32:36Z</time></trkpt>
			<trkpt lat="47.260100" lon="-1.156340"><ele>90</ele><time>2026-03-01T09:32:48Z</time></trkpt>
			<trkpt lat="47.259920" lon="-1.156200"><ele>89</ele><time>2026-03-01T09:33:00Z</time></trkpt>
			<trkpt lat="47.259760" lon="-1.156030"><ele>89</ele><time>2026-03-01T09:33:12Z</time></trkpt>
			<trkpt lat="47.259650" lon="-1.155940"><ele>89</ele><time>2026-03-01T09:33:24Z</time></trkpt>
			<trkpt lat="47.259570" lon="-1.155900"><ele>88</ele><time>2026-03-01T09:33:36Z</time></trkpt>
			<trkpt lat="47.259030" lon="-1.155690"><ele>89</ele><time>2026-03-01T09:33:48Z</time></trkpt>
			<trkpt lat="47.258140" lon="-1.155360"><ele>93</ele><time>2026-03-01T09:34:00Z</time></trkpt>
			<trkpt lat="47.258010" lon="-1.155290"><ele>93</ele><time>2026-03-01T09:34:12Z</time></trkpt>
			<trkpt lat="47.257930" lon="-1.155230"><ele>93</ele><time>2026-03-01T09:34:24Z</time></trkpt>
			<trkpt lat="47.257810" lon="-1.155120"><ele>94</ele><time>2026-03-01T09:34:36Z</time></trkpt>
			<trkpt lat="47.257630" lon="-1.154930"><ele>95</ele><time>2026-03-01T09:34:48Z</time></trkpt>
			<trkpt lat="47.256860" lon="-1.154000"><ele>97</ele><time>2026-03-01T09:35:00Z</time></trkpt>
			<trkpt lat="47.256720" lon="-1.153810"><ele>97</ele><time>2026-03-01T09:35:12Z</time></trkpt>
			<trkpt lat="47.256620" lon="-1.153650"><ele>98</ele><time>2026-03-01T09:35:24Z</time></trkpt>
			<trkpt lat="47.256540" lon="-1.153470"><ele>98</ele><time>2026-03-01T09:35:36Z</time></trkpt>
			<trkpt lat="47.256340" lon="-1.152710"><ele>99</ele><time>2026-03-01T09:35:48Z</time></trkpt>
			<trkpt lat="47.256270" lon="-1.152520"><ele>99</ele><time>2026-03-01T09:36:00Z</time></trkpt>
			<trkpt lat="47.256220" lon="-1.152390"><ele>100</ele><time>2026-03-01T09:36:12Z</time></trkpt>
			<trkpt lat="47.256170" lon="-1.152300"><ele>100</ele><time>2026-03-01T09:36:24Z</time></trkpt>
			<trkpt lat="47.256100" lon="-1.152180"><ele>100</ele><time>2026-03-01T09:36:36Z</time></trkpt>
			<trkpt lat="47.255960" lon="-1.152010"><ele>100</ele><time>2026-03-01T09:36:48Z</time></trkpt>
			<trkpt lat="47.255790" lon="-1.151840"><ele>100</ele><time>2026-03-01T09:37:00Z</time></trkpt>
			<trkpt lat="47.255610" lon="-1.151690"><ele>100</ele><time>2026-03-01T09:37:12Z</time></trkpt>
			<trkpt lat="47.255240" lon="-1.151390"><ele>100</ele><time>2026-03-01T09:37:24Z</time></trkpt>
			<trkpt lat="47.255110" lon="-1.151290"><ele>100</ele><time>2026-03-01T09:37:36Z</time></trkpt>
			<trkpt lat="47.254990" lon="-1.151240"><ele>100</ele><time>2026-03-01T09:37:48Z</time></trkpt>
			<trkpt lat="47.254890" lon="-1.151220"><ele>100</ele><time>2026-03-01T09:38:00Z</time></trkpt>
			<trkpt lat="47.254580" lon="-1.151220"><ele>99</ele><time>2026-03-01T09:38:12Z</time></trkpt>
			<trkpt lat="47.254380" lon="-1.151210"><ele>99</ele><time>2026-03-01T09:38:24Z</time></trkpt>
			<trkpt lat="47.254260" lon="-1.151170"><ele>99</ele><time>2026-03-01T09:38:36Z</time></trkpt>
			<trkpt lat="47.254160" lon="-1.151120"><ele>99</ele><time>2026-03-01T09:38:48Z</time></trkpt>
			<trkpt lat="47.254060" lon="-1.151010"><ele>99</ele><time>2026-03-01T09:39:00Z</time></trkpt>
			<trkpt lat="47.253530" lon="-1.150240"><ele>100</ele><time>2026-03-01T09:39:12Z</time></trkpt>
			<trkpt lat="47.253460" lon="-1.150120"><ele>100</ele><time>2026-03-01T09:39:24Z</time></trkpt>
			<trkpt lat="47.253400" lon="-1.150010"><ele>100</ele><time>2026-03-01T09:39:36Z</time></trkpt>
			<trkpt lat="47.253350" lon="-1.149840"><ele>100</ele><time>2026-03-01T09:39:48Z</time></trkpt>
			<trkpt lat="47.253240" lon="-1.149220"><ele>99</ele><time>2026-03-01T09:40:00Z</time></trkpt>
			<trkpt lat="47.253200" lon="-1.149060"><ele>99</ele><time>2026-03-01T09:40:12Z</time></trkpt>
			<trkpt lat="47.253080" lon="-1.148690"><ele>98</ele><time>2026-03-01T09:40:24Z</time></trkpt>
			<trkpt lat="47.252980" lon="-1.148440"><ele>98</ele><time>2026-03-01T09:40:36Z</time></trkpt>
			<trkpt lat="47.252800" lon="-1.148170"><ele>98</ele><time>2026-03-01T09:40:48Z</time></trkpt>
			<trkpt lat="47.252050" lon="-1.147050"><ele>101</ele><time>2026-03-01T09:41:00Z</time></trkpt>
			<trkpt lat="47.251360" lon="-1.146080"><ele>105</ele><time>2026-03-01T09:41:12Z</time></trkpt>
			<trkpt lat="47.250700" lon="-1.145080"><ele>103</ele><time>2026-03-01T09:41:24Z</time></trkpt>
			<trkpt lat="47.250000" lon="-1.144060"><ele>104</ele><time>2026-03-01T09:41:36Z</time></trkpt>
			<trkpt lat="47.248570" lon="-1.141940"><ele>107</ele><time>2026-03-01T09:41:48Z</time></trkpt>
			<trkpt lat="47.243780" lon="-1.134870"><ele>106</ele><time>2026-03-01T09:42:00Z</time></trkpt>
			<trkpt lat="47.243230" lon="-1.134110"><ele>108</ele><time>2026-03-01T09:42:12Z</time></trkpt>
			<trkpt lat="47.242100" lon="-1.132640"><ele>107</ele><time>2026-03-01T09:42:24Z</time></trkpt>
			<trkpt lat="47.241620" lon="-1.132060"><ele>107</ele><time>2026-03-01T09:42:36Z</time></trkpt>
			<trkpt lat="47.241230" lon="-1.131550"><ele>107</ele><time>2026-03-01T09:42:48Z</time></trkpt>
			<trkpt lat="47.240320" lon="-1.130410"><ele>107</ele><time>2026-03-01T09:43:00Z</time></trkpt>
			<trkpt lat="47.240240" lon="-1.130300"><ele>107</ele><time>2026-03-01T09:43:12Z</time></trkpt>
			<trkpt lat="47.239100" lon="-1.128850"><ele>106</ele><time>2026-03-01T09:43:24Z</time></trkpt>
			<trkpt lat="47.238900" lon="-1.128640"><ele>106</ele><time>2026-03-01T09:43:36Z</time></trkpt>
			<trkpt lat="47.238740" lon="-1.128520"><ele>106</ele><time>2026-03-01T09:43:48Z</time></trkpt>
			<trkpt lat="47.238600" lon="-1.128420"><ele>106</ele><time>2026-03-01T09:44:00Z</time></trkpt>
			<trkpt lat="47.238430" lon="-1.128330"><ele>106</ele><time>2026-03-01T09:44:12Z</time></trkpt>
			<trkpt lat="47.237170" lon="-1.127540"><ele>105</ele><time>2026-03-01T09:44:24Z</time></trkpt>
			<trkpt lat="47.236660" lon="-1.127260"><ele>105</ele><time>2026-03-01T09:44:36Z</time></trkpt>
			<trkpt lat="47.236180" lon="-1.127040"><ele>105</ele><time>2026-03-01T09:44:48Z</time></trkpt>
			<trkpt lat="47.235200" lon="-1.126600"><ele>105</ele><time>2026-03-01T09:45:00Z</time></trkpt>
			<trkpt lat="47.235100" lon="-1.126540"><ele>105</ele><time>2026-03-01T09:45:12Z</time></trkpt>
			<trkpt lat="47.235030" lon="-1.126470"><ele>105</ele><time>2026-03-01T09:45:24Z</time></trkpt>
			<trkpt lat="47.234960" lon="-1.126390"><ele>105</ele><time>2026-03-01T09:45:36Z</time></trkpt>
			<trkpt lat="47.234890" lon="-1.126260"><ele>105</ele><time>2026-03-01T09:45:48Z</time></trkpt>
			<trkpt lat="47.234800" lon="-1.126040"><ele>105</ele><time>2026-03-01T09:46:00Z</time></trkpt>
			<trkpt lat="47.234600" lon="-1.125370"><ele>105</ele><time>2026-03-01T09:46:12Z</time></trkpt>
			<trkpt lat="47.234380" lon="-1.124660"><ele>105</ele><time>2026-03-01T09:46:24Z</time></trkpt>
			<trkpt lat="47.234330" lon="-1.124470"><ele>104</ele><time>2026-03-01T09:46:36Z</time></trkpt>
			<trkpt lat="47.233780" lon="-1.122330"><ele>100</ele><time>2026-03-01T09:46:48Z</time></trkpt>
			<trkpt lat="47.233680" lon="-1.121960"><ele>99</ele><time>2026-03-01T09:47:00Z</time></trkpt>
			<trkpt lat="47.233590" lon="-1.121720"><ele>99</ele><time>2026-03-01T09:47:12Z</time></trkpt>
			<trkpt lat="47.233420" lon="-1.121310"><ele>98</ele><time>2026-03-01T09:47:24Z</time></trkpt>
			<trkpt lat="47.233160" lon="-1.120730"><ele>98</ele><time>2026-03-01T09:47:36Z</time></trkpt>
			<trkpt lat="47.233060" lon="-1.120550"><ele>98</ele><time>2026-03-01T09:47:48Z</time></trkpt>
			<trkpt lat="47.232650" lon="-1.119690"><ele>98</ele><time>2026-03-01T09:48:00Z</time></trkpt>
			<trkpt lat="47.232520" lon="-1.119410"><ele>98</ele><time>2026-03-01T09:48:12Z</time></trkpt>
			<trkpt lat="47.232460" lon="-1.119230"><ele>98</ele><time>2026-03-01T09:48:24Z</time></trkpt>
			<trkpt lat="47.232420" lon="-1.119070"><ele>98</ele><time>2026-03-01T09:48:36Z</time></trkpt>
			<trkpt lat="47.232360" lon="-1.118700"><ele>97</ele><time>2026-03-01T09:48:48Z</time></trkpt>
			<trkpt lat="47.232300" lon="-1.118220"><ele>96</ele><time>2026-03-01T09:49:00Z</time></trkpt>
			<trkpt lat="47.232280" lon="-1.118080"><ele>96</ele><time>2026-03-01T09:49:12Z</time></trkpt>
			<trkpt lat="47.232250" lon="-1.117880"><ele>96</ele><time>2026-03-01T09:49:24Z</time></trkpt>
			<trkpt lat="47.232120" lon="-1.116820"><ele>93</ele><time>2026-03-01T09:49:36Z</time></trkpt>
			<trkpt lat="47.232030" lon="-1.116040"><ele>93</ele><time>2026-03-01T09:49:48Z</time></trkpt>
			<trkpt lat="47.231990" lon="-1.115910"><ele>93</ele><time>2026-03-01T09:50:00Z</time></trkpt>
			<trkpt lat="47.231930" lon="-1.115730"><ele>93</ele><time>2026-03-01T09:50:12Z</time></trkpt>
			<trkpt lat="47.231800" lon="-1.115380"><ele>93</ele><time>2026-03-01T09:50:24Z</time></trkpt>
			<trkpt lat="47.232080" lon="-1.115140"><ele>91</ele><time>2026-03-01T09:50:36Z</time></trkpt>
			<trkpt lat="47.232520" lon="-1.114830"><ele>89</ele><time>2026-03-01T09:50:48Z</time></trkpt>
			<trkpt lat="47.232630" lon="-1.114710"><ele>89</ele><time>2026-03-01T09:51:00Z</time></trkpt>
			<trkpt lat="47.232720" lon="-1.114570"><ele>89</ele><time>2026-03-01T09:51:12Z</time></trkpt>
			<trkpt lat="47.232760" lon="-1.114470"><ele>89</ele><time>2026-03-01T09:51:24Z</time></trkpt>
			<trkpt lat="47.232810" lon="-1.114320"><ele>89</ele><time>2026-03-01T09:51:36Z</time></trkpt>
			<trkpt lat="47.232910" lon="-1.113720"><ele>92</ele><time>2026-03-01T09:51:48Z</time></trkpt>
			<trkpt lat="47.233010" lon="-1.113090"><ele>95</ele><time>2026-03-01T09:52:00Z</time></trkpt>
			<trkpt lat="47.233070" lon="-1.112650"><ele>97</ele><time>2026-03-01T09:52:12Z</time></trkpt>
			<trkpt lat="47.233130" lon="-1.112220"><ele>98</ele><time>2026-03-01T09:52:24Z</time></trkpt>
			<trkpt lat="47.233190" lon="-1.111450"><ele>100</ele><time>2026-03-01T09:52:36Z</time></trkpt>
			<trkpt lat="47.233230" lon="-1.111020"><ele>101</ele><time>2026-03-01T09:52:48Z</time></trkpt>
			<trkpt lat="47.233290" lon="-1.110490"><ele>103</ele><time>2026-03-01T09:53:00Z</time></trkpt>
			<trkpt lat="47.233320" lon="-1.110310"><ele>103</ele><time>2026-03-01T09:53:12Z</time></trkpt>
			<trkpt lat="47.233390" lon="-1.110010"><ele>104</ele><time>2026-03-01T09:53:24Z</time></trkpt>
			<trkpt lat="47.233720" lon="-1.109020"><ele>102</ele><time>2026-03-01T09:53:36Z</time></trkpt>
			<trkpt lat="47.233850" lon="-1.108650"><ele>102</ele><time>2026-03-01T09:53:48Z</time></trkpt>
			<trkpt lat="47.233950" lon="-1.108370"><ele>102</ele><time>2026-03-01T09:54:00Z</time></trkpt>
			<trkpt lat="47.234030" lon="-1.108180"><ele>103</ele><time>2026-03-01T09:54:12Z</time></trkpt>
			<trkpt lat="47.234180" lon="-1.107940"><ele>103</ele><time>2026-03-01T09:54:24Z</time></trkpt>
			<trkpt lat="47.234930" lon="-1.106810"><ele>104</ele><time>2026-03-01T09:54:36Z</time></trkpt>
			<trkpt lat="47.235190" lon="-1.106400"><ele>104</ele><time>2026-03-01T09:54:48Z</time></trkpt>
			<trkpt lat="47.236330" lon="-1.104660"><ele>104</ele><time>2026-03-01T09:55:00Z</time></trkpt>
			<trkpt lat="47.236830" lon="-1.103910"><ele>104</ele><time>2026-03-01T09:55:12Z</time></trkpt>
			<trkpt lat="47.238180" lon="-1.101840"><ele>105</ele><time>2026-03-01T09:55:24Z</time></trkpt>
			<trkpt lat="47.238420" lon="-1.101500"><ele>106</ele><time>2026-03-01T09:55:36Z</time></trkpt>
			<trkpt lat="47.240210" lon="-1.098350"><ele>107</ele><time>2026-03-01T09:55:48Z</time></trkpt>
			<trkpt lat="47.242490" lon="-1.094320"><ele>107</ele><time>2026-03-01T09:56:00Z</time></trkpt>
			<trkpt lat="47.242730" lon="-1.093840"><ele>108</ele><time>2026-03-01T09:56:12Z</time></trkpt>
			<trkpt lat="47.242840" lon="-1.093640"><ele>108</ele><time>2026-03-01T09:56:24Z</time></trkpt>
			<trkpt lat="47.243010" lon="-1.093270"><ele>109</ele><time>2026-03-01T09:56:36Z</time></trkpt>
			<trkpt lat="47.243080" lon="-1.093070"><ele>109</ele><time>2026-03-01T09:56:48Z</time></trkpt>
			<trkpt lat="47.244370" lon="-1.088650"><ele>113</ele><time>2026-03-01T09:57:00Z</time></trkpt>
			<trkpt lat="47.245470" lon="-1.084740"><ele>110</ele><time>2026-03-01T09:57:12Z</time></trkpt>
			<trkpt lat="47.246100" lon="-1.082540"><ele>110</ele><time>2026-03-01T09:57:24Z</time></trkpt>
			<trkpt lat="47.246390" lon="-1.081550"><ele>111</ele><time>2026-03-01T09:57:36Z</time></trkpt>
			<trkpt lat="47.247580" lon="-1.077330"><ele>108</ele><time>2026-03-01T09:57:48Z</time></trkpt>
			<trkpt lat="47.248430" lon="-1.074850"><ele>108</ele><time>2026-03-01T09:58:00Z</time></trkpt>
			<trkpt lat="47.248590" lon="-1.074450"><ele>108</ele><time>2026-03-01T09:58:12Z</time></trkpt>
			<trkpt lat="47.248610" lon="-1.074400"><ele>108</ele><time>2026-03-01T09:58:24Z</time></trkpt>
			<trkpt lat="47.249030" lon="-1.073440"><ele>107</ele><time>2026-03-01T09:58:36Z</time></trkpt>
			<trkpt lat="47.249110" lon="-1.073240"><ele>107</ele><time>2026-03-01T09:58:48Z</time></trkpt>
			<trkpt lat="47.249200" lon="-1.073040"><ele>107</ele><time>2026-03-01T09:59:00Z</time></trkpt>
			<trkpt lat="47.250380" lon="-1.070300"><ele>104</ele><time>2026-03-01T09:59:12Z</time></trkpt>
			<trkpt lat="47.250470" lon="-1.070060"><ele>104</ele><time>2026-03-01T09:59:24Z</time></trkpt>
			<trkpt lat="47.252080" lon="-1.071810"><ele>101</ele><time>2026-03-01T09:59:36Z</time></trkpt>
			<trkpt lat="47.252190" lon="-1.071890"><ele>101</ele><time>2026-03-01T09:59:48Z</time></trkpt>
			<trkpt lat="47.252330" lon="-1.071960"><ele>101</ele><time>2026-03-01T10:00:00Z</time></trkpt>
			<trkpt lat="47.253170" lon="-1.072120"><ele>100</ele><time>2026-03-01T10:00:12Z</time></trkpt>
			<trkpt lat="47.253800" lon="-1.072240"><ele>98</ele><time>2026-03-01T10:00:24Z</time></trkpt>
			<trkpt lat="47.254580" lon="-1.072350"><ele>95</ele><time>2026-03-01T10:00:36Z</time></trkpt>
			<trkpt lat="47.255040" lon="-1.072370"><ele>93</ele><time>2026-03-01T10:00:48Z</time></trkpt>
			<trkpt lat="47.255770" lon="-1.072360"><ele>90</ele><time>2026-03-01T10:01:00Z</time></trkpt>
			<trkpt lat="47.256070" lon="-1.072360"><ele>89</ele><time>2026-03-01T10:01:12Z</time></trkpt>
			<trkpt lat="47.256640" lon="-1.072340"><ele>86</ele><time>2026-03-01T10:01:24Z</time></trkpt>
			<trkpt lat="47.257130" lon="-1.072270"><ele>83</ele><time>2026-03-01T10:01:36Z</time></trkpt>
			<trkpt lat="47.257250" lon="-1.072290"><ele>82</ele><time>2026-03-01T10:01:48Z</time></trkpt>
			<trkpt lat="47.257340" lon="-1.072340"><ele>82</ele><time>2026-03-01T10:02:00Z</time></trkpt>
			<trkpt lat="47.257440" lon="-1.072420"><ele>81</ele><time>2026-03-01T10:02:12Z</time></trkpt>
			<trkpt lat="47.257600" lon="-1.072570"><ele>80</ele><time>2026-03-01T10:02:24Z</time></trkpt>
			<trkpt lat="47.258230" lon="-1.073290"><ele>79</ele><time>2026-03-01T10:02:36Z</time></trkpt>
			<trkpt lat="47.258310" lon="-1.073370"><ele>79</ele><time>2026-03-01T10:02:48Z</time></trkpt>
			<trkpt lat="47.258430" lon="-1.073430"><ele>80</ele><time>2026-03-01T10:03:00Z</time></trkpt>
			<trkpt lat="47.258590" lon="-1.073430"><ele>81</ele><time>2026-03-01T10:03:12Z</time></trkpt>
			<trkpt lat="47.258670" lon="-1.073390"><ele>81</ele><time>2026-03-01T10:03:24Z</time></trkpt>
			<trkpt lat="47.258820" lon="-1.073290"><ele>82</ele><time>2026-03-01T10:03:36Z</time></trkpt>
			<trkpt lat="47.259200" lon="-1.073060"><ele>84</ele><time>2026-03-01T10:03:48Z</time></trkpt>
			<trkpt lat="47.259360" lon="-1.073020"><ele>85</ele><time>2026-03-01T10:04:00Z</time></trkpt>
			<trkpt lat="47.259710" lon="-1.073030"><ele>88</ele><time>2026-03-01T10:04:12Z</time></trkpt>
			<trkpt lat="47.259920" lon="-1.072980"><ele>90</ele><time>2026-03-01T10:04:24Z</time></trkpt>
			<trkpt lat="47.259980" lon="-1.072980"><ele>90</ele><time>2026-03-01T10:04:36Z</time></trkpt>
			<trkpt lat="47.260090" lon="-1.072990"><ele>91</ele><time>2026-03-01T10:04:48Z</time></trkpt>
			<trkpt lat="47.260270" lon="-1.073080"><ele>93</ele><time>2026-03-01T10:05:00Z</time></trkpt>
			<trkpt lat="47.260830" lon="-1.073370"><ele>98</ele><time>2026-03-01T10:05:12Z</time></trkpt>
			<trkpt lat="47.261080" lon="-1.073450"><ele>99</ele><time>2026-03-01T10:05:24Z</time></trkpt>
			<trkpt lat="47.261500" lon="-1.073520"><ele>101</ele><time>2026-03-01T10:05:36Z</time></trkpt>
			<trkpt lat="47.262260" lon="-1.073750"><ele>103</ele><time>2026-03-01T10:05:48Z</time></trkpt>
			<trkpt lat="47.262400" lon="-1.073780"><ele>103</ele><time>2026-03-01T10:06:00Z</time></trkpt>
			<trkpt lat="47.262930" lon="-1.073790"><ele>103</ele><time>2026-03-01T10:06:12Z</time></trkpt>
			<trkpt lat="47.263180" lon="-1.073850"><ele>104</ele><time>2026-03-01T10:06:24Z</time></trkpt>
			<trkpt lat="47.263290" lon="-1.073910"><ele>104</ele><time>2026-03-01T10:06:36Z</time></trkpt>
			<trkpt lat="47.263540" lon="-1.074090"><ele>103</ele><time>2026-03-01T10:06:48Z</time></trkpt>
			<trkpt lat="47.264160" lon="-1.074370"><ele>102</ele><time>2026-03-01T10:07:00Z</time></trkpt>
			<trkpt lat="47.264340" lon="-1.074440"><ele>102</ele><time>2026-03-01T10:07:12Z</time></trkpt>
			<trkpt lat="47.264640" lon="-1.074580"><ele>102</ele><time>2026-03-01T10:07:24Z</time></trkpt>
			<trkpt lat="47.264740" lon="-1.074680"><ele>102</ele><time>2026-03-01T10:07:36Z</time></trkpt>
			<trkpt lat="47.265050" lon="-1.075060"><ele>102</ele><time>2026-03-01T10:07:48Z</time></trkpt>
			<trkpt lat="47.265390" lon="-1.075480"><ele>102</ele><time>2026-03-01T10:08:00Z</time></trkpt>
			<trkpt lat="47.265580" lon="-1.075730"><ele>102</ele><time>2026-03-01T10:08:12Z</time></trkpt>
			<trkpt lat="47.265690" lon="-1.075820"><ele>102</ele><time>2026-03-01T10:08:24Z</time></trkpt>
			<trkpt lat="47.265810" lon="-1.075890"><ele>102</ele><time>2026-03-01T10:08:36Z</time></trkpt>
			<trkpt lat="47.265930" lon="-1.075930"><ele>101</ele><time>2026-03-01T10:08:48Z</time></trkpt>
			<trkpt lat="47.266070" lon="-1.075930"><ele>100</ele><time>2026-03-01T10:09:00Z</time></trkpt>
			<trkpt lat="47.266270" lon="-1.075870"><ele>99</ele><time>2026-03-01T10:09:12Z</time></trkpt>
			<trkpt lat="47.267020" lon="-1.075480"><ele>96</ele><time>2026-03-01T10:09:24Z</time></trkpt>
			<trkpt lat="47.267230" lon="-1.075400"><ele>95</ele><time>2026-03-01T10:09:36Z</time></trkpt>
			<trkpt lat="47.268180" lon="-1.075170"><ele>91</ele><time>2026-03-01T10:09:48Z</time></trkpt>
			<trkpt lat="47.268450" lon="-1.075070"><ele>90</ele><time>2026-03-01T10:10:00Z</time></trkpt>
			<trkpt lat="47.269340" lon="-1.074590"><ele>88</ele><time>2026-03-01T10:10:12Z</time></trkpt>
			<trkpt lat="47.269490" lon="-1.074510"><ele>87</ele><time>2026-03-01T10:10:24Z</time></trkpt>
			<trkpt lat="47.270340" lon="-1.074070"><ele>84</ele><time>2026-03-01T10:10:36Z</time></trkpt>
			<trkpt lat="47.271170" lon="-1.073770"><ele>82</ele><time>2026-03-01T10:10:48Z</time></trkpt>
			<trkpt lat="47.271230" lon="-1.073790"><ele>82</ele><time>2026-03-01T10:11:00Z</time></trkpt>
			<trkpt lat="47.271280" lon="-1.073580"><ele>81</ele><time>2026-03-01T10:11:12Z</time></trkpt>
			<trkpt lat="47.271390" lon="-1.073180"><ele>80</ele><time>2026-03-01T10:11:24Z</time></trkpt>
			<trkpt lat="47.271420" lon="-1.073120"><ele>79</ele><time>2026-03-01T10:11:36Z</time></trkpt>
			<trkpt lat="47.271510" lon="-1.073080"><ele>79</ele><time>2026-03-01T10:11:48Z</time></trkpt>
			<trkpt lat="47.271620" lon="-1.073610"><ele>81</ele><time>2026-03-01T10:12:00Z</time></trkpt>
			<trkpt lat="47.271680" lon="-1.073780"><ele>82</ele><time>2026-03-01T10:12:12Z</time></trkpt>
			<trkpt lat="47.271760" lon="-1.073950"><ele>83</ele><time>2026-03-01T10:12:24Z</time></trkpt>
			<trkpt lat="47.271950" lon="-1.074200"><ele>84</ele><time>2026-03-01T10:12:36Z</time></trkpt>
			<trkpt lat="47.272100" lon="-1.074440"><ele>86</ele><time>2026-03-01T10:12:48Z</time></trkpt>
			<trkpt lat="47.272140" lon="-1.074530"><ele>86</ele><time>2026-03-01T10:13:00Z</time></trkpt>
			<trkpt lat="47.272260" lon="-1.074810"><ele>87</ele><time>2026-03-01T10:13:12Z</time></trkpt>
			<trkpt lat="47.272520" lon="-1.075660"><ele>88</ele><time>2026-03-01T10:13:24Z</time></trkpt>
			<trkpt lat="47.272560" lon="-1.075850"><ele>88</ele><time>2026-03-01T10:13:36Z</time></trkpt>
			<trkpt lat="47.272750" lon="-1.075830"><ele>88</ele><time>2026-03-01T10:13:48Z</time></trkpt>
			<trkpt lat="47.273250" lon="-1.075820"><ele>88</ele><time>2026-03-01T10:14:00Z</time></trkpt>
			<trkpt lat="47.273340" lon="-1.075830"><ele>88</ele><time>2026-03-01T10:14:12Z</time></trkpt>
			<trkpt lat="47.273630" lon="-1.075850"><ele>86</ele><time>2026-03-01T10:14:24Z</time></trkpt>
			<trkpt lat="47.273820" lon="-1.075860"><ele>85</ele><time>2026-03-01T10:14:36Z</time></trkpt>
			<trkpt lat="47.273900" lon="-1.075880"><ele>85</ele><time>2026-03-01T10:14:48Z</time></trkpt>
			<trkpt lat="47.274000" lon="-1.075950"><ele>84</ele><time>2026-03-01T10:15:00Z</time></trkpt>
			<trkpt lat="47.274100" lon="-1.076060"><ele>84</ele><time>2026-03-01T10:15:12Z</time></trkpt>
			<trkpt lat="47.274280" lon="-1.076320"><ele>83</ele><time>2026-03-01T10:15:24Z</time></trkpt>
			<trkpt lat="47.274680" lon="-1.076980"><ele>82</ele><time>2026-03-01T10:15:36Z</time></trkpt>
			<trkpt lat="47.275000" lon="-1.077370"><ele>82</ele><time>2026-03-01T10:15:48Z</time></trkpt>
			<trkpt lat="47.275140" lon="-1.077510"><ele>83</ele><time>2026-03-01T10:16:00Z</time></trkpt>
			<trkpt lat="47.275360" lon="-1.077750"><ele>84</ele><time>2026-03-01T10:16:12Z</time></trkpt>
			<trkpt lat="47.275570" lon="-1.077930"><ele>86</ele><time>2026-03-01T10:16:24Z</time></trkpt>
			<trkpt lat="47.276420" lon="-1.078490"><ele>90</ele><time>2026-03-01T10:16:36Z</time></trkpt>
			<trkpt lat="47.276860" lon="-1.078800"><ele>91</ele><time>2026-03-01T10:16:48Z</time></trkpt>
			<trkpt lat="47.277110" lon="-1.079040"><ele>92</ele><time>2026-03-01T10:17:00Z</time></trkpt>
			<trkpt lat="47.277900" lon="-1.079840"><ele>94</ele><time>2026-03-01T10:17:12Z</time></trkpt>
			<trkpt lat="47.278130" lon="-1.080020"><ele>94</ele><time>2026-03-01T10:17:24Z</time></trkpt>
			<trkpt lat="47.278350" lon="-1.080150"><ele>94</ele><time>2026-03-01T10:17:36Z</time></trkpt>
			<trkpt lat="47.278910" lon="-1.080440"><ele>93</ele><time>2026-03-01T10:17:48Z</time></trkpt>
			<trkpt lat="47.279060" lon="-1.080500"><ele>93</ele><time>2026-03-01T10:18:00Z</time></trkpt>
			<trkpt lat="47.279200" lon="-1.080510"><ele>93</ele><time>2026-03-01T10:18:12Z</time></trkpt>
			<trkpt lat="47.279510" lon="-1.080480"><ele>92</ele><time>2026-03-01T10:18:24Z</time></trkpt>
			<trkpt lat="47.280340" lon="-1.080390"><ele>90</ele><time>2026-03-01T10:18:36Z</time></trkpt>
			<trkpt lat="47.280610" lon="-1.080350"><ele>89</ele><time>2026-03-01T10:18:48Z</time></trkpt>
			<trkpt lat="47.281040" lon="-1.080200"><ele>88</ele><time>2026-03-01T10:19:00Z</time></trkpt>
			<trkpt lat="47.281550" lon="-1.079950"><ele>88</ele><time>2026-03-01T10:19:12Z</time></trkpt>
			<trkpt lat="47.282030" lon="-1.079690"><ele>87</ele><time>2026-03-01T10:19:24Z</time></trkpt>
			<trkpt lat="47.282250" lon="-1.079600"><ele>87</ele><time>2026-03-01T10:19:36Z</time></trkpt>
			<trkpt lat="47.282500" lon="-1.079570"><ele>87</ele><time>2026-03-01T10:19:48Z</time></trkpt>
			<trkpt lat="47.282710" lon="-1.079600"><ele>85</ele><time>2026-03-01T10:20:00Z</time></trkpt>
			<trkpt lat="47.283060" lon="-1.079680"><ele>84</ele><time>2026-03-01T10:20:12Z</time></trkpt>
			<trkpt lat="47.283360" lon="-1.079720"><ele>82</ele><time>2026-03-01T10:20:24Z</time></trkpt>
			<trkpt lat="47.284630" lon="-1.079700"><ele>83</ele><time>2026-03-01T10:20:36Z</time></trkpt>
			<trkpt lat="47.284910" lon="-1.079750"><ele>84</ele><time>2026-03-01T10:20:48Z</time></trkpt>
			<trkpt lat="47.285260" lon="-1.079880"><ele>84</ele><time>2026-03-01T10:21:00Z</time></trkpt>
			<trkpt lat="47.285740" lon="-1.080100"><ele>84</ele><time>2026-03-01T10:21:12Z</time></trkpt>
			<trkpt lat="47.286740" lon="-1.080650"><ele>81</ele><time>2026-03-01T10:21:24Z</time></trkpt>
			<trkpt lat="47.286920" lon="-1.080740"><ele>80</ele><time>2026-03-01T10:21:36Z</time></trkpt>
			<trkpt lat="47.287120" lon="-1.080780"><ele>78</ele><time>2026-03-01T10:21:48Z</time></trkpt>
			<trkpt lat="47.287320" lon="-1.080800"><ele>77</ele><time>2026-03-01T10:22:00Z</time></trkpt>
			<trkpt lat="47.287510" lon="-1.080780"><ele>76</ele><time>2026-03-01T10:22:12Z</time></trkpt>
			<trkpt lat="47.287710" lon="-1.080720"><ele>75</ele><time>2026-03-01T10:22:24Z</time></trkpt>
			<trkpt lat="47.287900" lon="-1.080630"><ele>74</ele><time>2026-03-01T10:22:36Z</time></trkpt>
			<trkpt lat="47.288110" lon="-1.080480"><ele>73</ele><time>2026-03-01T10:22:48Z</time></trkpt>
			<trkpt lat="47.288730" lon="-1.079890"><ele>67</ele><time>2026-03-01T10:23:00Z</time></trkpt>
			<trkpt lat="47.289010" lon="-1.079580"><ele>64</ele><time>2026-03-01T10:23:12Z</time></trkpt>
			<trkpt lat="47.289540" lon="-1.079100"><ele>61</ele><time>2026-03-01T10:23:24Z</time></trkpt>
			<trkpt lat="47.289670" lon="-1.079030"><ele>60</ele><time>2026-03-01T10:23:36Z</time></trkpt>
			<trkpt lat="47.289790" lon="-1.079000"><ele>60</ele><time>2026-03-01T10:23:48Z</time></trkpt>
			<trkpt lat="47.289900" lon="-1.079020"><ele>59</ele><time>2026-03-01T10:24:00Z</time></trkpt>
			<trkpt lat="47.290070" lon="-1.079100"><ele>58</ele><time>2026-03-01T10:24:12Z</time></trkpt>
			<trkpt lat="47.290370" lon="-1.079340"><ele>58</ele><time>2026-03-01T10:24:24Z</time></trkpt>
			<trkpt lat="47.290540" lon="-1.079390"><ele>58</ele><time>2026-03-01T10:24:36Z</time></trkpt>
			<trkpt lat="47.290790" lon="-1.079360"><ele>58</ele><time>2026-03-01T10:24:48Z</time></trkpt>
			<trkpt lat="47.291360" lon="-1.079190"><ele>52</ele><time>2026-03-01T10:25:00Z</time></trkpt>
			<trkpt lat="47.291730" lon="-1.079060"><ele>48</ele><time>2026-03-01T10:25:12Z</time></trkpt>
			<trkpt lat="47.292160" lon="-1.078850"><ele>43</ele><time>2026-03-01T10:25:24Z</time></trkpt>
			<trkpt lat="47.292290" lon="-1.078750"><ele>41</ele><time>2026-03-01T10:25:36Z</time></trkpt>
			<trkpt lat="47.292380" lon="-1.078640"><ele>40</ele><time>2026-03-01T10:25:48Z</time></trkpt>
			<trkpt lat="47.292430" lon="-1.078510"><ele>40</ele><time>2026-03-01T10:26:00Z</time></trkpt>
			<trkpt lat="47.292470" lon="-1.078350"><ele>40</ele><time>2026-03-01T10:26:12Z</time></trkpt>
			<trkpt lat="47.292530" lon="-1.077720"><ele>43</ele><time>2026-03-01T10:26:24Z</time></trkpt>
			<trkpt lat="47.292570" lon="-1.077550"><ele>43</ele><time>2026-03-01T10:26:36Z</time></trkpt>
			<trkpt lat="47.292650" lon="-1.077450"><ele>43</ele><time>2026-03-01T10:26:48Z</time></trkpt>
			<trkpt lat="47.292710" lon="-1.077410"><ele>42</ele><time>2026-03-01T10:27:00Z</time></trkpt>
			<trkpt lat="47.292800" lon="-1.077410"><ele>40</ele><time>2026-03-01T10:27:12Z</time></trkpt>
			<trkpt lat="47.292940" lon="-1.077470"><ele>37</ele><time>2026-03-01T10:27:24Z</time></trkpt>
			<trkpt lat="47.293940" lon="-1.078230"><ele>32</ele><time>2026-03-01T10:27:36Z</time></trkpt>
			<trkpt lat="47.294260" lon="-1.078480"><ele>36</ele><time>2026-03-01T10:27:48Z</time></trkpt>
			<trkpt lat="47.294990" lon="-1.078980"><ele>44</ele><time>2026-03-01T10:28:00Z</time></trkpt>
			<trkpt lat="47.295200" lon="-1.079230"><ele>46</ele><time>2026-03-01T10:28:12Z</time></trkpt>
			<trkpt lat="47.295440" lon="-1.079630"><ele>50</ele><time>2026-03-01T10:28:24Z</time></trkpt>
			<trkpt lat="47.295580" lon="-1.079810"><ele>52</ele><time>2026-03-01T10:28:36Z</time></trkpt>
			<trkpt lat="47.295760" lon="-1.079950"><ele>53</ele><time>2026-03-01T10:28:48Z</time></trkpt>
			<trkpt lat="47.296010" lon="-1.080120"><ele>55</ele><time>2026-03-01T10:29:00Z</time></trkpt>
			<trkpt lat="47.296250" lon="-1.080250"><ele>56</ele><time>2026-03-01T10:29:12Z</time></trkpt>
			<trkpt lat="47.296400" lon="-1.080310"><ele>56</ele><time>2026-03-01T10:29:24Z</time></trkpt>
			<trkpt lat="47.296580" lon="-1.080320"><ele>57</ele><time>2026-03-01T10:29:36Z</time></trkpt>
			<trkpt lat="47.297030" lon="-1.080280"><ele>59</ele><time>2026-03-01T10:29:48Z</time></trkpt>
			<trkpt lat="47.297230" lon="-1.080280"><ele>60</ele><time>2026-03-01T10:30:00Z</time></trkpt>
			<trkpt lat="47.297400" lon="-1.080290"><ele>61</ele><time>2026-03-01T10:30:12Z</time></trkpt>
			<trkpt lat="47.299290" lon="-1.080490"><ele>73</ele><time>2026-03-01T10:30:24Z</time></trkpt>
			<trkpt lat="47.299420" lon="-1.080470"><ele>73</ele><time>2026-03-01T10:30:36Z</time></trkpt>
			<trkpt lat="47.299490" lon="-1.080460"><ele>73</ele><time>2026-03-01T10:30:48Z</time></trkpt>
			<trkpt lat="47.300130" lon="-1.080240"><ele>75</ele><time>2026-03-01T10:31:00Z</time></trkpt>
			<trkpt lat="47.300200" lon="-1.080230"><ele>75</ele><time>2026-03-01T10:31:12Z</time></trkpt>
			<trkpt lat="47.300290" lon="-1.080250"><ele>75</ele><time>2026-03-01T10:31:24Z</time></trkpt>
			<trkpt lat="47.300350" lon="-1.080260"><ele>75</ele><time>2026-03-01T10:31:36Z</time></trkpt>
			<trkpt lat="47.300390" lon="-1.080280"><ele>76</ele><time>2026-03-01T10:31:48Z</time></trkpt>
			<trkpt lat="47.300590" lon="-1.080400"><ele>76</ele><time>2026-03-01T10:32:00Z</time></trkpt>
			<trkpt lat="47.300700" lon="-1.080410"><ele>77</ele><time>2026-03-01T10:32:12Z</time></trkpt>
			<trkpt lat="47.300830" lon="-1.080400"><ele>77</ele><time>2026-03-01T10:32:24Z</time></trkpt>
			<trkpt lat="47.300920" lon="-1.080360"><ele>77</ele><time>2026-03-01T10:32:36Z</time></trkpt>
			<trkpt lat="47.301060" lon="-1.080330"><ele>77</ele><time>2026-03-01T10:32:48Z</time></trkpt>
			<trkpt lat="47.301100" lon="-1.080320"><ele>77</ele><time>2026-03-01T10:33:00Z</time></trkpt>
			<trkpt lat="47.301260" lon="-1.080250"><ele>78</ele><time>2026-03-01T10:33:12Z</time></trkpt>
			<trkpt lat="47.301380" lon="-1.080110"><ele>78</ele><time>2026-03-01T10:33:24Z</time></trkpt>
			<trkpt lat="47.301430" lon="-1.080070"><ele>78</ele><time>2026-03-01T10:33:36Z</time></trkpt>
			<trkpt lat="47.301610" lon="-1.080040"><ele>78</ele><time>2026-03-01T10:33:48Z</time></trkpt>
			<trkpt lat="47.301630" lon="-1.080040"><ele>78</ele><time>2026-03-01T10:34:00Z</time></trkpt>
			<trkpt lat="47.301780" lon="-1.080080"><ele>78</ele><time>2026-03-01T10:34:12Z</time></trkpt>
			<trkpt lat="47.301910" lon="-1.080140"><ele>79</ele><time>2026-03-01T10:34:24Z</time></trkpt>
			<trkpt lat="47.302020" lon="-1.080190"><ele>79</ele><time>2026-03-01T10:34:36Z</time></trkpt>
			<trkpt lat="47.302370" lon="-1.080310"><ele>81</ele><time>2026-03-01T10:34:48Z</time></trkpt>
			<trkpt lat="47.302510" lon="-1.080370"><ele>81</ele><time>2026-03-01T10:35:00Z</time></trkpt>
			<trkpt lat="47.302620" lon="-1.080450"><ele>81</ele><time>2026-03-01T10:35:12Z</time></trkpt>
			<trkpt lat="47.302700" lon="-1.080480"><ele>82</ele><time>2026-03-01T10:35:24Z</time></trkpt>
			<trkpt lat="47.302750" lon="-1.080500"><ele>82</ele><time>2026-03-01T10:35:36Z</time></trkpt>
			<trkpt lat="47.303330" lon="-1.080580"><ele>84</ele><time>2026-03-01T10:35:48Z</time></trkpt>
			<trkpt lat="47.303970" lon="-1.080690"><ele>85</ele><time>2026-03-01T10:36:00Z</time></trkpt>
			<trkpt lat="47.304690" lon="-1.080820"><ele>87</ele><time>2026-03-01T10:36:12Z</time></trkpt>
			<trkpt lat="47.304910" lon="-1.080890"><ele>88</ele><time>2026-03-01T10:36:24Z</time></trkpt>
			<trkpt lat="47.306260" lon="-1.081300"><ele>90</ele><time>2026-03-01T10:36:36Z</time></trkpt>
			<trkpt lat="47.307590" lon="-1.081660"><ele>90</ele><time>2026-03-01T10:36:48Z</time></trkpt>
			<trkpt lat="47.307800" lon="-1.081730"><ele>90</ele><time>2026-03-01T10:37:00Z</time></trkpt>
			<trkpt lat="47.307990" lon="-1.081830"><ele>91</ele><time>2026-03-01T10:37:12Z</time></trkpt>
			<trkpt lat="47.308480" lon="-1.082110"><ele>91</ele><time>2026-03-01T10:37:24Z</time></trkpt>
			<trkpt lat="47.309390" lon="-1.082600"><ele>93</ele><time>2026-03-01T10:37:36Z</time></trkpt>
			<trkpt lat="47.309680" lon="-1.082720"><ele>94</ele><time>2026-03-01T10:37:48Z</time></trkpt>
			<trkpt lat="47.310030" lon="-1.082850"><ele>95</ele><time>2026-03-01T10:38:00Z</time></trkpt>
			<trkpt lat="47.310220" lon="-1.082930"><ele>95</ele><time>2026-03-01T10:38:12Z</time></trkpt>
			<trkpt lat="47.310710" lon="-1.083150"><ele>96</ele><time>2026-03-01T10:38:24Z</time></trkpt>
			<trkpt lat="47.310730" lon="-1.083080"><ele>96</ele><time>2026-03-01T10:38:36Z</time></trkpt>
			<trkpt lat="47.310810" lon="-1.082910"><ele>95</ele><time>2026-03-01T10:38:48Z</time></trkpt>
			<trkpt lat="47.310830" lon="-1.082870"><ele>95</ele><time>2026-03-01T10:39:00Z</time></trkpt>
			<trkpt lat="47.310890" lon="-1.082820"><ele>95</ele><time>2026-03-01T10:39:12Z</time></trkpt>
			<trkpt lat="47.311020" lon="-1.082770"><ele>95</ele><time>2026-03-01T10:39:24Z</time></trkpt>
			<trkpt lat="47.311150" lon="-1.082690"><ele>95</ele><time>2026-03-01T10:39:36Z</time></trkpt>
			<trkpt lat="47.311240" lon="-1.082620"><ele>95</ele><time>2026-03-01T10:39:48Z</time></trkpt>
			<trkpt lat="47.311400" lon="-1.082460"><ele>95</ele><time>2026-03-01T10:40:00Z</time></trkpt>
			<trkpt lat="47.311850" lon="-1.081920"><ele>94</ele><time>2026-03-01T10:40:12Z</time></trkpt>
			<trkpt lat="47.312560" lon="-1.081120"><ele>91</ele><time>2026-03-01T10:40:24Z</time></trkpt>
			<trkpt lat="47.312760" lon="-1.080880"><ele>90</ele><time>2026-03-01T10:40:36Z</time></trkpt>
			<trkpt lat="47.313060" lon="-1.080540"><ele>91</ele><time>2026-03-01T10:40:48Z</time></trkpt>
			<trkpt lat="47.313250" lon="-1.080300"><ele>92</ele><time>2026-03-01T10:41:00Z</time></trkpt>
			<trkpt lat="47.313460" lon="-1.080020"><ele>92</ele><time>2026-03-01T10:41:12Z</time></trkpt>
			<trkpt lat="47.313700" lon="-1.079660"><ele>93</ele><time>2026-03-01T10:41:24Z</time></trkpt>
			<trkpt lat="47.313850" lon="-1.079370"><ele>94</ele><time>2026-03-01T10:41:36Z</time></trkpt>
			<trkpt lat="47.314450" lon="-1.078040"><ele>96</ele><time>2026-03-01T10:41:48Z</time></trkpt>
			<trkpt lat="47.314530" lon="-1.077900"><ele>96</ele><time>2026-03-01T10:42:00Z</time></trkpt>
			<trkpt lat="47.314670" lon="-1.077660"><ele>96</ele><time>2026-03-01T10:42:12Z</time></trkpt>
			<trkpt lat="47.315650" lon="-1.076110"><ele>98</ele><time>2026-03-01T10:42:24Z</time></trkpt>
			<trkpt lat="47.315790" lon="-1.075900"><ele>98</ele><time>2026-03-01T10:42:36Z</time></trkpt>
			<trkpt lat="47.316420" lon="-1.074890"><ele>99</ele><time>2026-03-01T10:42:48Z</time></trkpt>
			<trkpt lat="47.316470" lon="-1.074780"><ele>99</ele><time>2026-03-01T10:43:00Z</time></trkpt>
			<trkpt lat="47.316520" lon="-1.074690"><ele>99</ele><time>2026-03-01T10:43:12Z</time></trkpt>
			<trkpt lat="47.316550" lon="-1.074580"><ele>99</ele><time>2026-03-01T10:43:24Z</time></trkpt>
			<trkpt lat="47.316570" lon="-1.074450"><ele>100</ele><time>2026-03-01T10:43:36Z</time></trkpt>
			<trkpt lat="47.316590" lon="-1.074190"><ele>100</ele><time>2026-03-01T10:43:48Z</time></trkpt>
			<trkpt lat="47.316600" lon="-1.074070"><ele>100</ele><time>2026-03-01T10:44:00Z</time></trkpt>
			<trkpt lat="47.316630" lon="-1.073950"><ele>100</ele><time>2026-03-01T10:44:12Z</time></trkpt>
			<trkpt lat="47.317230" lon="-1.072360"><ele>99</ele><time>2026-03-01T10:44:24Z</time></trkpt>
			<trkpt lat="47.317330" lon="-1.072150"><ele>99</ele><time>2026-03-01T10:44:36Z</time></trkpt>
			<trkpt lat="47.317380" lon="-1.072050"><ele>98</ele><time>2026-03-01T10:44:48Z</time></trkpt>
			<trkpt lat="47.317940" lon="-1.071120"><ele>97</ele><time>2026-03-01T10:45:00Z</time></trkpt>
			<trkpt lat="47.318100" lon="-1.070870"><ele>97</ele><time>2026-03-01T10:45:12Z</time></trkpt>
			<trkpt lat="47.319200" lon="-1.069060"><ele>97</ele><time>2026-03-01T10:45:24Z</time></trkpt>
			<trkpt lat="47.319380" lon="-1.068800"><ele>98</ele><time>2026-03-01T10:45:36Z</time></trkpt>
			<trkpt lat="47.320200" lon="-1.067700"><ele>100</ele><time>2026-03-01T10:45:48Z</time></trkpt>
			<trkpt lat="47.320560" lon="-1.067200"><ele>100</ele><time>2026-03-01T10:46:00Z</time></trkpt>
			<trkpt lat="47.320770" lon="-1.066930"><ele>99</ele><time>2026-03-01T10:46:12Z</time></trkpt>
			<trkpt lat="47.320880" lon="-1.066800"><ele>99</ele><time>2026-03-01T10:46:24Z</time></trkpt>
			<trkpt lat="47.321000" lon="-1.066690"><ele>99</ele><time>2026-03-01T10:46:36Z</time></trkpt>
			<trkpt lat="47.321060" lon="-1.066640"><ele>98</ele><time>2026-03-01T10:46:48Z</time></trkpt>
			<trkpt lat="47.321190" lon="-1.066550"><ele>98</ele><time>2026-03-01T10:47:00Z</time></trkpt>
			<trkpt lat="47.323720" lon="-1.065010"><ele>89</ele><time>2026-03-01T10:47:12Z</time></trkpt>
			<trkpt lat="47.326290" lon="-1.063600"><ele>90</ele><time>2026-03-01T10:47:24Z</time></trkpt>
			<trkpt lat="47.327410" lon="-1.062950"><ele>93</ele><time>2026-03-01T10:47:36Z</time></trkpt>
			<trkpt lat="47.327610" lon="-1.062790"><ele>94</ele><time>2026-03-01T10:47:48Z</time></trkpt>
			<trkpt lat="47.327960" lon="-1.062450"><ele>94</ele><time>2026-03-01T10:48:00Z</time></trkpt>
			<trkpt lat="47.328110" lon="-1.062320"><ele>94</ele><time>2026-03-01T10:48:12Z</time></trkpt>
			<trkpt lat="47.328470" lon="-1.061940"><ele>95</ele><time>2026-03-01T10:48:24Z</time></trkpt>
			<trkpt lat="47.329320" lon="-1.061120"><ele>96</ele><time>2026-03-01T10:48:36Z</time></trkpt>
			<trkpt lat="47.329740" lon="-1.060700"><ele>95</ele><time>2026-03-01T10:48:48Z</time></trkpt>
			<trkpt lat="47.329930" lon="-1.060530"><ele>95</ele><time>2026-03-01T10:49:00Z</time></trkpt>
			<trkpt lat="47.330070" lon="-1.060450"><ele>95</ele><time>2026-03-01T10:49:12Z</time></trkpt>
			<trkpt lat="47.330230" lon="-1.060390"><ele>95</ele><time>2026-03-01T10:49:24Z</time></trkpt>
			<trkpt lat="47.330360" lon="-1.060390"><ele>95</ele><time>2026-03-01T10:49:36Z</time></trkpt>
			<trkpt lat="47.330510" lon="-1.060420"><ele>95</ele><time>2026-03-01T10:49:48Z</time></trkpt>
			<trkpt lat="47.330660" lon="-1.060480"><ele>95</ele><time>2026-03-01T10:50:00Z</time></trkpt>
			<trkpt lat="47.331030" lon="-1.060660"><ele>95</ele><time>2026-03-01T10:50:12Z</time></trkpt>
			<trkpt lat="47.331150" lon="-1.060700"><ele>95</ele><time>2026-03-01T10:50:24Z</time></trkpt>
			<trkpt lat="47.331260" lon="-1.060700"><ele>95</ele><time>2026-03-01T10:50:36Z</time></trkpt>
			<trkpt lat="47.331340" lon="-1.060670"><ele>95</ele><time>2026-03-01T10:50:48Z</time></trkpt>
			<trkpt lat="47.331400" lon="-1.060650"><ele>94</ele><time>2026-03-01T10:51:00Z</time></trkpt>
			<trkpt lat="47.331490" lon="-1.060580"><ele>94</ele><time>2026-03-01T10:51:12Z</time></trkpt>
			<trkpt lat="47.331590" lon="-1.060470"><ele>94</ele><time>2026-03-01T10:51:24Z</time></trkpt>
			<trkpt lat="47.331660" lon="-1.060360"><ele>94</ele><time>2026-03-01T10:51:36Z</time></trkpt>
			<trkpt lat="47.331740" lon="-1.060160"><ele>94</ele><time>2026-03-01T10:51:48Z</time></trkpt>
			<trkpt lat="47.331800" lon="-1.059900"><ele>94</ele><time>2026-03-01T10:52:00Z</time></trkpt>
			<trkpt lat="47.331880" lon="-1.059510"><ele>94</ele><time>2026-03-01T10:52:12Z</time></trkpt>
			<trkpt lat="47.331920" lon="-1.059230"><ele>94</ele><time>2026-03-01T10:52:24Z</time></trkpt>
			<trkpt lat="47.331950" lon="-1.058930"><ele>93</ele><time>2026-03-01T10:52:36Z</time></trkpt>
			<trkpt lat="47.331990" lon="-1.058190"><ele>92</ele><time>2026-03-01T10:52:48Z</time></trkpt>
			<trkpt lat="47.332010" lon="-1.058030"><ele>92</ele><time>2026-03-01T10:53:00Z</time></trkpt>
			<trkpt lat="47.332040" lon="-1.057770"><ele>92</ele><time>2026-03-01T10:53:12Z</time></trkpt>
			<trkpt lat="47.332090" lon="-1.057600"><ele>92</ele><time>2026-03-01T10:53:24Z</time></trkpt>
			<trkpt lat="47.332130" lon="-1.057500"><ele>92</ele><time>2026-03-01T10:53:36Z</time></trkpt>
			<trkpt lat="47.332210" lon="-1.057320"><ele>91</ele><time>2026-03-01T10:53:48Z</time></trkpt>
			<trkpt lat="47.332260" lon="-1.057210"><ele>91</ele><time>2026-03-01T10:54:00Z</time></trkpt>
			<trkpt lat="47.332680" lon="-1.056300"><ele>89</ele><time>2026-03-01T10:54:12Z</time></trkpt>
			<trkpt lat="47.332930" lon="-1.055570"><ele>87</ele><time>2026-03-01T10:54:24Z</time></trkpt>
			<trkpt lat="47.333040" lon="-1.055640"><ele>87</ele><time>2026-03-01T10:54:36Z</time></trkpt>
			<trkpt lat="47.333230" lon="-1.055740"><ele>86</ele><time>2026-03-01T10:54:48Z</time></trkpt>
			<trkpt lat="47.333700" lon="-1.055950"><ele>83</ele><time>2026-03-01T10:55:00Z</time></trkpt>
			<trkpt lat="47.333790" lon="-1.055990"><ele>83</ele><time>2026-03-01T10:55:12Z</time></trkpt>
			<trkpt lat="47.333920" lon="-1.056090"><ele>82</ele><time>2026-03-01T10:55:24Z</time></trkpt>
			<trkpt lat="47.333970" lon="-1.056140"><ele>82</ele><time>2026-03-01T10:55:36Z</time></trkpt>
			<trkpt lat="47.334060" lon="-1.056210"><ele>82</ele><time>2026-03-01T10:55:48Z</time></trkpt>
			<trkpt lat="47.334430" lon="-1.056530"><ele>79</ele><time>2026-03-01T10:56:00Z</time></trkpt>
			<trkpt lat="47.334460" lon="-1.056570"><ele>79</ele><time>2026-03-01T10:56:12Z</time></trkpt>
			<trkpt lat="47.334610" lon="-1.056690"><ele>78</ele><time>2026-03-01T10:56:24Z</time></trkpt>
			<trkpt lat="47.334770" lon="-1.056790"><ele>77</ele><time>2026-03-01T10:56:36Z</time></trkpt>
			<trkpt lat="47.334880" lon="-1.056850"><ele>77</ele><time>2026-03-01T10:56:48Z</time></trkpt>
			<trkpt lat="47.335020" lon="-1.056920"><ele>76</ele><time>2026-03-01T10:57:00Z</time></trkpt>
			<trkpt lat="47.335120" lon="-1.056950"><ele>76</ele><time>2026-03-01T10:57:12Z</time></trkpt>
			<trkpt lat="47.335190" lon="-1.056950"><ele>76</ele><time>2026-03-01T10:57:24Z</time></trkpt>
			<trkpt lat="47.335240" lon="-1.056940"><ele>76</ele><time>2026-03-01T10:57:36Z</time></trkpt>
			<trkpt lat="47.335350" lon="-1.056890"><ele>76</ele><time>2026-03-01T10:57:48Z</time></trkpt>
			<trkpt lat="47.335610" lon="-1.056690"><ele>75</ele><time>2026-03-01T10:58:00Z</time></trkpt>
			<trkpt lat="47.335860" lon="-1.056510"><ele>74</ele><time>2026-03-01T10:58:12Z</time></trkpt>
			<trkpt lat="47.336110" lon="-1.056360"><ele>73</ele><time>2026-03-01T10:58:24Z</time></trkpt>
			<trkpt lat="47.336150" lon="-1.056330"><ele>72</ele><time>2026-03-01T10:58:36Z</time></trkpt>
			<trkpt lat="47.336320" lon="-1.056230"><ele>71</ele><time>2026-03-01T10:58:48Z</time></trkpt>
			<trkpt lat="47.336390" lon="-1.056210"><ele>71</ele><time>2026-03-01T10:59:00Z</time></trkpt>
			<trkpt lat="47.336470" lon="-1.056190"><ele>70</ele><time>2026-03-01T10:59:12Z</time></trkpt>
			<trkpt lat="47.336660" lon="-1.056170"><ele>70</ele><time>2026-03-01T10:59:24Z</time></trkpt>
			<trkpt lat="47.336980" lon="-1.056160"><ele>69</ele><time>2026-03-01T10:59:36Z</time></trkpt>
			<trkpt lat="47.337470" lon="-1.056140"><ele>67</ele><time>2026-03-01T10:59:48Z</time></trkpt>
			<trkpt lat="47.337960" lon="-1.056120"><ele>64</ele><time>2026-03-01T11:00:00Z</time></trkpt>
			<trkpt lat="47.338080" lon="-1.056070"><ele>64</ele><time>2026-03-01T11:00:12Z</time></trkpt>
			<trkpt lat="47.338220" lon="-1.055990"><ele>63</ele><time>2026-03-01T11:00:24Z</time></trkpt>
			<trkpt lat="47.338420" lon="-1.055850"><ele>62</ele><time>2026-03-01T11:00:36Z</time></trkpt>
			<trkpt lat="47.339410" lon="-1.055040"><ele>56</ele><time>2026-03-01T11:00:48Z</time></trkpt>
			<trkpt lat="47.339590" lon="-1.054920"><ele>55</ele><time>2026-03-01T11:01:00Z</time></trkpt>
			<trkpt lat="47.339840" lon="-1.054780"><ele>54</ele><time>2026-03-01T11:01:12Z</time></trkpt>
			<trkpt lat="47.340270" lon="-1.054570"><ele>50</ele><time>2026-03-01T11:01:24Z</time></trkpt>
			<trkpt lat="47.340800" lon="-1.054350"><ele>45</ele><time>2026-03-01T11:01:36Z</time></trkpt>
			<trkpt lat="47.341000" lon="-1.054310"><ele>44</ele><time>2026-03-01T11:01:48Z</time></trkpt>
			<trkpt lat="47.341220" lon="-1.054280"><ele>43</ele><time>2026-03-01T11:02:00Z</time></trkpt>
			<trkpt lat="47.341850" lon="-1.054180"><ele>41</ele><time>2026-03-01T11:02:12Z</time></trkpt>
			<trkpt lat="47.342200" lon="-1.054100"><ele>39</ele><time>2026-03-01T11:02:24Z</time></trkpt>
			<trkpt lat="47.343160" lon="-1.053850"><ele>35</ele><time>2026-03-01T11:02:36Z</time></trkpt>
			<trkpt lat="47.343660" lon="-1.053700"><ele>34</ele><time>2026-03-01T11:02:48Z</time></trkpt>
			<trkpt lat="47.344890" lon="-1.053350"><ele>29</ele><time>2026-03-01T11:03:00Z</time></trkpt>
			<trkpt lat="47.345280" lon="-1.053220"><ele>28</ele><time>2026-03-01T11:03:12Z</time></trkpt>
			<trkpt lat="47.345920" lon="-1.052970"><ele>27</ele><time>2026-03-01T11:03:24Z</time></trkpt>
			<trkpt lat="47.346800" lon="-1.052610"><ele>24</ele><time>2026-03-01T11:03:36Z</time></trkpt>
			<trkpt lat="47.347060" lon="-1.052490"><ele>24</ele><time>2026-03-01T11:03:48Z</time></trkpt>
			<trkpt lat="47.347260" lon="-1.052380"><ele>24</ele><time>2026-03-01T11:04:00Z</time></trkpt>
			<trkpt lat="47.347440" lon="-1.052270"><ele>24</ele><time>2026-03-01T11:04:12Z</time></trkpt>
			<trkpt lat="47.347620" lon="-1.052130"><ele>24</ele><time>2026-03-01T11:04:24Z</time></trkpt>
			<trkpt lat="47.348000" lon="-1.051790"><ele>22</ele><time>2026-03-01T11:04:36Z</time></trkpt>
			<trkpt lat="47.348130" lon="-1.051700"><ele>21</ele><time>2026-03-01T11:04:48Z</time></trkpt>
			<trkpt lat="47.348230" lon="-1.051650"><ele>21</ele><time>2026-03-01T11:05:00Z</time></trkpt>
			<trkpt lat="47.348350" lon="-1.051620"><ele>20</ele><time>2026-03-01T11:05:12Z</time></trkpt>
			<trkpt lat="47.348520" lon="-1.051610"><ele>21</ele><time>2026-03-01T11:05:24Z</time></trkpt>
			<trkpt lat="47.348780" lon="-1.051610"><ele>21</ele><time>2026-03-01T11:05:36Z</time></trkpt>
			<trkpt lat="47.348870" lon="-1.051600"><ele>21</ele><time>2026-03-01T11:05:48Z</time></trkpt>
			<trkpt lat="47.348970" lon="-1.051580"><ele>22</ele><time>2026-03-01T11:06:00Z</time></trkpt>
			<trkpt lat="47.349080" lon="-1.051530"><ele>22</ele><time>2026-03-01T11:06:12Z</time></trkpt>
			<trkpt lat="47.349460" lon="-1.051320"><ele>23</ele><time>2026-03-01T11:06:24Z</time></trkpt>
			<trkpt lat="47.349600" lon="-1.051250"><ele>24</ele><time>2026-03-01T11:06:36Z</time></trkpt>
			<trkpt lat="47.349980" lon="-1.051130"><ele>25</ele><time>2026-03-01T11:06:48Z</time></trkpt>
			<trkpt lat="47.350380" lon="-1.051020"><ele>26</ele><time>2026-03-01T11:07:00Z</time></trkpt>
			<trkpt lat="47.350540" lon="-1.051010"><ele>26</ele><time>2026-03-01T11:07:12Z</time></trkpt>
			<trkpt lat="47.351640" lon="-1.051080"><ele>28</ele><time>2026-03-01T11:07:24Z</time></trkpt>
			<trkpt lat="47.351780" lon="-1.051080"><ele>27</ele><time>2026-03-01T11:07:36Z</time></trkpt>
			<trkpt lat="47.351910" lon="-1.051060"><ele>27</ele><time>2026-03-01T11:07:48Z</time></trkpt>
			<trkpt lat="47.352040" lon="-1.051020"><ele>27</ele><time>2026-03-01T11:08:00Z</time></trkpt>
			<trkpt lat="47.352150" lon="-1.050960"><ele>27</ele><time>2026-03-01T11:08:12Z</time></trkpt>
			<trkpt lat="47.352250" lon="-1.050880"><ele>27</ele><time>2026-03-01T11:08:24Z</time></trkpt>
			<trkpt lat="47.352360" lon="-1.050790"><ele>27</ele><time>2026-03-01T11:08:36Z</time></trkpt>
			<trkpt lat="47.352810" lon="-1.050300"><ele>26</ele><time>2026-03-01T11:08:48Z</time></trkpt>
			<trkpt lat="47.352930" lon="-1.050210"><ele>26</ele><time>2026-03-01T11:09:00Z</time></trkpt>
			<trkpt lat="47.353000" lon="-1.050160"><ele>26</ele><time>2026-03-01T11:09:12Z</time></trkpt>
			<trkpt lat="47.353090" lon="-1.050120"><ele>25</ele><time>2026-03-01T11:09:24Z</time></trkpt>
			<trkpt lat="47.353250" lon="-1.050080"><ele>25</ele><time>2026-03-01T11:09:36Z</time></trkpt>
			<trkpt lat="47.354080" lon="-1.049930"><ele>22</ele><time>2026-03-01T11:09:48Z</time></trkpt>
			<trkpt lat="47.354510" lon="-1.049860"><ele>23</ele><time>2026-03-01T11:10:00Z</time></trkpt>
			<trkpt lat="47.354770" lon="-1.049730"><ele>24</ele><time>2026-03-01T11:10:12Z</time></trkpt>
			<trkpt lat="47.354770" lon="-1.049900"><ele>24</ele><time>2026-03-01T11:10:24Z</time></trkpt>
			<trkpt lat="47.354780" lon="-1.050140"><ele>24</ele><time>2026-03-01T11:10:36Z</time></trkpt>
			<trkpt lat="47.354800" lon="-1.050250"><ele>25</ele><time>2026-03-01T11:10:48Z</time></trkpt>
			<trkpt lat="47.354840" lon="-1.050470"><ele>25</ele><time>2026-03-01T11:11:00Z</time></trkpt>
			<trkpt lat="47.355070" lon="-1.051470"><ele>26</ele><time>2026-03-01T11:11:12Z</time></trkpt>
			<trkpt lat="47.355120" lon="-1.051650"><ele>26</ele><time>2026-03-01T11:11:24Z</time></trkpt>
			<trkpt lat="47.355140" lon="-1.051750"><ele>26</ele><time>2026-03-01T11:11:36Z</time></trkpt>
			<trkpt lat="47.355330" lon="-1.052570"><ele>24</ele><time>2026-03-01T11:11:48Z</time></trkpt>
			<trkpt lat="47.355360" lon="-1.052690"><ele>24</ele><time>2026-03-01T11:12:00Z</time></trkpt>
			<trkpt lat="47.355480" lon="-1.053200"><ele>24</ele><time>2026-03-01T11:12:12Z</time></trkpt>
			<trkpt lat="47.355570" lon="-1.053590"><ele>24</ele><time>2026-03-01T11:12:24Z</time></trkpt>
			<trkpt lat="47.355710" lon="-1.054180"><ele>24</ele><time>2026-03-01T11:12:36Z</time></trkpt>
			<trkpt lat="47.355790" lon="-1.054490"><ele>24</ele><time>2026-03-01T11:12:48Z</time></trkpt>
			<trkpt lat="47.355850" lon="-1.054760"><ele>24</ele><time>2026-03-01T11:13:00Z</time></trkpt>
			<trkpt lat="47.356000" lon="-1.055400"><ele>24</ele><time>2026-03-01T11:13:12Z</time></trkpt>
			<trkpt lat="47.356230" lon="-1.056350"><ele>23</ele><time>2026-03-01T11:13:24Z</time></trkpt>
			<trkpt lat="47.356350" lon="-1.056850"><ele>23</ele><time>2026-03-01T11:13:36Z</time></trkpt>
			<trkpt lat="47.356410" lon="-1.057110"><ele>23</ele><time>2026-03-01T11:13:48Z</time></trkpt>
			<trkpt lat="47.356670" lon="-1.058200"><ele>22</ele><time>2026-03-01T11:14:00Z</time></trkpt>
			<trkpt lat="47.356940" lon="-1.059320"><ele>22</ele><time>2026-03-01T11:14:12Z</time></trkpt>
			<trkpt lat="47.358220" lon="-1.064700"><ele>24</ele><time>2026-03-01T11:14:24Z</time></trkpt>
			<trkpt lat="47.358330" lon="-1.065200"><ele>25</ele><time>2026-03-01T11:14:36Z</time></trkpt>
			<trkpt lat="47.358410" lon="-1.065670"><ele>25</ele><time>2026-03-01T11:14:48Z</time></trkpt>
			<trkpt lat="47.358470" lon="-1.066260"><ele>25</ele><time>2026-03-01T11:15:00Z</time></trkpt>
			<trkpt lat="47.358520" lon="-1.067030"><ele>25</ele><time>2026-03-01T11:15:12Z</time></trkpt>
			<trkpt lat="47.358560" lon="-1.067880"><ele>26</ele><time>2026-03-01T11:15:24Z</time></trkpt>
			<trkpt lat="47.358570" lon="-1.068120"><ele>26</ele><time>2026-03-01T11:15:36Z</time></trkpt>
			<trkpt lat="47.358600" lon="-1.068290"><ele>26</ele><time>2026-03-01T11:15:48Z</time></trkpt>
			<trkpt lat="47.358600" lon="-1.068450"><ele>26</ele><time>2026-03-01T11:16:00Z</time></trkpt>
			<trkpt lat="47.358600" lon="-1.068670"><ele>26</ele><time>2026-03-01T11:16:12Z</time></trkpt>
			<trkpt lat="47.358630" lon="-1.068880"><ele>26</ele><time>2026-03-01T11:16:24Z</time></trkpt>
			<trkpt lat="47.358640" lon="-1.069050"><ele>26</ele><time>2026-03-01T11:16:36Z</time></trkpt>
			<trkpt lat="47.358630" lon="-1.069280"><ele>26</ele><time>2026-03-01T11:16:48Z</time></trkpt>
			<trkpt lat="47.358660" lon="-1.069720"><ele>26</ele><time>2026-03-01T11:17:00Z</time></trkpt>
			<trkpt lat="47.358660" lon="-1.069900"><ele>26</ele><time>2026-03-01T11:17:12Z</time></trkpt>
			<trkpt lat="47.358660" lon="-1.069990"><ele>25</ele><time>2026-03-01T11:17:24Z</time></trkpt>
			<trkpt lat="47.358640" lon="-1.070290"><ele>25</ele><time>2026-03-01T11:17:36Z</time></trkpt>
			<trkpt lat="47.358610" lon="-1.070450"><ele>25</ele><time>2026-03-01T11:17:48Z</time></trkpt>
			<trkpt lat="47.358400" lon="-1.071380"><ele>25</ele><time>2026-03-01T11:18:00Z</time></trkpt>
			<trkpt lat="47.358260" lon="-1.071910"><ele>26</ele><time>2026-03-01T11:18:12Z</time></trkpt>
			<trkpt lat="47.358170" lon="-1.072270"><ele>26</ele><time>2026-03-01T11:18:24Z</time></trkpt>
			<trkpt lat="47.358130" lon="-1.072440"><ele>26</ele><time>2026-03-01T11:18:36Z</time></trkpt>
			<trkpt lat="47.357970" lon="-1.073070"><ele>25</ele><time>2026-03-01T11:18:48Z</time></trkpt>
			<trkpt lat="47.357900" lon="-1.073350"><ele>25</ele><time>2026-03-01T11:19:00Z</time></trkpt>
			<trkpt lat="47.357830" lon="-1.073620"><ele>24</ele><time>2026-03-01T11:19:12Z</time></trkpt>
			<trkpt lat="47.357970" lon="-1.073690"><ele>24</ele><time>2026-03-01T11:19:24Z</time></trkpt>
			<trkpt lat="47.358120" lon="-1.073770"><ele>24</ele><time>2026-03-01T11:19:36Z</time></trkpt>
			<trkpt lat="47.358240" lon="-1.073850"><ele>24</ele><time>2026-03-01T11:19:48Z</time></trkpt>
			<trkpt lat="47.358300" lon="-1.073910"><ele>24</ele><time>2026-03-01T11:20:00Z</time></trkpt>
			<trkpt lat="47.358370" lon="-1.073980"><ele>24</ele><time>2026-03-01T11:20:12Z</time></trkpt>
			<trkpt lat="47.358430" lon="-1.074110"><ele>24</ele><time>2026-03-01T11:20:24Z</time></trkpt>
			<trkpt lat="47.358520" lon="-1.074230"><ele>23</ele><time>2026-03-01T11:20:36Z</time></trkpt>
			<trkpt lat="47.358620" lon="-1.074310"><ele>23</ele><time>2026-03-01T11:20:48Z</time></trkpt>
			<trkpt lat="47.358690" lon="-1.074350"><ele>23</ele><time>2026-03-01T11:21:00Z</time></trkpt>
			<trkpt lat="47.358710" lon="-1.074450"><ele>23</ele><time>2026-03-01T11:21:12Z</time></trkpt>
			<trkpt lat="47.358720" lon="-1.074560"><ele>23</ele><time>2026-03-01T11:21:24Z</time></trkpt>
			<trkpt lat="47.358640" lon="-1.075650"><ele>23</ele><time>2026-03-01T11:21:36Z</time></trkpt>
			<trkpt lat="47.358580" lon="-1.076300"><ele>23</ele><time>2026-03-01T11:21:48Z</time></trkpt>
			<trkpt lat="47.358570" lon="-1.076470"><ele>23</ele><time>2026-03-01T11:22:00Z</time></trkpt>
			<trkpt lat="47.358670" lon="-1.077170"><ele>22</ele><time>2026-03-01T11:22:12Z</time></trkpt>
			<trkpt lat="47.358700" lon="-1.077440"><ele>21</ele><time>2026-03-01T11:22:24Z</time></trkpt>
			<trkpt lat="47.358730" lon="-1.077680"><ele>20</ele><time>2026-03-01T11:22:36Z</time></trkpt>
			<trkpt lat="47.358800" lon="-1.078130"><ele>19</ele><time>2026-03-01T11:22:48Z</time></trkpt>
			<trkpt lat="47.358860" lon="-1.078330"><ele>18</ele><time>2026-03-01T11:23:00Z</time></trkpt>
			<trkpt lat="47.358930" lon="-1.078480"><ele>18</ele><time>2026-03-01T11:23:12Z</time></trkpt>
			<trkpt lat="47.358970" lon="-1.078530"><ele>17</ele><time>2026-03-01T11:23:24Z</time></trkpt>
			<trkpt lat="47.359130" lon="-1.078750"><ele>16</ele><time>2026-03-01T11:23:36Z</time></trkpt>
			<trkpt lat="47.359160" lon="-1.078880"><ele>15</ele><time>2026-03-01T11:23:48Z</time></trkpt>
			<trkpt lat="47.359180" lon="-1.079010"><ele>14</ele><time>2026-03-01T11:24:00Z</time></trkpt>
			<trkpt lat="47.359180" lon="-1.079230"><ele>14</ele><time>2026-03-01T11:24:12Z</time></trkpt>
			<trkpt lat="47.359210" lon="-1.079510"><ele>13</ele><time>2026-03-01T11:24:24Z</time></trkpt>
			<trkpt lat="47.359200" lon="-1.079730"><ele>12</ele><time>2026-03-01T11:24:36Z</time></trkpt>
			<trkpt lat="47.359120" lon="-1.080240"><ele>12</ele><time>2026-03-01T11:24:48Z</time></trkpt>
			<trkpt lat="47.359040" lon="-1.080740"><ele>13</ele><time>2026-03-01T11:25:00Z</time></trkpt>
			<trkpt lat="47.358950" lon="-1.081150"><ele>13</ele><time>2026-03-01T11:25:12Z</time></trkpt>
			<trkpt lat="47.358900" lon="-1.081530"><ele>12</ele><time>2026-03-01T11:25:24Z</time></trkpt>
			<trkpt lat="47.358800" lon="-1.082170"><ele>11</ele><time>2026-03-01T11:25:36Z</time></trkpt>
			<trkpt lat="47.358800" lon="-1.082340"><ele>11</ele><time>2026-03-01T11:25:48Z</time></trkpt>
			<trkpt lat="47.358800" lon="-1.082520"><ele>11</ele><time>2026-03-01T11:26:00Z</time></trkpt>
			<trkpt lat="47.358870" lon="-1.083270"><ele>9</ele><time>2026-03-01T11:26:12Z</time></trkpt>
			<trkpt lat="47.358880" lon="-1.083430"><ele>9</ele><time>2026-03-01T11:26:24Z</time></trkpt>
			<trkpt lat="47.358860" lon="-1.083600"><ele>9</ele><time>2026-03-01T11:26:36Z</time></trkpt>
			<trkpt lat="47.358690" lon="-1.084680"><ele>8</ele><time>2026-03-01T11:26:48Z</time></trkpt>
			<trkpt lat="47.358580" lon="-1.085270"><ele>8</ele><time>2026-03-01T11:27:00Z</time></trkpt>
			<trkpt lat="47.358490" lon="-1.085730"><ele>8</ele><time>2026-03-01T11:27:12Z</time></trkpt>
			<trkpt lat="47.358250" lon="-1.086550"><ele>10</ele><time>2026-03-01T11:27:24Z</time></trkpt>
			<trkpt lat="47.358000" lon="-1.087470"><ele>10</ele><time>2026-03-01T11:27:36Z</time></trkpt>
			<trkpt lat="47.357650" lon="-1.088870"><ele>9</ele><time>2026-03-01T11:27:48Z</time></trkpt>
			<trkpt lat="47.357160" lon="-1.091040"><ele>9</ele><time>2026-03-01T11:28:00Z</time></trkpt>
			<trkpt lat="47.357000" lon="-1.091900"><ele>10</ele><time>2026-03-01T11:28:12Z</time></trkpt>
			<trkpt lat="47.356920" lon="-1.092480"><ele>10</ele><time>2026-03-01T11:28:24Z</time></trkpt>
			<trkpt lat="47.356880" lon="-1.092810"><ele>10</ele><time>2026-03-01T11:28:36Z</time></trkpt>
			<trkpt lat="47.356870" lon="-1.093520"><ele>9</ele><time>2026-03-01T11:28:48Z</time></trkpt>
			<trkpt lat="47.356870" lon="-1.094730"><ele>8</ele><time>2026-03-01T11:29:00Z</time></trkpt>
			<trkpt lat="47.356870" lon="-1.095050"><ele>8</ele><time>2026-03-01T11:29:12Z</time></trkpt>
			<trkpt lat="47.356840" lon="-1.095270"><ele>8</ele><time>2026-03-01T11:29:24Z</time></trkpt>
			<trkpt lat="47.356930" lon="-1.095370"><ele>8</ele><time>2026-03-01T11:29:36Z</time></trkpt>
			<trkpt lat="47.357060" lon="-1.095580"><ele>8</ele><time>2026-03-01T11:29:48Z</time></trkpt>
			<trkpt lat="47.357260" lon="-1.096130"><ele>9</ele><time>2026-03-01T11:30:00Z</time></trkpt>
			<trkpt lat="47.357490" lon="-1.096780"><ele>9</ele><time>2026-03-01T11:30:12Z</time></trkpt>
			<trkpt lat="47.357620" lon="-1.097130"><ele>9</ele><time>2026-03-01T11:30:24Z</time></trkpt>
			<trkpt lat="47.357700" lon="-1.097370"><ele>9</ele><time>2026-03-01T11:30:36Z</time></trkpt>
			<trkpt lat="47.357850" lon="-1.097940"><ele>9</ele><time>2026-03-01T11:30:48Z</time></trkpt>
			<trkpt lat="47.357970" lon="-1.098350"><ele>9</ele><time>2026-03-01T11:31:00Z</time></trkpt>
			<trkpt lat="47.358200" lon="-1.098940"><ele>9</ele><time>2026-03-01T11:31:12Z</time></trkpt>
			<trkpt lat="47.358500" lon="-1.099590"><ele>9</ele><time>2026-03-01T11:31:24Z</time></trkpt>
			<trkpt lat="47.358710" lon="-1.099990"><ele>10</ele><time>2026-03-01T11:31:36Z</time></trkpt>
			<trkpt lat="47.358850" lon="-1.100230"><ele>9</ele><time>2026-03-01T11:31:48Z</time></trkpt>
			<trkpt lat="47.359290" lon="-1.100980"><ele>8</ele><time>2026-03-01T11:32:00Z</time></trkpt>
			<trkpt lat="47.359450" lon="-1.101290"><ele>8</ele><time>2026-03-01T11:32:12Z</time></trkpt>
			<trkpt lat="47.359750" lon="-1.101990"><ele>8</ele><time>2026-03-01T11:32:24Z</time></trkpt>
			<trkpt lat="47.359960" lon="-1.102580"><ele>9</ele><time>2026-03-01T11:32:36Z</time></trkpt>
			<trkpt lat="47.360020" lon="-1.102650"><ele>9</ele><time>2026-03-01T11:32:48Z</time></trkpt>
			<trkpt lat="47.360110" lon="-1.102710"><ele>9</ele><time>2026-03-01T11:33:00Z</time></trkpt>
			<trkpt lat="47.360200" lon="-1.102700"><ele>9</ele><time>2026-03-01T11:33:12Z</time></trkpt>
			<trkpt lat="47.360780" lon="-1.102510"><ele>9</ele><time>2026-03-01T11:33:24Z</time></trkpt>
			<trkpt lat="47.360860" lon="-1.102500"><ele>9</ele><time>2026-03-01T11:33:36Z</time></trkpt>
			<trkpt lat="47.361880" lon="-1.102340"><ele>9</ele><time>2026-03-01T11:33:48Z</time></trkpt>
			<trkpt lat="47.362350" lon="-1.102300"><ele>8</ele><time>2026-03-01T11:34:00Z</time></trkpt>
			<trkpt lat="47.362520" lon="-1.102270"><ele>8</ele><time>2026-03-01T11:34:12Z</time></trkpt>
			<trkpt lat="47.362850" lon="-1.102150"><ele>8</ele><time>2026-03-01T11:34:24Z</time></trkpt>
			<trkpt lat="47.363040" lon="-1.102110"><ele>8</ele><time>2026-03-01T11:34:36Z</time></trkpt>
			<trkpt lat="47.363220" lon="-1.102110"><ele>8</ele><time>2026-03-01T11:34:48Z</time></trkpt>
			<trkpt lat="47.363360" lon="-1.102130"><ele>8</ele><time>2026-03-01T11:35:00Z</time></trkpt>
			<trkpt lat="47.363750" lon="-1.102270"><ele>8</ele><time>2026-03-01T11:35:12Z</time></trkpt>
			<trkpt lat="47.363890" lon="-1.102280"><ele>8</ele><time>2026-03-01T11:35:24Z</time></trkpt>
			<trkpt lat="47.364010" lon="-1.102250"><ele>9</ele><time>2026-03-01T11:35:36Z</time></trkpt>
			<trkpt lat="47.364200" lon="-1.102200"><ele>9</ele><time>2026-03-01T11:35:48Z</time></trkpt>
			<trkpt lat="47.364720" lon="-1.102160"><ele>9</ele><time>2026-03-01T11:36:00Z</time></trkpt>
			<trkpt lat="47.364930" lon="-1.102170"><ele>10</ele><time>2026-03-01T11:36:12Z</time></trkpt>
			<trkpt lat="47.365010" lon="-1.102210"><ele>10</ele><time>2026-03-01T11:36:24Z</time></trkpt>
			<trkpt lat="47.365070" lon="-1.102280"><ele>10</ele><time>2026-03-01T11:36:36Z</time></trkpt>
			<trkpt lat="47.365090" lon="-1.102330"><ele>10</ele><time>2026-03-01T11:36:48Z</time></trkpt>
			<trkpt lat="47.365110" lon="-1.102400"><ele>10</ele><time>2026-03-01T11:37:00Z</time></trkpt>
			<trkpt lat="47.365130" lon="-1.102500"><ele>10</ele><time>2026-03-01T11:37:12Z</time></trkpt>
			<trkpt lat="47.365150" lon="-1.102640"><ele>10</ele><time>2026-03-01T11:37:24Z</time></trkpt>
			<trkpt lat="47.365160" lon="-1.102840"><ele>9</ele><time>2026-03-01T11:37:36Z</time></trkpt>
			<trkpt lat="47.365240" lon="-1.104290"><ele>9</ele><time>2026-03-01T11:37:48Z</time></trkpt>
			<trkpt lat="47.365230" lon="-1.105560"><ele>10</ele><time>2026-03-01T11:38:00Z</time></trkpt>
			<trkpt lat="47.365330" lon="-1.106780"><ele>10</ele><time>2026-03-01T11:38:12Z</time></trkpt>
			<trkpt lat="47.365380" lon="-1.108390"><ele>11</ele><time>2026-03-01T11:38:24Z</time></trkpt>
			<trkpt lat="47.365410" lon="-1.108820"><ele>11</ele><time>2026-03-01T11:38:36Z</time></trkpt>
			<trkpt lat="47.365440" lon="-1.109130"><ele>10</ele><time>2026-03-01T11:38:48Z</time></trkpt>
			<trkpt lat="47.365560" lon="-1.110150"><ele>10</ele><time>2026-03-01T11:39:00Z</time></trkpt>
			<trkpt lat="47.365590" lon="-1.110470"><ele>11</ele><time>2026-03-01T11:39:12Z</time></trkpt>
			<trkpt lat="47.365610" lon="-1.110920"><ele>12</ele><time>2026-03-01T11:39:24Z</time></trkpt>
			<trkpt lat="47.365610" lon="-1.111580"><ele>11</ele><time>2026-03-01T11:39:36Z</time></trkpt>
			<trkpt lat="47.365640" lon="-1.112040"><ele>11</ele><time>2026-03-01T11:39:48Z</time></trkpt>
			<trkpt lat="47.365700" lon="-1.112720"><ele>11</ele><time>2026-03-01T11:40:00Z</time></trkpt>
			<trkpt lat="47.365720" lon="-1.113220"><ele>10</ele><time>2026-03-01T11:40:12Z</time></trkpt>
			<trkpt lat="47.365720" lon="-1.113440"><ele>10</ele><time>2026-03-01T11:40:24Z</time></trkpt>
			<trkpt lat="47.365690" lon="-1.114170"><ele>11</ele><time>2026-03-01T11:40:36Z</time></trkpt>
			<trkpt lat="47.365700" lon="-1.114860"><ele>10</ele><time>2026-03-01T11:40:48Z</time></trkpt>
			<trkpt lat="47.365750" lon="-1.115530"><ele>10</ele><time>2026-03-01T11:41:00Z</time></trkpt>
			<trkpt lat="47.365820" lon="-1.116180"><ele>11</ele><time>2026-03-01T11:41:12Z</time></trkpt>
			<trkpt lat="47.365890" lon="-1.117390"><ele>11</ele><time>2026-03-01T11:41:24Z</time></trkpt>
			<trkpt lat="47.365950" lon="-1.118260"><ele>11</ele><time>2026-03-01T11:41:36Z</time></trkpt>
			<trkpt lat="47.365990" lon="-1.118560"><ele>10</ele><time>2026-03-01T11:41:48Z</time></trkpt>
			<trkpt lat="47.365990" lon="-1.118660"><ele>10</ele><time>2026-03-01T11:42:00Z</time></trkpt>
			<trkpt lat="47.365990" lon="-1.118760"><ele>10</ele><time>2026-03-01T11:42:12Z</time></trkpt>
			<trkpt lat="47.365980" lon="-1.119090"><ele>10</ele><time>2026-03-01T11:42:24Z</time></trkpt>
			<trkpt lat="47.365940" lon="-1.119180"><ele>10</ele><time>2026-03-01T11:42:36Z</time></trkpt>
			<trkpt lat="47.365990" lon="-1.119330"><ele>9</ele><time>2026-03-01T11:42:48Z</time></trkpt>
			<trkpt lat="47.366000" lon="-1.119570"><ele>9</ele><time>2026-03-01T11:43:00Z</time></trkpt>
			<trkpt lat="47.366010" lon="-1.120990"><ele>9</ele><time>2026-03-01T11:43:12Z</time></trkpt>
			<trkpt lat="47.366000" lon="-1.121400"><ele>9</ele><time>2026-03-01T11:43:24Z</time></trkpt>
			<trkpt lat="47.366000" lon="-1.121910"><ele>9</ele><time>2026-03-01T11:43:36Z</time></trkpt>
			<trkpt lat="47.366050" lon="-1.122540"><ele>9</ele><time>2026-03-01T11:43:48Z</time></trkpt>
			<trkpt lat="47.366060" lon="-1.122750"><ele>9</ele><time>2026-03-01T11:44:00Z</time></trkpt>
			<trkpt lat="47.366060" lon="-1.122980"><ele>9</ele><time>2026-03-01T11:44:12Z</time></trkpt>
			<trkpt lat="47.365910" lon="-1.124800"><ele>10</ele><time>2026-03-01T11:44:24Z</time></trkpt>
			<trkpt lat="47.365910" lon="-1.125080"><ele>10</ele><time>2026-03-01T11:44:36Z</time></trkpt>
			<trkpt lat="47.365900" lon="-1.125310"><ele>9</ele><time>2026-03-01T11:44:48Z</time></trkpt>
			<trkpt lat="47.365910" lon="-1.125580"><ele>9</ele><time>2026-03-01T11:45:00Z</time></trkpt>
			<trkpt lat="47.365860" lon="-1.126410"><ele>8</ele><time>2026-03-01T11:45:12Z</time></trkpt>
			<trkpt lat="47.365820" lon="-1.127110"><ele>8</ele><time>2026-03-01T11:45:24Z</time></trkpt>
			<trkpt lat="47.365800" lon="-1.128600"><ele>8</ele><time>2026-03-01T11:45:36Z</time></trkpt>
			<trkpt lat="47.365840" lon="-1.129830"><ele>10</ele><time>2026-03-01T11:45:48Z</time></trkpt>
			<trkpt lat="47.365890" lon="-1.130380"><ele>11</ele><time>2026-03-01T11:46:00Z</time></trkpt>
			<trkpt lat="47.366030" lon="-1.131390"><ele>9</ele><time>2026-03-01T11:46:12Z</time></trkpt>
			<trkpt lat="47.366060" lon="-1.131720"><ele>9</ele><time>2026-03-01T11:46:24Z</time></trkpt>
			<trkpt lat="47.366060" lon="-1.132070"><ele>9</ele><time>2026-03-01T11:46:36Z</time></trkpt>
			<trkpt lat="47.366050" lon="-1.132560"><ele>9</ele><time>2026-03-01T11:46:48Z</time></trkpt>
			<trkpt lat="47.366020" lon="-1.133080"><ele>9</ele><time>2026-03-01T11:47:00Z</time></trkpt>
			<trkpt lat="47.365940" lon="-1.134150"><ele>10</ele><time>2026-03-01T11:47:12Z</time></trkpt>
			<trkpt lat="47.365930" lon="-1.134330"><ele>10</ele><time>2026-03-01T11:47:24Z</time></trkpt>
			<trkpt lat="47.365920" lon="-1.134760"><ele>10</ele><time>2026-03-01T11:47:36Z</time></trkpt>
			<trkpt lat="47.366070" lon="-1.136350"><ele>9</ele><time>2026-03-01T11:47:48Z</time></trkpt>
			<trkpt lat="47.366170" lon="-1.137750"><ele>9</ele><time>2026-03-01T11:48:00Z</time></trkpt>
			<trkpt lat="47.366260" lon="-1.139300"><ele>10</ele><time>2026-03-01T11:48:12Z</time></trkpt>
			<trkpt lat="47.366250" lon="-1.139960"><ele>10</ele><time>2026-03-01T11:48:24Z</time></trkpt>
			<trkpt lat="47.366230" lon="-1.140180"><ele>10</ele><time>2026-03-01T11:48:36Z</time></trkpt>
			<trkpt lat="47.366200" lon="-1.140350"><ele>10</ele><time>2026-03-01T11:48:48Z</time></trkpt>
			<trkpt lat="47.366140" lon="-1.140530"><ele>9</ele><time>2026-03-01T11:49:00Z</time></trkpt>
			<trkpt lat="47.365890" lon="-1.141040"><ele>9</ele><time>2026-03-01T11:49:12Z</time></trkpt>
			<trkpt lat="47.365830" lon="-1.141220"><ele>9</ele><time>2026-03-01T11:49:24Z</time></trkpt>
			<trkpt lat="47.365810" lon="-1.141320"><ele>9</ele><time>2026-03-01T11:49:36Z</time></trkpt>
			<trkpt lat="47.365800" lon="-1.141530"><ele>9</ele><time>2026-03-01T11:49:48Z</time></trkpt>
			<trkpt lat="47.365800" lon="-1.142530"><ele>9</ele><time>2026-03-01T11:50:00Z</time></trkpt>
			<trkpt lat="47.365820" lon="-1.142750"><ele>9</ele><time>2026-03-01T11:50:12Z</time></trkpt>
			<trkpt lat="47.365920" lon="-1.143250"><ele>8</ele><time>2026-03-01T11:50:24Z</time></trkpt>
			<trkpt lat="47.365930" lon="-1.143390"><ele>8</ele><time>2026-03-01T11:50:36Z</time></trkpt>
			<trkpt lat="47.365940" lon="-1.143550"><ele>8</ele><time>2026-03-01T11:50:48Z</time></trkpt>
			<trkpt lat="47.365860" lon="-1.144410"><ele>7</ele><time>2026-03-01T11:51:00Z</time></trkpt>
			<trkpt lat="47.365850" lon="-1.145000"><ele>8</ele><time>2026-03-01T11:51:12Z</time></trkpt>
			<trkpt lat="47.365830" lon="-1.145480"><ele>7</ele><time>2026-03-01T11:51:24Z</time></trkpt>
			<trkpt lat="47.365830" lon="-1.145920"><ele>7</ele><time>2026-03-01T11:51:36Z</time></trkpt>
			<trkpt lat="47.365850" lon="-1.146140"><ele>7</ele><time>2026-03-01T11:51:48Z</time></trkpt>
			<trkpt lat="47.365870" lon="-1.146350"><ele>8</ele><time>2026-03-01T11:52:00Z</time></trkpt>
			<trkpt lat="47.365980" lon="-1.146920"><ele>8</ele><time>2026-03-01T11:52:12Z</time></trkpt>
			<trkpt lat="47.366070" lon="-1.147430"><ele>9</ele><time>2026-03-01T11:52:24Z</time></trkpt>
			<trkpt lat="47.366170" lon="-1.147940"><ele>9</ele><time>2026-03-01T11:52:36Z</time></trkpt>
			<trkpt lat="47.366170" lon="-1.148120"><ele>9</ele><time>2026-03-01T11:52:48Z</time></trkpt>
			<trkpt lat="47.366170" lon="-1.148250"><ele>9</ele><time>2026-03-01T11:53:00Z</time></trkpt>
			<trkpt lat="47.366130" lon="-1.148650"><ele>9</ele><time>2026-03-01T11:53:12Z</time></trkpt>
			<trkpt lat="47.366080" lon="-1.149090"><ele>9</ele><time>2026-03-01T11:53:24Z</time></trkpt>
			<trkpt lat="47.366040" lon="-1.149970"><ele>9</ele><time>2026-03-01T11:53:36Z</time></trkpt>
			<trkpt lat="47.366010" lon="-1.150530"><ele>10</ele><time>2026-03-01T11:53:48Z</time></trkpt>
			<trkpt lat="47.365960" lon="-1.151000"><ele>11</ele><time>2026-03-01T11:54:00Z</time></trkpt>
			<trkpt lat="47.365950" lon="-1.151090"><ele>10</ele><time>2026-03-01T11:54:12Z</time></trkpt>
			<trkpt lat="47.365940" lon="-1.151230"><ele>10</ele><time>2026-03-01T11:54:24Z</time></trkpt>
			<trkpt lat="47.365920" lon="-1.151380"><ele>10</ele><time>2026-03-01T11:54:36Z</time></trkpt>
			<trkpt lat="47.365870" lon="-1.151720"><ele>10</ele><time>2026-03-01T11:54:48Z</time></trkpt>
			<trkpt lat="47.365610" lon="-1.153360"><ele>7</ele><time>2026-03-01T11:55:00Z</time></trkpt>
			<trkpt lat="47.365550" lon="-1.153930"><ele>8</ele><time>2026-03-01T11:55:12Z</time></trkpt>
			<trkpt lat="47.365420" lon="-1.155120"><ele>9</ele><time>2026-03-01T11:55:24Z</time></trkpt>
			<trkpt lat="47.365340" lon="-1.155830"><ele>8</ele><time>2026-03-01T11:55:36Z</time></trkpt>
			<trkpt lat="47.365290" lon="-1.156220"><ele>8</ele><time>2026-03-01T11:55:48Z</time></trkpt>
			<trkpt lat="47.365110" lon="-1.157270"><ele>9</ele><time>2026-03-01T11:56:00Z</time></trkpt>
			<trkpt lat="47.365010" lon="-1.157970"><ele>9</ele><time>2026-03-01T11:56:12Z</time></trkpt>
			<trkpt lat="47.364920" lon="-1.158580"><ele>10</ele><time>2026-03-01T11:56:24Z</time></trkpt>
			<trkpt lat="47.364780" lon="-1.159380"><ele>12</ele><time>2026-03-01T11:56:36Z</time></trkpt>
			<trkpt lat="47.364560" lon="-1.160670"><ele>11</ele><time>2026-03-01T11:56:48Z</time></trkpt>
			<trkpt lat="47.364480" lon="-1.161230"><ele>10</ele><time>2026-03-01T11:57:00Z</time></trkpt>
			<trkpt lat="47.364280" lon="-1.162430"><ele>10</ele><time>2026-03-01T11:57:12Z</time></trkpt>
			<trkpt lat="47.364210" lon="-1.162840"><ele>10</ele><time>2026-03-01T11:57:24Z</time></trkpt>
			<trkpt lat="47.364150" lon="-1.163120"><ele>10</ele><time>2026-03-01T11:57:36Z</time></trkpt>
			<trkpt lat="47.364080" lon="-1.163280"><ele>10</ele><time>2026-03-01T11:57:48Z</time></trkpt>
			<trkpt lat="47.364030" lon="-1.163390"><ele>10</ele><time>2026-03-01T11:58:00Z</time></trkpt>
			<trkpt lat="47.363930" lon="-1.163560"><ele>9</ele><time>2026-03-01T11:58:12Z</time></trkpt>
			<trkpt lat="47.363470" lon="-1.164230"><ele>8</ele><time>2026-03-01T11:58:24Z</time></trkpt>
			<trkpt lat="47.363400" lon="-1.164350"><ele>8</ele><time>2026-03-01T11:58:36Z</time></trkpt>
			<trkpt lat="47.363280" lon="-1.164590"><ele>8</ele><time>2026-03-01T11:58:48Z</time></trkpt>
			<trkpt lat="47.363130" lon="-1.165040"><ele>9</ele><time>2026-03-01T11:59:00Z</time></trkpt>
			<trkpt lat="47.363060" lon="-1.165220"><ele>9</ele><time>2026-03-01T11:59:12Z</time></trkpt>
			<trkpt lat="47.362960" lon="-1.165340"><ele>9</ele><time>2026-03-01T11:59:24Z</time></trkpt>
			<trkpt lat="47.362450" lon="-1.165800"><ele>10</ele><time>2026-03-01T11:59:36Z</time></trkpt>
			<trkpt lat="47.360610" lon="-1.167930"><ele>10</ele><time>2026-03-01T11:59:48Z</time></trkpt>
			<trkpt lat="47.360320" lon="-1.168310"><ele>9</ele><time>2026-03-01T12:00:00Z</time></trkpt>
			<trkpt lat="47.360100" lon="-1.168690"><ele>9</ele><time>2026-03-01T12:00:12Z</time></trkpt>
			<trkpt lat="47.359950" lon="-1.169020"><ele>10</ele><time>2026-03-01T12:00:24Z</time></trkpt>
			<trkpt lat="47.359930" lon="-1.169110"><ele>10</ele><time>2026-03-01T12:00:36Z</time></trkpt>
			<trkpt lat="47.359860" lon="-1.169340"><ele>10</ele><time>2026-03-01T12:00:48Z</time></trkpt>
			<trkpt lat="47.359660" lon="-1.170230"><ele>9</ele><time>2026-03-01T12:01:00Z</time></trkpt>
			<trkpt lat="47.359500" lon="-1.170920"><ele>10</ele><time>2026-03-01T12:01:12Z</time></trkpt>
			<trkpt lat="47.359430" lon="-1.171120"><ele>10</ele><time>2026-03-01T12:01:24Z</time></trkpt>
			<trkpt lat="47.359370" lon="-1.171240"><ele>10</ele><time>2026-03-01T12:01:36Z</time></trkpt>
			<trkpt lat="47.359290" lon="-1.171350"><ele>10</ele><time>2026-03-01T12:01:48Z</time></trkpt>
			<trkpt lat="47.359190" lon="-1.171450"><ele>10</ele><time>2026-03-01T12:02:00Z</time></trkpt>
			<trkpt lat="47.359000" lon="-1.171620"><ele>10</ele><time>2026-03-01T12:02:12Z</time></trkpt>
			<trkpt lat="47.358500" lon="-1.172100"><ele>9</ele><time>2026-03-01T12:02:24Z</time></trkpt>
			<trkpt lat="47.358320" lon="-1.172340"><ele>10</ele><time>2026-03-01T12:02:36Z</time></trkpt>
			<trkpt lat="47.358210" lon="-1.172540"><ele>10</ele><time>2026-03-01T12:02:48Z</time></trkpt>
			<trkpt lat="47.358040" lon="-1.172910"><ele>11</ele><time>2026-03-01T12:03:00Z</time></trkpt>
			<trkpt lat="47.357980" lon="-1.173050"><ele>11</ele><time>2026-03-01T12:03:12Z</time></trkpt>
			<trkpt lat="47.357930" lon="-1.173160"><ele>11</ele><time>2026-03-01T12:03:24Z</time></trkpt>
			<trkpt lat="47.357830" lon="-1.173370"><ele>11</ele><time>2026-03-01T12:03:36Z</time></trkpt>
			<trkpt lat="47.357720" lon="-1.173590"><ele>11</ele><time>2026-03-01T12:03:48Z</time></trkpt>
			<trkpt lat="47.357660" lon="-1.173700"><ele>12</ele><time>2026-03-01T12:04:00Z</time></trkpt>
			<trkpt lat="47.357620" lon="-1.173800"><ele>12</ele><time>2026-03-01T12:04:12Z</time></trkpt>
			<trkpt lat="47.357560" lon="-1.173940"><ele>12</ele><time>2026-03-01T12:04:24Z</time></trkpt>
			<trkpt lat="47.357510" lon="-1.174140"><ele>12</ele><time>2026-03-01T12:04:36Z</time></trkpt>
			<trkpt lat="47.358740" lon="-1.174790"><ele>10</ele><time>2026-03-01T12:04:48Z</time></trkpt>
			<trkpt lat="47.359110" lon="-1.174980"><ele>10</ele><time>2026-03-01T12:05:00Z</time></trkpt>
			<trkpt lat="47.359640" lon="-1.175260"><ele>10</ele><time>2026-03-01T12:05:12Z</time></trkpt>
			<trkpt lat="47.359860" lon="-1.175380"><ele>10</ele><time>2026-03-01T12:05:24Z</time></trkpt>
			<trkpt lat="47.363510" lon="-1.177280"><ele>10</ele><time>2026-03-01T12:05:36Z</time></trkpt>
			<trkpt lat="47.363610" lon="-1.177330"><ele>11</ele><time>2026-03-01T12:05:48Z</time></trkpt>
			<trkpt lat="47.363620" lon="-1.177290"><ele>11</ele><time>2026-03-01T12:06:00Z</time></trkpt>
			<trkpt lat="47.363650" lon="-1.177260"><ele>11</ele><time>2026-03-01T12:06:12Z</time></trkpt>
			<trkpt lat="47.363680" lon="-1.177250"><ele>11</ele><time>2026-03-01T12:06:24Z</time></trkpt>
			<trkpt lat="47.363710" lon="-1.177260"><ele>12</ele><time>2026-03-01T12:06:36Z</time></trkpt>
			<trkpt lat="47.363740" lon="-1.177320"><ele>12</ele><time>2026-03-01T12:06:48Z</time></trkpt>
			<trkpt lat="47.363740" lon="-1.177390"><ele>12</ele><time>2026-03-01T12:07:00Z</time></trkpt>
			<trkpt lat="47.363720" lon="-1.177430"><ele>12</ele><time>2026-03-01T12:07:12Z</time></trkpt>
			<trkpt lat="47.363700" lon="-1.177460"><ele>12</ele><time>2026-03-01T12:07:24Z</time></trkpt>
			<trkpt lat="47.363660" lon="-1.177460"><ele>12</ele><time>2026-03-01T12:07:36Z</time></trkpt>
			<trkpt lat="47.363630" lon="-1.177440"><ele>11</ele><time>2026-03-01T12:07:48Z</time></trkpt>
			<trkpt lat="47.363590" lon="-1.177480"><ele>11</ele><time>2026-03-01T12:08:00Z</time></trkpt>
			<trkpt lat="47.363530" lon="-1.177600"><ele>11</ele><time>2026-03-01T12:08:12Z</time></trkpt>
			<trkpt lat="47.363470" lon="-1.177850"><ele>11</ele><time>2026-03-01T12:08:24Z</time></trkpt>
			<trkpt lat="47.363450" lon="-1.177940"><ele>11</ele><time>2026-03-01T12:08:36Z</time></trkpt>
			<trkpt lat="47.363430" lon="-1.177990"><ele>11</ele><time>2026-03-01T12:08:48Z</time></trkpt>
			<trkpt lat="47.363370" lon="-1.178230"><ele>11</ele><time>2026-03-01T12:09:00Z</time></trkpt>
			<trkpt lat="47.363320" lon="-1.178440"><ele>11</ele><time>2026-03-01T12:09:12Z</time></trkpt>
			<trkpt lat="47.363240" lon="-1.178730"><ele>11</ele><time>2026-03-01T12:09:24Z</time></trkpt>
			<trkpt lat="47.363230" lon="-1.178900"><ele>11</ele><time>2026-03-01T12:09:36Z</time></trkpt>
			<trkpt lat="47.363230" lon="-1.179150"><ele>11</ele><time>2026-03-01T12:09:48Z</time></trkpt>
			<trkpt lat="47.363340" lon="-1.180250"><ele>12</ele><time>2026-03-01T12:10:00Z</time></trkpt>
			<trkpt lat="47.363410" lon="-1.181040"><ele>13</ele><time>2026-03-01T12:10:12Z</time></trkpt>
			<trkpt lat="47.363450" lon="-1.181510"><ele>14</ele><time>2026-03-01T12:10:24Z</time></trkpt>
			<trkpt lat="47.363480" lon="-1.181950"><ele>14</ele><time>2026-03-01T12:10:36Z</time></trkpt>
			<trkpt lat="47.363530" lon="-1.182510"><ele>13</ele><time>2026-03-01T12:10:48Z</time></trkpt>
			<trkpt lat="47.363530" lon="-1.182780"><ele>13</ele><time>2026-03-01T12:11:00Z</time></trkpt>
			<trkpt lat="47.363570" lon="-1.182790"><ele>13</ele><time>2026-03-01T12:11:12Z</time></trkpt>
			<trkpt lat="47.363600" lon="-1.182810"><ele>13</ele><time>2026-03-01T12:11:24Z</time></trkpt>
			<trkpt lat="47.363630" lon="-1.182850"><ele>13</ele><time>2026-03-01T12:11:36Z</time></trkpt>
			<trkpt lat="47.363640" lon="-1.182900"><ele>13</ele><time>2026-03-01T12:11:48Z</time></trkpt>
			<trkpt lat="47.363650" lon="-1.182950"><ele>13</ele><time>2026-03-01T12:12:00Z</time></trkpt>
			<trkpt lat="47.363640" lon="-1.183010"><ele>13</ele><time>2026-03-01T12:12:12Z</time></trkpt>
			<trkpt lat="47.363630" lon="-1.183050"><ele>13</ele><time>2026-03-01T12:12:24Z</time></trkpt>
			<trkpt lat="47.363600" lon="-1.183090"><ele>13</ele><time>2026-03-01T12:12:36Z</time></trkpt>
			<trkpt lat="47.363570" lon="-1.183120"><ele>13</ele><time>2026-03-01T12:12:48Z</time></trkpt>
			<trkpt lat="47.363540" lon="-1.183120"><ele>13</ele><time>2026-03-01T12:13:00Z</time></trkpt>
			<trkpt lat="47.363530" lon="-1.183490"><ele>13</ele><time>2026-03-01T12:13:12Z</time></trkpt>
			<trkpt lat="47.363530" lon="-1.183850"><ele>12</ele><time>2026-03-01T12:13:24Z</time></trkpt>
			<trkpt lat="47.363520" lon="-1.184670"><ele>12</ele><time>2026-03-01T12:13:36Z</time></trkpt>
			<trkpt lat="47.363520" lon="-1.186120"><ele>13</ele><time>2026-03-01T12:13:48Z</time></trkpt>
			<trkpt lat="47.363520" lon="-1.186400"><ele>13</ele><time>2026-03-01T12:14:00Z</time></trkpt>
			<trkpt lat="47.363520" lon="-1.186600"><ele>13</ele><time>2026-03-01T12:14:12Z</time></trkpt>
			<trkpt lat="47.363540" lon="-1.186780"><ele>13</ele><time>2026-03-01T12:14:24Z</time></trkpt>
			<trkpt lat="47.363590" lon="-1.186980"><ele>12</ele><time>2026-03-01T12:14:36Z</time></trkpt>
			<trkpt lat="47.363610" lon="-1.187070"><ele>12</ele><time>2026-03-01T12:14:48Z</time></trkpt>
			<trkpt lat="47.363690" lon="-1.187260"><ele>12</ele><time>2026-03-01T12:15:00Z</time></trkpt>
			<trkpt lat="47.363830" lon="-1.187390"><ele>12</ele><time>2026-03-01T12:15:12Z</time></trkpt>
			<trkpt lat="47.363980" lon="-1.187330"><ele>13</ele><time>2026-03-01T12:15:24Z</time></trkpt>
			<trkpt lat="47.364070" lon="-1.187290"><ele>13</ele><time>2026-03-01T12:15:36Z</time></trkpt>
			<trkpt lat="47.364110" lon="-1.187210"><ele>13</ele><time>2026-03-01T12:15:48Z</time></trkpt>
			<trkpt lat="47.364140" lon="-1.187160"><ele>13</ele><time>2026-03-01T12:16:00Z</time></trkpt>
			<trkpt lat="47.364200" lon="-1.187140"><ele>13</ele><time>2026-03-01T12:16:12Z</time></trkpt>
			<trkpt lat="47.364260" lon="-1.187150"><ele>13</ele><time>2026-03-01T12:16:24Z</time></trkpt>
			<trkpt lat="47.364300" lon="-1.187180"><ele>13</ele><time>2026-03-01T12:16:36Z</time></trkpt>
			<trkpt lat="47.364430" lon="-1.187180"><ele>13</ele><time>2026-03-01T12:16:48Z</time></trkpt>
			<trkpt lat="47.364480" lon="-1.187140"><ele>13</ele><time>2026-03-01T12:17:00Z</time></trkpt>
			<trkpt lat="47.364520" lon="-1.187080"><ele>13</ele><time>2026-03-01T12:17:12Z</time></trkpt>
			<trkpt lat="47.364750" lon="-1.186890"><ele>13</ele><time>2026-03-01T12:17:24Z</time></trkpt>
			<trkpt lat="47.364940" lon="-1.186730"><ele>12</ele><time>2026-03-01T12:17:36Z</time></trkpt>
			<trkpt lat="47.365090" lon="-1.186600"><ele>12</ele><time>2026-03-01T12:17:48Z</time></trkpt>
			<trkpt lat="47.365400" lon="-1.186340"><ele>11</ele><time>2026-03-01T12:18:00Z</time></trkpt>
			<trkpt lat="47.365690" lon="-1.186100"><ele>10</ele><time>2026-03-01T12:18:12Z</time></trkpt>
			<trkpt lat="47.366170" lon="-1.185690"><ele>10</ele><time>2026-03-01T12:18:24Z</time></trkpt>
			<trkpt lat="47.366290" lon="-1.185610"><ele>10</ele><time>2026-03-01T12:18:36Z</time></trkpt>
			<trkpt lat="47.366360" lon="-1.185560"><ele>10</ele><time>2026-03-01T12:18:48Z</time></trkpt>
			<trkpt lat="47.366390" lon="-1.185600"><ele>10</ele><time>2026-03-01T12:19:00Z</time></trkpt>
			<trkpt lat="47.366440" lon="-1.185600"><ele>10</ele><time>2026-03-01T12:19:12Z</time></trkpt>
			<trkpt lat="47.366470" lon="-1.185550"><ele>9</ele><time>2026-03-01T12:19:24Z</time></trkpt>
			<trkpt lat="47.366470" lon="-1.185530"><ele>9</ele><time>2026-03-01T12:19:36Z</time></trkpt>
			<trkpt lat="47.366470" lon="-1.185460"><ele>10</ele><time>2026-03-01T12:19:48Z</time></trkpt>
			<trkpt lat="47.366710" lon="-1.185140"><ele>9</ele><time>2026-03-01T12:20:00Z</time></trkpt>
			<trkpt lat="47.366770" lon="-1.185060"><ele>9</ele><time>2026-03-01T12:20:12Z</time></trkpt>
			<trkpt lat="47.366900" lon="-1.184820"><ele>9</ele><time>2026-03-01T12:20:24Z</time></trkpt>
			<trkpt lat="47.366940" lon="-1.184720"><ele>9</ele><time>2026-03-01T12:20:36Z</time></trkpt>
			<trkpt lat="47.367080" lon="-1.184370"><ele>10</ele><time>2026-03-01T12:20:48Z</time></trkpt>
			<trkpt lat="47.367110" lon="-1.184230"><ele>10</ele><time>2026-03-01T12:21:00Z</time></trkpt>
			<trkpt lat="47.367130" lon="-1.184240"><ele>10</ele><time>2026-03-01T12:21:12Z</time></trkpt>
			<trkpt lat="47.367170" lon="-1.184220"><ele>10</ele><time>2026-03-01T12:21:24Z</time></trkpt>
			<trkpt lat="47.367190" lon="-1.184170"><ele>10</ele><time>2026-03-01T12:21:36Z</time></trkpt>
			<trkpt lat="47.367190" lon="-1.184110"><ele>10</ele><time>2026-03-01T12:21:48Z</time></trkpt>
			<trkpt lat="47.367160" lon="-1.184060"><ele>11</ele><time>2026-03-01T12:22:00Z</time></trkpt>
			<trkpt lat="47.367200" lon="-1.183970"><ele>11</ele><time>2026-03-01T12:22:12Z</time></trkpt>
			<trkpt lat="47.367300" lon="-1.183780"><ele>11</ele><time>2026-03-01T12:22:24Z</time></trkpt>
			<trkpt lat="47.367460" lon="-1.183280"><ele>11</ele><time>2026-03-01T12:22:36Z</time></trkpt>
			<trkpt lat="47.367550" lon="-1.183000"><ele>11</ele><time>2026-03-01T12:22:48Z</time></trkpt>
			<trkpt lat="47.367570" lon="-1.182900"><ele>10</ele><time>2026-03-01T12:23:00Z</time></trkpt>
			<trkpt lat="47.367610" lon="-1.182900"><ele>10</ele><time>2026-03-01T12:23:12Z</time></trkpt>
			<trkpt lat="47.367640" lon="-1.182870"><ele>10</ele><time>2026-03-01T12:23:24Z</time></trkpt>
			<trkpt lat="47.367640" lon="-1.182850"><ele>10</ele><time>2026-03-01T12:23:36Z</time></trkpt>
			<trkpt lat="47.367640" lon="-1.182800"><ele>10</ele><time>2026-03-01T12:23:48Z</time></trkpt>
			<trkpt lat="47.367620" lon="-1.182760"><ele>10</ele><time>2026-03-01T12:24:00Z</time></trkpt>
			<trkpt lat="47.367720" lon="-1.182440"><ele>10</ele><time>2026-03-01T12:24:12Z</time></trkpt>
			<trkpt lat="47.367820" lon="-1.182150"><ele>10</ele><time>2026-03-01T12:24:24Z</time></trkpt>
			<trkpt lat="47.368000" lon="-1.181590"><ele>10</ele><time>2026-03-01T12:24:36Z</time></trkpt>
			<trkpt lat="47.368060" lon="-1.181380"><ele>10</ele><time>2026-03-01T12:24:48Z</time></trkpt>
			<trkpt lat="47.368090" lon="-1.181210"><ele>10</ele><time>2026-03-01T12:25:00Z</time></trkpt>
			<trkpt lat="47.368110" lon="-1.181110"><ele>10</ele><time>2026-03-01T12:25:12Z</time></trkpt>
			<trkpt lat="47.368140" lon="-1.181120"><ele>10</ele><time>2026-03-01T12:25:24Z</time></trkpt>
			<trkpt lat="47.368170" lon="-1.181090"><ele>10</ele><time>2026-03-01T12:25:36Z</time></trkpt>
			<trkpt lat="47.368180" lon="-1.181070"><ele>10</ele><time>2026-03-01T12:25:48Z</time></trkpt>
			<trkpt lat="47.368240" lon="-1.181100"><ele>10</ele><time>2026-03-01T12:26:00Z</time></trkpt>
			<trkpt lat="47.368460" lon="-1.181260"><ele>10</ele><time>2026-03-01T12:26:12Z</time></trkpt>
			<trkpt lat="47.368670" lon="-1.181420"><ele>11</ele><time>2026-03-01T12:26:24Z</time></trkpt>
			<trkpt lat="47.368700" lon="-1.181480"><ele>11</ele><time>2026-03-01T12:26:36Z</time></trkpt>
			<trkpt lat="47.368730" lon="-1.181560"><ele>11</ele><time>2026-03-01T12:26:48Z</time></trkpt>
			<trkpt lat="47.368807" lon="-1.181637"><ele>11</ele><time>2026-03-01T12:27:00Z</time></trkpt>
			<trkpt lat="47.367688" lon="-1.181638"><ele>11</ele><time>2026-03-01T12:27:12Z</time></trkpt>
			<trkpt lat="47.366568" lon="-1.181638"><ele>11</ele><time>2026-03-01T12:27:24Z</time></trkpt>
			<trkpt lat="47.365449" lon="-1.181639"><ele>11</ele><time>2026-03-01T12:27:36Z</time></trkpt>
			<trkpt lat="47.364329" lon="-1.181639"><ele>11</ele><time>2026-03-01T12:27:48Z</time></trkpt>
			<trkpt lat="47.363210" lon="-1.181640"><ele>11</ele><time>2026-03-01T12:28:00Z</time></trkpt>
		</trkseg>
	</trk>
</gpx>
