<?xml version="1.0" encoding="UTF-8" ?>
<gpx version="1.1" xmlns:xsi="http://www.w3.org/2001/XMLSchema-instance"
    xmlns="http://www.topografix.com/GPX/1/1"
    xsi:schemaLocation="http://www.topografix.com/GPX/1/1 http://www.topografix.com/GPX/1/1/gpx.xsd"
    creator="Club'O'Clock — jeu de démonstration">
	<trk>
		<name>Sud-Est 85 km</name>
		<trkseg>
			<trkpt lat="47.363210" lon="-1.181640"><ele>11</ele><time>2026-03-01T08:00:00Z</time></trkpt>
			<trkpt lat="47.364303" lon="-1.181598"><ele>11</ele><time>2026-03-01T08:00:12Z</time></trkpt>
			<trkpt lat="47.365396" lon="-1.181556"><ele>11</ele><time>2026-03-01T08:00:24Z</time></trkpt>
			<trkpt lat="47.366489" lon="-1.181513"><ele>11</ele><time>2026-03-01T08:00:36Z</time></trkpt>
			<trkpt lat="47.367582" lon="-1.181471"><ele>11</ele><time>2026-03-01T08:00:48Z</time></trkpt>
			<trkpt lat="47.368674" lon="-1.181429"><ele>11</ele><time>2026-03-01T08:01:00Z</time></trkpt>
			<trkpt lat="47.368670" lon="-1.181420"><ele>11</ele><time>2026-03-01T08:01:12Z</time></trkpt>
			<trkpt lat="47.368460" lon="-1.181260"><ele>10</ele><time>2026-03-01T08:01:24Z</time></trkpt>
			<trkpt lat="47.368240" lon="-1.181100"><ele>10</ele><time>2026-03-01T08:01:36Z</time></trkpt>
			<trkpt lat="47.368180" lon="-1.181070"><ele>10</ele><time>2026-03-01T08:01:48Z</time></trkpt>
			<trkpt lat="47.368170" lon="-1.181090"><ele>10</ele><time>2026-03-01T08:02:00Z</time></trkpt>
			<trkpt lat="47.368140" lon="-1.181120"><ele>10</ele><time>2026-03-01T08:02:12Z</time></trkpt>
			<trkpt lat="47.368110" lon="-1.181110"><ele>10</ele><time>2026-03-01T08:02:24Z</time></trkpt>
			<trkpt lat="47.368090" lon="-1.181210"><ele>10</ele><time>2026-03-01T08:02:36Z</time></trkpt>
			<trkpt lat="47.368060" lon="-1.181380"><ele>10</ele><time>2026-03-01T08:02:48Z</time></trkpt>
			<trkpt lat="47.368000" lon="-1.181590"><ele>10</ele><time>2026-03-01T08:03:00Z</time></trkpt>
			<trkpt lat="47.367880" lon="-1.181940"><ele>10</ele><time>2026-03-01T08:03:12Z</time></trkpt>
			<trkpt lat="47.367820" lon="-1.182130"><ele>10</ele><time>2026-03-01T08:03:24Z</time></trkpt>
			<trkpt lat="47.367620" lon="-1.182760"><ele>10</ele><time>2026-03-01T08:03:36Z</time></trkpt>
			<trkpt lat="47.367640" lon="-1.182800"><ele>10</ele><time>2026-03-01T08:03:48Z</time></trkpt>
			<trkpt lat="47.367640" lon="-1.182850"><ele>10</ele><time>2026-03-01T08:04:00Z</time></trkpt>
			<trkpt lat="47.367640" lon="-1.182870"><ele>10</ele><time>2026-03-01T08:04:12Z</time></trkpt>
			<trkpt lat="47.367610" lon="-1.182900"><ele>10</ele><time>2026-03-01T08:04:24Z</time></trkpt>
			<trkpt lat="47.367570" lon="-1.182900"><ele>10</ele><time>2026-03-01T08:04:36Z</time></trkpt>
			<trkpt lat="47.367550" lon="-1.183000"><ele>11</ele><time>2026-03-01T08:04:48Z</time></trkpt>
			<trkpt lat="47.367450" lon="-1.183290"><ele>11</ele><time>2026-03-01T08:05:00Z</time></trkpt>
			<trkpt lat="47.367390" lon="-1.183480"><ele>11</ele><time>2026-03-01T08:05:12Z</time></trkpt>
			<trkpt lat="47.367300" lon="-1.183780"><ele>11</ele><time>2026-03-01T08:05:24Z</time></trkpt>
			<trkpt lat="47.367200" lon="-1.183970"><ele>11</ele><time>2026-03-01T08:05:36Z</time></trkpt>
			<trkpt lat="47.367160" lon="-1.184060"><ele>11</ele><time>2026-03-01T08:05:48Z</time></trkpt>
			<trkpt lat="47.367190" lon="-1.184110"><ele>10</ele><time>2026-03-01T08:06:00Z</time></trkpt>
			<trkpt lat="47.367190" lon="-1.184170"><ele>10</ele><time>2026-03-01T08:06:12Z</time></trkpt>
			<trkpt lat="47.367170" lon="-1.184220"><ele>10</ele><time>2026-03-01T08:06:24Z</time></trkpt>
			<trkpt lat="47.367130" lon="-1.184240"><ele>10</ele><time>2026-03-01T08:06:36Z</time></trkpt>
			<trkpt lat="47.367110" lon="-1.184230"><ele>10</ele><time>2026-03-01T08:06:48Z</time></trkpt>
			<trkpt lat="47.367080" lon="-1.184370"><ele>10</ele><time>2026-03-01T08:07:00Z</time></trkpt>
			<trkpt lat="47.366950" lon="-1.184690"><ele>9</ele><time>2026-03-01T08:07:12Z</time></trkpt>
			<trkpt lat="47.366900" lon="-1.184820"><ele>9</ele><time>2026-03-01T08:07:24Z</time></trkpt>
			<trkpt lat="47.366840" lon="-1.184940"><ele>9</ele><time>2026-03-01T08:07:36Z</time></trkpt>
			<trkpt lat="47.366770" lon="-1.185060"><ele>9</ele><time>2026-03-01T08:07:48Z</time></trkpt>
			<trkpt lat="47.366470" lon="-1.185460"><ele>10</ele><time>2026-03-01T08:08:00Z</time></trkpt>
			<trkpt lat="47.366470" lon="-1.185530"><ele>9</ele><time>2026-03-01T08:08:12Z</time></trkpt>
			<trkpt lat="47.366470" lon="-1.185550"><ele>9</ele><time>2026-03-01T08:08:24Z</time></trkpt>
			<trkpt lat="47.366440" lon="-1.185600"><ele>10</ele><time>2026-03-01T08:08:36Z</time></trkpt>
			<trkpt lat="47.366390" lon="-1.185600"><ele>10</ele><time>2026-03-01T08:08:48Z</time></trkpt>
			<trkpt lat="47.366360" lon="-1.185560"><ele>10</ele><time>2026-03-01T08:09:00Z</time></trkpt>
			<trkpt lat="47.366290" lon="-1.185610"><ele>10</ele><time>2026-03-01T08:09:12Z</time></trkpt>
			<trkpt lat="47.366170" lon="-1.185690"><ele>10</ele><time>2026-03-01T08:09:24Z</time></trkpt>
			<trkpt lat="47.365830" lon="-1.185970"><ele>10</ele><time>2026-03-01T08:09:36Z</time></trkpt>
			<trkpt lat="47.365430" lon="-1.186320"><ele>11</ele><time>2026-03-01T08:09:48Z</time></trkpt>
			<trkpt lat="47.365090" lon="-1.186600"><ele>12</ele><time>2026-03-01T08:10:00Z</time></trkpt>
			<trkpt lat="47.364670" lon="-1.186960"><ele>13</ele><time>2026-03-01T08:10:12Z</time></trkpt>
			<trkpt lat="47.364520" lon="-1.187080"><ele>13</ele><time>2026-03-01T08:10:24Z</time></trkpt>
			<trkpt lat="47.364480" lon="-1.187140"><ele>13</ele><time>2026-03-01T08:10:36Z</time></trkpt>
			<trkpt lat="47.364430" lon="-1.187180"><ele>13</ele><time>2026-03-01T08:10:48Z</time></trkpt>
			<trkpt lat="47.364360" lon="-1.187320"><ele>13</ele><time>2026-03-01T08:11:00Z</time></trkpt>
			<trkpt lat="47.364360" lon="-1.187370"><ele>13</ele><time>2026-03-01T08:11:12Z</time></trkpt>
			<trkpt lat="47.364340" lon="-1.187450"><ele>13</ele><time>2026-03-01T08:11:24Z</time></trkpt>
			<trkpt lat="47.364310" lon="-1.187520"><ele>13</ele><time>2026-03-01T08:11:36Z</time></trkpt>
			<trkpt lat="47.364270" lon="-1.187550"><ele>13</ele><time>2026-03-01T08:11:48Z</time></trkpt>
			<trkpt lat="47.364230" lon="-1.187570"><ele>13</ele><time>2026-03-01T08:12:00Z</time></trkpt>
			<trkpt lat="47.364190" lon="-1.187570"><ele>13</ele><time>2026-03-01T08:12:12Z</time></trkpt>
			<trkpt lat="47.364160" lon="-1.187560"><ele>13</ele><time>2026-03-01T08:12:24Z</time></trkpt>
			<trkpt lat="47.364120" lon="-1.187530"><ele>13</ele><time>2026-03-01T08:12:36Z</time></trkpt>
			<trkpt lat="47.364030" lon="-1.187570"><ele>13</ele><time>2026-03-01T08:12:48Z</time></trkpt>
			<trkpt lat="47.363860" lon="-1.187650"><ele>12</ele><time>2026-03-01T08:13:00Z</time></trkpt>
			<trkpt lat="47.363820" lon="-1.187660"><ele>12</ele><time>2026-03-01T08:13:12Z</time></trkpt>
			<trkpt lat="47.363770" lon="-1.187640"><ele>12</ele><time>2026-03-01T08:13:24Z</time></trkpt>
			<trkpt lat="47.363740" lon="-1.187610"><ele>12</ele><time>2026-03-01T08:13:36Z</time></trkpt>
			<trkpt lat="47.363730" lon="-1.187570"><ele>12</ele><time>2026-03-01T08:13:48Z</time></trkpt>
			<trkpt lat="47.363720" lon="-1.187530"><ele>12</ele><time>2026-03-01T08:14:00Z</time></trkpt>
			<trkpt lat="47.363720" lon="-1.187470"><ele>12</ele><time>2026-03-01T08:14:12Z</time></trkpt>
			<trkpt lat="47.363690" lon="-1.187260"><ele>12</ele><time>2026-03-01T08:14:24Z</time></trkpt>
			<trkpt lat="47.363610" lon="-1.187040"><ele>12</ele><time>2026-03-01T08:14:36Z</time></trkpt>
			<trkpt lat="47.363540" lon="-1.186780"><ele>13</ele><time>2026-03-01T08:14:48Z</time></trkpt>
			<trkpt lat="47.363520" lon="-1.186600"><ele>13</ele><time>2026-03-01T08:15:00Z</time></trkpt>
			<trkpt lat="47.363520" lon="-1.185950"><ele>13</ele><time>2026-03-01T08:15:12Z</time></trkpt>
			<trkpt lat="47.363520" lon="-1.184670"><ele>12</ele><time>2026-03-01T08:15:24Z</time></trkpt>
			<trkpt lat="47.363520" lon="-1.184410"><ele>12</ele><time>2026-03-01T08:15:36Z</time></trkpt>
			<trkpt lat="47.363530" lon="-1.184160"><ele>11</ele><time>2026-03-01T08:15:48Z</time></trkpt>
			<trkpt lat="47.363540" lon="-1.183120"><ele>13</ele><time>2026-03-01T08:16:00Z</time></trkpt>
			<trkpt lat="47.363500" lon="-1.183120"><ele>13</ele><time>2026-03-01T08:16:12Z</time></trkpt>
			<trkpt lat="47.363460" lon="-1.183090"><ele>13</ele><time>2026-03-01T08:16:24Z</time></trkpt>
			<trkpt lat="47.363430" lon="-1.183050"><ele>13</ele><time>2026-03-01T08:16:36Z</time></trkpt>
			<trkpt lat="47.363420" lon="-1.183000"><ele>13</ele><time>2026-03-01T08:16:48Z</time></trkpt>
			<trkpt lat="47.363420" lon="-1.182940"><ele>13</ele><time>2026-03-01T08:17:00Z</time></trkpt>
			<trkpt lat="47.363430" lon="-1.182880"><ele>13</ele><time>2026-03-01T08:17:12Z</time></trkpt>
			<trkpt lat="47.363440" lon="-1.182840"><ele>13</ele><time>2026-03-01T08:17:24Z</time></trkpt>
			<trkpt lat="47.363470" lon="-1.182810"><ele>13</ele><time>2026-03-01T08:17:36Z</time></trkpt>
			<trkpt lat="47.363500" lon="-1.182790"><ele>13</ele><time>2026-03-01T08:17:48Z</time></trkpt>
			<trkpt lat="47.363530" lon="-1.182780"><ele>13</ele><time>2026-03-01T08:18:00Z</time></trkpt>
			<trkpt lat="47.363530" lon="-1.182510"><ele>13</ele><time>2026-03-01T08:18:12Z</time></trkpt>
			<trkpt lat="47.363510" lon="-1.182360"><ele>13</ele><time>2026-03-01T08:18:24Z</time></trkpt>
			<trkpt lat="47.363450" lon="-1.181600"><ele>14</ele><time>2026-03-01T08:18:36Z</time></trkpt>
			<trkpt lat="47.363410" lon="-1.181040"><ele>13</ele><time>2026-03-01T08:18:48Z</time></trkpt>
			<trkpt lat="47.363350" lon="-1.180320"><ele>12</ele><time>2026-03-01T08:19:00Z</time></trkpt>
			<trkpt lat="47.363340" lon="-1.180250"><ele>12</ele><time>2026-03-01T08:19:12Z</time></trkpt>
			<trkpt lat="47.363310" lon="-1.179910"><ele>12</ele><time>2026-03-01T08:19:24Z</time></trkpt>
			<trkpt lat="47.363230" lon="-1.179150"><ele>11</ele><time>2026-03-01T08:19:36Z</time></trkpt>
			<trkpt lat="47.363230" lon="-1.178900"><ele>11</ele><time>2026-03-01T08:19:48Z</time></trkpt>
			<trkpt lat="47.363240" lon="-1.178730"><ele>11</ele><time>2026-03-01T08:20:00Z</time></trkpt>
			<trkpt lat="47.363320" lon="-1.178440"><ele>11</ele><time>2026-03-01T08:20:12Z</time></trkpt>
			<trkpt lat="47.363370" lon="-1.178230"><ele>11</ele><time>2026-03-01T08:20:24Z</time></trkpt>
			<trkpt lat="47.363410" lon="-1.178090"><ele>11</ele><time>2026-03-01T08:20:36Z</time></trkpt>
			<trkpt lat="47.363430" lon="-1.177990"><ele>11</ele><time>2026-03-01T08:20:48Z</time></trkpt>
			<trkpt lat="47.363450" lon="-1.177940"><ele>11</ele><time>2026-03-01T08:21:00Z</time></trkpt>
			<trkpt lat="47.363470" lon="-1.177850"><ele>11</ele><time>2026-03-01T08:21:12Z</time></trkpt>
			<trkpt lat="47.363530" lon="-1.177600"><ele>11</ele><time>2026-03-01T08:21:24Z</time></trkpt>
			<trkpt lat="47.363590" lon="-1.177480"><ele>11</ele><time>2026-03-01T08:21:36Z</time></trkpt>
			<trkpt lat="47.363630" lon="-1.177440"><ele>11</ele><time>2026-03-01T08:21:48Z</time></trkpt>
			<trkpt lat="47.363610" lon="-1.177410"><ele>11</ele><time>2026-03-01T08:22:00Z</time></trkpt>
			<trkpt lat="47.363610" lon="-1.177370"><ele>11</ele><time>2026-03-01T08:22:12Z</time></trkpt>
			<trkpt lat="47.363610" lon="-1.177330"><ele>11</ele><time>2026-03-01T08:22:24Z</time></trkpt>
			<trkpt lat="47.363510" lon="-1.177280"><ele>10</ele><time>2026-03-01T08:22:36Z</time></trkpt>
			<trkpt lat="47.359860" lon="-1.175380"><ele>10</ele><time>2026-03-01T08:22:48Z</time></trkpt>
			<trkpt lat="47.359640" lon="-1.175260"><ele>10</ele><time>2026-03-01T08:23:00Z</time></trkpt>
			<trkpt lat="47.359110" lon="-1.174980"><ele>10</ele><time>2026-03-01T08:23:12Z</time></trkpt>
			<trkpt lat="47.358740" lon="-1.174790"><ele>10</ele><time>2026-03-01T08:23:24Z</time></trkpt>
			<trkpt lat="47.357510" lon="-1.174140"><ele>12</ele><time>2026-03-01T08:23:36Z</time></trkpt>
			<trkpt lat="47.357560" lon="-1.173940"><ele>12</ele><time>2026-03-01T08:23:48Z</time></trkpt>
			<trkpt lat="47.357620" lon="-1.173800"><ele>12</ele><time>2026-03-01T08:24:00Z</time></trkpt>
			<trkpt lat="47.357660" lon="-1.173700"><ele>12</ele><time>2026-03-01T08:24:12Z</time></trkpt>
			<trkpt lat="47.357720" lon="-1.173590"><ele>11</ele><time>2026-03-01T08:24:24Z</time></trkpt>
			<trkpt lat="47.357830" lon="-1.173370"><ele>11</ele><time>2026-03-01T08:24:36Z</time></trkpt>
			<trkpt lat="47.357800" lon="-1.173250"><ele>11</ele><time>2026-03-01T08:24:48Z</time></trkpt>
			<trkpt lat="47.357780" lon="-1.172930"><ele>11</ele><time>2026-03-01T08:25:00Z</time></trkpt>
			<trkpt lat="47.357600" lon="-1.172180"><ele>12</ele><time>2026-03-01T08:25:12Z</time></trkpt>
			<trkpt lat="47.357520" lon="-1.171960"><ele>12</ele><time>2026-03-01T08:25:24Z</time></trkpt>
			<trkpt lat="47.357420" lon="-1.171690"><ele>11</ele><time>2026-03-01T08:25:36Z</time></trkpt>
			<trkpt lat="47.357350" lon="-1.171600"><ele>11</ele><time>2026-03-01T08:25:48Z</time></trkpt>
			<trkpt lat="47.357110" lon="-1.171300"><ele>11</ele><time>2026-03-01T08:26:00Z</time></trkpt>
			<trkpt lat="47.356980" lon="-1.171050"><ele>10</ele><time>2026-03-01T08:26:12Z</time></trkpt>
			<trkpt lat="47.356800" lon="-1.170630"><ele>10</ele><time>2026-03-01T08:26:24Z</time></trkpt>
			<trkpt lat="47.356690" lon="-1.170420"><ele>10</ele><time>2026-03-01T08:26:36Z</time></trkpt>
			<trkpt lat="47.356440" lon="-1.169910"><ele>9</ele><time>2026-03-01T08:26:48Z</time></trkpt>
			<trkpt lat="47.356410" lon="-1.169800"><ele>9</ele><time>2026-03-01T08:27:00Z</time></trkpt>
			<trkpt lat="47.356370" lon="-1.169660"><ele>8</ele><time>2026-03-01T08:27:12Z</time></trkpt>
			<trkpt lat="47.356350" lon="-1.169530"><ele>8</ele><time>2026-03-01T08:27:24Z</time></trkpt>
			<trkpt lat="47.356350" lon="-1.169210"><ele>8</ele><time>2026-03-01T08:27:36Z</time></trkpt>
			<trkpt lat="47.356390" lon="-1.168670"><ele>9</ele><time>2026-03-01T08:27:48Z</time></trkpt>
			<trkpt lat="47.356420" lon="-1.168370"><ele>9</ele><time>2026-03-01T08:28:00Z</time></trkpt>
			<trkpt lat="47.356470" lon="-1.168050"><ele>10</ele><time>2026-03-01T08:28:12Z</time></trkpt>
			<trkpt lat="47.356570" lon="-1.167560"><ele>10</ele><time>2026-03-01T08:28:24Z</time></trkpt>
			<trkpt lat="47.356600" lon="-1.167290"><ele>10</ele><time>2026-03-01T08:28:36Z</time></trkpt>
			<trkpt lat="47.356600" lon="-1.167140"><ele>10</ele><time>2026-03-01T08:28:48Z</time></trkpt>
			<trkpt lat="47.356590" lon="-1.166920"><ele>10</ele><time>2026-03-01T08:29:00Z</time></trkpt>
			<trkpt lat="47.356500" lon="-1.166110"><ele>10</ele><time>2026-03-01T08:29:12Z</time></trkpt>
			<trkpt lat="47.356450" lon="-1.165780"><ele>9</ele><time>2026-03-01T08:29:24Z</time></trkpt>
			<trkpt lat="47.356380" lon="-1.165440"><ele>7</ele><time>2026-03-01T08:29:36Z</time></trkpt>
			<trkpt lat="47.356350" lon="-1.165250"><ele>5</ele><time>2026-03-01T08:29:48Z</time></trkpt>
			<trkpt lat="47.356330" lon="-1.165050"><ele>5</ele><time>2026-03-01T08:30:00Z</time></trkpt>
			<trkpt lat="47.356340" lon="-1.164680"><ele>3</ele><time>2026-03-01T08:30:12Z</time></trkpt>
			<trkpt lat="47.356400" lon="-1.163820"><ele>-1</ele><time>2026-03-01T08:30:24Z</time></trkpt>
			<trkpt lat="47.356400" lon="-1.163620"><ele>-1</ele><time>2026-03-01T08:30:36Z</time></trkpt>
			<trkpt lat="47.356340" lon="-1.162930"><ele>0</ele><time>2026-03-01T08:30:48Z</time></trkpt>
			<trkpt lat="47.356330" lon="-1.162800"><ele>1</ele><time>2026-03-01T08:31:00Z</time></trkpt>
			<trkpt lat="47.356330" lon="-1.162390"><ele>1</ele><time>2026-03-01T08:31:12Z</time></trkpt>
			<trkpt lat="47.356370" lon="-1.161870"><ele>2</ele><time>2026-03-01T08:31:24Z</time></trkpt>
			<trkpt lat="47.356400" lon="-1.161590"><ele>2</ele><time>2026-03-01T08:31:36Z</time></trkpt>
			<trkpt lat="47.356470" lon="-1.161240"><ele>2</ele><time>2026-03-01T08:31:48Z</time></trkpt>
			<trkpt lat="47.356540" lon="-1.160960"><ele>2</ele><time>2026-03-01T08:32:00Z</time></trkpt>
			<trkpt lat="47.356560" lon="-1.160760"><ele>2</ele><time>2026-03-01T08:32:12Z</time></trkpt>
			<trkpt lat="47.356610" lon="-1.160140"><ele>4</ele><time>2026-03-01T08:32:24Z</time></trkpt>
			<trkpt lat="47.356640" lon="-1.159860"><ele>6</ele><time>2026-03-01T08:32:36Z</time></trkpt>
			<trkpt lat="47.356640" lon="-1.159720"><ele>6</ele><time>2026-03-01T08:32:48Z</time></trkpt>
			<trkpt lat="47.356630" lon="-1.159610"><ele>6</ele><time>2026-03-01T08:33:00Z</time></trkpt>
			<trkpt lat="47.356610" lon="-1.159520"><ele>7</ele><time>2026-03-01T08:33:12Z</time></trkpt>
			<trkpt lat="47.356580" lon="-1.159420"><ele>7</ele><time>2026-03-01T08:33:24Z</time></trkpt>
			<trkpt lat="47.356420" lon="-1.159140"><ele>8</ele><time>2026-03-01T08:33:36Z</time></trkpt>
			<trkpt lat="47.356350" lon="-1.159000"><ele>8</ele><time>2026-03-01T08:33:48Z</time></trkpt>
			<trkpt lat="47.356300" lon="-1.158880"><ele>8</ele><time>2026-03-01T08:34:00Z</time></trkpt>
			<trkpt lat="47.356180" lon="-1.158600"><ele>8</ele><time>2026-03-01T08:34:12Z</time></trkpt>
			<trkpt lat="47.356120" lon="-1.158500"><ele>8</ele><time>2026-03-01T08:34:24Z</time></trkpt>
			<trkpt lat="47.355850" lon="-1.158130"><ele>7</ele><time>2026-03-01T08:34:36Z</time></trkpt>
			<trkpt lat="47.355350" lon="-1.157250"><ele>7</ele><time>2026-03-01T08:34:48Z</time></trkpt>
			<trkpt lat="47.355220" lon="-1.157050"><ele>7</ele><time>2026-03-01T08:35:00Z</time></trkpt>
			<trkpt lat="47.355000" lon="-1.156770"><ele>7</ele><time>2026-03-01T08:35:12Z</time></trkpt>
			<trkpt lat="47.354890" lon="-1.156670"><ele>7</ele><time>2026-03-01T08:35:24Z</time></trkpt>
			<trkpt lat="47.354550" lon="-1.156560"><ele>7</ele><time>2026-03-01T08:35:36Z</time></trkpt>
			<trkpt lat="47.354360" lon="-1.156540"><ele>8</ele><time>2026-03-01T08:35:48Z</time></trkpt>
			<trkpt lat="47.354230" lon="-1.156550"><ele>8</ele><time>2026-03-01T08:36:00Z</time></trkpt>
			<trkpt lat="47.353890" lon="-1.156630"><ele>8</ele><time>2026-03-01T08:36:12Z</time></trkpt>
			<trkpt lat="47.353500" lon="-1.156770"><ele>8</ele><time>2026-03-01T08:36:24Z</time></trkpt>
			<trkpt lat="47.353420" lon="-1.156800"><ele>8</ele><time>2026-03-01T08:36:36Z</time></trkpt>
			<trkpt lat="47.353150" lon="-1.156950"><ele>8</ele><time>2026-03-01T08:36:48Z</time></trkpt>
			<trkpt lat="47.352900" lon="-1.157030"><ele>8</ele><time>2026-03-01T08:37:00Z</time></trkpt>
			<trkpt lat="47.352520" lon="-1.157050"><ele>8</ele><time>2026-03-01T08:37:12Z</time></trkpt>
			<trkpt lat="47.351820" lon="-1.157180"><ele>8</ele><time>2026-03-01T08:37:24Z</time></trkpt>
			<trkpt lat="47.351390" lon="-1.157200"><ele>8</ele><time>2026-03-01T08:37:36Z</time></trkpt>
			<trkpt lat="47.351220" lon="-1.157230"><ele>8</ele><time>2026-03-01T08:37:48Z</time></trkpt>
			<trkpt lat="47.351110" lon="-1.157290"><ele>8</ele><time>2026-03-01T08:38:00Z</time></trkpt>
			<trkpt lat="47.351030" lon="-1.157360"><ele>9</ele><time>2026-03-01T08:38:12Z</time></trkpt>
			<trkpt lat="47.350980" lon="-1.157460"><ele>9</ele><time>2026-03-01T08:38:24Z</time></trkpt>
			<trkpt lat="47.350540" lon="-1.158630"><ele>9</ele><time>2026-03-01T08:38:36Z</time></trkpt>
			<trkpt lat="47.350100" lon="-1.159590"><ele>8</ele><time>2026-03-01T08:38:48Z</time></trkpt>
			<trkpt lat="47.350020" lon="-1.159700"><ele>7</ele><time>2026-03-01T08:39:00Z</time></trkpt>
			<trkpt lat="47.349950" lon="-1.159770"><ele>7</ele><time>2026-03-01T08:39:12Z</time></trkpt>
			<trkpt lat="47.349850" lon="-1.159810"><ele>7</ele><time>2026-03-01T08:39:24Z</time></trkpt>
			<trkpt lat="47.349750" lon="-1.159820"><ele>7</ele><time>2026-03-01T08:39:36Z</time></trkpt>
			<trkpt lat="47.349640" lon="-1.159790"><ele>8</ele><time>2026-03-01T08:39:48Z</time></trkpt>
			<trkpt lat="47.349300" lon="-1.159620"><ele>8</ele><time>2026-03-01T08:40:00Z</time></trkpt>
			<trkpt lat="47.349240" lon="-1.159570"><ele>8</ele><time>2026-03-01T08:40:12Z</time></trkpt>
			<trkpt lat="47.349000" lon="-1.159420"><ele>8</ele><time>2026-03-01T08:40:24Z</time></trkpt>
			<trkpt lat="47.348410" lon="-1.159060"><ele>9</ele><time>2026-03-01T08:40:36Z</time></trkpt>
			<trkpt lat="47.348280" lon="-1.158960"><ele>9</ele><time>2026-03-01T08:40:48Z</time></trkpt>
			<trkpt lat="47.347980" lon="-1.158650"><ele>11</ele><time>2026-03-01T08:41:00Z</time></trkpt>
			<trkpt lat="47.347830" lon="-1.158560"><ele>12</ele><time>2026-03-01T08:41:12Z</time></trkpt>
			<trkpt lat="47.347690" lon="-1.158490"><ele>12</ele><time>2026-03-01T08:41:24Z</time></trkpt>
			<trkpt lat="47.347390" lon="-1.158380"><ele>14</ele><time>2026-03-01T08:41:36Z</time></trkpt>
			<trkpt lat="47.347020" lon="-1.158250"><ele>15</ele><time>2026-03-01T08:41:48Z</time></trkpt>
			<trkpt lat="47.346110" lon="-1.157950"><ele>18</ele><time>2026-03-01T08:42:00Z</time></trkpt>
			<trkpt lat="47.346000" lon="-1.157910"><ele>18</ele><time>2026-03-01T08:42:12Z</time></trkpt>
			<trkpt lat="47.345890" lon="-1.157850"><ele>18</ele><time>2026-03-01T08:42:24Z</time></trkpt>
			<trkpt lat="47.345260" lon="-1.157490"><ele>20</ele><time>2026-03-01T08:42:36Z</time></trkpt>
			<trkpt lat="47.345180" lon="-1.157520"><ele>20</ele><time>2026-03-01T08:42:48Z</time></trkpt>
			<trkpt lat="47.345130" lon="-1.157580"><ele>20</ele><time>2026-03-01T08:43:00Z</time></trkpt>
			<trkpt lat="47.344980" lon="-1.157730"><ele>20</ele><time>2026-03-01T08:43:12Z</time></trkpt>
			<trkpt lat="47.344760" lon="-1.157240"><ele>22</ele><time>2026-03-01T08:43:24Z</time></trkpt>
			<trkpt lat="47.344420" lon="-1.156470"><ele>24</ele><time>2026-03-01T08:43:36Z</time></trkpt>
			<trkpt lat="47.344410" lon="-1.156450"><ele>24</ele><time>2026-03-01T08:43:48Z</time></trkpt>
			<trkpt lat="47.343900" lon="-1.155290"><ele>28</ele><time>2026-03-01T08:44:00Z</time></trkpt>
			<trkpt lat="47.343730" lon="-1.154890"><ele>29</ele><time>2026-03-01T08:44:12Z</time></trkpt>
			<trkpt lat="47.343690" lon="-1.154810"><ele>29</ele><time>2026-03-01T08:44:24Z</time></trkpt>
			<trkpt lat="47.343340" lon="-1.154040"><ele>31</ele><time>2026-03-01T08:44:36Z</time></trkpt>
			<trkpt lat="47.343190" lon="-1.153700"><ele>31</ele><time>2026-03-01T08:44:48Z</time></trkpt>
			<trkpt lat="47.343150" lon="-1.153550"><ele>31</ele><time>2026-03-01T08:45:00Z</time></trkpt>
			<trkpt lat="47.343110" lon="-1.153350"><ele>31</ele><time>2026-03-01T08:45:12Z</time></trkpt>
			<trkpt lat="47.343110" lon="-1.153150"><ele>31</ele><time>2026-03-01T08:45:24Z</time></trkpt>
			<trkpt lat="47.343180" lon="-1.152680"><ele>30</ele><time>2026-03-01T08:45:36Z</time></trkpt>
			<trkpt lat="47.343230" lon="-1.152460"><ele>30</ele><time>2026-03-01T08:45:48Z</time></trkpt>
			<trkpt lat="47.343250" lon="-1.152290"><ele>31</ele><time>2026-03-01T08:46:00Z</time></trkpt>
			<trkpt lat="47.343260" lon="-1.152080"><ele>31</ele><time>2026-03-01T08:46:12Z</time></trkpt>
			<trkpt lat="47.343240" lon="-1.151700"><ele>31</ele><time>2026-03-01T08:46:24Z</time></trkpt>
			<trkpt lat="47.343110" lon="-1.150410"><ele>30</ele><time>2026-03-01T08:46:36Z</time></trkpt>
			<trkpt lat="47.343080" lon="-1.150270"><ele>30</ele><time>2026-03-01T08:46:48Z</time></trkpt>
			<trkpt lat="47.343050" lon="-1.150110"><ele>30</ele><time>2026-03-01T08:47:00Z</time></trkpt>
			<trkpt lat="47.342920" lon="-1.149770"><ele>30</ele><time>2026-03-01T08:47:12Z</time></trkpt>
			<trkpt lat="47.342870" lon="-1.149660"><ele>30</ele><time>2026-03-01T08:47:24Z</time></trkpt>
			<trkpt lat="47.342830" lon="-1.149690"><ele>30</ele><time>2026-03-01T08:47:36Z</time></trkpt>
			<trkpt lat="47.342740" lon="-1.149730"><ele>31</ele><time>2026-03-01T08:47:48Z</time></trkpt>
			<trkpt lat="47.341650" lon="-1.149980"><ele>36</ele><time>2026-03-01T08:48:00Z</time></trkpt>
			<trkpt lat="47.341430" lon="-1.150030"><ele>38</ele><time>2026-03-01T08:48:12Z</time></trkpt>
			<trkpt lat="47.341160" lon="-1.150120"><ele>40</ele><time>2026-03-01T08:48:24Z</time></trkpt>
			<trkpt lat="47.341070" lon="-1.150130"><ele>41</ele><time>2026-03-01T08:48:36Z</time></trkpt>
			<trkpt lat="47.340980" lon="-1.150120"><ele>41</ele><time>2026-03-01T08:48:48Z</time></trkpt>
			<trkpt lat="47.340890" lon="-1.150070"><ele>42</ele><time>2026-03-01T08:49:00Z</time></trkpt>
			<trkpt lat="47.340780" lon="-1.149960"><ele>43</ele><time>2026-03-01T08:49:12Z</time></trkpt>
			<trkpt lat="47.340730" lon="-1.149900"><ele>43</ele><time>2026-03-01T08:49:24Z</time></trkpt>
			<trkpt lat="47.339730" lon="-1.148570"><ele>55</ele><time>2026-03-01T08:49:36Z</time></trkpt>
			<trkpt lat="47.339600" lon="-1.148440"><ele>57</ele><time>2026-03-01T08:49:48Z</time></trkpt>
			<trkpt lat="47.339470" lon="-1.148320"><ele>58</ele><time>2026-03-01T08:50:00Z</time></trkpt>
			<trkpt lat="47.339310" lon="-1.148230"><ele>59</ele><time>2026-03-01T08:50:12Z</time></trkpt>
			<trkpt lat="47.339130" lon="-1.148180"><ele>61</ele><time>2026-03-01T08:50:24Z</time></trkpt>
			<trkpt lat="47.338610" lon="-1.148220"><ele>64</ele><time>2026-03-01T08:50:36Z</time></trkpt>
			<trkpt lat="47.338520" lon="-1.148220"><ele>65</ele><time>2026-03-01T08:50:48Z</time></trkpt>
			<trkpt lat="47.338150" lon="-1.148290"><ele>66</ele><time>2026-03-01T08:51:00Z</time></trkpt>
			<trkpt lat="47.337930" lon="-1.148320"><ele>65</ele><time>2026-03-01T08:51:12Z</time></trkpt>
			<trkpt lat="47.337630" lon="-1.148330"><ele>65</ele><time>2026-03-01T08:51:24Z</time></trkpt>
			<trkpt lat="47.337200" lon="-1.148270"><ele>64</ele><time>2026-03-01T08:51:36Z</time></trkpt>
			<trkpt lat="47.336660" lon="-1.148160"><ele>63</ele><time>2026-03-01T08:51:48Z</time></trkpt>
			<trkpt lat="47.336470" lon="-1.148160"><ele>64</ele><time>2026-03-01T08:52:00Z</time></trkpt>
			<trkpt lat="47.336270" lon="-1.148190"><ele>65</ele><time>2026-03-01T08:52:12Z</time></trkpt>
			<trkpt lat="47.335130" lon="-1.148460"><ele>68</ele><time>2026-03-01T08:52:24Z</time></trkpt>
			<trkpt lat="47.334830" lon="-1.148530"><ele>69</ele><time>2026-03-01T08:52:36Z</time></trkpt>
			<trkpt lat="47.334690" lon="-1.148550"><ele>69</ele><time>2026-03-01T08:52:48Z</time></trkpt>
			<trkpt lat="47.334530" lon="-1.148540"><ele>69</ele><time>2026-03-01T08:53:00Z</time></trkpt>
			<trkpt lat="47.334380" lon="-1.148500"><ele>69</ele><time>2026-03-01T08:53:12Z</time></trkpt>
			<trkpt lat="47.334200" lon="-1.148410"><ele>68</ele><time>2026-03-01T08:53:24Z</time></trkpt>
			<trkpt lat="47.334110" lon="-1.148350"><ele>68</ele><time>2026-03-01T08:53:36Z</time></trkpt>
			<trkpt lat="47.333960" lon="-1.148210"><ele>69</ele><time>2026-03-01T08:53:48Z</time></trkpt>
			<trkpt lat="47.333850" lon="-1.148040"><ele>69</ele><time>2026-03-01T08:54:00Z</time></trkpt>
			<trkpt lat="47.332830" lon="-1.145740"><ele>73</ele><time>2026-03-01T08:54:12Z</time></trkpt>
			<trkpt lat="47.332530" lon="-1.145120"><ele>77</ele><time>2026-03-01T08:54:24Z</time></trkpt>
			<trkpt lat="47.332080" lon="-1.144310"><ele>79</ele><time>2026-03-01T08:54:36Z</time></trkpt>
			<trkpt lat="47.331740" lon="-1.143770"><ele>80</ele><time>2026-03-01T08:54:48Z</time></trkpt>
			<trkpt lat="47.330840" lon="-1.142580"><ele>82</ele><time>2026-03-01T08:55:00Z</time></trkpt>
			<trkpt lat="47.330630" lon="-1.142410"><ele>82</ele><time>2026-03-01T08:55:12Z</time></trkpt>
			<trkpt lat="47.330570" lon="-1.142360"><ele>82</ele><time>2026-03-01T08:55:24Z</time></trkpt>
			<trkpt lat="47.330280" lon="-1.142160"><ele>82</ele><time>2026-03-01T08:55:36Z</time></trkpt>
			<trkpt lat="47.329730" lon="-1.141750"><ele>82</ele><time>2026-03-01T08:55:48Z</time></trkpt>
			<trkpt lat="47.329290" lon="-1.141480"><ele>82</ele><time>2026-03-01T08:56:00Z</time></trkpt>
			<trkpt lat="47.328260" lon="-1.140930"><ele>81</ele><time>2026-03-01T08:56:12Z</time></trkpt>
			<trkpt lat="47.327800" lon="-1.140730"><ele>80</ele><time>2026-03-01T08:56:24Z</time></trkpt>
			<trkpt lat="47.327190" lon="-1.140500"><ele>79</ele><time>2026-03-01T08:56:36Z</time></trkpt>
			<trkpt lat="47.326940" lon="-1.140430"><ele>78</ele><time>2026-03-01T08:56:48Z</time></trkpt>
			<trkpt lat="47.326710" lon="-1.140410"><ele>78</ele><time>2026-03-01T08:57:00Z</time></trkpt>
			<trkpt lat="47.326490" lon="-1.140420"><ele>78</ele><time>2026-03-01T08:57:12Z</time></trkpt>
			<trkpt lat="47.326160" lon="-1.140460"><ele>77</ele><time>2026-03-01T08:57:24Z</time></trkpt>
			<trkpt lat="47.325500" lon="-1.140540"><ele>76</ele><time>2026-03-01T08:57:36Z</time></trkpt>
			<trkpt lat="47.325050" lon="-1.140540"><ele>75</ele><time>2026-03-01T08:57:48Z</time></trkpt>
			<trkpt lat="47.323980" lon="-1.140490"><ele>73</ele><time>2026-03-01T08:58:00Z</time></trkpt>
			<trkpt lat="47.323710" lon="-1.140460"><ele>72</ele><time>2026-03-01T08:58:12Z</time></trkpt>
			<trkpt lat="47.323510" lon="-1.140420"><ele>72</ele><time>2026-03-01T08:58:24Z</time></trkpt>
			<trkpt lat="47.323300" lon="-1.140360"><ele>72</ele><time>2026-03-01T08:58:36Z</time></trkpt>
			<trkpt lat="47.323180" lon="-1.140280"><ele>72</ele><time>2026-03-01T08:58:48Z</time></trkpt>
			<trkpt lat="47.323050" lon="-1.140110"><ele>72</ele><time>2026-03-01T08:59:00Z</time></trkpt>
			<trkpt lat="47.321540" lon="-1.136710"><ele>76</ele><time>2026-03-01T08:59:12Z</time></trkpt>
			<trkpt lat="47.321390" lon="-1.136410"><ele>76</ele><time>2026-03-01T08:59:24Z</time></trkpt>
			<trkpt lat="47.321190" lon="-1.136110"><ele>76</ele><time>2026-03-01T08:59:36Z</time></trkpt>
			<trkpt lat="47.320920" lon="-1.135790"><ele>77</ele><time>2026-03-01T08:59:48Z</time></trkpt>
			<trkpt lat="47.320140" lon="-1.134960"><ele>76</ele><time>2026-03-01T09:00:00Z</time></trkpt>
			<trkpt lat="47.318360" lon="-1.133250"><ele>74</ele><time>2026-03-01T09:00:12Z</time></trkpt>
			<trkpt lat="47.317970" lon="-1.132800"><ele>75</ele><time>2026-03-01T09:00:24Z</time></trkpt>
			<trkpt lat="47.317410" lon="-1.132190"><ele>75</ele><time>2026-03-01T09:00:36Z</time></trkpt>
			<trkpt lat="47.317280" lon="-1.132070"><ele>75</ele><time>2026-03-01T09:00:48Z</time></trkpt>
			<trkpt lat="47.312980" lon="-1.129460"><ele>81</ele><time>2026-03-01T09:01:00Z</time></trkpt>
			<trkpt lat="47.312820" lon="-1.129340"><ele>81</ele><time>2026-03-01T09:01:12Z</time></trkpt>
			<trkpt lat="47.312720" lon="-1.129240"><ele>81</ele><time>2026-03-01T09:01:24Z</time></trkpt>
			<trkpt lat="47.312650" lon="-1.129050"><ele>81</ele><time>2026-03-01T09:01:36Z</time></trkpt>
			<trkpt lat="47.312570" lon="-1.128800"><ele>82</ele><time>2026-03-01T09:01:48Z</time></trkpt>
			<trkpt lat="47.312200" lon="-1.127350"><ele>83</ele><time>2026-03-01T09:02:00Z</time></trkpt>
			<trkpt lat="47.312160" lon="-1.127070"><ele>83</ele><time>2026-03-01T09:02:12Z</time></trkpt>
			<trkpt lat="47.312150" lon="-1.126880"><ele>84</ele><time>2026-03-01T09:02:24Z</time></trkpt>
			<trkpt lat="47.312250" lon="-1.125360"><ele>85</ele><time>2026-03-01T09:02:36Z</time></trkpt>
			<trkpt lat="47.312250" lon="-1.124940"><ele>85</ele><time>2026-03-01T09:02:48Z</time></trkpt>
			<trkpt lat="47.312160" lon="-1.124070"><ele>85</ele><time>2026-03-01T09:03:00Z</time></trkpt>
			<trkpt lat="47.311710" lon="-1.120620"><ele>86</ele><time>2026-03-01T09:03:12Z</time></trkpt>
			<trkpt lat="47.310980" lon="-1.116620"><ele>86</ele><time>2026-03-01T09:03:24Z</time></trkpt>
			<trkpt lat="47.309980" lon="-1.116710"><ele>84</ele><time>2026-03-01T09:03:36Z</time></trkpt>
			<trkpt lat="47.309580" lon="-1.116750"><ele>83</ele><time>2026-03-01T09:03:48Z</time></trkpt>
			<trkpt lat="47.309460" lon="-1.116760"><ele>83</ele><time>2026-03-01T09:04:00Z</time></trkpt>
			<trkpt lat="47.308220" lon="-1.116880"><ele>82</ele><time>2026-03-01T09:04:12Z</time></trkpt>
			<trkpt lat="47.308000" lon="-1.116930"><ele>83</ele><time>2026-03-01T09:04:24Z</time></trkpt>
			<trkpt lat="47.307730" lon="-1.117020"><ele>83</ele><time>2026-03-01T09:04:36Z</time></trkpt>
			<trkpt lat="47.307060" lon="-1.117280"><ele>85</ele><time>2026-03-01T09:04:48Z</time></trkpt>
			<trkpt lat="47.306280" lon="-1.117650"><ele>86</ele><time>2026-03-01T09:05:00Z</time></trkpt>
			<trkpt lat="47.306170" lon="-1.117690"><ele>87</ele><time>2026-03-01T09:05:12Z</time></trkpt>
			<trkpt lat="47.306100" lon="-1.117690"><ele>87</ele><time>2026-03-01T09:05:24Z</time></trkpt>
			<trkpt lat="47.306040" lon="-1.117690"><ele>87</ele><time>2026-03-01T09:05:36Z</time></trkpt>
			<trkpt lat="47.305900" lon="-1.117650"><ele>87</ele><time>2026-03-01T09:05:48Z</time></trkpt>
			<trkpt lat="47.304730" lon="-1.116980"><ele>89</ele><time>2026-03-01T09:06:00Z</time></trkpt>
			<trkpt lat="47.304490" lon="-1.116870"><ele>89</ele><time>2026-03-01T09:06:12Z</time></trkpt>
			<trkpt lat="47.303990" lon="-1.116680"><ele>90</ele><time>2026-03-01T09:06:24Z</time></trkpt>
			<trkpt lat="47.303760" lon="-1.116590"><ele>91</ele><time>2026-03-01T09:06:36Z</time></trkpt>
			<trkpt lat="47.302600" lon="-1.116220"><ele>96</ele><time>2026-03-01T09:06:48Z</time></trkpt>
			<trkpt lat="47.302470" lon="-1.116160"><ele>96</ele><time>2026-03-01T09:07:00Z</time></trkpt>
			<trkpt lat="47.302330" lon="-1.116060"><ele>96</ele><time>2026-03-01T09:07:12Z</time></trkpt>
			<trkpt lat="47.302190" lon="-1.115910"><ele>96</ele><time>2026-03-01T09:07:24Z</time></trkpt>
			<trkpt lat="47.301990" lon="-1.115610"><ele>97</ele><time>2026-03-01T09:07:36Z</time></trkpt>
			<trkpt lat="47.301860" lon="-1.115450"><ele>98</ele><time>2026-03-01T09:07:48Z</time></trkpt>
			<trkpt lat="47.301540" lon="-1.115180"><ele>98</ele><time>2026-03-01T09:08:00Z</time></trkpt>
			<trkpt lat="47.301450" lon="-1.115100"><ele>98</ele><time>2026-03-01T09:08:12Z</time></trkpt>
			<trkpt lat="47.301200" lon="-1.114890"><ele>98</ele><time>2026-03-01T09:08:24Z</time></trkpt>
			<trkpt lat="47.300940" lon="-1.114620"><ele>97</ele><time>2026-03-01T09:08:36Z</time></trkpt>
			<trkpt lat="47.300630" lon="-1.114270"><ele>97</ele><time>2026-03-01T09:08:48Z</time></trkpt>
			<trkpt lat="47.300510" lon="-1.114160"><ele>96</ele><time>2026-03-01T09:09:00Z</time></trkpt>
			<trkpt lat="47.300380" lon="-1.114070"><ele>96</ele><time>2026-03-01T09:09:12Z</time></trkpt>
			<trkpt lat="47.300210" lon="-1.113970"><ele>95</ele><time>2026-03-01T09:09:24Z</time></trkpt>
			<trkpt lat="47.300060" lon="-1.113900"><ele>95</ele><time>2026-03-01T09:09:36Z</time></trkpt>
			<trkpt lat="47.299910" lon="-1.113840"><ele>94</ele><time>2026-03-01T09:09:48Z</time></trkpt>
			<trkpt lat="47.299220" lon="-1.113620"><ele>92</ele><time>2026-03-01T09:10:00Z</time></trkpt>
			<trkpt lat="47.298700" lon="-1.113500"><ele>89</ele><time>2026-03-01T09:10:12Z</time></trkpt>
			<trkpt lat="47.298320" lon="-1.113440"><ele>86</ele><time>2026-03-01T09:10:24Z</time></trkpt>
			<trkpt lat="47.298090" lon="-1.113370"><ele>85</ele><time>2026-03-01T09:10:36Z</time></trkpt>
			<trkpt lat="47.297850" lon="-1.113260"><ele>84</ele><time>2026-03-01T09:10:48Z</time></trkpt>
			<trkpt lat="47.297570" lon="-1.113080"><ele>82</ele><time>2026-03-01T09:11:00Z</time></trkpt>
			<trkpt lat="47.297180" lon="-1.112770"><ele>80</ele><time>2026-03-01T09:11:12Z</time></trkpt>
			<trkpt lat="47.296440" lon="-1.112110"><ele>73</ele><time>2026-03-01T09:11:24Z</time></trkpt>
			<trkpt lat="47.295860" lon="-1.111550"><ele>67</ele><time>2026-03-01T09:11:36Z</time></trkpt>
			<trkpt lat="47.295750" lon="-1.111470"><ele>67</ele><time>2026-03-01T09:11:48Z</time></trkpt>
			<trkpt lat="47.295640" lon="-1.111410"><ele>67</ele><time>2026-03-01T09:12:00Z</time></trkpt>
			<trkpt lat="47.295480" lon="-1.111370"><ele>68</ele><time>2026-03-01T09:12:12Z</time></trkpt>
			<trkpt lat="47.295270" lon="-1.111390"><ele>68</ele><time>2026-03-01T09:12:24Z</time></trkpt>
			<trkpt lat="47.294790" lon="-1.111470"><ele>70</ele><time>2026-03-01T09:12:36Z</time></trkpt>
			<trkpt lat="47.294600" lon="-1.111540"><ele>72</ele><time>2026-03-01T09:12:48Z</time></trkpt>
			<trkpt lat="47.294400" lon="-1.111630"><ele>73</ele><time>2026-03-01T09:13:00Z</time></trkpt>
			<trkpt lat="47.294240" lon="-1.111680"><ele>74</ele><time>2026-03-01T09:13:12Z</time></trkpt>
			<trkpt lat="47.294030" lon="-1.111720"><ele>76</ele><time>2026-03-01T09:13:24Z</time></trkpt>
			<trkpt lat="47.293190" lon="-1.111690"><ele>83</ele><time>2026-03-01T09:13:36Z</time></trkpt>
			<trkpt lat="47.292980" lon="-1.111720"><ele>84</ele><time>2026-03-01T09:13:48Z</time></trkpt>
			<trkpt lat="47.292800" lon="-1.111770"><ele>85</ele><time>2026-03-01T09:14:00Z</time></trkpt>
			<trkpt lat="47.291600" lon="-1.112330"><ele>93</ele><time>2026-03-01T09:14:12Z</time></trkpt>
			<trkpt lat="47.291360" lon="-1.112390"><ele>93</ele><time>2026-03-01T09:14:24Z</time></trkpt>
			<trkpt lat="47.291070" lon="-1.112430"><ele>94</ele><time>2026-03-01T09:14:36Z</time></trkpt>
			<trkpt lat="47.290770" lon="-1.112400"><ele>94</ele><time>2026-03-01T09:14:48Z</time></trkpt>
			<trkpt lat="47.290080" lon="-1.112260"><ele>94</ele><time>2026-03-01T09:15:00Z</time></trkpt>
			<trkpt lat="47.289960" lon="-1.112230"><ele>94</ele><time>2026-03-01T09:15:12Z</time></trkpt>
			<trkpt lat="47.289870" lon="-1.112250"><ele>94</ele><time>2026-03-01T09:15:24Z</time></trkpt>
			<trkpt lat="47.289790" lon="-1.112300"><ele>94</ele><time>2026-03-01T09:15:36Z</time></trkpt>
			<trkpt lat="47.289710" lon="-1.112390"><ele>94</ele><time>2026-03-01T09:15:48Z</time></trkpt>
			<trkpt lat="47.289640" lon="-1.112490"><ele>94</ele><time>2026-03-01T09:16:00Z</time></trkpt>
			<trkpt lat="47.289480" lon="-1.112820"><ele>95</ele><time>2026-03-01T09:16:12Z</time></trkpt>
			<trkpt lat="47.289370" lon="-1.112970"><ele>95</ele><time>2026-03-01T09:16:24Z</time></trkpt>
			<trkpt lat="47.289250" lon="-1.113130"><ele>95</ele><time>2026-03-01T09:16:36Z</time></trkpt>
			<trkpt lat="47.289020" lon="-1.113370"><ele>95</ele><time>2026-03-01T09:16:48Z</time></trkpt>
			<trkpt lat="47.288790" lon="-1.113610"><ele>96</ele><time>2026-03-01T09:17:00Z</time></trkpt>
			<trkpt lat="47.288470" lon="-1.113890"><ele>97</ele><time>2026-03-01T09:17:12Z</time></trkpt>
			<trkpt lat="47.288010" lon="-1.114250"><ele>97</ele><time>2026-03-01T09:17:24Z</time></trkpt>
			<trkpt lat="47.287860" lon="-1.114350"><ele>98</ele><time>2026-03-01T09:17:36Z</time></trkpt>
			<trkpt lat="47.287720" lon="-1.114430"><ele>98</ele><time>2026-03-01T09:17:48Z</time></trkpt>
			<trkpt lat="47.287440" lon="-1.114510"><ele>98</ele><time>2026-03-01T09:18:00Z</time></trkpt>
			<trkpt lat="47.286850" lon="-1.114670"><ele>99</ele><time>2026-03-01T09:18:12Z</time></trkpt>
			<trkpt lat="47.286500" lon="-1.114800"><ele>99</ele><time>2026-03-01T09:18:24Z</time></trkpt>
			<trkpt lat="47.285840" lon="-1.115150"><ele>98</ele><time>2026-03-01T09:18:36Z</time></trkpt>
			<trkpt lat="47.285740" lon="-1.115210"><ele>98</ele><time>2026-03-01T09:18:48Z</time></trkpt>
			<trkpt lat="47.285170" lon="-1.115500"><ele>98</ele><time>2026-03-01T09:19:00Z</time></trkpt>
			<trkpt lat="47.284900" lon="-1.115640"><ele>98</ele><time>2026-03-01T09:19:12Z</time></trkpt>
			<trkpt lat="47.284760" lon="-1.115700"><ele>98</ele><time>2026-03-01T09:19:24Z</time></trkpt>
			<trkpt lat="47.284660" lon="-1.115700"><ele>98</ele><time>2026-03-01T09:19:36Z</time></trkpt>
			<trkpt lat="47.284600" lon="-1.115690"><ele>98</ele><time>2026-03-01T09:19:48Z</time></trkpt>
			<trkpt lat="47.284360" lon="-1.115620"><ele>98</ele><time>2026-03-01T09:20:00Z</time></trkpt>
			<trkpt lat="47.284130" lon="-1.115520"><ele>98</ele><time>2026-03-01T09:20:12Z</time></trkpt>
			<trkpt lat="47.283770" lon="-1.115340"><ele>96</ele><time>2026-03-01T09:20:24Z</time></trkpt>
			<trkpt lat="47.283660" lon="-1.115310"><ele>96</ele><time>2026-03-01T09:20:36Z</time></trkpt>
			<trkpt lat="47.283560" lon="-1.115300"><ele>96</ele><time>2026-03-01T09:20:48Z</time></trkpt>
			<trkpt lat="47.283130" lon="-1.115370"><ele>94</ele><time>2026-03-01T09:21:00Z</time></trkpt>
			<trkpt lat="47.283020" lon="-1.115380"><ele>93</ele><time>2026-03-01T09:21:12Z</time></trkpt>
			<trkpt lat="47.282740" lon="-1.115420"><ele>92</ele><time>2026-03-01T09:21:24Z</time></trkpt>
			<trkpt lat="47.282480" lon="-1.115430"><ele>91</ele><time>2026-03-01T09:21:36Z</time></trkpt>
			<trkpt lat="47.281950" lon="-1.115420"><ele>87</ele><time>2026-03-01T09:21:48Z</time></trkpt>
			<trkpt lat="47.281670" lon="-1.115400"><ele>86</ele><time>2026-03-01T09:22:00Z</time></trkpt>
			<trkpt lat="47.281600" lon="-1.115390"><ele>85</ele><time>2026-03-01T09:22:12Z</time></trkpt>
			<trkpt lat="47.281300" lon="-1.115300"><ele>84</ele><time>2026-03-01T09:22:24Z</time></trkpt>
			<trkpt lat="47.281260" lon="-1.115320"><ele>84</ele><time>2026-03-01T09:22:36Z</time></trkpt>
			<trkpt lat="47.281080" lon="-1.115530"><ele>84</ele><time>2026-03-01T09:22:48Z</time></trkpt>
			<trkpt lat="47.281000" lon="-1.115750"><ele>84</ele><time>2026-03-01T09:23:00Z</time></trkpt>
			<trkpt lat="47.280900" lon="-1.115980"><ele>85</ele><time>2026-03-01T09:23:12Z</time></trkpt>
			<trkpt lat="47.280890" lon="-1.116000"><ele>85</ele><time>2026-03-01T09:23:24Z</time></trkpt>
			<trkpt lat="47.280830" lon="-1.116190"><ele>85</ele><time>2026-03-01T09:23:36Z</time></trkpt>
			<trkpt lat="47.280730" lon="-1.116390"><ele>85</ele><time>2026-03-01T09:23:48Z</time></trkpt>
			<trkpt lat="47.280710" lon="-1.116430"><ele>85</ele><time>2026-03-01T09:24:00Z</time></trkpt>
			<trkpt lat="47.280670" lon="-1.116470"><ele>85</ele><time>2026-03-01T09:24:12Z</time></trkpt>
			<trkpt lat="47.280570" lon="-1.116540"><ele>85</ele><time>2026-03-01T09:24:24Z</time></trkpt>
			<trkpt lat="47.280490" lon="-1.116570"><ele>85</ele><time>2026-03-01T09:24:36Z</time></trkpt>
			<trkpt lat="47.280170" lon="-1.116610"><ele>85</ele><time>2026-03-01T09:24:48Z</time></trkpt>
			<trkpt lat="47.280070" lon="-1.116650"><ele>85</ele><time>2026-03-01T09:25:00Z</time></trkpt>
			<trkpt lat="47.279940" lon="-1.116730"><ele>85</ele><time>2026-03-01T09:25:12Z</time></trkpt>
			<trkpt lat="47.279840" lon="-1.116820"><ele>86</ele><time>2026-03-01T09:25:24Z</time></trkpt>
			<trkpt lat="47.279660" lon="-1.117040"><ele>87</ele><time>2026-03-01T09:25:36Z</time></trkpt>
			<trkpt lat="47.279570" lon="-1.117180"><ele>87</ele><time>2026-03-01T09:25:48Z</time></trkpt>
			<trkpt lat="47.279520" lon="-1.117240"><ele>88</ele><time>2026-03-01T09:26:00Z</time></trkpt>
			<trkpt lat="47.279390" lon="-1.117410"><ele>89</ele><time>2026-03-01T09:26:12Z</time></trkpt>
			<trkpt lat="47.279320" lon="-1.117510"><ele>89</ele><time>2026-03-01T09:26:24Z</time></trkpt>
			<trkpt lat="47.279100" lon="-1.117860"><ele>89</ele><time>2026-03-01T09:26:36Z</time></trkpt>
			<trkpt lat="47.278990" lon="-1.118050"><ele>90</ele><time>2026-03-01T09:26:48Z</time></trkpt>
			<trkpt lat="47.278690" lon="-1.118590"><ele>90</ele><time>2026-03-01T09:27:00Z</time></trkpt>
			<trkpt lat="47.278220" lon="-1.119430"><ele>92</ele><time>2026-03-01T09:27:12Z</time></trkpt>
			<trkpt lat="47.277940" lon="-1.119900"><ele>93</ele><time>2026-03-01T09:27:24Z</time></trkpt>
			<trkpt lat="47.277620" lon="-1.120430"><ele>97</ele><time>2026-03-01T09:27:36Z</time></trkpt>
			<trkpt lat="47.277210" lon="-1.121050"><ele>99</ele><time>2026-03-01T09:27:48Z</time></trkpt>
			<trkpt lat="47.277120" lon="-1.121220"><ele>99</ele><time>2026-03-01T09:28:00Z</time></trkpt>
			<trkpt lat="47.276900" lon="-1.121670"><ele>99</ele><time>2026-03-01T09:28:12Z</time></trkpt>
			<trkpt lat="47.276740" lon="-1.121950"><ele>99</ele><time>2026-03-01T09:28:24Z</time></trkpt>
			<trkpt lat="47.276560" lon="-1.122200"><ele>98</ele><time>2026-03-01T09:28:36Z</time></trkpt>
			<trkpt lat="47.276240" lon="-1.122560"><ele>98</ele><time>2026-03-01T09:28:48Z</time></trkpt>
			<trkpt lat="47.276030" lon="-1.122860"><ele>98</ele><time>2026-03-01T09:29:00Z</time></trkpt>
			<trkpt lat="47.275930" lon="-1.123020"><ele>98</ele><time>2026-03-01T09:29:12Z</time></trkpt>
			<trkpt lat="47.275800" lon="-1.123270"><ele>97</ele><time>2026-03-01T09:29:24Z</time></trkpt>
			<trkpt lat="47.275520" lon="-1.123850"><ele>98</ele><time>2026-03-01T09:29:36Z</time></trkpt>
			<trkpt lat="47.275350" lon="-1.124320"><ele>98</ele><time>2026-03-01T09:29:48Z</time></trkpt>
			<trkpt lat="47.274820" lon="-1.125880"><ele>99</ele><time>2026-03-01T09:30:00Z</time></trkpt>
			<trkpt lat="47.274700" lon="-1.126220"><ele>100</ele><time>2026-03-01T09:30:12Z</time></trkpt>
			<trkpt lat="47.274620" lon="-1.126410"><ele>100</ele><time>2026-03-01T09:30:24Z</time></trkpt>
			<trkpt lat="47.274530" lon="-1.126590"><ele>100</ele><time>2026-03-01T09:30:36Z</time></trkpt>
			<trkpt lat="47.274220" lon="-1.127140"><ele>100</ele><time>2026-03-01T09:30:48Z</time></trkpt>
			<trkpt lat="47.274070" lon="-1.127500"><ele>100</ele><time>2026-03-01T09:31:00Z</time></trkpt>
			<trkpt lat="47.273940" lon="-1.127870"><ele>101</ele><time>2026-03-01T09:31:12Z</time></trkpt>
			<trkpt lat="47.273870" lon="-1.128010"><ele>101</ele><time>2026-03-01T09:31:24Z</time></trkpt>
			<trkpt lat="47.273760" lon="-1.128170"><ele>102</ele><time>2026-03-01T09:31:36Z</time></trkpt>
			<trkpt lat="47.273700" lon="-1.128270"><ele>102</ele><time>2026-03-01T09:31:48Z</time></trkpt>
			<trkpt lat="47.273670" lon="-1.128350"><ele>102</ele><time>2026-03-01T09:32:00Z</time></trkpt>
			<trkpt lat="47.273650" lon="-1.128440"><ele>102</ele><time>2026-03-01T09:32:12Z</time></trkpt>
			<trkpt lat="47.273650" lon="-1.128510"><ele>102</ele><time>2026-03-01T09:32:24Z</time></trkpt>
			<trkpt lat="47.273560" lon="-1.128540"><ele>102</ele><time>2026-03-01T09:32:36Z</time></trkpt>
			<trkpt lat="47.273470" lon="-1.128590"><ele>103</ele><time>2026-03-01T09:32:48Z</time></trkpt>
			<trkpt lat="47.273340" lon="-1.128720"><ele>103</ele><time>2026-03-01T09:33:00Z</time></trkpt>
			<trkpt lat="47.272540" lon="-1.129600"><ele>105</ele><time>2026-03-01T09:33:12Z</time></trkpt>
			<trkpt lat="47.272230" lon="-1.129940"><ele>105</ele><time>2026-03-01T09:33:24Z</time></trkpt>
			<trkpt lat="47.272160" lon="-1.130010"><ele>105</ele><time>2026-03-01T09:33:36Z</time></trkpt>
			<trkpt lat="47.272010" lon="-1.130180"><ele>104</ele><time>2026-03-01T09:33:48Z</time></trkpt>
			<trkpt lat="47.270740" lon="-1.131570"><ele>101</ele><time>2026-03-01T09:34:00Z</time></trkpt>
			<trkpt lat="47.270620" lon="-1.131660"><ele>101</ele><time>2026-03-01T09:34:12Z</time></trkpt>
			<trkpt lat="47.270510" lon="-1.131720"><ele>101</ele><time>2026-03-01T09:34:24Z</time></trkpt>
			<trkpt lat="47.270380" lon="-1.131770"><ele>101</ele><time>2026-03-01T09:34:36Z</time></trkpt>
			<trkpt lat="47.270120" lon="-1.131820"><ele>101</ele><time>2026-03-01T09:34:48Z</time></trkpt>
			<trkpt lat="47.269930" lon="-1.131820"><ele>101</ele><time>2026-03-01T09:35:00Z</time></trkpt>
			<trkpt lat="47.269840" lon="-1.131810"><ele>101</ele><time>2026-03-01T09:35:12Z</time></trkpt>
			<trkpt lat="47.269620" lon="-1.131770"><ele>101</ele><time>2026-03-01T09:35:24Z</time></trkpt>
			<trkpt lat="47.269150" lon="-1.131610"><ele>101</ele><time>2026-03-01T09:35:36Z</time></trkpt>
			<trkpt lat="47.268780" lon="-1.131490"><ele>101</ele><time>2026-03-01T09:35:48Z</time></trkpt>
			<trkpt lat="47.268400" lon="-1.131340"><ele>102</ele><time>2026-03-01T09:36:00Z</time></trkpt>
			<trkpt lat="47.267740" lon="-1.131120"><ele>102</ele><time>2026-03-01T09:36:12Z</time></trkpt>
			<trkpt lat="47.267490" lon="-1.131090"><ele>102</ele><time>2026-03-01T09:36:24Z</time></trkpt>
			<trkpt lat="47.266940" lon="-1.131160"><ele>102</ele><time>2026-03-01T09:36:36Z</time></trkpt>
			<trkpt lat="47.266650" lon="-1.131160"><ele>103</ele><time>2026-03-01T09:36:48Z</time></trkpt>
			<trkpt lat="47.266320" lon="-1.131110"><ele>103</ele><time>2026-03-01T09:37:00Z</time></trkpt>
			<trkpt lat="47.266040" lon="-1.131020"><ele>104</ele><time>2026-03-01T09:37:12Z</time></trkpt>
			<trkpt lat="47.265870" lon="-1.130940"><ele>104</ele><time>2026-03-01T09:37:24Z</time></trkpt>
			<trkpt lat="47.264280" lon="-1.130080"><ele>106</ele><time>2026-03-01T09:37:36Z</time></trkpt>
			<trkpt lat="47.264150" lon="-1.130020"><ele>106</ele><time>2026-03-01T09:37:48Z</time></trkpt>
			<trkpt lat="47.264020" lon="-1.129970"><ele>106</ele><time>2026-03-01T09:38:00Z</time></trkpt>
			<trkpt lat="47.263880" lon="-1.129940"><ele>106</ele><time>2026-03-01T09:38:12Z</time></trkpt>
			<trkpt lat="47.262410" lon="-1.129720"><ele>105</ele><time>2026-03-01T09:38:24Z</time></trkpt>
			<trkpt lat="47.261960" lon="-1.129670"><ele>104</ele><time>2026-03-01T09:38:36Z</time></trkpt>
			<trkpt lat="47.260710" lon="-1.129480"><ele>105</ele><time>2026-03-01T09:38:48Z</time></trkpt>
			<trkpt lat="47.257800" lon="-1.129080"><ele>105</ele><time>2026-03-01T09:39:00Z</time></trkpt>
			<trkpt lat="47.254290" lon="-1.128600"><ele>103</ele><time>2026-03-01T09:39:12Z</time></trkpt>
			<trkpt lat="47.252630" lon="-1.128370"><ele>98</ele><time>2026-03-01T09:39:24Z</time></trkpt>
			<trkpt lat="47.250800" lon="-1.128120"><ele>100</ele><time>2026-03-01T09:39:36Z</time></trkpt>
			<trkpt lat="47.250460" lon="-1.128080"><ele>100</ele><time>2026-03-01T09:39:48Z</time></trkpt>
			<trkpt lat="47.250240" lon="-1.128070"><ele>101</ele><time>2026-03-01T09:40:00Z</time></trkpt>
			<trkpt lat="47.250070" lon="-1.128070"><ele>101</ele><time>2026-03-01T09:40:12Z</time></trkpt>
			<trkpt lat="47.249860" lon="-1.128120"><ele>101</ele><time>2026-03-01T09:40:24Z</time></trkpt>
			<trkpt lat="47.249610" lon="-1.128230"><ele>101</ele><time>2026-03-01T09:40:36Z</time></trkpt>
			<trkpt lat="47.246860" lon="-1.129820"><ele>104</ele><time>2026-03-01T09:40:48Z</time></trkpt>
			<trkpt lat="47.245780" lon="-1.130430"><ele>106</ele><time>2026-03-01T09:41:00Z</time></trkpt>
			<trkpt lat="47.244990" lon="-1.130890"><ele>105</ele><time>2026-03-01T09:41:12Z</time></trkpt>
			<trkpt lat="47.244570" lon="-1.131150"><ele>106</ele><time>2026-03-01T09:41:24Z</time></trkpt>
			<trkpt lat="47.242980" lon="-1.132060"><ele>106</ele><time>2026-03-01T09:41:36Z</time></trkpt>
			<trkpt lat="47.242210" lon="-1.132510"><ele>106</ele><time>2026-03-01T09:41:48Z</time></trkpt>
			<trkpt lat="47.242100" lon="-1.132640"><ele>107</ele><time>2026-03-01T09:42:00Z</time></trkpt>
			<trkpt lat="47.241620" lon="-1.132060"><ele>107</ele><time>2026-03-01T09:42:12Z</time></trkpt>
			<trkpt lat="47.241230" lon="-1.131550"><ele>107</ele><time>2026-03-01T09:42:24Z</time></trkpt>
			<trkpt lat="47.240320" lon="-1.130410"><ele>107</ele><time>2026-03-01T09:42:36Z</time></trkpt>
			<trkpt lat="47.240240" lon="-1.130300"><ele>107</ele><time>2026-03-01T09:42:48Z</time></trkpt>
			<trkpt lat="47.239100" lon="-1.128850"><ele>106</ele><time>2026-03-01T09:43:00Z</time></trkpt>
			<trkpt lat="47.238900" lon="-1.128640"><ele>106</ele><time>2026-03-01T09:43:12Z</time></trkpt>
			<trkpt lat="47.238740" lon="-1.128520"><ele>106</ele><time>2026-03-01T09:43:24Z</time></trkpt>
			<trkpt lat="47.238600" lon="-1.128420"><ele>106</ele><time>2026-03-01T09:43:36Z</time></trkpt>
			<trkpt lat="47.238430" lon="-1.128330"><ele>106</ele><time>2026-03-01T09:43:48Z</time></trkpt>
			<trkpt lat="47.237170" lon="-1.127540"><ele>105</ele><time>2026-03-01T09:44:00Z</time></trkpt>
			<trkpt lat="47.236820" lon="-1.127350"><ele>105</ele><time>2026-03-01T09:44:12Z</time></trkpt>
			<trkpt lat="47.236180" lon="-1.127040"><ele>105</ele><time>2026-03-01T09:44:24Z</time></trkpt>
			<trkpt lat="47.235200" lon="-1.126600"><ele>105</ele><time>2026-03-01T09:44:36Z</time></trkpt>
			<trkpt lat="47.235100" lon="-1.126540"><ele>105</ele><time>2026-03-01T09:44:48Z</time></trkpt>
			<trkpt lat="47.235030" lon="-1.126470"><ele>105</ele><time>2026-03-01T09:45:00Z</time></trkpt>
			<trkpt lat="47.234960" lon="-1.126390"><ele>105</ele><time>2026-03-01T09:45:12Z</time></trkpt>
			<trkpt lat="47.234890" lon="-1.126260"><ele>105</ele><time>2026-03-01T09:45:24Z</time></trkpt>
			<trkpt lat="47.234800" lon="-1.126040"><ele>105</ele><time>2026-03-01T09:45:36Z</time></trkpt>
			<trkpt lat="47.234600" lon="-1.125370"><ele>105</ele><time>2026-03-01T09:45:48Z</time></trkpt>
			<trkpt lat="47.234380" lon="-1.124660"><ele>105</ele><time>2026-03-01T09:46:00Z</time></trkpt>
			<trkpt lat="47.234330" lon="-1.124470"><ele>104</ele><time>2026-03-01T09:46:12Z</time></trkpt>
			<trkpt lat="47.233780" lon="-1.122330"><ele>100</ele><time>2026-03-01T09:46:24Z</time></trkpt>
			<trkpt lat="47.233680" lon="-1.121960"><ele>99</ele><time>2026-03-01T09:46:36Z</time></trkpt>
			<trkpt lat="47.233590" lon="-1.121720"><ele>99</ele><time>2026-03-01T09:46:48Z</time></trkpt>
			<trkpt lat="47.233420" lon="-1.121310"><ele>98</ele><time>2026-03-01T09:47:00Z</time></trkpt>
			<trkpt lat="47.233160" lon="-1.120730"><ele>98</ele><time>2026-03-01T09:47:12Z</time></trkpt>
			<trkpt lat="47.233060" lon="-1.120550"><ele>98</ele><time>2026-03-01T09:47:24Z</time></trkpt>
			<trkpt lat="47.232650" lon="-1.119690"><ele>98</ele><time>2026-03-01T09:47:36Z</time></trkpt>
			<trkpt lat="47.232520" lon="-1.119410"><ele>98</ele><time>2026-03-01T09:47:48Z</time></trkpt>
			<trkpt lat="47.232460" lon="-1.119230"><ele>98</ele><time>2026-03-01T09:48:00Z</time></trkpt>
			<trkpt lat="47.232420" lon="-1.119070"><ele>98</ele><time>2026-03-01T09:48:12Z</time></trkpt>
			<trkpt lat="47.232360" lon="-1.118700"><ele>97</ele><time>2026-03-01T09:48:24Z</time></trkpt>
			<trkpt lat="47.232300" lon="-1.118220"><ele>96</ele><time>2026-03-01T09:48:36Z</time></trkpt>
			<trkpt lat="47.232280" lon="-1.118080"><ele>96</ele><time>2026-03-01T09:48:48Z</time></trkpt>
			<trkpt lat="47.232120" lon="-1.116820"><ele>93</ele><time>2026-03-01T09:49:00Z</time></trkpt>
			<trkpt lat="47.232030" lon="-1.116040"><ele>93</ele><time>2026-03-01T09:49:12Z</time></trkpt>
			<trkpt lat="47.231990" lon="-1.115910"><ele>93</ele><time>2026-03-01T09:49:24Z</time></trkpt>
			<trkpt lat="47.231930" lon="-1.115730"><ele>93</ele><time>2026-03-01T09:49:36Z</time></trkpt>
			<trkpt lat="47.231800" lon="-1.115380"><ele>93</ele><time>2026-03-01T09:49:48Z</time></trkpt>
			<trkpt lat="47.232080" lon="-1.115140"><ele>91</ele><time>2026-03-01T09:50:00Z</time></trkpt>
			<trkpt lat="47.232520" lon="-1.114830"><ele>89</ele><time>2026-03-01T09:50:12Z</time></trkpt>
			<trkpt lat="47.232630" lon="-1.114710"><ele>89</ele><time>2026-03-01T09:50:24Z</time></trkpt>
			<trkpt lat="47.232720" lon="-1.114570"><ele>89</ele><time>2026-03-01T09:50:36Z</time></trkpt>
			<trkpt lat="47.232760" lon="-1.114470"><ele>89</ele><time>2026-03-01T09:50:48Z</time></trkpt>
			<trkpt lat="47.232810" lon="-1.114320"><ele>89</ele><time>2026-03-01T09:51:00Z</time></trkpt>
			<trkpt lat="47.232910" lon="-1.113720"><ele>92</ele><time>2026-03-01T09:51:12Z</time></trkpt>
			<trkpt lat="47.233010" lon="-1.113090"><ele>95</ele><time>2026-03-01T09:51:24Z</time></trkpt>
			<trkpt lat="47.233070" lon="-1.112650"><ele>97</ele><time>2026-03-01T09:51:36Z</time></trkpt>
			<trkpt lat="47.233130" lon="-1.112220"><ele>98</ele><time>2026-03-01T09:51:48Z</time></trkpt>
			<trkpt lat="47.233190" lon="-1.111450"><ele>100</ele><time>2026-03-01T09:52:00Z</time></trkpt>
			<trkpt lat="47.233230" lon="-1.111020"><ele>101</ele><time>2026-03-01T09:52:12Z</time></trkpt>
			<trkpt lat="47.233290" lon="-1.110490"><ele>103</ele><time>2026-03-01T09:52:24Z</time></trkpt>
			<trkpt lat="47.233320" lon="-1.110310"><ele>103</ele><time>2026-03-01T09:52:36Z</time></trkpt>
			<trkpt lat="47.233390" lon="-1.110010"><ele>104</ele><time>2026-03-01T09:52:48Z</time></trkpt>
			<trkpt lat="47.233720" lon="-1.109020"><ele>102</ele><time>2026-03-01T09:53:00Z</time></trkpt>
			<trkpt lat="47.233850" lon="-1.108650"><ele>102</ele><time>2026-03-01T09:53:12Z</time></trkpt>
			<trkpt lat="47.233950" lon="-1.108370"><ele>102</ele><time>2026-03-01T09:53:24Z</time></trkpt>
			<trkpt lat="47.234030" lon="-1.108180"><ele>103</ele><time>2026-03-01T09:53:36Z</time></trkpt>
			<trkpt lat="47.234180" lon="-1.107940"><ele>103</ele><time>2026-03-01T09:53:48Z</time></trkpt>
			<trkpt lat="47.234930" lon="-1.106810"><ele>104</ele><time>2026-03-01T09:54:00Z</time></trkpt>
			<trkpt lat="47.235190" lon="-1.106400"><ele>104</ele><time>2026-03-01T09:54:12Z</time></trkpt>
			<trkpt lat="47.236330" lon="-1.104660"><ele>104</ele><time>2026-03-01T09:54:24Z</time></trkpt>
			<trkpt lat="47.236830" lon="-1.103910"><ele>104</ele><time>2026-03-01T09:54:36Z</time></trkpt>
			<trkpt lat="47.238180" lon="-1.101840"><ele>105</ele><time>2026-03-01T09:54:48Z</time></trkpt>
			<trkpt lat="47.238420" lon="-1.101500"><ele>106</ele><time>2026-03-01T09:55:00Z</time></trkpt>
			<trkpt lat="47.240210" lon="-1.098350"><ele>107</ele><time>2026-03-01T09:55:12Z</time></trkpt>
			<trkpt lat="47.242490" lon="-1.094320"><ele>107</ele><time>2026-03-01T09:55:24Z</time></trkpt>
			<trkpt lat="47.242730" lon="-1.093840"><ele>108</ele><time>2026-03-01T09:55:36Z</time></trkpt>
			<trkpt lat="47.242840" lon="-1.093640"><ele>108</ele><time>2026-03-01T09:55:48Z</time></trkpt>
			<trkpt lat="47.243010" lon="-1.093270"><ele>109</ele><time>2026-03-01T09:56:00Z</time></trkpt>
			<trkpt lat="47.243080" lon="-1.093070"><ele>109</ele><time>2026-03-01T09:56:12Z</time></trkpt>
			<trkpt lat="47.244370" lon="-1.088650"><ele>113</ele><time>2026-03-01T09:56:24Z</time></trkpt>
			<trkpt lat="47.245470" lon="-1.084740"><ele>110</ele><time>2026-03-01T09:56:36Z</time></trkpt>
			<trkpt lat="47.246100" lon="-1.082540"><ele>110</ele><time>2026-03-01T09:56:48Z</time></trkpt>
			<trkpt lat="47.246390" lon="-1.081550"><ele>111</ele><time>2026-03-01T09:57:00Z</time></trkpt>
			<trkpt lat="47.247580" lon="-1.077330"><ele>108</ele><time>2026-03-01T09:57:12Z</time></trkpt>
			<trkpt lat="47.248160" lon="-1.075650"><ele>107</ele><time>2026-03-01T09:57:24Z</time></trkpt>
			<trkpt lat="47.248430" lon="-1.074850"><ele>108</ele><time>2026-03-01T09:57:36Z</time></trkpt>
			<trkpt lat="47.248590" lon="-1.074450"><ele>108</ele><time>2026-03-01T09:57:48Z</time></trkpt>
			<trkpt lat="47.248610" lon="-1.074400"><ele>108</ele><time>2026-03-01T09:58:00Z</time></trkpt>
			<trkpt lat="47.249030" lon="-1.073440"><ele>107</ele><time>2026-03-01T09:58:12Z</time></trkpt>
			<trkpt lat="47.249110" lon="-1.073240"><ele>107</ele><time>2026-03-01T09:58:24Z</time></trkpt>
			<trkpt lat="47.249200" lon="-1.073040"><ele>107</ele><time>2026-03-01T09:58:36Z</time></trkpt>
			<trkpt lat="47.250380" lon="-1.070300"><ele>104</ele><time>2026-03-01T09:58:48Z</time></trkpt>
			<trkpt lat="47.250470" lon="-1.070060"><ele>104</ele><time>2026-03-01T09:59:00Z</time></trkpt>
			<trkpt lat="47.250780" lon="-1.069380"><ele>102</ele><time>2026-03-01T09:59:12Z</time></trkpt>
			<trkpt lat="47.250870" lon="-1.069090"><ele>102</ele><time>2026-03-01T09:59:24Z</time></trkpt>
			<trkpt lat="47.251030" lon="-1.068500"><ele>101</ele><time>2026-03-01T09:59:36Z</time></trkpt>
			<trkpt lat="47.251200" lon="-1.067640"><ele>100</ele><time>2026-03-01T09:59:48Z</time></trkpt>
			<trkpt lat="47.251310" lon="-1.067190"><ele>100</ele><time>2026-03-01T10:00:00Z</time></trkpt>
			<trkpt lat="47.251530" lon="-1.066380"><ele>98</ele><time>2026-03-01T10:00:12Z</time></trkpt>
			<trkpt lat="47.251650" lon="-1.065910"><ele>95</ele><time>2026-03-01T10:00:24Z</time></trkpt>
			<trkpt lat="47.251710" lon="-1.065730"><ele>95</ele><time>2026-03-01T10:00:36Z</time></trkpt>
			<trkpt lat="47.251780" lon="-1.065560"><ele>95</ele><time>2026-03-01T10:00:48Z</time></trkpt>
			<trkpt lat="47.251970" lon="-1.065250"><ele>95</ele><time>2026-03-01T10:01:00Z</time></trkpt>
			<trkpt lat="47.252140" lon="-1.065000"><ele>94</ele><time>2026-03-01T10:01:12Z</time></trkpt>
			<trkpt lat="47.252250" lon="-1.064780"><ele>93</ele><time>2026-03-01T10:01:24Z</time></trkpt>
			<trkpt lat="47.252280" lon="-1.064660"><ele>92</ele><time>2026-03-01T10:01:36Z</time></trkpt>
			<trkpt lat="47.252310" lon="-1.064510"><ele>92</ele><time>2026-03-01T10:01:48Z</time></trkpt>
			<trkpt lat="47.252310" lon="-1.064370"><ele>91</ele><time>2026-03-01T10:02:00Z</time></trkpt>
			<trkpt lat="47.252260" lon="-1.064240"><ele>90</ele><time>2026-03-01T10:02:12Z</time></trkpt>
			<trkpt lat="47.252200" lon="-1.064150"><ele>90</ele><time>2026-03-01T10:02:24Z</time></trkpt>
			<trkpt lat="47.251930" lon="-1.063900"><ele>88</ele><time>2026-03-01T10:02:36Z</time></trkpt>
			<trkpt lat="47.251850" lon="-1.063810"><ele>87</ele><time>2026-03-01T10:02:48Z</time></trkpt>
			<trkpt lat="47.251800" lon="-1.063710"><ele>87</ele><time>2026-03-01T10:03:00Z</time></trkpt>
			<trkpt lat="47.251770" lon="-1.063590"><ele>86</ele><time>2026-03-01T10:03:12Z</time></trkpt>
			<trkpt lat="47.251770" lon="-1.063470"><ele>86</ele><time>2026-03-01T10:03:24Z</time></trkpt>
			<trkpt lat="47.251790" lon="-1.063100"><ele>84</ele><time>2026-03-01T10:03:36Z</time></trkpt>
			<trkpt lat="47.251870" lon="-1.062410"><ele>81</ele><time>2026-03-01T10:03:48Z</time></trkpt>
			<trkpt lat="47.251930" lon="-1.062090"><ele>79</ele><time>2026-03-01T10:04:00Z</time></trkpt>
			<trkpt lat="47.251980" lon="-1.061860"><ele>77</ele><time>2026-03-01T10:04:12Z</time></trkpt>
			<trkpt lat="47.252050" lon="-1.061630"><ele>75</ele><time>2026-03-01T10:04:24Z</time></trkpt>
			<trkpt lat="47.252150" lon="-1.061380"><ele>73</ele><time>2026-03-01T10:04:36Z</time></trkpt>
			<trkpt lat="47.252270" lon="-1.061130"><ele>71</ele><time>2026-03-01T10:04:48Z</time></trkpt>
			<trkpt lat="47.252490" lon="-1.060770"><ele>67</ele><time>2026-03-01T10:05:00Z</time></trkpt>
			<trkpt lat="47.252610" lon="-1.060540"><ele>67</ele><time>2026-03-01T10:05:12Z</time></trkpt>
			<trkpt lat="47.252750" lon="-1.060170"><ele>66</ele><time>2026-03-01T10:05:24Z</time></trkpt>
			<trkpt lat="47.253000" lon="-1.059300"><ele>61</ele><time>2026-03-01T10:05:36Z</time></trkpt>
			<trkpt lat="47.253050" lon="-1.059070"><ele>59</ele><time>2026-03-01T10:05:48Z</time></trkpt>
			<trkpt lat="47.253080" lon="-1.058700"><ele>56</ele><time>2026-03-01T10:06:00Z</time></trkpt>
			<trkpt lat="47.253070" lon="-1.058250"><ele>53</ele><time>2026-03-01T10:06:12Z</time></trkpt>
			<trkpt lat="47.253060" lon="-1.058090"><ele>53</ele><time>2026-03-01T10:06:24Z</time></trkpt>
			<trkpt lat="47.253020" lon="-1.057670"><ele>52</ele><time>2026-03-01T10:06:36Z</time></trkpt>
			<trkpt lat="47.253030" lon="-1.057520"><ele>52</ele><time>2026-03-01T10:06:48Z</time></trkpt>
			<trkpt lat="47.253040" lon="-1.057400"><ele>52</ele><time>2026-03-01T10:07:00Z</time></trkpt>
			<trkpt lat="47.253070" lon="-1.057280"><ele>52</ele><time>2026-03-01T10:07:12Z</time></trkpt>
			<trkpt lat="47.253110" lon="-1.057170"><ele>52</ele><time>2026-03-01T10:07:24Z</time></trkpt>
			<trkpt lat="47.253830" lon="-1.055900"><ele>42</ele><time>2026-03-01T10:07:36Z</time></trkpt>
			<trkpt lat="47.253930" lon="-1.055700"><ele>40</ele><time>2026-03-01T10:07:48Z</time></trkpt>
			<trkpt lat="47.254000" lon="-1.055490"><ele>37</ele><time>2026-03-01T10:08:00Z</time></trkpt>
			<trkpt lat="47.254100" lon="-1.055230"><ele>33</ele><time>2026-03-01T10:08:12Z</time></trkpt>
			<trkpt lat="47.254190" lon="-1.055040"><ele>30</ele><time>2026-03-01T10:08:24Z</time></trkpt>
			<trkpt lat="47.254290" lon="-1.054890"><ele>29</ele><time>2026-03-01T10:08:36Z</time></trkpt>
			<trkpt lat="47.254840" lon="-1.054270"><ele>27</ele><time>2026-03-01T10:08:48Z</time></trkpt>
			<trkpt lat="47.254910" lon="-1.054190"><ele>28</ele><time>2026-03-01T10:09:00Z</time></trkpt>
			<trkpt lat="47.255260" lon="-1.053850"><ele>31</ele><time>2026-03-01T10:09:12Z</time></trkpt>
			<trkpt lat="47.255340" lon="-1.053800"><ele>32</ele><time>2026-03-01T10:09:24Z</time></trkpt>
			<trkpt lat="47.255430" lon="-1.053770"><ele>33</ele><time>2026-03-01T10:09:36Z</time></trkpt>
			<trkpt lat="47.255690" lon="-1.053750"><ele>34</ele><time>2026-03-01T10:09:48Z</time></trkpt>
			<trkpt lat="47.255850" lon="-1.053730"><ele>35</ele><time>2026-03-01T10:10:00Z</time></trkpt>
			<trkpt lat="47.255970" lon="-1.053690"><ele>35</ele><time>2026-03-01T10:10:12Z</time></trkpt>
			<trkpt lat="47.256140" lon="-1.053580"><ele>35</ele><time>2026-03-01T10:10:24Z</time></trkpt>
			<trkpt lat="47.256240" lon="-1.053460"><ele>35</ele><time>2026-03-01T10:10:36Z</time></trkpt>
			<trkpt lat="47.256320" lon="-1.053340"><ele>36</ele><time>2026-03-01T10:10:48Z</time></trkpt>
			<trkpt lat="47.256400" lon="-1.053190"><ele>37</ele><time>2026-03-01T10:11:00Z</time></trkpt>
			<trkpt lat="47.256480" lon="-1.053010"><ele>38</ele><time>2026-03-01T10:11:12Z</time></trkpt>
			<trkpt lat="47.256730" lon="-1.052250"><ele>44</ele><time>2026-03-01T10:11:24Z</time></trkpt>
			<trkpt lat="47.256800" lon="-1.052060"><ele>45</ele><time>2026-03-01T10:11:36Z</time></trkpt>
			<trkpt lat="47.256990" lon="-1.051670"><ele>47</ele><time>2026-03-01T10:11:48Z</time></trkpt>
			<trkpt lat="47.257220" lon="-1.051240"><ele>49</ele><time>2026-03-01T10:12:00Z</time></trkpt>
			<trkpt lat="47.258020" lon="-1.049820"><ele>54</ele><time>2026-03-01T10:12:12Z</time></trkpt>
			<trkpt lat="47.258140" lon="-1.049600"><ele>54</ele><time>2026-03-01T10:12:24Z</time></trkpt>
			<trkpt lat="47.258690" lon="-1.048850"><ele>55</ele><time>2026-03-01T10:12:36Z</time></trkpt>
			<trkpt lat="47.258740" lon="-1.048770"><ele>55</ele><time>2026-03-01T10:12:48Z</time></trkpt>
			<trkpt lat="47.259420" lon="-1.047830"><ele>56</ele><time>2026-03-01T10:13:00Z</time></trkpt>
			<trkpt lat="47.259780" lon="-1.047510"><ele>58</ele><time>2026-03-01T10:13:12Z</time></trkpt>
			<trkpt lat="47.260110" lon="-1.047230"><ele>57</ele><time>2026-03-01T10:13:24Z</time></trkpt>
			<trkpt lat="47.260610" lon="-1.046800"><ele>57</ele><time>2026-03-01T10:13:36Z</time></trkpt>
			<trkpt lat="47.260740" lon="-1.046750"><ele>57</ele><time>2026-03-01T10:13:48Z</time></trkpt>
			<trkpt lat="47.260810" lon="-1.046750"><ele>57</ele><time>2026-03-01T10:14:00Z</time></trkpt>
			<trkpt lat="47.261080" lon="-1.046520"><ele>57</ele><time>2026-03-01T10:14:12Z</time></trkpt>
			<trkpt lat="47.261210" lon="-1.046410"><ele>56</ele><time>2026-03-01T10:14:24Z</time></trkpt>
			<trkpt lat="47.261250" lon="-1.046360"><ele>56</ele><time>2026-03-01T10:14:36Z</time></trkpt>
			<trkpt lat="47.261290" lon="-1.046300"><ele>56</ele><time>2026-03-01T10:14:48Z</time></trkpt>
			<trkpt lat="47.261340" lon="-1.046080"><ele>56</ele><time>2026-03-01T10:15:00Z</time></trkpt>
			<trkpt lat="47.261380" lon="-1.045940"><ele>56</ele><time>2026-03-01T10:15:12Z</time></trkpt>
			<trkpt lat="47.261480" lon="-1.045870"><ele>56</ele><time>2026-03-01T10:15:24Z</time></trkpt>
			<trkpt lat="47.261740" lon="-1.045690"><ele>54</ele><time>2026-03-01T10:15:36Z</time></trkpt>
			<trkpt lat="47.261890" lon="-1.045580"><ele>52</ele><time>2026-03-01T10:15:48Z</time></trkpt>
			<trkpt lat="47.262030" lon="-1.045480"><ele>51</ele><time>2026-03-01T10:16:00Z</time></trkpt>
			<trkpt lat="47.262130" lon="-1.045440"><ele>50</ele><time>2026-03-01T10:16:12Z</time></trkpt>
			<trkpt lat="47.262200" lon="-1.045440"><ele>50</ele><time>2026-03-01T10:16:24Z</time></trkpt>
			<trkpt lat="47.262280" lon="-1.045460"><ele>49</ele><time>2026-03-01T10:16:36Z</time></trkpt>
			<trkpt lat="47.262450" lon="-1.045390"><ele>48</ele><time>2026-03-01T10:16:48Z</time></trkpt>
			<trkpt lat="47.262780" lon="-1.045300"><ele>47</ele><time>2026-03-01T10:17:00Z</time></trkpt>
			<trkpt lat="47.263040" lon="-1.045270"><ele>46</ele><time>2026-03-01T10:17:12Z</time></trkpt>
			<trkpt lat="47.263210" lon="-1.045230"><ele>46</ele><time>2026-03-01T10:17:24Z</time></trkpt>
			<trkpt lat="47.263490" lon="-1.045170"><ele>45</ele><time>2026-03-01T10:17:36Z</time></trkpt>
			<trkpt lat="47.263530" lon="-1.045150"><ele>45</ele><time>2026-03-01T10:17:48Z</time></trkpt>
			<trkpt lat="47.263570" lon="-1.045110"><ele>45</ele><time>2026-03-01T10:18:00Z</time></trkpt>
			<trkpt lat="47.263600" lon="-1.044990"><ele>46</ele><time>2026-03-01T10:18:12Z</time></trkpt>
			<trkpt lat="47.263620" lon="-1.044860"><ele>45</ele><time>2026-03-01T10:18:24Z</time></trkpt>
			<trkpt lat="47.263610" lon="-1.044670"><ele>45</ele><time>2026-03-01T10:18:36Z</time></trkpt>
			<trkpt lat="47.263610" lon="-1.044470"><ele>45</ele><time>2026-03-01T10:18:48Z</time></trkpt>
			<trkpt lat="47.263640" lon="-1.044270"><ele>45</ele><time>2026-03-01T10:19:00Z</time></trkpt>
			<trkpt lat="47.263770" lon="-1.043710"><ele>44</ele><time>2026-03-01T10:19:12Z</time></trkpt>
			<trkpt lat="47.263790" lon="-1.043650"><ele>44</ele><time>2026-03-01T10:19:24Z</time></trkpt>
			<trkpt lat="47.263880" lon="-1.043250"><ele>45</ele><time>2026-03-01T10:19:36Z</time></trkpt>
			<trkpt lat="47.263890" lon="-1.043140"><ele>45</ele><time>2026-03-01T10:19:48Z</time></trkpt>
			<trkpt lat="47.263880" lon="-1.043010"><ele>45</ele><time>2026-03-01T10:20:00Z</time></trkpt>
			<trkpt lat="47.263860" lon="-1.042870"><ele>46</ele><time>2026-03-01T10:20:12Z</time></trkpt>
			<trkpt lat="47.263780" lon="-1.042580"><ele>46</ele><time>2026-03-01T10:20:24Z</time></trkpt>
			<trkpt lat="47.263630" lon="-1.042120"><ele>48</ele><time>2026-03-01T10:20:36Z</time></trkpt>
			<trkpt lat="47.263630" lon="-1.042060"><ele>49</ele><time>2026-03-01T10:20:48Z</time></trkpt>
			<trkpt lat="47.263700" lon="-1.041920"><ele>51</ele><time>2026-03-01T10:21:00Z</time></trkpt>
			<trkpt lat="47.263770" lon="-1.041850"><ele>52</ele><time>2026-03-01T10:21:12Z</time></trkpt>
			<trkpt lat="47.263830" lon="-1.041840"><ele>53</ele><time>2026-03-01T10:21:24Z</time></trkpt>
			<trkpt lat="47.263890" lon="-1.041850"><ele>53</ele><time>2026-03-01T10:21:36Z</time></trkpt>
			<trkpt lat="47.263990" lon="-1.041910"><ele>54</ele><time>2026-03-01T10:21:48Z</time></trkpt>
			<trkpt lat="47.264330" lon="-1.042190"><ele>53</ele><time>2026-03-01T10:22:00Z</time></trkpt>
			<trkpt lat="47.264490" lon="-1.042310"><ele>53</ele><time>2026-03-01T10:22:12Z</time></trkpt>
			<trkpt lat="47.264570" lon="-1.042360"><ele>54</ele><time>2026-03-01T10:22:24Z</time></trkpt>
			<trkpt lat="47.264670" lon="-1.042400"><ele>54</ele><time>2026-03-01T10:22:36Z</time></trkpt>
			<trkpt lat="47.264770" lon="-1.042390"><ele>55</ele><time>2026-03-01T10:22:48Z</time></trkpt>
			<trkpt lat="47.264840" lon="-1.042340"><ele>56</ele><time>2026-03-01T10:23:00Z</time></trkpt>
			<trkpt lat="47.264910" lon="-1.042240"><ele>57</ele><time>2026-03-01T10:23:12Z</time></trkpt>
			<trkpt lat="47.265140" lon="-1.041820"><ele>61</ele><time>2026-03-01T10:23:24Z</time></trkpt>
			<trkpt lat="47.265200" lon="-1.041660"><ele>62</ele><time>2026-03-01T10:23:36Z</time></trkpt>
			<trkpt lat="47.265240" lon="-1.041500"><ele>63</ele><time>2026-03-01T10:23:48Z</time></trkpt>
			<trkpt lat="47.265250" lon="-1.041320"><ele>63</ele><time>2026-03-01T10:24:00Z</time></trkpt>
			<trkpt lat="47.265250" lon="-1.041100"><ele>64</ele><time>2026-03-01T10:24:12Z</time></trkpt>
			<trkpt lat="47.265190" lon="-1.040720"><ele>65</ele><time>2026-03-01T10:24:24Z</time></trkpt>
			<trkpt lat="47.265160" lon="-1.040470"><ele>66</ele><time>2026-03-01T10:24:36Z</time></trkpt>
			<trkpt lat="47.265180" lon="-1.040340"><ele>67</ele><time>2026-03-01T10:24:48Z</time></trkpt>
			<trkpt lat="47.265220" lon="-1.040250"><ele>67</ele><time>2026-03-01T10:25:00Z</time></trkpt>
			<trkpt lat="47.265270" lon="-1.040190"><ele>68</ele><time>2026-03-01T10:25:12Z</time></trkpt>
			<trkpt lat="47.265350" lon="-1.040140"><ele>69</ele><time>2026-03-01T10:25:24Z</time></trkpt>
			<trkpt lat="47.265520" lon="-1.040130"><ele>69</ele><time>2026-03-01T10:25:36Z</time></trkpt>
			<trkpt lat="47.265630" lon="-1.040150"><ele>70</ele><time>2026-03-01T10:25:48Z</time></trkpt>
			<trkpt lat="47.265750" lon="-1.040220"><ele>70</ele><time>2026-03-01T10:26:00Z</time></trkpt>
			<trkpt lat="47.265990" lon="-1.040400"><ele>70</ele><time>2026-03-01T10:26:12Z</time></trkpt>
			<trkpt lat="47.266080" lon="-1.040450"><ele>71</ele><time>2026-03-01T10:26:24Z</time></trkpt>
			<trkpt lat="47.266170" lon="-1.040460"><ele>71</ele><time>2026-03-01T10:26:36Z</time></trkpt>
			<trkpt lat="47.266270" lon="-1.040440"><ele>72</ele><time>2026-03-01T10:26:48Z</time></trkpt>
			<trkpt lat="47.266410" lon="-1.040290"><ele>73</ele><time>2026-03-01T10:27:00Z</time></trkpt>
			<trkpt lat="47.266490" lon="-1.040190"><ele>74</ele><time>2026-03-01T10:27:12Z</time></trkpt>
			<trkpt lat="47.266580" lon="-1.040040"><ele>74</ele><time>2026-03-01T10:27:24Z</time></trkpt>
			<trkpt lat="47.267070" lon="-1.039110"><ele>79</ele><time>2026-03-01T10:27:36Z</time></trkpt>
			<trkpt lat="47.267320" lon="-1.038570"><ele>80</ele><time>2026-03-01T10:27:48Z</time></trkpt>
			<trkpt lat="47.268160" lon="-1.036410"><ele>82</ele><time>2026-03-01T10:28:00Z</time></trkpt>
			<trkpt lat="47.268240" lon="-1.036160"><ele>82</ele><time>2026-03-01T10:28:12Z</time></trkpt>
			<trkpt lat="47.268310" lon="-1.035850"><ele>83</ele><time>2026-03-01T10:28:24Z</time></trkpt>
			<trkpt lat="47.268430" lon="-1.035280"><ele>84</ele><time>2026-03-01T10:28:36Z</time></trkpt>
			<trkpt lat="47.268510" lon="-1.034780"><ele>86</ele><time>2026-03-01T10:28:48Z</time></trkpt>
			<trkpt lat="47.268540" lon="-1.034570"><ele>87</ele><time>2026-03-01T10:29:00Z</time></trkpt>
			<trkpt lat="47.268640" lon="-1.034020"><ele>89</ele><time>2026-03-01T10:29:12Z</time></trkpt>
			<trkpt lat="47.268710" lon="-1.033710"><ele>89</ele><time>2026-03-01T10:29:24Z</time></trkpt>
			<trkpt lat="47.268950" lon="-1.033100"><ele>90</ele><time>2026-03-01T10:29:36Z</time></trkpt>
			<trkpt lat="47.269180" lon="-1.032540"><ele>91</ele><time>2026-03-01T10:29:48Z</time></trkpt>
			<trkpt lat="47.269400" lon="-1.031960"><ele>91</ele><time>2026-03-01T10:30:00Z</time></trkpt>
			<trkpt lat="47.269510" lon="-1.031670"><ele>91</ele><time>2026-03-01T10:30:12Z</time></trkpt>
			<trkpt lat="47.269840" lon="-1.030820"><ele>94</ele><time>2026-03-01T10:30:24Z</time></trkpt>
			<trkpt lat="47.269950" lon="-1.030510"><ele>94</ele><time>2026-03-01T10:30:36Z</time></trkpt>
			<trkpt lat="47.270030" lon="-1.030230"><ele>94</ele><time>2026-03-01T10:30:48Z</time></trkpt>
			<trkpt lat="47.270110" lon="-1.029970"><ele>94</ele><time>2026-03-01T10:31:00Z</time></trkpt>
			<trkpt lat="47.270400" lon="-1.028970"><ele>93</ele><time>2026-03-01T10:31:12Z</time></trkpt>
			<trkpt lat="47.270580" lon="-1.028330"><ele>91</ele><time>2026-03-01T10:31:24Z</time></trkpt>
			<trkpt lat="47.270740" lon="-1.027760"><ele>89</ele><time>2026-03-01T10:31:36Z</time></trkpt>
			<trkpt lat="47.270750" lon="-1.027620"><ele>89</ele><time>2026-03-01T10:31:48Z</time></trkpt>
			<trkpt lat="47.270790" lon="-1.027190"><ele>88</ele><time>2026-03-01T10:32:00Z</time></trkpt>
			<trkpt lat="47.270790" lon="-1.027000"><ele>88</ele><time>2026-03-01T10:32:12Z</time></trkpt>
			<trkpt lat="47.270810" lon="-1.026760"><ele>88</ele><time>2026-03-01T10:32:24Z</time></trkpt>
			<trkpt lat="47.270870" lon="-1.026340"><ele>88</ele><time>2026-03-01T10:32:36Z</time></trkpt>
			<trkpt lat="47.270870" lon="-1.026040"><ele>89</ele><time>2026-03-01T10:32:48Z</time></trkpt>
			<trkpt lat="47.270860" lon="-1.025780"><ele>89</ele><time>2026-03-01T10:33:00Z</time></trkpt>
			<trkpt lat="47.270850" lon="-1.025700"><ele>89</ele><time>2026-03-01T10:33:12Z</time></trkpt>
			<trkpt lat="47.270810" lon="-1.025470"><ele>88</ele><time>2026-03-01T10:33:24Z</time></trkpt>
			<trkpt lat="47.270750" lon="-1.025280"><ele>88</ele><time>2026-03-01T10:33:36Z</time></trkpt>
			<trkpt lat="47.270680" lon="-1.025310"><ele>88</ele><time>2026-03-01T10:33:48Z</time></trkpt>
			<trkpt lat="47.270480" lon="-1.025400"><ele>89</ele><time>2026-03-01T10:34:00Z</time></trkpt>
			<trkpt lat="47.270460" lon="-1.025260"><ele>89</ele><time>2026-03-01T10:34:12Z</time></trkpt>
			<trkpt lat="47.270460" lon="-1.025190"><ele>88</ele><time>2026-03-01T10:34:24Z</time></trkpt>
			<trkpt lat="47.270410" lon="-1.024990"><ele>88</ele><time>2026-03-01T10:34:36Z</time></trkpt>
			<trkpt lat="47.270340" lon="-1.024860"><ele>88</ele><time>2026-03-01T10:34:48Z</time></trkpt>
			<trkpt lat="47.270230" lon="-1.024670"><ele>88</ele><time>2026-03-01T10:35:00Z</time></trkpt>
			<trkpt lat="47.270170" lon="-1.024540"><ele>88</ele><time>2026-03-01T10:35:12Z</time></trkpt>
			<trkpt lat="47.270170" lon="-1.024490"><ele>88</ele><time>2026-03-01T10:35:24Z</time></trkpt>
			<trkpt lat="47.270200" lon="-1.024450"><ele>88</ele><time>2026-03-01T10:35:36Z</time></trkpt>
			<trkpt lat="47.270460" lon="-1.024300"><ele>87</ele><time>2026-03-01T10:35:48Z</time></trkpt>
			<trkpt lat="47.270510" lon="-1.024320"><ele>87</ele><time>2026-03-01T10:36:00Z</time></trkpt>
			<trkpt lat="47.270530" lon="-1.024280"><ele>87</ele><time>2026-03-01T10:36:12Z</time></trkpt>
			<trkpt lat="47.270550" lon="-1.024080"><ele>87</ele><time>2026-03-01T10:36:24Z</time></trkpt>
			<trkpt lat="47.270540" lon="-1.023670"><ele>86</ele><time>2026-03-01T10:36:36Z</time></trkpt>
			<trkpt lat="47.270540" lon="-1.023600"><ele>86</ele><time>2026-03-01T10:36:48Z</time></trkpt>
			<trkpt lat="47.270510" lon="-1.023400"><ele>85</ele><time>2026-03-01T10:37:00Z</time></trkpt>
			<trkpt lat="47.270490" lon="-1.023340"><ele>85</ele><time>2026-03-01T10:37:12Z</time></trkpt>
			<trkpt lat="47.270400" lon="-1.023020"><ele>84</ele><time>2026-03-01T10:37:24Z</time></trkpt>
			<trkpt lat="47.270380" lon="-1.022940"><ele>84</ele><time>2026-03-01T10:37:36Z</time></trkpt>
			<trkpt lat="47.270330" lon="-1.022750"><ele>83</ele><time>2026-03-01T10:37:48Z</time></trkpt>
			<trkpt lat="47.270260" lon="-1.022360"><ele>83</ele><time>2026-03-01T10:38:00Z</time></trkpt>
			<trkpt lat="47.270220" lon="-1.022110"><ele>83</ele><time>2026-03-01T10:38:12Z</time></trkpt>
			<trkpt lat="47.270190" lon="-1.021970"><ele>83</ele><time>2026-03-01T10:38:24Z</time></trkpt>
			<trkpt lat="47.270100" lon="-1.021680"><ele>83</ele><time>2026-03-01T10:38:36Z</time></trkpt>
			<trkpt lat="47.270040" lon="-1.021530"><ele>83</ele><time>2026-03-01T10:38:48Z</time></trkpt>
			<trkpt lat="47.269890" lon="-1.021210"><ele>82</ele><time>2026-03-01T10:39:00Z</time></trkpt>
			<trkpt lat="47.269850" lon="-1.021090"><ele>82</ele><time>2026-03-01T10:39:12Z</time></trkpt>
			<trkpt lat="47.269800" lon="-1.020830"><ele>81</ele><time>2026-03-01T10:39:24Z</time></trkpt>
			<trkpt lat="47.269720" lon="-1.020410"><ele>77</ele><time>2026-03-01T10:39:36Z</time></trkpt>
			<trkpt lat="47.269660" lon="-1.020130"><ele>75</ele><time>2026-03-01T10:39:48Z</time></trkpt>
			<trkpt lat="47.269610" lon="-1.020030"><ele>74</ele><time>2026-03-01T10:40:00Z</time></trkpt>
			<trkpt lat="47.269420" lon="-1.019680"><ele>72</ele><time>2026-03-01T10:40:12Z</time></trkpt>
			<trkpt lat="47.269330" lon="-1.019560"><ele>71</ele><time>2026-03-01T10:40:24Z</time></trkpt>
			<trkpt lat="47.269280" lon="-1.019520"><ele>71</ele><time>2026-03-01T10:40:36Z</time></trkpt>
			<trkpt lat="47.269300" lon="-1.019460"><ele>71</ele><time>2026-03-01T10:40:48Z</time></trkpt>
			<trkpt lat="47.269310" lon="-1.019340"><ele>70</ele><time>2026-03-01T10:41:00Z</time></trkpt>
			<trkpt lat="47.269310" lon="-1.019240"><ele>70</ele><time>2026-03-01T10:41:12Z</time></trkpt>
			<trkpt lat="47.269300" lon="-1.019110"><ele>69</ele><time>2026-03-01T10:41:24Z</time></trkpt>
			<trkpt lat="47.269240" lon="-1.018920"><ele>68</ele><time>2026-03-01T10:41:36Z</time></trkpt>
			<trkpt lat="47.269130" lon="-1.018660"><ele>66</ele><time>2026-03-01T10:41:48Z</time></trkpt>
			<trkpt lat="47.268620" lon="-1.017810"><ele>62</ele><time>2026-03-01T10:42:00Z</time></trkpt>
			<trkpt lat="47.268320" lon="-1.017290"><ele>59</ele><time>2026-03-01T10:42:12Z</time></trkpt>
			<trkpt lat="47.268260" lon="-1.017170"><ele>59</ele><time>2026-03-01T10:42:24Z</time></trkpt>
			<trkpt lat="47.268220" lon="-1.017050"><ele>59</ele><time>2026-03-01T10:42:36Z</time></trkpt>
			<trkpt lat="47.268190" lon="-1.016880"><ele>58</ele><time>2026-03-01T10:42:48Z</time></trkpt>
			<trkpt lat="47.268180" lon="-1.016720"><ele>58</ele><time>2026-03-01T10:43:00Z</time></trkpt>
			<trkpt lat="47.268180" lon="-1.016550"><ele>57</ele><time>2026-03-01T10:43:12Z</time></trkpt>
			<trkpt lat="47.268210" lon="-1.016370"><ele>56</ele><time>2026-03-01T10:43:24Z</time></trkpt>
			<trkpt lat="47.268280" lon="-1.016150"><ele>55</ele><time>2026-03-01T10:43:36Z</time></trkpt>
			<trkpt lat="47.268540" lon="-1.015490"><ele>52</ele><time>2026-03-01T10:43:48Z</time></trkpt>
			<trkpt lat="47.269040" lon="-1.014260"><ele>46</ele><time>2026-03-01T10:44:00Z</time></trkpt>
			<trkpt lat="47.269090" lon="-1.014120"><ele>45</ele><time>2026-03-01T10:44:12Z</time></trkpt>
			<trkpt lat="47.269240" lon="-1.013760"><ele>48</ele><time>2026-03-01T10:44:24Z</time></trkpt>
			<trkpt lat="47.269330" lon="-1.013580"><ele>49</ele><time>2026-03-01T10:44:36Z</time></trkpt>
			<trkpt lat="47.269290" lon="-1.013520"><ele>50</ele><time>2026-03-01T10:44:48Z</time></trkpt>
			<trkpt lat="47.269110" lon="-1.013080"><ele>53</ele><time>2026-03-01T10:45:00Z</time></trkpt>
			<trkpt lat="47.269040" lon="-1.012730"><ele>54</ele><time>2026-03-01T10:45:12Z</time></trkpt>
			<trkpt lat="47.268990" lon="-1.012540"><ele>55</ele><time>2026-03-01T10:45:24Z</time></trkpt>
			<trkpt lat="47.268920" lon="-1.012360"><ele>56</ele><time>2026-03-01T10:45:36Z</time></trkpt>
			<trkpt lat="47.268840" lon="-1.012220"><ele>56</ele><time>2026-03-01T10:45:48Z</time></trkpt>
			<trkpt lat="47.268730" lon="-1.012070"><ele>56</ele><time>2026-03-01T10:46:00Z</time></trkpt>
			<trkpt lat="47.268550" lon="-1.011890"><ele>56</ele><time>2026-03-01T10:46:12Z</time></trkpt>
			<trkpt lat="47.268270" lon="-1.011640"><ele>57</ele><time>2026-03-01T10:46:24Z</time></trkpt>
			<trkpt lat="47.268180" lon="-1.011520"><ele>58</ele><time>2026-03-01T10:46:36Z</time></trkpt>
			<trkpt lat="47.268110" lon="-1.011350"><ele>59</ele><time>2026-03-01T10:46:48Z</time></trkpt>
			<trkpt lat="47.267940" lon="-1.010840"><ele>62</ele><time>2026-03-01T10:47:00Z</time></trkpt>
			<trkpt lat="47.267870" lon="-1.010550"><ele>63</ele><time>2026-03-01T10:47:12Z</time></trkpt>
			<trkpt lat="47.267820" lon="-1.010290"><ele>64</ele><time>2026-03-01T10:47:24Z</time></trkpt>
			<trkpt lat="47.267750" lon="-1.009720"><ele>65</ele><time>2026-03-01T10:47:36Z</time></trkpt>
			<trkpt lat="47.267740" lon="-1.009640"><ele>66</ele><time>2026-03-01T10:47:48Z</time></trkpt>
			<trkpt lat="47.267660" lon="-1.009380"><ele>67</ele><time>2026-03-01T10:48:00Z</time></trkpt>
			<trkpt lat="47.267560" lon="-1.009190"><ele>68</ele><time>2026-03-01T10:48:12Z</time></trkpt>
			<trkpt lat="47.267330" lon="-1.008840"><ele>69</ele><time>2026-03-01T10:48:24Z</time></trkpt>
			<trkpt lat="47.267230" lon="-1.008630"><ele>70</ele><time>2026-03-01T10:48:36Z</time></trkpt>
			<trkpt lat="47.267150" lon="-1.008430"><ele>71</ele><time>2026-03-01T10:48:48Z</time></trkpt>
			<trkpt lat="47.266980" lon="-1.007870"><ele>73</ele><time>2026-03-01T10:49:00Z</time></trkpt>
			<trkpt lat="47.266910" lon="-1.007670"><ele>74</ele><time>2026-03-01T10:49:12Z</time></trkpt>
			<trkpt lat="47.266860" lon="-1.007560"><ele>74</ele><time>2026-03-01T10:49:24Z</time></trkpt>
			<trkpt lat="47.266810" lon="-1.007480"><ele>74</ele><time>2026-03-01T10:49:36Z</time></trkpt>
			<trkpt lat="47.266700" lon="-1.007300"><ele>75</ele><time>2026-03-01T10:49:48Z</time></trkpt>
			<trkpt lat="47.266450" lon="-1.006960"><ele>75</ele><time>2026-03-01T10:50:00Z</time></trkpt>
			<trkpt lat="47.266380" lon="-1.006800"><ele>76</ele><time>2026-03-01T10:50:12Z</time></trkpt>
			<trkpt lat="47.266320" lon="-1.006650"><ele>76</ele><time>2026-03-01T10:50:24Z</time></trkpt>
			<trkpt lat="47.266270" lon="-1.006450"><ele>77</ele><time>2026-03-01T10:50:36Z</time></trkpt>
			<trkpt lat="47.266170" lon="-1.006000"><ele>78</ele><time>2026-03-01T10:50:48Z</time></trkpt>
			<trkpt lat="47.266080" lon="-1.005600"><ele>78</ele><time>2026-03-01T10:51:00Z</time></trkpt>
			<trkpt lat="47.265630" lon="-1.004110"><ele>81</ele><time>2026-03-01T10:51:12Z</time></trkpt>
			<trkpt lat="47.265470" lon="-1.003470"><ele>83</ele><time>2026-03-01T10:51:24Z</time></trkpt>
			<trkpt lat="47.265200" lon="-1.002320"><ele>87</ele><time>2026-03-01T10:51:36Z</time></trkpt>
			<trkpt lat="47.265050" lon="-1.001420"><ele>88</ele><time>2026-03-01T10:51:48Z</time></trkpt>
			<trkpt lat="47.264570" lon="-0.998840"><ele>89</ele><time>2026-03-01T10:52:00Z</time></trkpt>
			<trkpt lat="47.264530" lon="-0.998430"><ele>88</ele><time>2026-03-01T10:52:12Z</time></trkpt>
			<trkpt lat="47.264440" lon="-0.998020"><ele>88</ele><time>2026-03-01T10:52:24Z</time></trkpt>
			<trkpt lat="47.264290" lon="-0.997390"><ele>87</ele><time>2026-03-01T10:52:36Z</time></trkpt>
			<trkpt lat="47.264210" lon="-0.997180"><ele>87</ele><time>2026-03-01T10:52:48Z</time></trkpt>
			<trkpt lat="47.264130" lon="-0.997000"><ele>86</ele><time>2026-03-01T10:53:00Z</time></trkpt>
			<trkpt lat="47.264050" lon="-0.996870"><ele>86</ele><time>2026-03-01T10:53:12Z</time></trkpt>
			<trkpt lat="47.263790" lon="-0.996440"><ele>85</ele><time>2026-03-01T10:53:24Z</time></trkpt>
			<trkpt lat="47.263560" lon="-0.996030"><ele>83</ele><time>2026-03-01T10:53:36Z</time></trkpt>
			<trkpt lat="47.262910" lon="-0.994740"><ele>82</ele><time>2026-03-01T10:53:48Z</time></trkpt>
			<trkpt lat="47.262720" lon="-0.994420"><ele>81</ele><time>2026-03-01T10:54:00Z</time></trkpt>
			<trkpt lat="47.262540" lon="-0.994180"><ele>80</ele><time>2026-03-01T10:54:12Z</time></trkpt>
			<trkpt lat="47.262290" lon="-0.993870"><ele>80</ele><time>2026-03-01T10:54:24Z</time></trkpt>
			<trkpt lat="47.262070" lon="-0.993570"><ele>81</ele><time>2026-03-01T10:54:36Z</time></trkpt>
			<trkpt lat="47.261950" lon="-0.993360"><ele>82</ele><time>2026-03-01T10:54:48Z</time></trkpt>
			<trkpt lat="47.261190" lon="-0.991830"><ele>89</ele><time>2026-03-01T10:55:00Z</time></trkpt>
			<trkpt lat="47.261040" lon="-0.991560"><ele>89</ele><time>2026-03-01T10:55:12Z</time></trkpt>
			<trkpt lat="47.260900" lon="-0.991380"><ele>89</ele><time>2026-03-01T10:55:24Z</time></trkpt>
			<trkpt lat="47.260210" lon="-0.990640"><ele>91</ele><time>2026-03-01T10:55:36Z</time></trkpt>
			<trkpt lat="47.259760" lon="-0.990010"><ele>92</ele><time>2026-03-01T10:55:48Z</time></trkpt>
			<trkpt lat="47.259490" lon="-0.989660"><ele>92</ele><time>2026-03-01T10:56:00Z</time></trkpt>
			<trkpt lat="47.258650" lon="-0.988710"><ele>92</ele><time>2026-03-01T10:56:12Z</time></trkpt>
			<trkpt lat="47.258430" lon="-0.988420"><ele>93</ele><time>2026-03-01T10:56:24Z</time></trkpt>
			<trkpt lat="47.258300" lon="-0.988270"><ele>93</ele><time>2026-03-01T10:56:36Z</time></trkpt>
			<trkpt lat="47.258130" lon="-0.988110"><ele>93</ele><time>2026-03-01T10:56:48Z</time></trkpt>
			<trkpt lat="47.257910" lon="-0.987930"><ele>93</ele><time>2026-03-01T10:57:00Z</time></trkpt>
			<trkpt lat="47.257870" lon="-0.987900"><ele>93</ele><time>2026-03-01T10:57:12Z</time></trkpt>
			<trkpt lat="47.257580" lon="-0.987660"><ele>93</ele><time>2026-03-01T10:57:24Z</time></trkpt>
			<trkpt lat="47.257380" lon="-0.987510"><ele>93</ele><time>2026-03-01T10:57:36Z</time></trkpt>
			<trkpt lat="47.257320" lon="-0.987470"><ele>92</ele><time>2026-03-01T10:57:48Z</time></trkpt>
			<trkpt lat="47.257220" lon="-0.987400"><ele>92</ele><time>2026-03-01T10:58:00Z</time></trkpt>
			<trkpt lat="47.256880" lon="-0.987170"><ele>91</ele><time>2026-03-01T10:58:12Z</time></trkpt>
			<trkpt lat="47.256600" lon="-0.986980"><ele>90</ele><time>2026-03-01T10:58:24Z</time></trkpt>
			<trkpt lat="47.256540" lon="-0.986940"><ele>90</ele><time>2026-03-01T10:58:36Z</time></trkpt>
			<trkpt lat="47.256460" lon="-0.986870"><ele>90</ele><time>2026-03-01T10:58:48Z</time></trkpt>
			<trkpt lat="47.256410" lon="-0.986840"><ele>90</ele><time>2026-03-01T10:59:00Z</time></trkpt>
			<trkpt lat="47.256140" lon="-0.986640"><ele>90</ele><time>2026-03-01T10:59:12Z</time></trkpt>
			<trkpt lat="47.255710" lon="-0.986310"><ele>91</ele><time>2026-03-01T10:59:24Z</time></trkpt>
			<trkpt lat="47.255380" lon="-0.986080"><ele>92</ele><time>2026-03-01T10:59:36Z</time></trkpt>
			<trkpt lat="47.255050" lon="-0.985960"><ele>94</ele><time>2026-03-01T10:59:48Z</time></trkpt>
			<trkpt lat="47.255030" lon="-0.985990"><ele>94</ele><time>2026-03-01T11:00:00Z</time></trkpt>
			<trkpt lat="47.255000" lon="-0.986000"><ele>94</ele><time>2026-03-01T11:00:12Z</time></trkpt>
			<trkpt lat="47.254980" lon="-0.985990"><ele>94</ele><time>2026-03-01T11:00:24Z</time></trkpt>
			<trkpt lat="47.254970" lon="-0.985970"><ele>94</ele><time>2026-03-01T11:00:36Z</time></trkpt>
			<trkpt lat="47.254960" lon="-0.985910"><ele>94</ele><time>2026-03-01T11:00:48Z</time></trkpt>
			<trkpt lat="47.254990" lon="-0.985870"><ele>94</ele><time>2026-03-01T11:01:00Z</time></trkpt>
			<trkpt lat="47.254920" lon="-0.985700"><ele>94</ele><time>2026-03-01T11:01:12Z</time></trkpt>
			<trkpt lat="47.254800" lon="-0.985410"><ele>95</ele><time>2026-03-01T11:01:24Z</time></trkpt>
			<trkpt lat="47.254700" lon="-0.985150"><ele>95</ele><time>2026-03-01T11:01:36Z</time></trkpt>
			<trkpt lat="47.254490" lon="-0.984260"><ele>96</ele><time>2026-03-01T11:01:48Z</time></trkpt>
			<trkpt lat="47.254450" lon="-0.984100"><ele>96</ele><time>2026-03-01T11:02:00Z</time></trkpt>
			<trkpt lat="47.254380" lon="-0.983920"><ele>97</ele><time>2026-03-01T11:02:12Z</time></trkpt>
			<trkpt lat="47.254270" lon="-0.983710"><ele>97</ele><time>2026-03-01T11:02:24Z</time></trkpt>
			<trkpt lat="47.253890" lon="-0.983110"><ele>98</ele><time>2026-03-01T11:02:36Z</time></trkpt>
			<trkpt lat="47.253530" lon="-0.982520"><ele>98</ele><time>2026-03-01T11:02:48Z</time></trkpt>
			<trkpt lat="47.253400" lon="-0.982360"><ele>98</ele><time>2026-03-01T11:03:00Z</time></trkpt>
			<trkpt lat="47.252960" lon="-0.981940"><ele>96</ele><time>2026-03-01T11:03:12Z</time></trkpt>
			<trkpt lat="47.252990" lon="-0.981850"><ele>96</ele><time>2026-03-01T11:03:24Z</time></trkpt>
			<trkpt lat="47.252930" lon="-0.981780"><ele>96</ele><time>2026-03-01T11:03:36Z</time></trkpt>
			<trkpt lat="47.252720" lon="-0.981590"><ele>95</ele><time>2026-03-01T11:03:48Z</time></trkpt>
			<trkpt lat="47.252500" lon="-0.981250"><ele>94</ele><time>2026-03-01T11:04:00Z</time></trkpt>
			<trkpt lat="47.252190" lon="-0.980540"><ele>94</ele><time>2026-03-01T11:04:12Z</time></trkpt>
			<trkpt lat="47.252020" lon="-0.979960"><ele>95</ele><time>2026-03-01T11:04:24Z</time></trkpt>
			<trkpt lat="47.251930" lon="-0.979250"><ele>97</ele><time>2026-03-01T11:04:36Z</time></trkpt>
			<trkpt lat="47.251810" lon="-0.978720"><ele>98</ele><time>2026-03-01T11:04:48Z</time></trkpt>
			<trkpt lat="47.251630" lon="-0.978280"><ele>99</ele><time>2026-03-01T11:05:00Z</time></trkpt>
			<trkpt lat="47.251430" lon="-0.977910"><ele>100</ele><time>2026-03-01T11:05:12Z</time></trkpt>
			<trkpt lat="47.251250" lon="-0.977660"><ele>101</ele><time>2026-03-01T11:05:24Z</time></trkpt>
			<trkpt lat="47.251060" lon="-0.977430"><ele>102</ele><time>2026-03-01T11:05:36Z</time></trkpt>
			<trkpt lat="47.250670" lon="-0.977040"><ele>105</ele><time>2026-03-01T11:05:48Z</time></trkpt>
			<trkpt lat="47.250360" lon="-0.976660"><ele>107</ele><time>2026-03-01T11:06:00Z</time></trkpt>
			<trkpt lat="47.250280" lon="-0.976600"><ele>107</ele><time>2026-03-01T11:06:12Z</time></trkpt>
			<trkpt lat="47.250050" lon="-0.976310"><ele>109</ele><time>2026-03-01T11:06:24Z</time></trkpt>
			<trkpt lat="47.249890" lon="-0.976060"><ele>110</ele><time>2026-03-01T11:06:36Z</time></trkpt>
			<trkpt lat="47.249580" lon="-0.975500"><ele>111</ele><time>2026-03-01T11:06:48Z</time></trkpt>
			<trkpt lat="47.249550" lon="-0.975510"><ele>111</ele><time>2026-03-01T11:07:00Z</time></trkpt>
			<trkpt lat="47.249520" lon="-0.975550"><ele>111</ele><time>2026-03-01T11:07:12Z</time></trkpt>
			<trkpt lat="47.249450" lon="-0.975520"><ele>111</ele><time>2026-03-01T11:07:24Z</time></trkpt>
			<trkpt lat="47.248750" lon="-0.974220"><ele>114</ele><time>2026-03-01T11:07:36Z</time></trkpt>
			<trkpt lat="47.248590" lon="-0.973830"><ele>115</ele><time>2026-03-01T11:07:48Z</time></trkpt>
			<trkpt lat="47.248230" lon="-0.973030"><ele>115</ele><time>2026-03-01T11:08:00Z</time></trkpt>
			<trkpt lat="47.248120" lon="-0.972800"><ele>114</ele><time>2026-03-01T11:08:12Z</time></trkpt>
			<trkpt lat="47.248080" lon="-0.972770"><ele>114</ele><time>2026-03-01T11:08:24Z</time></trkpt>
			<trkpt lat="47.248040" lon="-0.972730"><ele>114</ele><time>2026-03-01T11:08:36Z</time></trkpt>
			<trkpt lat="47.248010" lon="-0.972580"><ele>114</ele><time>2026-03-01T11:08:48Z</time></trkpt>
			<trkpt lat="47.247850" lon="-0.972270"><ele>113</ele><time>2026-03-01T11:09:00Z</time></trkpt>
			<trkpt lat="47.247460" lon="-0.971280"><ele>112</ele><time>2026-03-01T11:09:12Z</time></trkpt>
			<trkpt lat="47.247350" lon="-0.970960"><ele>111</ele><time>2026-03-01T11:09:24Z</time></trkpt>
			<trkpt lat="47.246800" lon="-0.969220"><ele>108</ele><time>2026-03-01T11:09:36Z</time></trkpt>
			<trkpt lat="47.246450" lon="-0.968140"><ele>104</ele><time>2026-03-01T11:09:48Z</time></trkpt>
			<trkpt lat="47.246320" lon="-0.967800"><ele>103</ele><time>2026-03-01T11:10:00Z</time></trkpt>
			<trkpt lat="47.246140" lon="-0.967440"><ele>102</ele><time>2026-03-01T11:10:12Z</time></trkpt>
			<trkpt lat="47.245870" lon="-0.966650"><ele>101</ele><time>2026-03-01T11:10:24Z</time></trkpt>
			<trkpt lat="47.245640" lon="-0.965830"><ele>101</ele><time>2026-03-01T11:10:36Z</time></trkpt>
			<trkpt lat="47.245440" lon="-0.965310"><ele>101</ele><time>2026-03-01T11:10:48Z</time></trkpt>
			<trkpt lat="47.245250" lon="-0.964870"><ele>100</ele><time>2026-03-01T11:11:00Z</time></trkpt>
			<trkpt lat="47.245190" lon="-0.964690"><ele>99</ele><time>2026-03-01T11:11:12Z</time></trkpt>
			<trkpt lat="47.245200" lon="-0.964580"><ele>99</ele><time>2026-03-01T11:11:24Z</time></trkpt>
			<trkpt lat="47.245070" lon="-0.964290"><ele>99</ele><time>2026-03-01T11:11:36Z</time></trkpt>
			<trkpt lat="47.244940" lon="-0.964010"><ele>99</ele><time>2026-03-01T11:11:48Z</time></trkpt>
			<trkpt lat="47.244880" lon="-0.963790"><ele>98</ele><time>2026-03-01T11:12:00Z</time></trkpt>
			<trkpt lat="47.244510" lon="-0.962320"><ele>97</ele><time>2026-03-01T11:12:12Z</time></trkpt>
			<trkpt lat="47.244450" lon="-0.962000"><ele>97</ele><time>2026-03-01T11:12:24Z</time></trkpt>
			<trkpt lat="47.244310" lon="-0.960730"><ele>93</ele><time>2026-03-01T11:12:36Z</time></trkpt>
			<trkpt lat="47.244220" lon="-0.960010"><ele>90</ele><time>2026-03-01T11:12:48Z</time></trkpt>
			<trkpt lat="47.244220" lon="-0.959880"><ele>89</ele><time>2026-03-01T11:13:00Z</time></trkpt>
			<trkpt lat="47.244220" lon="-0.959750"><ele>89</ele><time>2026-03-01T11:13:12Z</time></trkpt>
			<trkpt lat="47.244250" lon="-0.959520"><ele>88</ele><time>2026-03-01T11:13:24Z</time></trkpt>
			<trkpt lat="47.244410" lon="-0.958840"><ele>86</ele><time>2026-03-01T11:13:36Z</time></trkpt>
			<trkpt lat="47.244420" lon="-0.958730"><ele>86</ele><time>2026-03-01T11:13:48Z</time></trkpt>
			<trkpt lat="47.244380" lon="-0.958570"><ele>86</ele><time>2026-03-01T11:14:00Z</time></trkpt>
			<trkpt lat="47.244200" lon="-0.958530"><ele>86</ele><time>2026-03-01T11:14:12Z</time></trkpt>
			<trkpt lat="47.243720" lon="-0.958020"><ele>88</ele><time>2026-03-01T11:14:24Z</time></trkpt>
			<trkpt lat="47.243650" lon="-0.957960"><ele>89</ele><time>2026-03-01T11:14:36Z</time></trkpt>
			<trkpt lat="47.243470" lon="-0.957820"><ele>90</ele><time>2026-03-01T11:14:48Z</time></trkpt>
			<trkpt lat="47.243350" lon="-0.957690"><ele>92</ele><time>2026-03-01T11:15:00Z</time></trkpt>
			<trkpt lat="47.243270" lon="-0.957540"><ele>93</ele><time>2026-03-01T11:15:12Z</time></trkpt>
			<trkpt lat="47.243200" lon="-0.957350"><ele>93</ele><time>2026-03-01T11:15:24Z</time></trkpt>
			<trkpt lat="47.243010" lon="-0.956720"><ele>95</ele><time>2026-03-01T11:15:36Z</time></trkpt>
			<trkpt lat="47.242910" lon="-0.956440"><ele>95</ele><time>2026-03-01T11:15:48Z</time></trkpt>
			<trkpt lat="47.242810" lon="-0.956130"><ele>96</ele><time>2026-03-01T11:16:00Z</time></trkpt>
			<trkpt lat="47.242720" lon="-0.955880"><ele>97</ele><time>2026-03-01T11:16:12Z</time></trkpt>
			<trkpt lat="47.242590" lon="-0.955570"><ele>97</ele><time>2026-03-01T11:16:24Z</time></trkpt>
			<trkpt lat="47.242500" lon="-0.955410"><ele>97</ele><time>2026-03-01T11:16:36Z</time></trkpt>
			<trkpt lat="47.242040" lon="-0.954760"><ele>97</ele><time>2026-03-01T11:16:48Z</time></trkpt>
			<trkpt lat="47.241920" lon="-0.954590"><ele>96</ele><time>2026-03-01T11:17:00Z</time></trkpt>
			<trkpt lat="47.241870" lon="-0.954540"><ele>96</ele><time>2026-03-01T11:17:12Z</time></trkpt>
			<trkpt lat="47.241690" lon="-0.954280"><ele>96</ele><time>2026-03-01T11:17:24Z</time></trkpt>
			<trkpt lat="47.241640" lon="-0.954170"><ele>96</ele><time>2026-03-01T11:17:36Z</time></trkpt>
			<trkpt lat="47.241270" lon="-0.953620"><ele>96</ele><time>2026-03-01T11:17:48Z</time></trkpt>
			<trkpt lat="47.241080" lon="-0.953430"><ele>96</ele><time>2026-03-01T11:18:00Z</time></trkpt>
			<trkpt lat="47.240780" lon="-0.953250"><ele>96</ele><time>2026-03-01T11:18:12Z</time></trkpt>
			<trkpt lat="47.240620" lon="-0.953120"><ele>96</ele><time>2026-03-01T11:18:24Z</time></trkpt>
			<trkpt lat="47.240490" lon="-0.952970"><ele>95</ele><time>2026-03-01T11:18:36Z</time></trkpt>
			<trkpt lat="47.240360" lon="-0.952750"><ele>95</ele><time>2026-03-01T11:18:48Z</time></trkpt>
			<trkpt lat="47.240240" lon="-0.952470"><ele>95</ele><time>2026-03-01T11:19:00Z</time></trkpt>
			<trkpt lat="47.239690" lon="-0.950710"><ele>96</ele><time>2026-03-01T11:19:12Z</time></trkpt>
			<trkpt lat="47.239640" lon="-0.950410"><ele>96</ele><time>2026-03-01T11:19:24Z</time></trkpt>
			<trkpt lat="47.239610" lon="-0.950210"><ele>96</ele><time>2026-03-01T11:19:36Z</time></trkpt>
			<trkpt lat="47.239530" lon="-0.949210"><ele>96</ele><time>2026-03-01T11:19:48Z</time></trkpt>
			<trkpt lat="47.239480" lon="-0.948630"><ele>98</ele><time>2026-03-01T11:20:00Z</time></trkpt>
			<trkpt lat="47.239420" lon="-0.948300"><ele>99</ele><time>2026-03-01T11:20:12Z</time></trkpt>
			<trkpt lat="47.239340" lon="-0.948050"><ele>99</ele><time>2026-03-01T11:20:24Z</time></trkpt>
			<trkpt lat="47.239080" lon="-0.947380"><ele>101</ele><time>2026-03-01T11:20:36Z</time></trkpt>
			<trkpt lat="47.239030" lon="-0.947200"><ele>100</ele><time>2026-03-01T11:20:48Z</time></trkpt>
			<trkpt lat="47.238920" lon="-0.946580"><ele>100</ele><time>2026-03-01T11:21:00Z</time></trkpt>
			<trkpt lat="47.238830" lon="-0.945800"><ele>100</ele><time>2026-03-01T11:21:12Z</time></trkpt>
			<trkpt lat="47.238660" lon="-0.944280"><ele>102</ele><time>2026-03-01T11:21:24Z</time></trkpt>
			<trkpt lat="47.238610" lon="-0.944040"><ele>102</ele><time>2026-03-01T11:21:36Z</time></trkpt>
			<trkpt lat="47.238550" lon="-0.943870"><ele>102</ele><time>2026-03-01T11:21:48Z</time></trkpt>
			<trkpt lat="47.238400" lon="-0.943580"><ele>101</ele><time>2026-03-01T11:22:00Z</time></trkpt>
			<trkpt lat="47.238290" lon="-0.943440"><ele>100</ele><time>2026-03-01T11:22:12Z</time></trkpt>
			<trkpt lat="47.237930" lon="-0.943020"><ele>100</ele><time>2026-03-01T11:22:24Z</time></trkpt>
			<trkpt lat="47.237730" lon="-0.942650"><ele>100</ele><time>2026-03-01T11:22:36Z</time></trkpt>
			<trkpt lat="47.236750" lon="-0.940400"><ele>103</ele><time>2026-03-01T11:22:48Z</time></trkpt>
			<trkpt lat="47.236230" lon="-0.939300"><ele>102</ele><time>2026-03-01T11:23:00Z</time></trkpt>
			<trkpt lat="47.235840" lon="-0.938310"><ele>103</ele><time>2026-03-01T11:23:12Z</time></trkpt>
			<trkpt lat="47.235550" lon="-0.937690"><ele>104</ele><time>2026-03-01T11:23:24Z</time></trkpt>
			<trkpt lat="47.234350" lon="-0.935270"><ele>111</ele><time>2026-03-01T11:23:36Z</time></trkpt>
			<trkpt lat="47.234130" lon="-0.934900"><ele>111</ele><time>2026-03-01T11:23:48Z</time></trkpt>
			<trkpt lat="47.233930" lon="-0.934650"><ele>111</ele><time>2026-03-01T11:24:00Z</time></trkpt>
			<trkpt lat="47.233790" lon="-0.934550"><ele>112</ele><time>2026-03-01T11:24:12Z</time></trkpt>
			<trkpt lat="47.233690" lon="-0.934380"><ele>112</ele><time>2026-03-01T11:24:24Z</time></trkpt>
			<trkpt lat="47.233600" lon="-0.934280"><ele>112</ele><time>2026-03-01T11:24:36Z</time></trkpt>
			<trkpt lat="47.233520" lon="-0.934130"><ele>112</ele><time>2026-03-01T11:24:48Z</time></trkpt>
			<trkpt lat="47.233430" lon="-0.933910"><ele>112</ele><time>2026-03-01T11:25:00Z</time></trkpt>
			<trkpt lat="47.232780" lon="-0.932950"><ele>109</ele><time>2026-03-01T11:25:12Z</time></trkpt>
			<trkpt lat="47.231420" lon="-0.930230"><ele>109</ele><time>2026-03-01T11:25:24Z</time></trkpt>
			<trkpt lat="47.231350" lon="-0.930050"><ele>108</ele><time>2026-03-01T11:25:36Z</time></trkpt>
			<trkpt lat="47.231290" lon="-0.929830"><ele>108</ele><time>2026-03-01T11:25:48Z</time></trkpt>
			<trkpt lat="47.231240" lon="-0.929510"><ele>107</ele><time>2026-03-01T11:26:00Z</time></trkpt>
			<trkpt lat="47.231200" lon="-0.928980"><ele>107</ele><time>2026-03-01T11:26:12Z</time></trkpt>
			<trkpt lat="47.231140" lon="-0.928590"><ele>106</ele><time>2026-03-01T11:26:24Z</time></trkpt>
			<trkpt lat="47.231030" lon="-0.928100"><ele>106</ele><time>2026-03-01T11:26:36Z</time></trkpt>
			<trkpt lat="47.230790" lon="-0.927300"><ele>104</ele><time>2026-03-01T11:26:48Z</time></trkpt>
			<trkpt lat="47.230580" lon="-0.926670"><ele>104</ele><time>2026-03-01T11:27:00Z</time></trkpt>
			<trkpt lat="47.230370" lon="-0.925940"><ele>103</ele><time>2026-03-01T11:27:12Z</time></trkpt>
			<trkpt lat="47.230300" lon="-0.925630"><ele>103</ele><time>2026-03-01T11:27:24Z</time></trkpt>
			<trkpt lat="47.230290" lon="-0.925450"><ele>104</ele><time>2026-03-01T11:27:36Z</time></trkpt>
			<trkpt lat="47.230310" lon="-0.925220"><ele>104</ele><time>2026-03-01T11:27:48Z</time></trkpt>
			<trkpt lat="47.230350" lon="-0.924970"><ele>105</ele><time>2026-03-01T11:28:00Z</time></trkpt>
			<trkpt lat="47.230450" lon="-0.924650"><ele>105</ele><time>2026-03-01T11:28:12Z</time></trkpt>
			<trkpt lat="47.230600" lon="-0.924370"><ele>106</ele><time>2026-03-01T11:28:24Z</time></trkpt>
			<trkpt lat="47.231340" lon="-0.923400"><ele>111</ele><time>2026-03-01T11:28:36Z</time></trkpt>
			<trkpt lat="47.231640" lon="-0.922950"><ele>114</ele><time>2026-03-01T11:28:48Z</time></trkpt>
			<trkpt lat="47.231910" lon="-0.922510"><ele>116</ele><time>2026-03-01T11:29:00Z</time></trkpt>
			<trkpt lat="47.232370" lon="-0.921620"><ele>116</ele><time>2026-03-01T11:29:12Z</time></trkpt>
			<trkpt lat="47.232820" lon="-0.920930"><ele>117</ele><time>2026-03-01T11:29:24Z</time></trkpt>
			<trkpt lat="47.233210" lon="-0.920180"><ele>120</ele><time>2026-03-01T11:29:36Z</time></trkpt>
			<trkpt lat="47.233300" lon="-0.919880"><ele>121</ele><time>2026-03-01T11:29:48Z</time></trkpt>
			<trkpt lat="47.233360" lon="-0.919600"><ele>120</ele><time>2026-03-01T11:30:00Z</time></trkpt>
			<trkpt lat="47.233370" lon="-0.919390"><ele>120</ele><time>2026-03-01T11:30:12Z</time></trkpt>
			<trkpt lat="47.233370" lon="-0.919220"><ele>119</ele><time>2026-03-01T11:30:24Z</time></trkpt>
			<trkpt lat="47.233330" lon="-0.919010"><ele>118</ele><time>2026-03-01T11:30:36Z</time></trkpt>
			<trkpt lat="47.233230" lon="-0.918690"><ele>117</ele><time>2026-03-01T11:30:48Z</time></trkpt>
			<trkpt lat="47.233100" lon="-0.918350"><ele>115</ele><time>2026-03-01T11:31:00Z</time></trkpt>
			<trkpt lat="47.232790" lon="-0.917790"><ele>113</ele><time>2026-03-01T11:31:12Z</time></trkpt>
			<trkpt lat="47.232690" lon="-0.917560"><ele>113</ele><time>2026-03-01T11:31:24Z</time></trkpt>
			<trkpt lat="47.232630" lon="-0.917320"><ele>112</ele><time>2026-03-01T11:31:36Z</time></trkpt>
			<trkpt lat="47.232610" lon="-0.917040"><ele>111</ele><time>2026-03-01T11:31:48Z</time></trkpt>
			<trkpt lat="47.232620" lon="-0.915090"><ele>110</ele><time>2026-03-01T11:32:00Z</time></trkpt>
			<trkpt lat="47.232630" lon="-0.913990"><ele>107</ele><time>2026-03-01T11:32:12Z</time></trkpt>
			<trkpt lat="47.232650" lon="-0.910570"><ele>106</ele><time>2026-03-01T11:32:24Z</time></trkpt>
			<trkpt lat="47.232630" lon="-0.910150"><ele>106</ele><time>2026-03-01T11:32:36Z</time></trkpt>
			<trkpt lat="47.232600" lon="-0.909820"><ele>105</ele><time>2026-03-01T11:32:48Z</time></trkpt>
			<trkpt lat="47.232540" lon="-0.909450"><ele>105</ele><time>2026-03-01T11:33:00Z</time></trkpt>
			<trkpt lat="47.232460" lon="-0.909040"><ele>105</ele><time>2026-03-01T11:33:12Z</time></trkpt>
			<trkpt lat="47.232230" lon="-0.908260"><ele>106</ele><time>2026-03-01T11:33:24Z</time></trkpt>
			<trkpt lat="47.232080" lon="-0.907800"><ele>105</ele><time>2026-03-01T11:33:36Z</time></trkpt>
			<trkpt lat="47.231890" lon="-0.907370"><ele>105</ele><time>2026-03-01T11:33:48Z</time></trkpt>
			<trkpt lat="47.231680" lon="-0.906970"><ele>105</ele><time>2026-03-01T11:34:00Z</time></trkpt>
			<trkpt lat="47.231350" lon="-0.906510"><ele>104</ele><time>2026-03-01T11:34:12Z</time></trkpt>
			<trkpt lat="47.230860" lon="-0.905750"><ele>102</ele><time>2026-03-01T11:34:24Z</time></trkpt>
			<trkpt lat="47.230790" lon="-0.905590"><ele>102</ele><time>2026-03-01T11:34:36Z</time></trkpt>
			<trkpt lat="47.230730" lon="-0.905430"><ele>102</ele><time>2026-03-01T11:34:48Z</time></trkpt>
			<trkpt lat="47.230510" lon="-0.904710"><ele>101</ele><time>2026-03-01T11:35:00Z</time></trkpt>
			<trkpt lat="47.230410" lon="-0.904280"><ele>100</ele><time>2026-03-01T11:35:12Z</time></trkpt>
			<trkpt lat="47.230370" lon="-0.903870"><ele>99</ele><time>2026-03-01T11:35:24Z</time></trkpt>
			<trkpt lat="47.230330" lon="-0.903570"><ele>99</ele><time>2026-03-01T11:35:36Z</time></trkpt>
			<trkpt lat="47.230240" lon="-0.903160"><ele>98</ele><time>2026-03-01T11:35:48Z</time></trkpt>
			<trkpt lat="47.230180" lon="-0.902960"><ele>97</ele><time>2026-03-01T11:36:00Z</time></trkpt>
			<trkpt lat="47.230030" lon="-0.902630"><ele>96</ele><time>2026-03-01T11:36:12Z</time></trkpt>
			<trkpt lat="47.229920" lon="-0.902370"><ele>96</ele><time>2026-03-01T11:36:24Z</time></trkpt>
			<trkpt lat="47.229770" lon="-0.901950"><ele>95</ele><time>2026-03-01T11:36:36Z</time></trkpt>
			<trkpt lat="47.229680" lon="-0.901600"><ele>94</ele><time>2026-03-01T11:36:48Z</time></trkpt>
			<trkpt lat="47.229620" lon="-0.901180"><ele>94</ele><time>2026-03-01T11:37:00Z</time></trkpt>
			<trkpt lat="47.229560" lon="-0.900700"><ele>93</ele><time>2026-03-01T11:37:12Z</time></trkpt>
			<trkpt lat="47.229500" lon="-0.900360"><ele>92</ele><time>2026-03-01T11:37:24Z</time></trkpt>
			<trkpt lat="47.229430" lon="-0.900110"><ele>91</ele><time>2026-03-01T11:37:36Z</time></trkpt>
			<trkpt lat="47.229340" lon="-0.899890"><ele>91</ele><time>2026-03-01T11:37:48Z</time></trkpt>
			<trkpt lat="47.229200" lon="-0.899630"><ele>90</ele><time>2026-03-01T11:38:00Z</time></trkpt>
			<trkpt lat="47.228260" lon="-0.898100"><ele>88</ele><time>2026-03-01T11:38:12Z</time></trkpt>
			<trkpt lat="47.228150" lon="-0.897880"><ele>88</ele><time>2026-03-01T11:38:24Z</time></trkpt>
			<trkpt lat="47.227990" lon="-0.897520"><ele>87</ele><time>2026-03-01T11:38:36Z</time></trkpt>
			<trkpt lat="47.227940" lon="-0.897430"><ele>87</ele><time>2026-03-01T11:38:48Z</time></trkpt>
			<trkpt lat="47.227860" lon="-0.897400"><ele>87</ele><time>2026-03-01T11:39:00Z</time></trkpt>
			<trkpt lat="47.227790" lon="-0.897380"><ele>87</ele><time>2026-03-01T11:39:12Z</time></trkpt>
			<trkpt lat="47.227510" lon="-0.897430"><ele>88</ele><time>2026-03-01T11:39:24Z</time></trkpt>
			<trkpt lat="47.227470" lon="-0.897420"><ele>88</ele><time>2026-03-01T11:39:36Z</time></trkpt>
			<trkpt lat="47.227440" lon="-0.897380"><ele>87</ele><time>2026-03-01T11:39:48Z</time></trkpt>
			<trkpt lat="47.227310" lon="-0.896960"><ele>85</ele><time>2026-03-01T11:40:00Z</time></trkpt>
			<trkpt lat="47.227370" lon="-0.896910"><ele>85</ele><time>2026-03-01T11:40:12Z</time></trkpt>
			<trkpt lat="47.227540" lon="-0.896800"><ele>85</ele><time>2026-03-01T11:40:24Z</time></trkpt>
			<trkpt lat="47.227610" lon="-0.896790"><ele>84</ele><time>2026-03-01T11:40:36Z</time></trkpt>
			<trkpt lat="47.227690" lon="-0.896790"><ele>84</ele><time>2026-03-01T11:40:48Z</time></trkpt>
			<trkpt lat="47.228160" lon="-0.896830"><ele>83</ele><time>2026-03-01T11:41:00Z</time></trkpt>
			<trkpt lat="47.229010" lon="-0.896930"><ele>82</ele><time>2026-03-01T11:41:12Z</time></trkpt>
			<trkpt lat="47.229420" lon="-0.896970"><ele>82</ele><time>2026-03-01T11:41:24Z</time></trkpt>
			<trkpt lat="47.230260" lon="-0.897030"><ele>81</ele><time>2026-03-01T11:41:36Z</time></trkpt>
			<trkpt lat="47.230620" lon="-0.897080"><ele>81</ele><time>2026-03-01T11:41:48Z</time></trkpt>
			<trkpt lat="47.231060" lon="-0.897120"><ele>82</ele><time>2026-03-01T11:42:00Z</time></trkpt>
			<trkpt lat="47.237360" lon="-0.897850"><ele>96</ele><time>2026-03-01T11:42:12Z</time></trkpt>
			<trkpt lat="47.237960" lon="-0.897910"><ele>98</ele><time>2026-03-01T11:42:24Z</time></trkpt>
			<trkpt lat="47.241210" lon="-0.898270"><ele>104</ele><time>2026-03-01T11:42:36Z</time></trkpt>
			<trkpt lat="47.242620" lon="-0.898430"><ele>98</ele><time>2026-03-01T11:42:48Z</time></trkpt>
			<trkpt lat="47.242840" lon="-0.898460"><ele>97</ele><time>2026-03-01T11:43:00Z</time></trkpt>
			<trkpt lat="47.246610" lon="-0.898900"><ele>98</ele><time>2026-03-01T11:43:12Z</time></trkpt>
			<trkpt lat="47.250210" lon="-0.899300"><ele>110</ele><time>2026-03-01T11:43:24Z</time></trkpt>
			<trkpt lat="47.250750" lon="-0.899360"><ele>110</ele><time>2026-03-01T11:43:36Z</time></trkpt>
			<trkpt lat="47.251750" lon="-0.899470"><ele>108</ele><time>2026-03-01T11:43:48Z</time></trkpt>
			<trkpt lat="47.252060" lon="-0.899500"><ele>109</ele><time>2026-03-01T11:44:00Z</time></trkpt>
			<trkpt lat="47.252220" lon="-0.899520"><ele>109</ele><time>2026-03-01T11:44:12Z</time></trkpt>
			<trkpt lat="47.252350" lon="-0.899530"><ele>110</ele><time>2026-03-01T11:44:24Z</time></trkpt>
			<trkpt lat="47.252400" lon="-0.899570"><ele>110</ele><time>2026-03-01T11:44:36Z</time></trkpt>
			<trkpt lat="47.252520" lon="-0.899690"><ele>110</ele><time>2026-03-01T11:44:48Z</time></trkpt>
			<trkpt lat="47.252560" lon="-0.899640"><ele>110</ele><time>2026-03-01T11:45:00Z</time></trkpt>
			<trkpt lat="47.252600" lon="-0.899600"><ele>110</ele><time>2026-03-01T11:45:12Z</time></trkpt>
			<trkpt lat="47.252660" lon="-0.899590"><ele>110</ele><time>2026-03-01T11:45:24Z</time></trkpt>
			<trkpt lat="47.252710" lon="-0.899600"><ele>111</ele><time>2026-03-01T11:45:36Z</time></trkpt>
			<trkpt lat="47.252760" lon="-0.899630"><ele>111</ele><time>2026-03-01T11:45:48Z</time></trkpt>
			<trkpt lat="47.252790" lon="-0.899690"><ele>111</ele><time>2026-03-01T11:46:00Z</time></trkpt>
			<trkpt lat="47.252820" lon="-0.899760"><ele>111</ele><time>2026-03-01T11:46:12Z</time></trkpt>
			<trkpt lat="47.253030" lon="-0.899680"><ele>112</ele><time>2026-03-01T11:46:24Z</time></trkpt>
			<trkpt lat="47.253050" lon="-0.899670"><ele>112</ele><time>2026-03-01T11:46:36Z</time></trkpt>
			<trkpt lat="47.253180" lon="-0.899610"><ele>112</ele><time>2026-03-01T11:46:48Z</time></trkpt>
			<trkpt lat="47.253480" lon="-0.900260"><ele>113</ele><time>2026-03-01T11:47:00Z</time></trkpt>
			<trkpt lat="47.253580" lon="-0.900500"><ele>113</ele><time>2026-03-01T11:47:12Z</time></trkpt>
			<trkpt lat="47.253650" lon="-0.900670"><ele>113</ele><time>2026-03-01T11:47:24Z</time></trkpt>
			<trkpt lat="47.253830" lon="-0.900530"><ele>113</ele><time>2026-03-01T11:47:36Z</time></trkpt>
			<trkpt lat="47.253850" lon="-0.900550"><ele>113</ele><time>2026-03-01T11:47:48Z</time></trkpt>
			<trkpt lat="47.254050" lon="-0.900540"><ele>112</ele><time>2026-03-01T11:48:00Z</time></trkpt>
			<trkpt lat="47.254170" lon="-0.901220"><ele>113</ele><time>2026-03-01T11:48:12Z</time></trkpt>
			<trkpt lat="47.254260" lon="-0.901640"><ele>113</ele><time>2026-03-01T11:48:24Z</time></trkpt>
			<trkpt lat="47.254380" lon="-0.902180"><ele>113</ele><time>2026-03-01T11:48:36Z</time></trkpt>
			<trkpt lat="47.254530" lon="-0.903060"><ele>112</ele><time>2026-03-01T11:48:48Z</time></trkpt>
			<trkpt lat="47.254580" lon="-0.903370"><ele>112</ele><time>2026-03-01T11:49:00Z</time></trkpt>
			<trkpt lat="47.254730" lon="-0.904210"><ele>112</ele><time>2026-03-01T11:49:12Z</time></trkpt>
			<trkpt lat="47.254800" lon="-0.904510"><ele>113</ele><time>2026-03-01T11:49:24Z</time></trkpt>
			<trkpt lat="47.254880" lon="-0.904740"><ele>113</ele><time>2026-03-01T11:49:36Z</time></trkpt>
			<trkpt lat="47.254970" lon="-0.905010"><ele>114</ele><time>2026-03-01T11:49:48Z</time></trkpt>
			<trkpt lat="47.255020" lon="-0.905150"><ele>114</ele><time>2026-03-01T11:50:00Z</time></trkpt>
			<trkpt lat="47.255430" lon="-0.906160"><ele>115</ele><time>2026-03-01T11:50:12Z</time></trkpt>
			<trkpt lat="47.255540" lon="-0.906380"><ele>115</ele><time>2026-03-01T11:50:24Z</time></trkpt>
			<trkpt lat="47.255630" lon="-0.906520"><ele>116</ele><time>2026-03-01T11:50:36Z</time></trkpt>
			<trkpt lat="47.255710" lon="-0.906630"><ele>116</ele><time>2026-03-01T11:50:48Z</time></trkpt>
			<trkpt lat="47.255770" lon="-0.906690"><ele>116</ele><time>2026-03-01T11:51:00Z</time></trkpt>
			<trkpt lat="47.255970" lon="-0.906820"><ele>117</ele><time>2026-03-01T11:51:12Z</time></trkpt>
			<trkpt lat="47.256580" lon="-0.907110"><ele>117</ele><time>2026-03-01T11:51:24Z</time></trkpt>
			<trkpt lat="47.256650" lon="-0.907140"><ele>117</ele><time>2026-03-01T11:51:36Z</time></trkpt>
			<trkpt lat="47.257310" lon="-0.907480"><ele>118</ele><time>2026-03-01T11:51:48Z</time></trkpt>
			<trkpt lat="47.257580" lon="-0.907650"><ele>119</ele><time>2026-03-01T11:52:00Z</time></trkpt>
			<trkpt lat="47.257900" lon="-0.907720"><ele>119</ele><time>2026-03-01T11:52:12Z</time></trkpt>
			<trkpt lat="47.258190" lon="-0.907800"><ele>119</ele><time>2026-03-01T11:52:24Z</time></trkpt>
			<trkpt lat="47.258780" lon="-0.908020"><ele>120</ele><time>2026-03-01T11:52:36Z</time></trkpt>
			<trkpt lat="47.259080" lon="-0.908180"><ele>121</ele><time>2026-03-01T11:52:48Z</time></trkpt>
			<trkpt lat="47.259390" lon="-0.908390"><ele>122</ele><time>2026-03-01T11:53:00Z</time></trkpt>
			<trkpt lat="47.259840" lon="-0.908730"><ele>122</ele><time>2026-03-01T11:53:12Z</time></trkpt>
			<trkpt lat="47.260050" lon="-0.908850"><ele>122</ele><time>2026-03-01T11:53:24Z</time></trkpt>
			<trkpt lat="47.262410" lon="-0.909830"><ele>120</ele><time>2026-03-01T11:53:36Z</time></trkpt>
			<trkpt lat="47.263530" lon="-0.910280"><ele>123</ele><time>2026-03-01T11:53:48Z</time></trkpt>
			<trkpt lat="47.264180" lon="-0.910490"><ele>124</ele><time>2026-03-01T11:54:00Z</time></trkpt>
			<trkpt lat="47.265580" lon="-0.910640"><ele>124</ele><time>2026-03-01T11:54:12Z</time></trkpt>
			<trkpt lat="47.266470" lon="-0.910990"><ele>124</ele><time>2026-03-01T11:54:24Z</time></trkpt>
			<trkpt lat="47.266740" lon="-0.911210"><ele>123</ele><time>2026-03-01T11:54:36Z</time></trkpt>
			<trkpt lat="47.267280" lon="-0.911860"><ele>123</ele><time>2026-03-01T11:54:48Z</time></trkpt>
			<trkpt lat="47.267400" lon="-0.911970"><ele>123</ele><time>2026-03-01T11:55:00Z</time></trkpt>
			<trkpt lat="47.267570" lon="-0.912070"><ele>123</ele><time>2026-03-01T11:55:12Z</time></trkpt>
			<trkpt lat="47.268090" lon="-0.912230"><ele>122</ele><time>2026-03-01T11:55:24Z</time></trkpt>
			<trkpt lat="47.268340" lon="-0.912350"><ele>121</ele><time>2026-03-01T11:55:36Z</time></trkpt>
			<trkpt lat="47.269170" lon="-0.912800"><ele>121</ele><time>2026-03-01T11:55:48Z</time></trkpt>
			<trkpt lat="47.270050" lon="-0.913290"><ele>118</ele><time>2026-03-01T11:56:00Z</time></trkpt>
			<trkpt lat="47.270640" lon="-0.913620"><ele>114</ele><time>2026-03-01T11:56:12Z</time></trkpt>
			<trkpt lat="47.271150" lon="-0.913890"><ele>112</ele><time>2026-03-01T11:56:24Z</time></trkpt>
			<trkpt lat="47.271430" lon="-0.914080"><ele>111</ele><time>2026-03-01T11:56:36Z</time></trkpt>
			<trkpt lat="47.271760" lon="-0.914350"><ele>112</ele><time>2026-03-01T11:56:48Z</time></trkpt>
			<trkpt lat="47.272490" lon="-0.915080"><ele>118</ele><time>2026-03-01T11:57:00Z</time></trkpt>
			<trkpt lat="47.272590" lon="-0.915180"><ele>118</ele><time>2026-03-01T11:57:12Z</time></trkpt>
			<trkpt lat="47.273120" lon="-0.915630"><ele>120</ele><time>2026-03-01T11:57:24Z</time></trkpt>
			<trkpt lat="47.273590" lon="-0.915900"><ele>121</ele><time>2026-03-01T11:57:36Z</time></trkpt>
			<trkpt lat="47.273910" lon="-0.916090"><ele>121</ele><time>2026-03-01T11:57:48Z</time></trkpt>
			<trkpt lat="47.274100" lon="-0.916180"><ele>122</ele><time>2026-03-01T11:58:00Z</time></trkpt>
			<trkpt lat="47.274250" lon="-0.916190"><ele>122</ele><time>2026-03-01T11:58:12Z</time></trkpt>
			<trkpt lat="47.274420" lon="-0.916160"><ele>123</ele><time>2026-03-01T11:58:24Z</time></trkpt>
			<trkpt lat="47.274740" lon="-0.916040"><ele>124</ele><time>2026-03-01T11:58:36Z</time></trkpt>
			<trkpt lat="47.274940" lon="-0.915900"><ele>124</ele><time>2026-03-01T11:58:48Z</time></trkpt>
			<trkpt lat="47.275720" lon="-0.915250"><ele>124</ele><time>2026-03-01T11:59:00Z</time></trkpt>
			<trkpt lat="47.275970" lon="-0.915110"><ele>123</ele><time>2026-03-01T11:59:12Z</time></trkpt>
			<trkpt lat="47.276160" lon="-0.915060"><ele>123</ele><time>2026-03-01T11:59:24Z</time></trkpt>
			<trkpt lat="47.276370" lon="-0.914940"><ele>122</ele><time>2026-03-01T11:59:36Z</time></trkpt>
			<trkpt lat="47.276690" lon="-0.914720"><ele>122</ele><time>2026-03-01T11:59:48Z</time></trkpt>
			<trkpt lat="47.277400" lon="-0.914140"><ele>121</ele><time>2026-03-01T12:00:00Z</time></trkpt>
			<trkpt lat="47.277720" lon="-0.913950"><ele>121</ele><time>2026-03-01T12:00:12Z</time></trkpt>
			<trkpt lat="47.278030" lon="-0.913810"><ele>121</ele><time>2026-03-01T12:00:24Z</time></trkpt>
			<trkpt lat="47.278400" lon="-0.913750"><ele>121</ele><time>2026-03-01T12:00:36Z</time></trkpt>
			<trkpt lat="47.279100" lon="-0.913740"><ele>120</ele><time>2026-03-01T12:00:48Z</time></trkpt>
			<trkpt lat="47.279890" lon="-0.913900"><ele>120</ele><time>2026-03-01T12:01:00Z</time></trkpt>
			<trkpt lat="47.280730" lon="-0.914050"><ele>122</ele><time>2026-03-01T12:01:12Z</time></trkpt>
			<trkpt lat="47.282330" lon="-0.914420"><ele>123</ele><time>2026-03-01T12:01:24Z</time></trkpt>
			<trkpt lat="47.282430" lon="-0.914430"><ele>123</ele><time>2026-03-01T12:01:36Z</time></trkpt>
			<trkpt lat="47.282500" lon="-0.914430"><ele>123</ele><time>2026-03-01T12:01:48Z</time></trkpt>
			<trkpt lat="47.282680" lon="-0.914390"><ele>123</ele><time>2026-03-01T12:02:00Z</time></trkpt>
			<trkpt lat="47.283180" lon="-0.914200"><ele>124</ele><time>2026-03-01T12:02:12Z</time></trkpt>
			<trkpt lat="47.283420" lon="-0.914150"><ele>124</ele><time>2026-03-01T12:02:24Z</time></trkpt>
			<trkpt lat="47.284460" lon="-0.913990"><ele>127</ele><time>2026-03-01T12:02:36Z</time></trkpt>
			<trkpt lat="47.285100" lon="-0.913980"><ele>128</ele><time>2026-03-01T12:02:48Z</time></trkpt>
			<trkpt lat="47.285880" lon="-0.913970"><ele>128</ele><time>2026-03-01T12:03:00Z</time></trkpt>
			<trkpt lat="47.286290" lon="-0.913950"><ele>128</ele><time>2026-03-01T12:03:12Z</time></trkpt>
			<trkpt lat="47.287190" lon="-0.913760"><ele>128</ele><time>2026-03-01T12:03:24Z</time></trkpt>
			<trkpt lat="47.287980" lon="-0.913590"><ele>128</ele><time>2026-03-01T12:03:36Z</time></trkpt>
			<trkpt lat="47.288120" lon="-0.913580"><ele>128</ele><time>2026-03-01T12:03:48Z</time></trkpt>
			<trkpt lat="47.288360" lon="-0.913610"><ele>128</ele><time>2026-03-01T12:04:00Z</time></trkpt>
			<trkpt lat="47.288450" lon="-0.913660"><ele>128</ele><time>2026-03-01T12:04:12Z</time></trkpt>
			<trkpt lat="47.288560" lon="-0.913750"><ele>127</ele><time>2026-03-01T12:04:24Z</time></trkpt>
			<trkpt lat="47.289250" lon="-0.914390"><ele>125</ele><time>2026-03-01T12:04:36Z</time></trkpt>
			<trkpt lat="47.289280" lon="-0.914420"><ele>124</ele><time>2026-03-01T12:04:48Z</time></trkpt>
			<trkpt lat="47.289360" lon="-0.914490"><ele>124</ele><time>2026-03-01T12:05:00Z</time></trkpt>
			<trkpt lat="47.290110" lon="-0.915070"><ele>119</ele><time>2026-03-01T12:05:12Z</time></trkpt>
			<trkpt lat="47.290350" lon="-0.915210"><ele>120</ele><time>2026-03-01T12:05:24Z</time></trkpt>
			<trkpt lat="47.290440" lon="-0.915230"><ele>120</ele><time>2026-03-01T12:05:36Z</time></trkpt>
			<trkpt lat="47.290520" lon="-0.915240"><ele>120</ele><time>2026-03-01T12:05:48Z</time></trkpt>
			<trkpt lat="47.290620" lon="-0.915220"><ele>120</ele><time>2026-03-01T12:06:00Z</time></trkpt>
			<trkpt lat="47.291020" lon="-0.915130"><ele>122</ele><time>2026-03-01T12:06:12Z</time></trkpt>
			<trkpt lat="47.291210" lon="-0.915200"><ele>123</ele><time>2026-03-01T12:06:24Z</time></trkpt>
			<trkpt lat="47.291290" lon="-0.915220"><ele>123</ele><time>2026-03-01T12:06:36Z</time></trkpt>
			<trkpt lat="47.291340" lon="-0.915230"><ele>123</ele><time>2026-03-01T12:06:48Z</time></trkpt>
			<trkpt lat="47.291470" lon="-0.915240"><ele>124</ele><time>2026-03-01T12:07:00Z</time></trkpt>
			<trkpt lat="47.291510" lon="-0.915240"><ele>124</ele><time>2026-03-01T12:07:12Z</time></trkpt>
			<trkpt lat="47.291770" lon="-0.915250"><ele>124</ele><time>2026-03-01T12:07:24Z</time></trkpt>
			<trkpt lat="47.291940" lon="-0.914580"><ele>125</ele><time>2026-03-01T12:07:36Z</time></trkpt>
			<trkpt lat="47.291960" lon="-0.914590"><ele>125</ele><time>2026-03-01T12:07:48Z</time></trkpt>
			<trkpt lat="47.292220" lon="-0.914630"><ele>124</ele><time>2026-03-01T12:08:00Z</time></trkpt>
			<trkpt lat="47.292370" lon="-0.914640"><ele>124</ele><time>2026-03-01T12:08:12Z</time></trkpt>
			<trkpt lat="47.292730" lon="-0.914720"><ele>122</ele><time>2026-03-01T12:08:24Z</time></trkpt>
			<trkpt lat="47.293230" lon="-0.914800"><ele>119</ele><time>2026-03-01T12:08:36Z</time></trkpt>
			<trkpt lat="47.294280" lon="-0.914940"><ele>116</ele><time>2026-03-01T12:08:48Z</time></trkpt>
			<trkpt lat="47.294390" lon="-0.914990"><ele>117</ele><time>2026-03-01T12:09:00Z</time></trkpt>
			<trkpt lat="47.294490" lon="-0.915050"><ele>117</ele><time>2026-03-01T12:09:12Z</time></trkpt>
			<trkpt lat="47.294570" lon="-0.915140"><ele>117</ele><time>2026-03-01T12:09:24Z</time></trkpt>
			<trkpt lat="47.294650" lon="-0.915270"><ele>116</ele><time>2026-03-01T12:09:36Z</time></trkpt>
			<trkpt lat="47.294930" lon="-0.915870"><ele>115</ele><time>2026-03-01T12:09:48Z</time></trkpt>
			<trkpt lat="47.295090" lon="-0.916110"><ele>115</ele><time>2026-03-01T12:10:00Z</time></trkpt>
			<trkpt lat="47.295310" lon="-0.916350"><ele>115</ele><time>2026-03-01T12:10:12Z</time></trkpt>
			<trkpt lat="47.295460" lon="-0.916490"><ele>115</ele><time>2026-03-01T12:10:24Z</time></trkpt>
			<trkpt lat="47.295630" lon="-0.916630"><ele>116</ele><time>2026-03-01T12:10:36Z</time></trkpt>
			<trkpt lat="47.295850" lon="-0.916750"><ele>116</ele><time>2026-03-01T12:10:48Z</time></trkpt>
			<trkpt lat="47.296110" lon="-0.916790"><ele>117</ele><time>2026-03-01T12:11:00Z</time></trkpt>
			<trkpt lat="47.296750" lon="-0.916820"><ele>120</ele><time>2026-03-01T12:11:12Z</time></trkpt>
			<trkpt lat="47.298150" lon="-0.916860"><ele>133</ele><time>2026-03-01T12:11:24Z</time></trkpt>
			<trkpt lat="47.298370" lon="-0.916830"><ele>135</ele><time>2026-03-01T12:11:36Z</time></trkpt>
			<trkpt lat="47.298950" lon="-0.916590"><ele>134</ele><time>2026-03-01T12:11:48Z</time></trkpt>
			<trkpt lat="47.299070" lon="-0.916540"><ele>134</ele><time>2026-03-01T12:12:00Z</time></trkpt>
			<trkpt lat="47.299320" lon="-0.916480"><ele>133</ele><time>2026-03-01T12:12:12Z</time></trkpt>
			<trkpt lat="47.299510" lon="-0.916490"><ele>132</ele><time>2026-03-01T12:12:24Z</time></trkpt>
			<trkpt lat="47.300750" lon="-0.916690"><ele>124</ele><time>2026-03-01T12:12:36Z</time></trkpt>
			<trkpt lat="47.301020" lon="-0.916730"><ele>124</ele><time>2026-03-01T12:12:48Z</time></trkpt>
			<trkpt lat="47.301180" lon="-0.916730"><ele>124</ele><time>2026-03-01T12:13:00Z</time></trkpt>
			<trkpt lat="47.301300" lon="-0.916700"><ele>123</ele><time>2026-03-01T12:13:12Z</time></trkpt>
			<trkpt lat="47.301490" lon="-0.916620"><ele>123</ele><time>2026-03-01T12:13:24Z</time></trkpt>
			<trkpt lat="47.301930" lon="-0.916420"><ele>124</ele><time>2026-03-01T12:13:36Z</time></trkpt>
			<trkpt lat="47.302770" lon="-0.915990"><ele>127</ele><time>2026-03-01T12:13:48Z</time></trkpt>
			<trkpt lat="47.303130" lon="-0.915830"><ele>128</ele><time>2026-03-01T12:14:00Z</time></trkpt>
			<trkpt lat="47.303450" lon="-0.915730"><ele>129</ele><time>2026-03-01T12:14:12Z</time></trkpt>
			<trkpt lat="47.305510" lon="-0.915330"><ele>142</ele><time>2026-03-01T12:14:24Z</time></trkpt>
			<trkpt lat="47.305720" lon="-0.915300"><ele>143</ele><time>2026-03-01T12:14:36Z</time></trkpt>
			<trkpt lat="47.306000" lon="-0.915300"><ele>144</ele><time>2026-03-01T12:14:48Z</time></trkpt>
			<trkpt lat="47.306870" lon="-0.915420"><ele>145</ele><time>2026-03-01T12:15:00Z</time></trkpt>
			<trkpt lat="47.307110" lon="-0.915430"><ele>144</ele><time>2026-03-01T12:15:12Z</time></trkpt>
			<trkpt lat="47.307350" lon="-0.915420"><ele>144</ele><time>2026-03-01T12:15:24Z</time></trkpt>
			<trkpt lat="47.307830" lon="-0.915310"><ele>141</ele><time>2026-03-01T12:15:36Z</time></trkpt>
			<trkpt lat="47.308000" lon="-0.915290"><ele>140</ele><time>2026-03-01T12:15:48Z</time></trkpt>
			<trkpt lat="47.308220" lon="-0.915320"><ele>139</ele><time>2026-03-01T12:16:00Z</time></trkpt>
			<trkpt lat="47.310020" lon="-0.915770"><ele>136</ele><time>2026-03-01T12:16:12Z</time></trkpt>
			<trkpt lat="47.311140" lon="-0.916040"><ele>140</ele><time>2026-03-01T12:16:24Z</time></trkpt>
			<trkpt lat="47.311380" lon="-0.916050"><ele>140</ele><time>2026-03-01T12:16:36Z</time></trkpt>
			<trkpt lat="47.311630" lon="-0.916040"><ele>140</ele><time>2026-03-01T12:16:48Z</time></trkpt>
			<trkpt lat="47.311860" lon="-0.915980"><ele>140</ele><time>2026-03-01T12:17:00Z</time></trkpt>
			<trkpt lat="47.312430" lon="-0.915760"><ele>141</ele><time>2026-03-01T12:17:12Z</time></trkpt>
			<trkpt lat="47.312660" lon="-0.915730"><ele>142</ele><time>2026-03-01T12:17:24Z</time></trkpt>
			<trkpt lat="47.312840" lon="-0.915760"><ele>142</ele><time>2026-03-01T12:17:36Z</time></trkpt>
			<trkpt lat="47.313290" lon="-0.915930"><ele>143</ele><time>2026-03-01T12:17:48Z</time></trkpt>
			<trkpt lat="47.313700" lon="-0.916120"><ele>144</ele><time>2026-03-01T12:18:00Z</time></trkpt>
			<trkpt lat="47.313920" lon="-0.916280"><ele>144</ele><time>2026-03-01T12:18:12Z</time></trkpt>
			<trkpt lat="47.314070" lon="-0.916440"><ele>144</ele><time>2026-03-01T12:18:24Z</time></trkpt>
			<trkpt lat="47.314250" lon="-0.916650"><ele>145</ele><time>2026-03-01T12:18:36Z</time></trkpt>
			<trkpt lat="47.314490" lon="-0.917040"><ele>146</ele><time>2026-03-01T12:18:48Z</time></trkpt>
			<trkpt lat="47.314780" lon="-0.917430"><ele>146</ele><time>2026-03-01T12:19:00Z</time></trkpt>
			<trkpt lat="47.315130" lon="-0.917790"><ele>147</ele><time>2026-03-01T12:19:12Z</time></trkpt>
			<trkpt lat="47.315400" lon="-0.918030"><ele>147</ele><time>2026-03-01T12:19:24Z</time></trkpt>
			<trkpt lat="47.315670" lon="-0.918360"><ele>148</ele><time>2026-03-01T12:19:36Z</time></trkpt>
			<trkpt lat="47.315810" lon="-0.918580"><ele>149</ele><time>2026-03-01T12:19:48Z</time></trkpt>
			<trkpt lat="47.316000" lon="-0.918960"><ele>150</ele><time>2026-03-01T12:20:00Z</time></trkpt>
			<trkpt lat="47.316190" lon="-0.919410"><ele>153</ele><time>2026-03-01T12:20:12Z</time></trkpt>
			<trkpt lat="47.316520" lon="-0.920420"><ele>157</ele><time>2026-03-01T12:20:24Z</time></trkpt>
			<trkpt lat="47.316650" lon="-0.920820"><ele>158</ele><time>2026-03-01T12:20:36Z</time></trkpt>
			<trkpt lat="47.316770" lon="-0.921250"><ele>157</ele><time>2026-03-01T12:20:48Z</time></trkpt>
			<trkpt lat="47.316880" lon="-0.921610"><ele>156</ele><time>2026-03-01T12:21:00Z</time></trkpt>
			<trkpt lat="47.317090" lon="-0.922100"><ele>155</ele><time>2026-03-01T12:21:12Z</time></trkpt>
			<trkpt lat="47.317670" lon="-0.923250"><ele>150</ele><time>2026-03-01T12:21:24Z</time></trkpt>
			<trkpt lat="47.318100" lon="-0.924050"><ele>146</ele><time>2026-03-01T12:21:36Z</time></trkpt>
			<trkpt lat="47.318300" lon="-0.924340"><ele>145</ele><time>2026-03-01T12:21:48Z</time></trkpt>
			<trkpt lat="47.318640" lon="-0.924700"><ele>145</ele><time>2026-03-01T12:22:00Z</time></trkpt>
			<trkpt lat="47.319780" lon="-0.925810"><ele>151</ele><time>2026-03-01T12:22:12Z</time></trkpt>
			<trkpt lat="47.319810" lon="-0.925850"><ele>151</ele><time>2026-03-01T12:22:24Z</time></trkpt>
			<trkpt lat="47.320130" lon="-0.926200"><ele>152</ele><time>2026-03-01T12:22:36Z</time></trkpt>
			<trkpt lat="47.320280" lon="-0.926330"><ele>151</ele><time>2026-03-01T12:22:48Z</time></trkpt>
			<trkpt lat="47.320600" lon="-0.926590"><ele>151</ele><time>2026-03-01T12:23:00Z</time></trkpt>
			<trkpt lat="47.320580" lon="-0.926830"><ele>150</ele><time>2026-03-01T12:23:12Z</time></trkpt>
			<trkpt lat="47.320550" lon="-0.927040"><ele>150</ele><time>2026-03-01T12:23:24Z</time></trkpt>
			<trkpt lat="47.320490" lon="-0.927340"><ele>150</ele><time>2026-03-01T12:23:36Z</time></trkpt>
			<trkpt lat="47.320490" lon="-0.927390"><ele>149</ele><time>2026-03-01T12:23:48Z</time></trkpt>
			<trkpt lat="47.320560" lon="-0.927470"><ele>149</ele><time>2026-03-01T12:24:00Z</time></trkpt>
			<trkpt lat="47.320810" lon="-0.927800"><ele>147</ele><time>2026-03-01T12:24:12Z</time></trkpt>
			<trkpt lat="47.320890" lon="-0.927960"><ele>146</ele><time>2026-03-01T12:24:24Z</time></trkpt>
			<trkpt lat="47.320910" lon="-0.928030"><ele>146</ele><time>2026-03-01T12:24:36Z</time></trkpt>
			<trkpt lat="47.320880" lon="-0.928040"><ele>146</ele><time>2026-03-01T12:24:48Z</time></trkpt>
			<trkpt lat="47.320850" lon="-0.928070"><ele>146</ele><time>2026-03-01T12:25:00Z</time></trkpt>
			<trkpt lat="47.320810" lon="-0.928120"><ele>146</ele><time>2026-03-01T12:25:12Z</time></trkpt>
			<trkpt lat="47.320740" lon="-0.928250"><ele>146</ele><time>2026-03-01T12:25:24Z</time></trkpt>
			<trkpt lat="47.320630" lon="-0.928430"><ele>146</ele><time>2026-03-01T12:25:36Z</time></trkpt>
			<trkpt lat="47.320560" lon="-0.928520"><ele>146</ele><time>2026-03-01T12:25:48Z</time></trkpt>
			<trkpt lat="47.320500" lon="-0.928590"><ele>146</ele><time>2026-03-01T12:26:00Z</time></trkpt>
			<trkpt lat="47.320450" lon="-0.928620"><ele>146</ele><time>2026-03-01T12:26:12Z</time></trkpt>
			<trkpt lat="47.320380" lon="-0.928650"><ele>146</ele><time>2026-03-01T12:26:24Z</time></trkpt>
			<trkpt lat="47.320210" lon="-0.928690"><ele>147</ele><time>2026-03-01T12:26:36Z</time></trkpt>
			<trkpt lat="47.320060" lon="-0.928750"><ele>148</ele><time>2026-03-01T12:26:48Z</time></trkpt>
			<trkpt lat="47.319800" lon="-0.928920"><ele>148</ele><time>2026-03-01T12:27:00Z</time></trkpt>
			<trkpt lat="47.319610" lon="-0.929110"><ele>148</ele><time>2026-03-01T12:27:12Z</time></trkpt>
			<trkpt lat="47.319510" lon="-0.929220"><ele>148</ele><time>2026-03-01T12:27:24Z</time></trkpt>
			<trkpt lat="47.319430" lon="-0.929350"><ele>148</ele><time>2026-03-01T12:27:36Z</time></trkpt>
			<trkpt lat="47.319350" lon="-0.929480"><ele>148</ele><time>2026-03-01T12:27:48Z</time></trkpt>
			<trkpt lat="47.319280" lon="-0.929640"><ele>148</ele><time>2026-03-01T12:28:00Z</time></trkpt>
			<trkpt lat="47.319200" lon="-0.929820"><ele>148</ele><time>2026-03-01T12:28:12Z</time></trkpt>
			<trkpt lat="47.319120" lon="-0.930040"><ele>148</ele><time>2026-03-01T12:28:24Z</time></trkpt>
			<trkpt lat="47.319060" lon="-0.930320"><ele>148</ele><time>2026-03-01T12:28:36Z</time></trkpt>
			<trkpt lat="47.318950" lon="-0.930710"><ele>147</ele><time>2026-03-01T12:28:48Z</time></trkpt>
			<trkpt lat="47.318900" lon="-0.930860"><ele>147</ele><time>2026-03-01T12:29:00Z</time></trkpt>
			<trkpt lat="47.318840" lon="-0.931000"><ele>147</ele><time>2026-03-01T12:29:12Z</time></trkpt>
			<trkpt lat="47.318140" lon="-0.932650"><ele>145</ele><time>2026-03-01T12:29:24Z</time></trkpt>
			<trkpt lat="47.318060" lon="-0.932770"><ele>145</ele><time>2026-03-01T12:29:36Z</time></trkpt>
			<trkpt lat="47.318120" lon="-0.932870"><ele>145</ele><time>2026-03-01T12:29:48Z</time></trkpt>
			<trkpt lat="47.318230" lon="-0.933100"><ele>144</ele><time>2026-03-01T12:30:00Z</time></trkpt>
			<trkpt lat="47.318260" lon="-0.933190"><ele>144</ele><time>2026-03-01T12:30:12Z</time></trkpt>
			<trkpt lat="47.318270" lon="-0.933270"><ele>143</ele><time>2026-03-01T12:30:24Z</time></trkpt>
			<trkpt lat="47.318270" lon="-0.933380"><ele>143</ele><time>2026-03-01T12:30:36Z</time></trkpt>
			<trkpt lat="47.318260" lon="-0.933500"><ele>143</ele><time>2026-03-01T12:30:48Z</time></trkpt>
			<trkpt lat="47.318220" lon="-0.933660"><ele>144</ele><time>2026-03-01T12:31:00Z</time></trkpt>
			<trkpt lat="47.317210" lon="-0.937460"><ele>142</ele><time>2026-03-01T12:31:12Z</time></trkpt>
			<trkpt lat="47.317020" lon="-0.938280"><ele>141</ele><time>2026-03-01T12:31:24Z</time></trkpt>
			<trkpt lat="47.316780" lon="-0.939390"><ele>140</ele><time>2026-03-01T12:31:36Z</time></trkpt>
			<trkpt lat="47.316670" lon="-0.939720"><ele>140</ele><time>2026-03-01T12:31:48Z</time></trkpt>
			<trkpt lat="47.316250" lon="-0.940930"><ele>138</ele><time>2026-03-01T12:32:00Z</time></trkpt>
			<trkpt lat="47.316200" lon="-0.941090"><ele>138</ele><time>2026-03-01T12:32:12Z</time></trkpt>
			<trkpt lat="47.316150" lon="-0.941340"><ele>138</ele><time>2026-03-01T12:32:24Z</time></trkpt>
			<trkpt lat="47.315990" lon="-0.942260"><ele>137</ele><time>2026-03-01T12:32:36Z</time></trkpt>
			<trkpt lat="47.315770" lon="-0.943430"><ele>138</ele><time>2026-03-01T12:32:48Z</time></trkpt>
			<trkpt lat="47.315670" lon="-0.943930"><ele>137</ele><time>2026-03-01T12:33:00Z</time></trkpt>
			<trkpt lat="47.315640" lon="-0.944150"><ele>137</ele><time>2026-03-01T12:33:12Z</time></trkpt>
			<trkpt lat="47.315630" lon="-0.944430"><ele>137</ele><time>2026-03-01T12:33:24Z</time></trkpt>
			<trkpt lat="47.315650" lon="-0.944690"><ele>137</ele><time>2026-03-01T12:33:36Z</time></trkpt>
			<trkpt lat="47.315690" lon="-0.944910"><ele>137</ele><time>2026-03-01T12:33:48Z</time></trkpt>
			<trkpt lat="47.315760" lon="-0.945160"><ele>138</ele><time>2026-03-01T12:34:00Z</time></trkpt>
			<trkpt lat="47.315800" lon="-0.945260"><ele>138</ele><time>2026-03-01T12:34:12Z</time></trkpt>
			<trkpt lat="47.315890" lon="-0.945470"><ele>138</ele><time>2026-03-01T12:34:24Z</time></trkpt>
			<trkpt lat="47.316110" lon="-0.945900"><ele>138</ele><time>2026-03-01T12:34:36Z</time></trkpt>
			<trkpt lat="47.316170" lon="-0.946040"><ele>138</ele><time>2026-03-01T12:34:48Z</time></trkpt>
			<trkpt lat="47.316220" lon="-0.946220"><ele>138</ele><time>2026-03-01T12:35:00Z</time></trkpt>
			<trkpt lat="47.316250" lon="-0.946350"><ele>138</ele><time>2026-03-01T12:35:12Z</time></trkpt>
			<trkpt lat="47.316260" lon="-0.946520"><ele>138</ele><time>2026-03-01T12:35:24Z</time></trkpt>
			<trkpt lat="47.316260" lon="-0.946650"><ele>137</ele><time>2026-03-01T12:35:36Z</time></trkpt>
			<trkpt lat="47.316250" lon="-0.946790"><ele>137</ele><time>2026-03-01T12:35:48Z</time></trkpt>
			<trkpt lat="47.316210" lon="-0.947010"><ele>137</ele><time>2026-03-01T12:36:00Z</time></trkpt>
			<trkpt lat="47.316130" lon="-0.947240"><ele>137</ele><time>2026-03-01T12:36:12Z</time></trkpt>
			<trkpt lat="47.315990" lon="-0.947520"><ele>137</ele><time>2026-03-01T12:36:24Z</time></trkpt>
			<trkpt lat="47.314990" lon="-0.949400"><ele>135</ele><time>2026-03-01T12:36:36Z</time></trkpt>
			<trkpt lat="47.314240" lon="-0.950640"><ele>135</ele><time>2026-03-01T12:36:48Z</time></trkpt>
			<trkpt lat="47.313740" lon="-0.951460"><ele>133</ele><time>2026-03-01T12:37:00Z</time></trkpt>
			<trkpt lat="47.313460" lon="-0.951920"><ele>133</ele><time>2026-03-01T12:37:12Z</time></trkpt>
			<trkpt lat="47.313060" lon="-0.952560"><ele>133</ele><time>2026-03-01T12:37:24Z</time></trkpt>
			<trkpt lat="47.312890" lon="-0.952890"><ele>132</ele><time>2026-03-01T12:37:36Z</time></trkpt>
			<trkpt lat="47.312830" lon="-0.953050"><ele>131</ele><time>2026-03-01T12:37:48Z</time></trkpt>
			<trkpt lat="47.312770" lon="-0.953270"><ele>131</ele><time>2026-03-01T12:38:00Z</time></trkpt>
			<trkpt lat="47.312720" lon="-0.953470"><ele>131</ele><time>2026-03-01T12:38:12Z</time></trkpt>
			<trkpt lat="47.312640" lon="-0.954120"><ele>130</ele><time>2026-03-01T12:38:24Z</time></trkpt>
			<trkpt lat="47.312600" lon="-0.954300"><ele>130</ele><time>2026-03-01T12:38:36Z</time></trkpt>
			<trkpt lat="47.312540" lon="-0.954490"><ele>130</ele><time>2026-03-01T12:38:48Z</time></trkpt>
			<trkpt lat="47.312280" lon="-0.955060"><ele>130</ele><time>2026-03-01T12:39:00Z</time></trkpt>
			<trkpt lat="47.312230" lon="-0.955220"><ele>130</ele><time>2026-03-01T12:39:12Z</time></trkpt>
			<trkpt lat="47.312170" lon="-0.955420"><ele>130</ele><time>2026-03-01T12:39:24Z</time></trkpt>
			<trkpt lat="47.312100" lon="-0.955810"><ele>130</ele><time>2026-03-01T12:39:36Z</time></trkpt>
			<trkpt lat="47.311690" lon="-0.958140"><ele>123</ele><time>2026-03-01T12:39:48Z</time></trkpt>
			<trkpt lat="47.311680" lon="-0.958330"><ele>123</ele><time>2026-03-01T12:40:00Z</time></trkpt>
			<trkpt lat="47.311690" lon="-0.958490"><ele>123</ele><time>2026-03-01T12:40:12Z</time></trkpt>
			<trkpt lat="47.311700" lon="-0.958630"><ele>123</ele><time>2026-03-01T12:40:24Z</time></trkpt>
			<trkpt lat="47.311760" lon="-0.959200"><ele>122</ele><time>2026-03-01T12:40:36Z</time></trkpt>
			<trkpt lat="47.311770" lon="-0.959460"><ele>122</ele><time>2026-03-01T12:40:48Z</time></trkpt>
			<trkpt lat="47.311760" lon="-0.959620"><ele>122</ele><time>2026-03-01T12:41:00Z</time></trkpt>
			<trkpt lat="47.311740" lon="-0.959800"><ele>122</ele><time>2026-03-01T12:41:12Z</time></trkpt>
			<trkpt lat="47.311600" lon="-0.960620"><ele>121</ele><time>2026-03-01T12:41:24Z</time></trkpt>
			<trkpt lat="47.311570" lon="-0.961030"><ele>121</ele><time>2026-03-01T12:41:36Z</time></trkpt>
			<trkpt lat="47.311610" lon="-0.961400"><ele>120</ele><time>2026-03-01T12:41:48Z</time></trkpt>
			<trkpt lat="47.311670" lon="-0.961790"><ele>120</ele><time>2026-03-01T12:42:00Z</time></trkpt>
			<trkpt lat="47.311700" lon="-0.962120"><ele>119</ele><time>2026-03-01T12:42:12Z</time></trkpt>
			<trkpt lat="47.311710" lon="-0.962540"><ele>118</ele><time>2026-03-01T12:42:24Z</time></trkpt>
			<trkpt lat="47.311380" lon="-0.966090"><ele>108</ele><time>2026-03-01T12:42:36Z</time></trkpt>
			<trkpt lat="47.311380" lon="-0.966360"><ele>108</ele><time>2026-03-01T12:42:48Z</time></trkpt>
			<trkpt lat="47.311420" lon="-0.966630"><ele>108</ele><time>2026-03-01T12:43:00Z</time></trkpt>
			<trkpt lat="47.312270" lon="-0.970650"><ele>104</ele><time>2026-03-01T12:43:12Z</time></trkpt>
			<trkpt lat="47.312320" lon="-0.970910"><ele>104</ele><time>2026-03-01T12:43:24Z</time></trkpt>
			<trkpt lat="47.312360" lon="-0.971180"><ele>103</ele><time>2026-03-01T12:43:36Z</time></trkpt>
			<trkpt lat="47.312370" lon="-0.971450"><ele>102</ele><time>2026-03-01T12:43:48Z</time></trkpt>
			<trkpt lat="47.312440" lon="-0.972900"><ele>101</ele><time>2026-03-01T12:44:00Z</time></trkpt>
			<trkpt lat="47.312450" lon="-0.973240"><ele>102</ele><time>2026-03-01T12:44:12Z</time></trkpt>
			<trkpt lat="47.312430" lon="-0.973540"><ele>102</ele><time>2026-03-01T12:44:24Z</time></trkpt>
			<trkpt lat="47.312410" lon="-0.973750"><ele>101</ele><time>2026-03-01T12:44:36Z</time></trkpt>
			<trkpt lat="47.311810" lon="-0.977340"><ele>100</ele><time>2026-03-01T12:44:48Z</time></trkpt>
			<trkpt lat="47.311820" lon="-0.977590"><ele>100</ele><time>2026-03-01T12:45:00Z</time></trkpt>
			<trkpt lat="47.311830" lon="-0.977650"><ele>100</ele><time>2026-03-01T12:45:12Z</time></trkpt>
			<trkpt lat="47.311720" lon="-0.977790"><ele>101</ele><time>2026-03-01T12:45:24Z</time></trkpt>
			<trkpt lat="47.311620" lon="-0.977990"><ele>101</ele><time>2026-03-01T12:45:36Z</time></trkpt>
			<trkpt lat="47.310840" lon="-0.979770"><ele>101</ele><time>2026-03-01T12:45:48Z</time></trkpt>
			<trkpt lat="47.309440" lon="-0.983440"><ele>103</ele><time>2026-03-01T12:46:00Z</time></trkpt>
			<trkpt lat="47.309180" lon="-0.984080"><ele>103</ele><time>2026-03-01T12:46:12Z</time></trkpt>
			<trkpt lat="47.308970" lon="-0.984500"><ele>103</ele><time>2026-03-01T12:46:24Z</time></trkpt>
			<trkpt lat="47.308790" lon="-0.984830"><ele>104</ele><time>2026-03-01T12:46:36Z</time></trkpt>
			<trkpt lat="47.308510" lon="-0.985380"><ele>105</ele><time>2026-03-01T12:46:48Z</time></trkpt>
			<trkpt lat="47.308400" lon="-0.985640"><ele>106</ele><time>2026-03-01T12:47:00Z</time></trkpt>
			<trkpt lat="47.308300" lon="-0.985910"><ele>107</ele><time>2026-03-01T12:47:12Z</time></trkpt>
			<trkpt lat="47.308210" lon="-0.986270"><ele>107</ele><time>2026-03-01T12:47:24Z</time></trkpt>
			<trkpt lat="47.308050" lon="-0.987270"><ele>105</ele><time>2026-03-01T12:47:36Z</time></trkpt>
			<trkpt lat="47.307910" lon="-0.988420"><ele>102</ele><time>2026-03-01T12:47:48Z</time></trkpt>
			<trkpt lat="47.307760" lon="-0.989850"><ele>97</ele><time>2026-03-01T12:48:00Z</time></trkpt>
			<trkpt lat="47.307670" lon="-0.990790"><ele>94</ele><time>2026-03-01T12:48:12Z</time></trkpt>
			<trkpt lat="47.307380" lon="-0.993080"><ele>94</ele><time>2026-03-01T12:48:24Z</time></trkpt>
			<trkpt lat="47.307250" lon="-0.993810"><ele>94</ele><time>2026-03-01T12:48:36Z</time></trkpt>
			<trkpt lat="47.307230" lon="-0.994060"><ele>94</ele><time>2026-03-01T12:48:48Z</time></trkpt>
			<trkpt lat="47.307230" lon="-0.994310"><ele>94</ele><time>2026-03-01T12:49:00Z</time></trkpt>
			<trkpt lat="47.307400" lon="-0.995660"><ele>95</ele><time>2026-03-01T12:49:12Z</time></trkpt>
			<trkpt lat="47.307450" lon="-0.996130"><ele>95</ele><time>2026-03-01T12:49:24Z</time></trkpt>
			<trkpt lat="47.307460" lon="-0.996390"><ele>95</ele><time>2026-03-01T12:49:36Z</time></trkpt>
			<trkpt lat="47.307450" lon="-0.996590"><ele>95</ele><time>2026-03-01T12:49:48Z</time></trkpt>
			<trkpt lat="47.307270" lon="-0.998120"><ele>96</ele><time>2026-03-01T12:50:00Z</time></trkpt>
			<trkpt lat="47.307230" lon="-0.998280"><ele>96</ele><time>2026-03-01T12:50:12Z</time></trkpt>
			<trkpt lat="47.307040" lon="-0.998900"><ele>97</ele><time>2026-03-01T12:50:24Z</time></trkpt>
			<trkpt lat="47.306970" lon="-0.999140"><ele>97</ele><time>2026-03-01T12:50:36Z</time></trkpt>
			<trkpt lat="47.306890" lon="-0.999400"><ele>97</ele><time>2026-03-01T12:50:48Z</time></trkpt>
			<trkpt lat="47.306810" lon="-0.999640"><ele>98</ele><time>2026-03-01T12:51:00Z</time></trkpt>
			<trkpt lat="47.306760" lon="-0.999780"><ele>98</ele><time>2026-03-01T12:51:12Z</time></trkpt>
			<trkpt lat="47.306670" lon="-0.999910"><ele>98</ele><time>2026-03-01T12:51:24Z</time></trkpt>
			<trkpt lat="47.306450" lon="-1.000160"><ele>98</ele><time>2026-03-01T12:51:36Z</time></trkpt>
			<trkpt lat="47.306320" lon="-1.000310"><ele>98</ele><time>2026-03-01T12:51:48Z</time></trkpt>
			<trkpt lat="47.306120" lon="-1.000560"><ele>98</ele><time>2026-03-01T12:52:00Z</time></trkpt>
			<trkpt lat="47.306080" lon="-1.000630"><ele>98</ele><time>2026-03-01T12:52:12Z</time></trkpt>
			<trkpt lat="47.306020" lon="-1.000690"><ele>98</ele><time>2026-03-01T12:52:24Z</time></trkpt>
			<trkpt lat="47.305930" lon="-1.000850"><ele>97</ele><time>2026-03-01T12:52:36Z</time></trkpt>
			<trkpt lat="47.305900" lon="-1.001040"><ele>98</ele><time>2026-03-01T12:52:48Z</time></trkpt>
			<trkpt lat="47.305890" lon="-1.001170"><ele>98</ele><time>2026-03-01T12:53:00Z</time></trkpt>
			<trkpt lat="47.305850" lon="-1.001500"><ele>99</ele><time>2026-03-01T12:53:12Z</time></trkpt>
			<trkpt lat="47.305820" lon="-1.001730"><ele>99</ele><time>2026-03-01T12:53:24Z</time></trkpt>
			<trkpt lat="47.305780" lon="-1.001910"><ele>98</ele><time>2026-03-01T12:53:36Z</time></trkpt>
			<trkpt lat="47.305690" lon="-1.002230"><ele>98</ele><time>2026-03-01T12:53:48Z</time></trkpt>
			<trkpt lat="47.305480" lon="-1.002790"><ele>97</ele><time>2026-03-01T12:54:00Z</time></trkpt>
			<trkpt lat="47.305380" lon="-1.003030"><ele>97</ele><time>2026-03-01T12:54:12Z</time></trkpt>
			<trkpt lat="47.305040" lon="-1.003830"><ele>99</ele><time>2026-03-01T12:54:24Z</time></trkpt>
			<trkpt lat="47.304950" lon="-1.004070"><ele>99</ele><time>2026-03-01T12:54:36Z</time></trkpt>
			<trkpt lat="47.304900" lon="-1.004190"><ele>99</ele><time>2026-03-01T12:54:48Z</time></trkpt>
			<trkpt lat="47.304630" lon="-1.004950"><ele>98</ele><time>2026-03-01T12:55:00Z</time></trkpt>
			<trkpt lat="47.304580" lon="-1.005130"><ele>97</ele><time>2026-03-01T12:55:12Z</time></trkpt>
			<trkpt lat="47.304530" lon="-1.005400"><ele>97</ele><time>2026-03-01T12:55:24Z</time></trkpt>
			<trkpt lat="47.304500" lon="-1.005810"><ele>97</ele><time>2026-03-01T12:55:36Z</time></trkpt>
			<trkpt lat="47.304490" lon="-1.006480"><ele>96</ele><time>2026-03-01T12:55:48Z</time></trkpt>
			<trkpt lat="47.304480" lon="-1.006660"><ele>96</ele><time>2026-03-01T12:56:00Z</time></trkpt>
			<trkpt lat="47.304470" lon="-1.006860"><ele>95</ele><time>2026-03-01T12:56:12Z</time></trkpt>
			<trkpt lat="47.304470" lon="-1.007260"><ele>94</ele><time>2026-03-01T12:56:24Z</time></trkpt>
			<trkpt lat="47.304450" lon="-1.008040"><ele>94</ele><time>2026-03-01T12:56:36Z</time></trkpt>
			<trkpt lat="47.304420" lon="-1.009380"><ele>97</ele><time>2026-03-01T12:56:48Z</time></trkpt>
			<trkpt lat="47.304430" lon="-1.009700"><ele>97</ele><time>2026-03-01T12:57:00Z</time></trkpt>
			<trkpt lat="47.304470" lon="-1.010030"><ele>98</ele><time>2026-03-01T12:57:12Z</time></trkpt>
			<trkpt lat="47.304630" lon="-1.010920"><ele>99</ele><time>2026-03-01T12:57:24Z</time></trkpt>
			<trkpt lat="47.304660" lon="-1.011260"><ele>99</ele><time>2026-03-01T12:57:36Z</time></trkpt>
			<trkpt lat="47.304700" lon="-1.012060"><ele>98</ele><time>2026-03-01T12:57:48Z</time></trkpt>
			<trkpt lat="47.304740" lon="-1.012320"><ele>98</ele><time>2026-03-01T12:58:00Z</time></trkpt>
			<trkpt lat="47.304690" lon="-1.012330"><ele>98</ele><time>2026-03-01T12:58:12Z</time></trkpt>
			<trkpt lat="47.304660" lon="-1.013010"><ele>99</ele><time>2026-03-01T12:58:24Z</time></trkpt>
			<trkpt lat="47.304720" lon="-1.014090"><ele>99</ele><time>2026-03-01T12:58:36Z</time></trkpt>
			<trkpt lat="47.304760" lon="-1.015400"><ele>100</ele><time>2026-03-01T12:58:48Z</time></trkpt>
			<trkpt lat="47.304750" lon="-1.016100"><ele>100</ele><time>2026-03-01T12:59:00Z</time></trkpt>
			<trkpt lat="47.304560" lon="-1.017700"><ele>93</ele><time>2026-03-01T12:59:12Z</time></trkpt>
			<trkpt lat="47.304500" lon="-1.018100"><ele>90</ele><time>2026-03-01T12:59:24Z</time></trkpt>
			<trkpt lat="47.304450" lon="-1.018530"><ele>88</ele><time>2026-03-01T12:59:36Z</time></trkpt>
			<trkpt lat="47.304430" lon="-1.018810"><ele>87</ele><time>2026-03-01T12:59:48Z</time></trkpt>
			<trkpt lat="47.304430" lon="-1.019010"><ele>86</ele><time>2026-03-01T13:00:00Z</time></trkpt>
			<trkpt lat="47.304440" lon="-1.019230"><ele>86</ele><time>2026-03-01T13:00:12Z</time></trkpt>
			<trkpt lat="47.304480" lon="-1.019450"><ele>85</ele><time>2026-03-01T13:00:24Z</time></trkpt>
			<trkpt lat="47.304570" lon="-1.019930"><ele>84</ele><time>2026-03-01T13:00:36Z</time></trkpt>
			<trkpt lat="47.304740" lon="-1.020680"><ele>79</ele><time>2026-03-01T13:00:48Z</time></trkpt>
			<trkpt lat="47.304790" lon="-1.020970"><ele>78</ele><time>2026-03-01T13:01:00Z</time></trkpt>
			<trkpt lat="47.304850" lon="-1.021580"><ele>75</ele><time>2026-03-01T13:01:12Z</time></trkpt>
			<trkpt lat="47.304960" lon="-1.022630"><ele>74</ele><time>2026-03-01T13:01:24Z</time></trkpt>
			<trkpt lat="47.305010" lon="-1.022910"><ele>73</ele><time>2026-03-01T13:01:36Z</time></trkpt>
			<trkpt lat="47.305050" lon="-1.023050"><ele>73</ele><time>2026-03-01T13:01:48Z</time></trkpt>
			<trkpt lat="47.305120" lon="-1.023170"><ele>72</ele><time>2026-03-01T13:02:00Z</time></trkpt>
			<trkpt lat="47.305370" lon="-1.023510"><ele>68</ele><time>2026-03-01T13:02:12Z</time></trkpt>
			<trkpt lat="47.305460" lon="-1.023670"><ele>66</ele><time>2026-03-01T13:02:24Z</time></trkpt>
			<trkpt lat="47.305520" lon="-1.023840"><ele>65</ele><time>2026-03-01T13:02:36Z</time></trkpt>
			<trkpt lat="47.305550" lon="-1.023980"><ele>64</ele><time>2026-03-01T13:02:48Z</time></trkpt>
			<trkpt lat="47.305570" lon="-1.024140"><ele>64</ele><time>2026-03-01T13:03:00Z</time></trkpt>
			<trkpt lat="47.305590" lon="-1.024400"><ele>62</ele><time>2026-03-01T13:03:12Z</time></trkpt>
			<trkpt lat="47.305590" lon="-1.024600"><ele>62</ele><time>2026-03-01T13:03:24Z</time></trkpt>
			<trkpt lat="47.305580" lon="-1.024860"><ele>61</ele><time>2026-03-01T13:03:36Z</time></trkpt>
			<trkpt lat="47.305530" lon="-1.025050"><ele>61</ele><time>2026-03-01T13:03:48Z</time></trkpt>
			<trkpt lat="47.305470" lon="-1.025150"><ele>61</ele><time>2026-03-01T13:04:00Z</time></trkpt>
			<trkpt lat="47.305420" lon="-1.025220"><ele>61</ele><time>2026-03-01T13:04:12Z</time></trkpt>
			<trkpt lat="47.305180" lon="-1.025410"><ele>62</ele><time>2026-03-01T13:04:24Z</time></trkpt>
			<trkpt lat="47.305110" lon="-1.025490"><ele>62</ele><time>2026-03-01T13:04:36Z</time></trkpt>
			<trkpt lat="47.305010" lon="-1.025600"><ele>62</ele><time>2026-03-01T13:04:48Z</time></trkpt>
			<trkpt lat="47.305000" lon="-1.025640"><ele>62</ele><time>2026-03-01T13:05:00Z</time></trkpt>
			<trkpt lat="47.304970" lon="-1.025730"><ele>61</ele><time>2026-03-01T13:05:12Z</time></trkpt>
			<trkpt lat="47.304950" lon="-1.025910"><ele>60</ele><time>2026-03-01T13:05:24Z</time></trkpt>
			<trkpt lat="47.304940" lon="-1.026140"><ele>59</ele><time>2026-03-01T13:05:36Z</time></trkpt>
			<trkpt lat="47.304940" lon="-1.026770"><ele>57</ele><time>2026-03-01T13:05:48Z</time></trkpt>
			<trkpt lat="47.304960" lon="-1.027050"><ele>56</ele><time>2026-03-01T13:06:00Z</time></trkpt>
			<trkpt lat="47.304980" lon="-1.027170"><ele>55</ele><time>2026-03-01T13:06:12Z</time></trkpt>
			<trkpt lat="47.305020" lon="-1.027240"><ele>55</ele><time>2026-03-01T13:06:24Z</time></trkpt>
			<trkpt lat="47.305090" lon="-1.027280"><ele>54</ele><time>2026-03-01T13:06:36Z</time></trkpt>
			<trkpt lat="47.305160" lon="-1.027280"><ele>54</ele><time>2026-03-01T13:06:48Z</time></trkpt>
			<trkpt lat="47.305400" lon="-1.027210"><ele>52</ele><time>2026-03-01T13:07:00Z</time></trkpt>
			<trkpt lat="47.305510" lon="-1.027210"><ele>51</ele><time>2026-03-01T13:07:12Z</time></trkpt>
			<trkpt lat="47.305600" lon="-1.027250"><ele>50</ele><time>2026-03-01T13:07:24Z</time></trkpt>
			<trkpt lat="47.305680" lon="-1.027320"><ele>50</ele><time>2026-03-01T13:07:36Z</time></trkpt>
			<trkpt lat="47.305790" lon="-1.027450"><ele>48</ele><time>2026-03-01T13:07:48Z</time></trkpt>
			<trkpt lat="47.305930" lon="-1.027640"><ele>46</ele><time>2026-03-01T13:08:00Z</time></trkpt>
			<trkpt lat="47.306030" lon="-1.027870"><ele>45</ele><time>2026-03-01T13:08:12Z</time></trkpt>
			<trkpt lat="47.306100" lon="-1.028040"><ele>43</ele><time>2026-03-01T13:08:24Z</time></trkpt>
			<trkpt lat="47.306170" lon="-1.028240"><ele>42</ele><time>2026-03-01T13:08:36Z</time></trkpt>
			<trkpt lat="47.306240" lon="-1.028480"><ele>40</ele><time>2026-03-01T13:08:48Z</time></trkpt>
			<trkpt lat="47.306270" lon="-1.028670"><ele>39</ele><time>2026-03-01T13:09:00Z</time></trkpt>
			<trkpt lat="47.306270" lon="-1.028830"><ele>38</ele><time>2026-03-01T13:09:12Z</time></trkpt>
			<trkpt lat="47.306250" lon="-1.028980"><ele>37</ele><time>2026-03-01T13:09:24Z</time></trkpt>
			<trkpt lat="47.306200" lon="-1.029180"><ele>36</ele><time>2026-03-01T13:09:36Z</time></trkpt>
			<trkpt lat="47.306130" lon="-1.029330"><ele>35</ele><time>2026-03-01T13:09:48Z</time></trkpt>
			<trkpt lat="47.306040" lon="-1.029450"><ele>34</ele><time>2026-03-01T13:10:00Z</time></trkpt>
			<trkpt lat="47.305940" lon="-1.029530"><ele>34</ele><time>2026-03-01T13:10:12Z</time></trkpt>
			<trkpt lat="47.305800" lon="-1.029620"><ele>34</ele><time>2026-03-01T13:10:24Z</time></trkpt>
			<trkpt lat="47.305510" lon="-1.029690"><ele>34</ele><time>2026-03-01T13:10:36Z</time></trkpt>
			<trkpt lat="47.305170" lon="-1.029810"><ele>35</ele><time>2026-03-01T13:10:48Z</time></trkpt>
			<trkpt lat="47.305090" lon="-1.029890"><ele>35</ele><time>2026-03-01T13:11:00Z</time></trkpt>
			<trkpt lat="47.305030" lon="-1.030040"><ele>33</ele><time>2026-03-01T13:11:12Z</time></trkpt>
			<trkpt lat="47.304990" lon="-1.030250"><ele>31</ele><time>2026-03-01T13:11:24Z</time></trkpt>
			<trkpt lat="47.304950" lon="-1.030520"><ele>28</ele><time>2026-03-01T13:11:36Z</time></trkpt>
			<trkpt lat="47.304900" lon="-1.030680"><ele>26</ele><time>2026-03-01T13:11:48Z</time></trkpt>
			<trkpt lat="47.304780" lon="-1.030820"><ele>26</ele><time>2026-03-01T13:12:00Z</time></trkpt>
			<trkpt lat="47.304280" lon="-1.031160"><ele>26</ele><time>2026-03-01T13:12:12Z</time></trkpt>
			<trkpt lat="47.304040" lon="-1.031310"><ele>26</ele><time>2026-03-01T13:12:24Z</time></trkpt>
			<trkpt lat="47.303910" lon="-1.031380"><ele>26</ele><time>2026-03-01T13:12:36Z</time></trkpt>
			<trkpt lat="47.303700" lon="-1.031490"><ele>26</ele><time>2026-03-01T13:12:48Z</time></trkpt>
			<trkpt lat="47.303540" lon="-1.031540"><ele>26</ele><time>2026-03-01T13:13:00Z</time></trkpt>
			<trkpt lat="47.303470" lon="-1.031580"><ele>26</ele><time>2026-03-01T13:13:12Z</time></trkpt>
			<trkpt lat="47.303420" lon="-1.031700"><ele>24</ele><time>2026-03-01T13:13:24Z</time></trkpt>
			<trkpt lat="47.303380" lon="-1.031950"><ele>22</ele><time>2026-03-01T13:13:36Z</time></trkpt>
			<trkpt lat="47.303230" lon="-1.032520"><ele>18</ele><time>2026-03-01T13:13:48Z</time></trkpt>
			<trkpt lat="47.303170" lon="-1.032830"><ele>20</ele><time>2026-03-01T13:14:00Z</time></trkpt>
			<trkpt lat="47.303150" lon="-1.033010"><ele>22</ele><time>2026-03-01T13:14:12Z</time></trkpt>
			<trkpt lat="47.303170" lon="-1.033160"><ele>23</ele><time>2026-03-01T13:14:24Z</time></trkpt>
			<trkpt lat="47.303200" lon="-1.033230"><ele>24</ele><time>2026-03-01T13:14:36Z</time></trkpt>
			<trkpt lat="47.303250" lon="-1.033270"><ele>25</ele><time>2026-03-01T13:14:48Z</time></trkpt>
			<trkpt lat="47.303300" lon="-1.033280"><ele>25</ele><time>2026-03-01T13:15:00Z</time></trkpt>
			<trkpt lat="47.303360" lon="-1.033280"><ele>26</ele><time>2026-03-01T13:15:12Z</time></trkpt>
			<trkpt lat="47.303730" lon="-1.033070"><ele>27</ele><time>2026-03-01T13:15:24Z</time></trkpt>
			<trkpt lat="47.303920" lon="-1.033020"><ele>27</ele><time>2026-03-01T13:15:36Z</time></trkpt>
			<trkpt lat="47.304330" lon="-1.032980"><ele>29</ele><time>2026-03-01T13:15:48Z</time></trkpt>
			<trkpt lat="47.304520" lon="-1.032970"><ele>29</ele><time>2026-03-01T13:16:00Z</time></trkpt>
			<trkpt lat="47.304640" lon="-1.033000"><ele>30</ele><time>2026-03-01T13:16:12Z</time></trkpt>
			<trkpt lat="47.304770" lon="-1.033050"><ele>32</ele><time>2026-03-01T13:16:24Z</time></trkpt>
			<trkpt lat="47.304870" lon="-1.033060"><ele>32</ele><time>2026-03-01T13:16:36Z</time></trkpt>
			<trkpt lat="47.304980" lon="-1.033030"><ele>32</ele><time>2026-03-01T13:16:48Z</time></trkpt>
			<trkpt lat="47.305130" lon="-1.032970"><ele>32</ele><time>2026-03-01T13:17:00Z</time></trkpt>
			<trkpt lat="47.305230" lon="-1.032950"><ele>33</ele><time>2026-03-01T13:17:12Z</time></trkpt>
			<trkpt lat="47.305320" lon="-1.032970"><ele>34</ele><time>2026-03-01T13:17:24Z</time></trkpt>
			<trkpt lat="47.305490" lon="-1.033060"><ele>37</ele><time>2026-03-01T13:17:36Z</time></trkpt>
			<trkpt lat="47.305560" lon="-1.033080"><ele>38</ele><time>2026-03-01T13:17:48Z</time></trkpt>
			<trkpt lat="47.305650" lon="-1.033060"><ele>38</ele><time>2026-03-01T13:18:00Z</time></trkpt>
			<trkpt lat="47.305720" lon="-1.033000"><ele>37</ele><time>2026-03-01T13:18:12Z</time></trkpt>
			<trkpt lat="47.305890" lon="-1.032860"><ele>36</ele><time>2026-03-01T13:18:24Z</time></trkpt>
			<trkpt lat="47.306030" lon="-1.032790"><ele>36</ele><time>2026-03-01T13:18:36Z</time></trkpt>
			<trkpt lat="47.306160" lon="-1.032750"><ele>36</ele><time>2026-03-01T13:18:48Z</time></trkpt>
			<trkpt lat="47.306290" lon="-1.032730"><ele>36</ele><time>2026-03-01T13:19:00Z</time></trkpt>
			<trkpt lat="47.306480" lon="-1.032730"><ele>37</ele><time>2026-03-01T13:19:12Z</time></trkpt>
			<trkpt lat="47.306730" lon="-1.032760"><ele>37</ele><time>2026-03-01T13:19:24Z</time></trkpt>
			<trkpt lat="47.306830" lon="-1.032790"><ele>36</ele><time>2026-03-01T13:19:36Z</time></trkpt>
			<trkpt lat="47.306910" lon="-1.032850"><ele>36</ele><time>2026-03-01T13:19:48Z</time></trkpt>
			<trkpt lat="47.306980" lon="-1.032920"><ele>36</ele><time>2026-03-01T13:20:00Z</time></trkpt>
			<trkpt lat="47.307010" lon="-1.032970"><ele>36</ele><time>2026-03-01T13:20:12Z</time></trkpt>
			<trkpt lat="47.307040" lon="-1.033060"><ele>36</ele><time>2026-03-01T13:20:24Z</time></trkpt>
			<trkpt lat="47.307060" lon="-1.033160"><ele>37</ele><time>2026-03-01T13:20:36Z</time></trkpt>
			<trkpt lat="47.307060" lon="-1.033310"><ele>39</ele><time>2026-03-01T13:20:48Z</time></trkpt>
			<trkpt lat="47.307030" lon="-1.033710"><ele>42</ele><time>2026-03-01T13:21:00Z</time></trkpt>
			<trkpt lat="47.306970" lon="-1.033880"><ele>44</ele><time>2026-03-01T13:21:12Z</time></trkpt>
			<trkpt lat="47.306920" lon="-1.034070"><ele>47</ele><time>2026-03-01T13:21:24Z</time></trkpt>
			<trkpt lat="47.306940" lon="-1.034480"><ele>47</ele><time>2026-03-01T13:21:36Z</time></trkpt>
			<trkpt lat="47.306920" lon="-1.034660"><ele>48</ele><time>2026-03-01T13:21:48Z</time></trkpt>
			<trkpt lat="47.306860" lon="-1.034910"><ele>51</ele><time>2026-03-01T13:22:00Z</time></trkpt>
			<trkpt lat="47.306860" lon="-1.035050"><ele>51</ele><time>2026-03-01T13:22:12Z</time></trkpt>
			<trkpt lat="47.306870" lon="-1.035300"><ele>51</ele><time>2026-03-01T13:22:24Z</time></trkpt>
			<trkpt lat="47.306860" lon="-1.035470"><ele>52</ele><time>2026-03-01T13:22:36Z</time></trkpt>
			<trkpt lat="47.306820" lon="-1.035580"><ele>54</ele><time>2026-03-01T13:22:48Z</time></trkpt>
			<trkpt lat="47.306680" lon="-1.035890"><ele>59</ele><time>2026-03-01T13:23:00Z</time></trkpt>
			<trkpt lat="47.306650" lon="-1.036020"><ele>60</ele><time>2026-03-01T13:23:12Z</time></trkpt>
			<trkpt lat="47.306650" lon="-1.036150"><ele>61</ele><time>2026-03-01T13:23:24Z</time></trkpt>
			<trkpt lat="47.306670" lon="-1.036240"><ele>61</ele><time>2026-03-01T13:23:36Z</time></trkpt>
			<trkpt lat="47.306710" lon="-1.036300"><ele>61</ele><time>2026-03-01T13:23:48Z</time></trkpt>
			<trkpt lat="47.306770" lon="-1.036380"><ele>59</ele><time>2026-03-01T13:24:00Z</time></trkpt>
			<trkpt lat="47.306960" lon="-1.036430"><ele>54</ele><time>2026-03-01T13:24:12Z</time></trkpt>
			<trkpt lat="47.307040" lon="-1.036470"><ele>52</ele><time>2026-03-01T13:24:24Z</time></trkpt>
			<trkpt lat="47.307100" lon="-1.036540"><ele>51</ele><time>2026-03-01T13:24:36Z</time></trkpt>
			<trkpt lat="47.307140" lon="-1.036640"><ele>51</ele><time>2026-03-01T13:24:48Z</time></trkpt>
			<trkpt lat="47.307170" lon="-1.036870"><ele>52</ele><time>2026-03-01T13:25:00Z</time></trkpt>
			<trkpt lat="47.307200" lon="-1.037120"><ele>53</ele><time>2026-03-01T13:25:12Z</time></trkpt>
			<trkpt lat="47.307210" lon="-1.037390"><ele>55</ele><time>2026-03-01T13:25:24Z</time></trkpt>
			<trkpt lat="47.307200" lon="-1.037760"><ele>56</ele><time>2026-03-01T13:25:36Z</time></trkpt>
			<trkpt lat="47.307170" lon="-1.037970"><ele>57</ele><time>2026-03-01T13:25:48Z</time></trkpt>
			<trkpt lat="47.307090" lon="-1.038180"><ele>59</ele><time>2026-03-01T13:26:00Z</time></trkpt>
			<trkpt lat="47.306940" lon="-1.038380"><ele>62</ele><time>2026-03-01T13:26:12Z</time></trkpt>
			<trkpt lat="47.306760" lon="-1.038540"><ele>64</ele><time>2026-03-01T13:26:24Z</time></trkpt>
			<trkpt lat="47.306620" lon="-1.038620"><ele>66</ele><time>2026-03-01T13:26:36Z</time></trkpt>
			<trkpt lat="47.306530" lon="-1.038700"><ele>66</ele><time>2026-03-01T13:26:48Z</time></trkpt>
			<trkpt lat="47.306470" lon="-1.038820"><ele>67</ele><time>2026-03-01T13:27:00Z</time></trkpt>
			<trkpt lat="47.306450" lon="-1.038950"><ele>66</ele><time>2026-03-01T13:27:12Z</time></trkpt>
			<trkpt lat="47.306440" lon="-1.039110"><ele>66</ele><time>2026-03-01T13:27:24Z</time></trkpt>
			<trkpt lat="47.306450" lon="-1.039240"><ele>66</ele><time>2026-03-01T13:27:36Z</time></trkpt>
			<trkpt lat="47.306460" lon="-1.039320"><ele>66</ele><time>2026-03-01T13:27:48Z</time></trkpt>
			<trkpt lat="47.306490" lon="-1.039450"><ele>66</ele><time>2026-03-01T13:28:00Z</time></trkpt>
			<trkpt lat="47.306820" lon="-1.040190"><ele>62</ele><time>2026-03-01T13:28:12Z</time></trkpt>
			<trkpt lat="47.306910" lon="-1.040430"><ele>61</ele><time>2026-03-01T13:28:24Z</time></trkpt>
			<trkpt lat="47.306990" lon="-1.040680"><ele>61</ele><time>2026-03-01T13:28:36Z</time></trkpt>
			<trkpt lat="47.307050" lon="-1.040960"><ele>60</ele><time>2026-03-01T13:28:48Z</time></trkpt>
			<trkpt lat="47.307070" lon="-1.041130"><ele>59</ele><time>2026-03-01T13:29:00Z</time></trkpt>
			<trkpt lat="47.307070" lon="-1.041380"><ele>58</ele><time>2026-03-01T13:29:12Z</time></trkpt>
			<trkpt lat="47.307070" lon="-1.042010"><ele>55</ele><time>2026-03-01T13:29:24Z</time></trkpt>
			<trkpt lat="47.307090" lon="-1.042290"><ele>52</ele><time>2026-03-01T13:29:36Z</time></trkpt>
			<trkpt lat="47.307160" lon="-1.042540"><ele>51</ele><time>2026-03-01T13:29:48Z</time></trkpt>
			<trkpt lat="47.307220" lon="-1.042650"><ele>50</ele><time>2026-03-01T13:30:00Z</time></trkpt>
			<trkpt lat="47.307280" lon="-1.042750"><ele>49</ele><time>2026-03-01T13:30:12Z</time></trkpt>
			<trkpt lat="47.307360" lon="-1.042830"><ele>48</ele><time>2026-03-01T13:30:24Z</time></trkpt>
			<trkpt lat="47.307480" lon="-1.042930"><ele>47</ele><time>2026-03-01T13:30:36Z</time></trkpt>
			<trkpt lat="47.308260" lon="-1.043440"><ele>43</ele><time>2026-03-01T13:30:48Z</time></trkpt>
			<trkpt lat="47.308560" lon="-1.043640"><ele>42</ele><time>2026-03-01T13:31:00Z</time></trkpt>
			<trkpt lat="47.308730" lon="-1.043760"><ele>40</ele><time>2026-03-01T13:31:12Z</time></trkpt>
			<trkpt lat="47.308790" lon="-1.043830"><ele>40</ele><time>2026-03-01T13:31:24Z</time></trkpt>
			<trkpt lat="47.308880" lon="-1.043970"><ele>38</ele><time>2026-03-01T13:31:36Z</time></trkpt>
			<trkpt lat="47.308910" lon="-1.044090"><ele>37</ele><time>2026-03-01T13:31:48Z</time></trkpt>
			<trkpt lat="47.308920" lon="-1.044160"><ele>37</ele><time>2026-03-01T13:32:00Z</time></trkpt>
			<trkpt lat="47.308920" lon="-1.044220"><ele>36</ele><time>2026-03-01T13:32:12Z</time></trkpt>
			<trkpt lat="47.308930" lon="-1.044370"><ele>35</ele><time>2026-03-01T13:32:24Z</time></trkpt>
			<trkpt lat="47.308910" lon="-1.044490"><ele>35</ele><time>2026-03-01T13:32:36Z</time></trkpt>
			<trkpt lat="47.308820" lon="-1.044860"><ele>33</ele><time>2026-03-01T13:32:48Z</time></trkpt>
			<trkpt lat="47.308790" lon="-1.045080"><ele>32</ele><time>2026-03-01T13:33:00Z</time></trkpt>
			<trkpt lat="47.308790" lon="-1.045240"><ele>33</ele><time>2026-03-01T13:33:12Z</time></trkpt>
			<trkpt lat="47.308800" lon="-1.045380"><ele>33</ele><time>2026-03-01T13:33:24Z</time></trkpt>
			<trkpt lat="47.308840" lon="-1.045580"><ele>33</ele><time>2026-03-01T13:33:36Z</time></trkpt>
			<trkpt lat="47.309090" lon="-1.046590"><ele>35</ele><time>2026-03-01T13:33:48Z</time></trkpt>
			<trkpt lat="47.309200" lon="-1.047120"><ele>34</ele><time>2026-03-01T13:34:00Z</time></trkpt>
			<trkpt lat="47.309400" lon="-1.048260"><ele>31</ele><time>2026-03-01T13:34:12Z</time></trkpt>
			<trkpt lat="47.309500" lon="-1.048780"><ele>30</ele><time>2026-03-01T13:34:24Z</time></trkpt>
			<trkpt lat="47.309560" lon="-1.049090"><ele>29</ele><time>2026-03-01T13:34:36Z</time></trkpt>
			<trkpt lat="47.309590" lon="-1.049300"><ele>28</ele><time>2026-03-01T13:34:48Z</time></trkpt>
			<trkpt lat="47.309580" lon="-1.049460"><ele>27</ele><time>2026-03-01T13:35:00Z</time></trkpt>
			<trkpt lat="47.309540" lon="-1.049650"><ele>26</ele><time>2026-03-01T13:35:12Z</time></trkpt>
			<trkpt lat="47.309470" lon="-1.049820"><ele>25</ele><time>2026-03-01T13:35:24Z</time></trkpt>
			<trkpt lat="47.309360" lon="-1.049980"><ele>25</ele><time>2026-03-01T13:35:36Z</time></trkpt>
			<trkpt lat="47.308980" lon="-1.050480"><ele>25</ele><time>2026-03-01T13:35:48Z</time></trkpt>
			<trkpt lat="47.308880" lon="-1.050650"><ele>25</ele><time>2026-03-01T13:36:00Z</time></trkpt>
			<trkpt lat="47.308850" lon="-1.050760"><ele>25</ele><time>2026-03-01T13:36:12Z</time></trkpt>
			<trkpt lat="47.309020" lon="-1.050820"><ele>23</ele><time>2026-03-01T13:36:24Z</time></trkpt>
			<trkpt lat="47.309170" lon="-1.050840"><ele>21</ele><time>2026-03-01T13:36:36Z</time></trkpt>
			<trkpt lat="47.309310" lon="-1.050890"><ele>20</ele><time>2026-03-01T13:36:48Z</time></trkpt>
			<trkpt lat="47.309440" lon="-1.050970"><ele>19</ele><time>2026-03-01T13:37:00Z</time></trkpt>
			<trkpt lat="47.309640" lon="-1.051150"><ele>18</ele><time>2026-03-01T13:37:12Z</time></trkpt>
			<trkpt lat="47.309760" lon="-1.051310"><ele>17</ele><time>2026-03-01T13:37:24Z</time></trkpt>
			<trkpt lat="47.309960" lon="-1.051690"><ele>16</ele><time>2026-03-01T13:37:36Z</time></trkpt>
			<trkpt lat="47.310260" lon="-1.052290"><ele>16</ele><time>2026-03-01T13:37:48Z</time></trkpt>
			<trkpt lat="47.310700" lon="-1.053170"><ele>25</ele><time>2026-03-01T13:38:00Z</time></trkpt>
			<trkpt lat="47.310870" lon="-1.053470"><ele>28</ele><time>2026-03-01T13:38:12Z</time></trkpt>
			<trkpt lat="47.311000" lon="-1.053650"><ele>30</ele><time>2026-03-01T13:38:24Z</time></trkpt>
			<trkpt lat="47.311190" lon="-1.053890"><ele>31</ele><time>2026-03-01T13:38:36Z</time></trkpt>
			<trkpt lat="47.311690" lon="-1.054450"><ele>33</ele><time>2026-03-01T13:38:48Z</time></trkpt>
			<trkpt lat="47.311900" lon="-1.054750"><ele>35</ele><time>2026-03-01T13:39:00Z</time></trkpt>
			<trkpt lat="47.312170" lon="-1.055380"><ele>38</ele><time>2026-03-01T13:39:12Z</time></trkpt>
			<trkpt lat="47.312250" lon="-1.055490"><ele>39</ele><time>2026-03-01T13:39:24Z</time></trkpt>
			<trkpt lat="47.312330" lon="-1.055560"><ele>39</ele><time>2026-03-01T13:39:36Z</time></trkpt>
			<trkpt lat="47.312420" lon="-1.055590"><ele>40</ele><time>2026-03-01T13:39:48Z</time></trkpt>
			<trkpt lat="47.312620" lon="-1.055570"><ele>41</ele><time>2026-03-01T13:40:00Z</time></trkpt>
			<trkpt lat="47.312740" lon="-1.055520"><ele>43</ele><time>2026-03-01T13:40:12Z</time></trkpt>
			<trkpt lat="47.312840" lon="-1.055440"><ele>44</ele><time>2026-03-01T13:40:24Z</time></trkpt>
			<trkpt lat="47.312930" lon="-1.055320"><ele>44</ele><time>2026-03-01T13:40:36Z</time></trkpt>
			<trkpt lat="47.312990" lon="-1.055190"><ele>45</ele><time>2026-03-01T13:40:48Z</time></trkpt>
			<trkpt lat="47.313030" lon="-1.055060"><ele>44</ele><time>2026-03-01T13:41:00Z</time></trkpt>
			<trkpt lat="47.313070" lon="-1.054890"><ele>44</ele><time>2026-03-01T13:41:12Z</time></trkpt>
			<trkpt lat="47.313130" lon="-1.054350"><ele>45</ele><time>2026-03-01T13:41:24Z</time></trkpt>
			<trkpt lat="47.313160" lon="-1.054190"><ele>45</ele><time>2026-03-01T13:41:36Z</time></trkpt>
			<trkpt lat="47.313250" lon="-1.053870"><ele>47</ele><time>2026-03-01T13:41:48Z</time></trkpt>
			<trkpt lat="47.313360" lon="-1.053540"><ele>49</ele><time>2026-03-01T13:42:00Z</time></trkpt>
			<trkpt lat="47.313510" lon="-1.053240"><ele>51</ele><time>2026-03-01T13:42:12Z</time></trkpt>
			<trkpt lat="47.313660" lon="-1.052960"><ele>52</ele><time>2026-03-01T13:42:24Z</time></trkpt>
			<trkpt lat="47.314040" lon="-1.052460"><ele>54</ele><time>2026-03-01T13:42:36Z</time></trkpt>
			<trkpt lat="47.314230" lon="-1.052280"><ele>55</ele><time>2026-03-01T13:42:48Z</time></trkpt>
			<trkpt lat="47.314420" lon="-1.052170"><ele>56</ele><time>2026-03-01T13:43:00Z</time></trkpt>
			<trkpt lat="47.314560" lon="-1.052120"><ele>57</ele><time>2026-03-01T13:43:12Z</time></trkpt>
			<trkpt lat="47.314710" lon="-1.052090"><ele>58</ele><time>2026-03-01T13:43:24Z</time></trkpt>
			<trkpt lat="47.314850" lon="-1.052030"><ele>59</ele><time>2026-03-01T13:43:36Z</time></trkpt>
			<trkpt lat="47.315060" lon="-1.051890"><ele>61</ele><time>2026-03-01T13:43:48Z</time></trkpt>
			<trkpt lat="47.315210" lon="-1.051810"><ele>61</ele><time>2026-03-01T13:44:00Z</time></trkpt>
			<trkpt lat="47.315270" lon="-1.051780"><ele>61</ele><time>2026-03-01T13:44:12Z</time></trkpt>
			<trkpt lat="47.315370" lon="-1.051760"><ele>61</ele><time>2026-03-01T13:44:24Z</time></trkpt>
			<trkpt lat="47.315480" lon="-1.051760"><ele>61</ele><time>2026-03-01T13:44:36Z</time></trkpt>
			<trkpt lat="47.315610" lon="-1.051770"><ele>61</ele><time>2026-03-01T13:44:48Z</time></trkpt>
			<trkpt lat="47.315650" lon="-1.051780"><ele>61</ele><time>2026-03-01T13:45:00Z</time></trkpt>
			<trkpt lat="47.315710" lon="-1.051810"><ele>61</ele><time>2026-03-01T13:45:12Z</time></trkpt>
			<trkpt lat="47.315820" lon="-1.051870"><ele>61</ele><time>2026-03-01T13:45:24Z</time></trkpt>
			<trkpt lat="47.316060" lon="-1.052080"><ele>62</ele><time>2026-03-01T13:45:36Z</time></trkpt>
			<trkpt lat="47.316160" lon="-1.052210"><ele>62</ele><time>2026-03-01T13:45:48Z</time></trkpt>
			<trkpt lat="47.316390" lon="-1.052560"><ele>63</ele><time>2026-03-01T13:46:00Z</time></trkpt>
			<trkpt lat="47.316500" lon="-1.052680"><ele>64</ele><time>2026-03-01T13:46:12Z</time></trkpt>
			<trkpt lat="47.316620" lon="-1.052770"><ele>64</ele><time>2026-03-01T13:46:24Z</time></trkpt>
			<trkpt lat="47.316710" lon="-1.052820"><ele>65</ele><time>2026-03-01T13:46:36Z</time></trkpt>
			<trkpt lat="47.316830" lon="-1.052840"><ele>66</ele><time>2026-03-01T13:46:48Z</time></trkpt>
			<trkpt lat="47.316970" lon="-1.052850"><ele>68</ele><time>2026-03-01T13:47:00Z</time></trkpt>
			<trkpt lat="47.317220" lon="-1.052780"><ele>70</ele><time>2026-03-01T13:47:12Z</time></trkpt>
			<trkpt lat="47.317920" lon="-1.052550"><ele>76</ele><time>2026-03-01T13:47:24Z</time></trkpt>
			<trkpt lat="47.318180" lon="-1.052510"><ele>77</ele><time>2026-03-01T13:47:36Z</time></trkpt>
			<trkpt lat="47.318330" lon="-1.052540"><ele>78</ele><time>2026-03-01T13:47:48Z</time></trkpt>
			<trkpt lat="47.318470" lon="-1.052600"><ele>79</ele><time>2026-03-01T13:48:00Z</time></trkpt>
			<trkpt lat="47.318650" lon="-1.052710"><ele>80</ele><time>2026-03-01T13:48:12Z</time></trkpt>
			<trkpt lat="47.318780" lon="-1.052850"><ele>80</ele><time>2026-03-01T13:48:24Z</time></trkpt>
			<trkpt lat="47.319890" lon="-1.053850"><ele>88</ele><time>2026-03-01T13:48:36Z</time></trkpt>
			<trkpt lat="47.320180" lon="-1.054110"><ele>89</ele><time>2026-03-01T13:48:48Z</time></trkpt>
			<trkpt lat="47.320560" lon="-1.054450"><ele>90</ele><time>2026-03-01T13:49:00Z</time></trkpt>
			<trkpt lat="47.320920" lon="-1.054700"><ele>90</ele><time>2026-03-01T13:49:12Z</time></trkpt>
			<trkpt lat="47.321180" lon="-1.054810"><ele>91</ele><time>2026-03-01T13:49:24Z</time></trkpt>
			<trkpt lat="47.321470" lon="-1.054900"><ele>92</ele><time>2026-03-01T13:49:36Z</time></trkpt>
			<trkpt lat="47.321540" lon="-1.054910"><ele>92</ele><time>2026-03-01T13:49:48Z</time></trkpt>
			<trkpt lat="47.321740" lon="-1.054970"><ele>92</ele><time>2026-03-01T13:50:00Z</time></trkpt>
			<trkpt lat="47.323130" lon="-1.055730"><ele>86</ele><time>2026-03-01T13:50:12Z</time></trkpt>
			<trkpt lat="47.323400" lon="-1.055860"><ele>85</ele><time>2026-03-01T13:50:24Z</time></trkpt>
			<trkpt lat="47.323790" lon="-1.056040"><ele>82</ele><time>2026-03-01T13:50:36Z</time></trkpt>
			<trkpt lat="47.323990" lon="-1.056120"><ele>81</ele><time>2026-03-01T13:50:48Z</time></trkpt>
			<trkpt lat="47.324170" lon="-1.056170"><ele>80</ele><time>2026-03-01T13:51:00Z</time></trkpt>
			<trkpt lat="47.324480" lon="-1.056210"><ele>79</ele><time>2026-03-01T13:51:12Z</time></trkpt>
			<trkpt lat="47.324910" lon="-1.056250"><ele>78</ele><time>2026-03-01T13:51:24Z</time></trkpt>
			<trkpt lat="47.325000" lon="-1.056260"><ele>78</ele><time>2026-03-01T13:51:36Z</time></trkpt>
			<trkpt lat="47.325520" lon="-1.056270"><ele>75</ele><time>2026-03-01T13:51:48Z</time></trkpt>
			<trkpt lat="47.325670" lon="-1.056240"><ele>75</ele><time>2026-03-01T13:52:00Z</time></trkpt>
			<trkpt lat="47.325860" lon="-1.056180"><ele>74</ele><time>2026-03-01T13:52:12Z</time></trkpt>
			<trkpt lat="47.326070" lon="-1.056050"><ele>73</ele><time>2026-03-01T13:52:24Z</time></trkpt>
			<trkpt lat="47.326190" lon="-1.055950"><ele>72</ele><time>2026-03-01T13:52:36Z</time></trkpt>
			<trkpt lat="47.326480" lon="-1.055520"><ele>71</ele><time>2026-03-01T13:52:48Z</time></trkpt>
			<trkpt lat="47.326660" lon="-1.055310"><ele>70</ele><time>2026-03-01T13:53:00Z</time></trkpt>
			<trkpt lat="47.326750" lon="-1.055230"><ele>70</ele><time>2026-03-01T13:53:12Z</time></trkpt>
			<trkpt lat="47.326860" lon="-1.055150"><ele>70</ele><time>2026-03-01T13:53:24Z</time></trkpt>
			<trkpt lat="47.327000" lon="-1.055110"><ele>70</ele><time>2026-03-01T13:53:36Z</time></trkpt>
			<trkpt lat="47.327200" lon="-1.055070"><ele>70</ele><time>2026-03-01T13:53:48Z</time></trkpt>
			<trkpt lat="47.327310" lon="-1.055070"><ele>70</ele><time>2026-03-01T13:54:00Z</time></trkpt>
			<trkpt lat="47.327810" lon="-1.055120"><ele>70</ele><time>2026-03-01T13:54:12Z</time></trkpt>
			<trkpt lat="47.327970" lon="-1.055180"><ele>71</ele><time>2026-03-01T13:54:24Z</time></trkpt>
			<trkpt lat="47.328120" lon="-1.055280"><ele>72</ele><time>2026-03-01T13:54:36Z</time></trkpt>
			<trkpt lat="47.328620" lon="-1.055710"><ele>77</ele><time>2026-03-01T13:54:48Z</time></trkpt>
			<trkpt lat="47.328700" lon="-1.055740"><ele>77</ele><time>2026-03-01T13:55:00Z</time></trkpt>
			<trkpt lat="47.328780" lon="-1.055760"><ele>78</ele><time>2026-03-01T13:55:12Z</time></trkpt>
			<trkpt lat="47.328850" lon="-1.055740"><ele>78</ele><time>2026-03-01T13:55:24Z</time></trkpt>
			<trkpt lat="47.328980" lon="-1.055670"><ele>78</ele><time>2026-03-01T13:55:36Z</time></trkpt>
			<trkpt lat="47.329600" lon="-1.055240"><ele>78</ele><time>2026-03-01T13:55:48Z</time></trkpt>
			<trkpt lat="47.329760" lon="-1.055150"><ele>79</ele><time>2026-03-01T13:56:00Z</time></trkpt>
			<trkpt lat="47.329960" lon="-1.055050"><ele>79</ele><time>2026-03-01T13:56:12Z</time></trkpt>
			<trkpt lat="47.330130" lon="-1.055000"><ele>79</ele><time>2026-03-01T13:56:24Z</time></trkpt>
			<trkpt lat="47.330370" lon="-1.054960"><ele>79</ele><time>2026-03-01T13:56:36Z</time></trkpt>
			<trkpt lat="47.330620" lon="-1.054940"><ele>79</ele><time>2026-03-01T13:56:48Z</time></trkpt>
			<trkpt lat="47.330920" lon="-1.054940"><ele>80</ele><time>2026-03-01T13:57:00Z</time></trkpt>
			<trkpt lat="47.331120" lon="-1.054960"><ele>82</ele><time>2026-03-01T13:57:12Z</time></trkpt>
			<trkpt lat="47.331750" lon="-1.055050"><ele>85</ele><time>2026-03-01T13:57:24Z</time></trkpt>
			<trkpt lat="47.331980" lon="-1.055120"><ele>86</ele><time>2026-03-01T13:57:36Z</time></trkpt>
			<trkpt lat="47.332090" lon="-1.055170"><ele>87</ele><time>2026-03-01T13:57:48Z</time></trkpt>
			<trkpt lat="47.332160" lon="-1.055200"><ele>87</ele><time>2026-03-01T13:58:00Z</time></trkpt>
			<trkpt lat="47.332750" lon="-1.055460"><ele>88</ele><time>2026-03-01T13:58:12Z</time></trkpt>
			<trkpt lat="47.332890" lon="-1.055520"><ele>88</ele><time>2026-03-01T13:58:24Z</time></trkpt>
			<trkpt lat="47.332930" lon="-1.055570"><ele>87</ele><time>2026-03-01T13:58:36Z</time></trkpt>
			<trkpt lat="47.333040" lon="-1.055640"><ele>87</ele><time>2026-03-01T13:58:48Z</time></trkpt>
			<trkpt lat="47.333230" lon="-1.055740"><ele>86</ele><time>2026-03-01T13:59:00Z</time></trkpt>
			<trkpt lat="47.333700" lon="-1.055950"><ele>83</ele><time>2026-03-01T13:59:12Z</time></trkpt>
			<trkpt lat="47.333790" lon="-1.055990"><ele>83</ele><time>2026-03-01T13:59:24Z</time></trkpt>
			<trkpt lat="47.333920" lon="-1.056090"><ele>82</ele><time>2026-03-01T13:59:36Z</time></trkpt>
			<trkpt lat="47.333970" lon="-1.056140"><ele>82</ele><time>2026-03-01T13:59:48Z</time></trkpt>
			<trkpt lat="47.334060" lon="-1.056210"><ele>82</ele><time>2026-03-01T14:00:00Z</time></trkpt>
			<trkpt lat="47.334430" lon="-1.056530"><ele>79</ele><time>2026-03-01T14:00:12Z</time></trkpt>
			<trkpt lat="47.334460" lon="-1.056570"><ele>79</ele><time>2026-03-01T14:00:24Z</time></trkpt>
			<trkpt lat="47.334610" lon="-1.056690"><ele>78</ele><time>2026-03-01T14:00:36Z</time></trkpt>
			<trkpt lat="47.334770" lon="-1.056790"><ele>77</ele><time>2026-03-01T14:00:48Z</time></trkpt>
			<trkpt lat="47.334880" lon="-1.056850"><ele>77</ele><time>2026-03-01T14:01:00Z</time></trkpt>
			<trkpt lat="47.335020" lon="-1.056920"><ele>76</ele><time>2026-03-01T14:01:12Z</time></trkpt>
			<trkpt lat="47.335120" lon="-1.056950"><ele>76</ele><time>2026-03-01T14:01:24Z</time></trkpt>
			<trkpt lat="47.335190" lon="-1.056950"><ele>76</ele><time>2026-03-01T14:01:36Z</time></trkpt>
			<trkpt lat="47.335240" lon="-1.056940"><ele>76</ele><time>2026-03-01T14:01:48Z</time></trkpt>
			<trkpt lat="47.335250" lon="-1.057000"><ele>76</ele><time>2026-03-01T14:02:00Z</time></trkpt>
			<trkpt lat="47.335350" lon="-1.057220"><ele>77</ele><time>2026-03-01T14:02:12Z</time></trkpt>
			<trkpt lat="47.335710" lon="-1.057870"><ele>78</ele><time>2026-03-01T14:02:24Z</time></trkpt>
			<trkpt lat="47.335900" lon="-1.058260"><ele>78</ele><time>2026-03-01T14:02:36Z</time></trkpt>
			<trkpt lat="47.335950" lon="-1.058380"><ele>78</ele><time>2026-03-01T14:02:48Z</time></trkpt>
			<trkpt lat="47.336010" lon="-1.058610"><ele>78</ele><time>2026-03-01T14:03:00Z</time></trkpt>
			<trkpt lat="47.336080" lon="-1.058910"><ele>77</ele><time>2026-03-01T14:03:12Z</time></trkpt>
			<trkpt lat="47.336160" lon="-1.059380"><ele>76</ele><time>2026-03-01T14:03:24Z</time></trkpt>
			<trkpt lat="47.336240" lon="-1.059990"><ele>76</ele><time>2026-03-01T14:03:36Z</time></trkpt>
			<trkpt lat="47.336300" lon="-1.060570"><ele>76</ele><time>2026-03-01T14:03:48Z</time></trkpt>
			<trkpt lat="47.336310" lon="-1.060640"><ele>76</ele><time>2026-03-01T14:04:00Z</time></trkpt>
			<trkpt lat="47.336360" lon="-1.061000"><ele>75</ele><time>2026-03-01T14:04:12Z</time></trkpt>
			<trkpt lat="47.336380" lon="-1.061250"><ele>74</ele><time>2026-03-01T14:04:24Z</time></trkpt>
			<trkpt lat="47.336390" lon="-1.061550"><ele>73</ele><time>2026-03-01T14:04:36Z</time></trkpt>
			<trkpt lat="47.336360" lon="-1.062070"><ele>71</ele><time>2026-03-01T14:04:48Z</time></trkpt>
			<trkpt lat="47.336310" lon="-1.062340"><ele>70</ele><time>2026-03-01T14:05:00Z</time></trkpt>
			<trkpt lat="47.336240" lon="-1.062640"><ele>69</ele><time>2026-03-01T14:05:12Z</time></trkpt>
			<trkpt lat="47.336160" lon="-1.062920"><ele>69</ele><time>2026-03-01T14:05:24Z</time></trkpt>
			<trkpt lat="47.336140" lon="-1.063030"><ele>68</ele><time>2026-03-01T14:05:36Z</time></trkpt>
			<trkpt lat="47.336140" lon="-1.063130"><ele>68</ele><time>2026-03-01T14:05:48Z</time></trkpt>
			<trkpt lat="47.336140" lon="-1.063270"><ele>68</ele><time>2026-03-01T14:06:00Z</time></trkpt>
			<trkpt lat="47.336170" lon="-1.063400"><ele>68</ele><time>2026-03-01T14:06:12Z</time></trkpt>
			<trkpt lat="47.336210" lon="-1.063510"><ele>68</ele><time>2026-03-01T14:06:24Z</time></trkpt>
			<trkpt lat="47.336520" lon="-1.064000"><ele>67</ele><time>2026-03-01T14:06:36Z</time></trkpt>
			<trkpt lat="47.336610" lon="-1.064140"><ele>67</ele><time>2026-03-01T14:06:48Z</time></trkpt>
			<trkpt lat="47.336770" lon="-1.064380"><ele>67</ele><time>2026-03-01T14:07:00Z</time></trkpt>
			<trkpt lat="47.336880" lon="-1.064560"><ele>66</ele><time>2026-03-01T14:07:12Z</time></trkpt>
			<trkpt lat="47.336930" lon="-1.064680"><ele>66</ele><time>2026-03-01T14:07:24Z</time></trkpt>
			<trkpt lat="47.336990" lon="-1.064830"><ele>66</ele><time>2026-03-01T14:07:36Z</time></trkpt>
			<trkpt lat="47.337300" lon="-1.065720"><ele>65</ele><time>2026-03-01T14:07:48Z</time></trkpt>
			<trkpt lat="47.337350" lon="-1.065900"><ele>65</ele><time>2026-03-01T14:08:00Z</time></trkpt>
			<trkpt lat="47.337390" lon="-1.066080"><ele>65</ele><time>2026-03-01T14:08:12Z</time></trkpt>
			<trkpt lat="47.337410" lon="-1.066220"><ele>66</ele><time>2026-03-01T14:08:24Z</time></trkpt>
			<trkpt lat="47.337430" lon="-1.066810"><ele>68</ele><time>2026-03-01T14:08:36Z</time></trkpt>
			<trkpt lat="47.337460" lon="-1.066980"><ele>68</ele><time>2026-03-01T14:08:48Z</time></trkpt>
			<trkpt lat="47.337500" lon="-1.067090"><ele>69</ele><time>2026-03-01T14:09:00Z</time></trkpt>
			<trkpt lat="47.337550" lon="-1.067180"><ele>69</ele><time>2026-03-01T14:09:12Z</time></trkpt>
			<trkpt lat="47.337660" lon="-1.067270"><ele>68</ele><time>2026-03-01T14:09:24Z</time></trkpt>
			<trkpt lat="47.337750" lon="-1.067310"><ele>68</ele><time>2026-03-01T14:09:36Z</time></trkpt>
			<trkpt lat="47.337970" lon="-1.067410"><ele>67</ele><time>2026-03-01T14:09:48Z</time></trkpt>
			<trkpt lat="47.338060" lon="-1.067440"><ele>67</ele><time>2026-03-01T14:10:00Z</time></trkpt>
			<trkpt lat="47.338190" lon="-1.067500"><ele>67</ele><time>2026-03-01T14:10:12Z</time></trkpt>
			<trkpt lat="47.338240" lon="-1.067550"><ele>67</ele><time>2026-03-01T14:10:24Z</time></trkpt>
			<trkpt lat="47.338300" lon="-1.067630"><ele>66</ele><time>2026-03-01T14:10:36Z</time></trkpt>
			<trkpt lat="47.338340" lon="-1.067710"><ele>66</ele><time>2026-03-01T14:10:48Z</time></trkpt>
			<trkpt lat="47.338380" lon="-1.067880"><ele>67</ele><time>2026-03-01T14:11:00Z</time></trkpt>
			<trkpt lat="47.338410" lon="-1.068120"><ele>67</ele><time>2026-03-01T14:11:12Z</time></trkpt>
			<trkpt lat="47.338460" lon="-1.068420"><ele>68</ele><time>2026-03-01T14:11:24Z</time></trkpt>
			<trkpt lat="47.338490" lon="-1.068580"><ele>68</ele><time>2026-03-01T14:11:36Z</time></trkpt>
			<trkpt lat="47.338530" lon="-1.068700"><ele>68</ele><time>2026-03-01T14:11:48Z</time></trkpt>
			<trkpt lat="47.338610" lon="-1.068930"><ele>68</ele><time>2026-03-01T14:12:00Z</time></trkpt>
			<trkpt lat="47.338800" lon="-1.069320"><ele>67</ele><time>2026-03-01T14:12:12Z</time></trkpt>
			<trkpt lat="47.338860" lon="-1.069420"><ele>66</ele><time>2026-03-01T14:12:24Z</time></trkpt>
			<trkpt lat="47.338940" lon="-1.069520"><ele>65</ele><time>2026-03-01T14:12:36Z</time></trkpt>
			<trkpt lat="47.339040" lon="-1.069560"><ele>65</ele><time>2026-03-01T14:12:48Z</time></trkpt>
			<trkpt lat="47.339130" lon="-1.069580"><ele>64</ele><time>2026-03-01T14:13:00Z</time></trkpt>
			<trkpt lat="47.339340" lon="-1.069600"><ele>62</ele><time>2026-03-01T14:13:12Z</time></trkpt>
			<trkpt lat="47.339420" lon="-1.069620"><ele>61</ele><time>2026-03-01T14:13:24Z</time></trkpt>
			<trkpt lat="47.339480" lon="-1.069650"><ele>61</ele><time>2026-03-01T14:13:36Z</time></trkpt>
			<trkpt lat="47.339570" lon="-1.069710"><ele>60</ele><time>2026-03-01T14:13:48Z</time></trkpt>
			<trkpt lat="47.339660" lon="-1.069810"><ele>59</ele><time>2026-03-01T14:14:00Z</time></trkpt>
			<trkpt lat="47.339700" lon="-1.069880"><ele>59</ele><time>2026-03-01T14:14:12Z</time></trkpt>
			<trkpt lat="47.339750" lon="-1.069970"><ele>58</ele><time>2026-03-01T14:14:24Z</time></trkpt>
			<trkpt lat="47.339790" lon="-1.070130"><ele>58</ele><time>2026-03-01T14:14:36Z</time></trkpt>
			<trkpt lat="47.339910" lon="-1.070730"><ele>56</ele><time>2026-03-01T14:14:48Z</time></trkpt>
			<trkpt lat="47.339940" lon="-1.070870"><ele>56</ele><time>2026-03-01T14:15:00Z</time></trkpt>
			<trkpt lat="47.339990" lon="-1.070980"><ele>55</ele><time>2026-03-01T14:15:12Z</time></trkpt>
			<trkpt lat="47.340040" lon="-1.071070"><ele>55</ele><time>2026-03-01T14:15:24Z</time></trkpt>
			<trkpt lat="47.340110" lon="-1.071140"><ele>54</ele><time>2026-03-01T14:15:36Z</time></trkpt>
			<trkpt lat="47.340190" lon="-1.071200"><ele>53</ele><time>2026-03-01T14:15:48Z</time></trkpt>
			<trkpt lat="47.340370" lon="-1.071300"><ele>52</ele><time>2026-03-01T14:16:00Z</time></trkpt>
			<trkpt lat="47.340490" lon="-1.071420"><ele>51</ele><time>2026-03-01T14:16:12Z</time></trkpt>
			<trkpt lat="47.340690" lon="-1.071750"><ele>49</ele><time>2026-03-01T14:16:24Z</time></trkpt>
			<trkpt lat="47.340820" lon="-1.071930"><ele>48</ele><time>2026-03-01T14:16:36Z</time></trkpt>
			<trkpt lat="47.341420" lon="-1.072680"><ele>44</ele><time>2026-03-01T14:16:48Z</time></trkpt>
			<trkpt lat="47.341550" lon="-1.072850"><ele>43</ele><time>2026-03-01T14:17:00Z</time></trkpt>
			<trkpt lat="47.341650" lon="-1.072990"><ele>43</ele><time>2026-03-01T14:17:12Z</time></trkpt>
			<trkpt lat="47.342550" lon="-1.074540"><ele>42</ele><time>2026-03-01T14:17:24Z</time></trkpt>
			<trkpt lat="47.343050" lon="-1.075390"><ele>39</ele><time>2026-03-01T14:17:36Z</time></trkpt>
			<trkpt lat="47.343100" lon="-1.075490"><ele>39</ele><time>2026-03-01T14:17:48Z</time></trkpt>
			<trkpt lat="47.343140" lon="-1.075610"><ele>39</ele><time>2026-03-01T14:18:00Z</time></trkpt>
			<trkpt lat="47.343180" lon="-1.075730"><ele>38</ele><time>2026-03-01T14:18:12Z</time></trkpt>
			<trkpt lat="47.343190" lon="-1.075860"><ele>38</ele><time>2026-03-01T14:18:24Z</time></trkpt>
			<trkpt lat="47.343200" lon="-1.076420"><ele>40</ele><time>2026-03-01T14:18:36Z</time></trkpt>
			<trkpt lat="47.343220" lon="-1.076550"><ele>40</ele><time>2026-03-01T14:18:48Z</time></trkpt>
			<trkpt lat="47.343240" lon="-1.076690"><ele>40</ele><time>2026-03-01T14:19:00Z</time></trkpt>
			<trkpt lat="47.343290" lon="-1.076950"><ele>40</ele><time>2026-03-01T14:19:12Z</time></trkpt>
			<trkpt lat="47.343470" lon="-1.077810"><ele>38</ele><time>2026-03-01T14:19:24Z</time></trkpt>
			<trkpt lat="47.343530" lon="-1.078140"><ele>37</ele><time>2026-03-01T14:19:36Z</time></trkpt>
			<trkpt lat="47.343540" lon="-1.078300"><ele>37</ele><time>2026-03-01T14:19:48Z</time></trkpt>
			<trkpt lat="47.343530" lon="-1.078460"><ele>37</ele><time>2026-03-01T14:20:00Z</time></trkpt>
			<trkpt lat="47.343510" lon="-1.078650"><ele>37</ele><time>2026-03-01T14:20:12Z</time></trkpt>
			<trkpt lat="47.343400" lon="-1.079330"><ele>37</ele><time>2026-03-01T14:20:24Z</time></trkpt>
			<trkpt lat="47.343390" lon="-1.079490"><ele>37</ele><time>2026-03-01T14:20:36Z</time></trkpt>
			<trkpt lat="47.343390" lon="-1.079620"><ele>37</ele><time>2026-03-01T14:20:48Z</time></trkpt>
			<trkpt lat="47.343400" lon="-1.079880"><ele>37</ele><time>2026-03-01T14:21:00Z</time></trkpt>
			<trkpt lat="47.343500" lon="-1.081110"><ele>35</ele><time>2026-03-01T14:21:12Z</time></trkpt>
			<trkpt lat="47.343520" lon="-1.081390"><ele>35</ele><time>2026-03-01T14:21:24Z</time></trkpt>
			<trkpt lat="47.343560" lon="-1.081700"><ele>35</ele><time>2026-03-01T14:21:36Z</time></trkpt>
			<trkpt lat="47.343590" lon="-1.081930"><ele>35</ele><time>2026-03-01T14:21:48Z</time></trkpt>
			<trkpt lat="47.343690" lon="-1.082310"><ele>35</ele><time>2026-03-01T14:22:00Z</time></trkpt>
			<trkpt lat="47.343850" lon="-1.082830"><ele>35</ele><time>2026-03-01T14:22:12Z</time></trkpt>
			<trkpt lat="47.343930" lon="-1.083090"><ele>35</ele><time>2026-03-01T14:22:24Z</time></trkpt>
			<trkpt lat="47.343980" lon="-1.083360"><ele>35</ele><time>2026-03-01T14:22:36Z</time></trkpt>
			<trkpt lat="47.344010" lon="-1.083640"><ele>34</ele><time>2026-03-01T14:22:48Z</time></trkpt>
			<trkpt lat="47.344020" lon="-1.084200"><ele>33</ele><time>2026-03-01T14:23:00Z</time></trkpt>
			<trkpt lat="47.344020" lon="-1.085030"><ele>31</ele><time>2026-03-01T14:23:12Z</time></trkpt>
			<trkpt lat="47.344020" lon="-1.085210"><ele>30</ele><time>2026-03-01T14:23:24Z</time></trkpt>
			<trkpt lat="47.344010" lon="-1.085340"><ele>29</ele><time>2026-03-01T14:23:36Z</time></trkpt>
			<trkpt lat="47.343980" lon="-1.085470"><ele>29</ele><time>2026-03-01T14:23:48Z</time></trkpt>
			<trkpt lat="47.343880" lon="-1.085870"><ele>28</ele><time>2026-03-01T14:24:00Z</time></trkpt>
			<trkpt lat="47.343750" lon="-1.086270"><ele>29</ele><time>2026-03-01T14:24:12Z</time></trkpt>
			<trkpt lat="47.343680" lon="-1.086420"><ele>30</ele><time>2026-03-01T14:24:24Z</time></trkpt>
			<trkpt lat="47.343640" lon="-1.086490"><ele>30</ele><time>2026-03-01T14:24:36Z</time></trkpt>
			<trkpt lat="47.341840" lon="-1.089720"><ele>49</ele><time>2026-03-01T14:24:48Z</time></trkpt>
			<trkpt lat="47.341620" lon="-1.090140"><ele>50</ele><time>2026-03-01T14:25:00Z</time></trkpt>
			<trkpt lat="47.341500" lon="-1.090490"><ele>52</ele><time>2026-03-01T14:25:12Z</time></trkpt>
			<trkpt lat="47.341480" lon="-1.090570"><ele>52</ele><time>2026-03-01T14:25:24Z</time></trkpt>
			<trkpt lat="47.341440" lon="-1.090780"><ele>53</ele><time>2026-03-01T14:25:36Z</time></trkpt>
			<trkpt lat="47.341370" lon="-1.091170"><ele>53</ele><time>2026-03-01T14:25:48Z</time></trkpt>
			<trkpt lat="47.341340" lon="-1.091600"><ele>54</ele><time>2026-03-01T14:26:00Z</time></trkpt>
			<trkpt lat="47.341340" lon="-1.091840"><ele>55</ele><time>2026-03-01T14:26:12Z</time></trkpt>
			<trkpt lat="47.341360" lon="-1.092840"><ele>56</ele><time>2026-03-01T14:26:24Z</time></trkpt>
			<trkpt lat="47.341360" lon="-1.093200"><ele>57</ele><time>2026-03-01T14:26:36Z</time></trkpt>
			<trkpt lat="47.341340" lon="-1.093510"><ele>58</ele><time>2026-03-01T14:26:48Z</time></trkpt>
			<trkpt lat="47.341280" lon="-1.093880"><ele>59</ele><time>2026-03-01T14:27:00Z</time></trkpt>
			<trkpt lat="47.340910" lon="-1.095450"><ele>63</ele><time>2026-03-01T14:27:12Z</time></trkpt>
			<trkpt lat="47.340810" lon="-1.096000"><ele>64</ele><time>2026-03-01T14:27:24Z</time></trkpt>
			<trkpt lat="47.340600" lon="-1.097320"><ele>64</ele><time>2026-03-01T14:27:36Z</time></trkpt>
			<trkpt lat="47.340470" lon="-1.098190"><ele>64</ele><time>2026-03-01T14:27:48Z</time></trkpt>
			<trkpt lat="47.340410" lon="-1.098690"><ele>65</ele><time>2026-03-01T14:28:00Z</time></trkpt>
			<trkpt lat="47.340340" lon="-1.099620"><ele>66</ele><time>2026-03-01T14:28:12Z</time></trkpt>
			<trkpt lat="47.340330" lon="-1.099890"><ele>66</ele><time>2026-03-01T14:28:24Z</time></trkpt>
			<trkpt lat="47.340360" lon="-1.100400"><ele>66</ele><time>2026-03-01T14:28:36Z</time></trkpt>
			<trkpt lat="47.340370" lon="-1.100660"><ele>66</ele><time>2026-03-01T14:28:48Z</time></trkpt>
			<trkpt lat="47.340360" lon="-1.100870"><ele>66</ele><time>2026-03-01T14:29:00Z</time></trkpt>
			<trkpt lat="47.340290" lon="-1.101320"><ele>66</ele><time>2026-03-01T14:29:12Z</time></trkpt>
			<trkpt lat="47.340250" lon="-1.101590"><ele>66</ele><time>2026-03-01T14:29:24Z</time></trkpt>
			<trkpt lat="47.340250" lon="-1.101820"><ele>66</ele><time>2026-03-01T14:29:36Z</time></trkpt>
			<trkpt lat="47.340250" lon="-1.102510"><ele>65</ele><time>2026-03-01T14:29:48Z</time></trkpt>
			<trkpt lat="47.340330" lon="-1.102500"><ele>64</ele><time>2026-03-01T14:30:00Z</time></trkpt>
			<trkpt lat="47.340330" lon="-1.102390"><ele>65</ele><time>2026-03-01T14:30:12Z</time></trkpt>
			<trkpt lat="47.340330" lon="-1.102500"><ele>64</ele><time>2026-03-01T14:30:24Z</time></trkpt>
			<trkpt lat="47.340250" lon="-1.102510"><ele>65</ele><time>2026-03-01T14:30:36Z</time></trkpt>
			<trkpt lat="47.340250" lon="-1.102650"><ele>64</ele><time>2026-03-01T14:30:48Z</time></trkpt>
			<trkpt lat="47.340260" lon="-1.103820"><ele>63</ele><time>2026-03-01T14:31:00Z</time></trkpt>
			<trkpt lat="47.340280" lon="-1.103920"><ele>62</ele><time>2026-03-01T14:31:12Z</time></trkpt>
			<trkpt lat="47.340320" lon="-1.103990"><ele>62</ele><time>2026-03-01T14:31:24Z</time></trkpt>
			<trkpt lat="47.340170" lon="-1.104420"><ele>63</ele><time>2026-03-01T14:31:36Z</time></trkpt>
			<trkpt lat="47.340050" lon="-1.104750"><ele>63</ele><time>2026-03-01T14:31:48Z</time></trkpt>
			<trkpt lat="47.339960" lon="-1.105010"><ele>63</ele><time>2026-03-01T14:32:00Z</time></trkpt>
			<trkpt lat="47.339620" lon="-1.105730"><ele>68</ele><time>2026-03-01T14:32:12Z</time></trkpt>
			<trkpt lat="47.339340" lon="-1.106280"><ele>72</ele><time>2026-03-01T14:32:24Z</time></trkpt>
			<trkpt lat="47.339180" lon="-1.106670"><ele>73</ele><time>2026-03-01T14:32:36Z</time></trkpt>
			<trkpt lat="47.339000" lon="-1.107410"><ele>75</ele><time>2026-03-01T14:32:48Z</time></trkpt>
			<trkpt lat="47.338880" lon="-1.107740"><ele>76</ele><time>2026-03-01T14:33:00Z</time></trkpt>
			<trkpt lat="47.338800" lon="-1.107950"><ele>76</ele><time>2026-03-01T14:33:12Z</time></trkpt>
			<trkpt lat="47.338690" lon="-1.108240"><ele>76</ele><time>2026-03-01T14:33:24Z</time></trkpt>
			<trkpt lat="47.338480" lon="-1.108760"><ele>77</ele><time>2026-03-01T14:33:36Z</time></trkpt>
			<trkpt lat="47.338420" lon="-1.108930"><ele>78</ele><time>2026-03-01T14:33:48Z</time></trkpt>
			<trkpt lat="47.338330" lon="-1.109400"><ele>78</ele><time>2026-03-01T14:34:00Z</time></trkpt>
			<trkpt lat="47.338290" lon="-1.109670"><ele>79</ele><time>2026-03-01T14:34:12Z</time></trkpt>
			<trkpt lat="47.338210" lon="-1.110220"><ele>79</ele><time>2026-03-01T14:34:24Z</time></trkpt>
			<trkpt lat="47.338120" lon="-1.110730"><ele>78</ele><time>2026-03-01T14:34:36Z</time></trkpt>
			<trkpt lat="47.338110" lon="-1.110900"><ele>78</ele><time>2026-03-01T14:34:48Z</time></trkpt>
			<trkpt lat="47.338160" lon="-1.111570"><ele>74</ele><time>2026-03-01T14:35:00Z</time></trkpt>
			<trkpt lat="47.338200" lon="-1.111670"><ele>74</ele><time>2026-03-01T14:35:12Z</time></trkpt>
			<trkpt lat="47.338240" lon="-1.111710"><ele>74</ele><time>2026-03-01T14:35:24Z</time></trkpt>
			<trkpt lat="47.338350" lon="-1.111730"><ele>73</ele><time>2026-03-01T14:35:36Z</time></trkpt>
			<trkpt lat="47.338710" lon="-1.111670"><ele>70</ele><time>2026-03-01T14:35:48Z</time></trkpt>
			<trkpt lat="47.338920" lon="-1.111640"><ele>68</ele><time>2026-03-01T14:36:00Z</time></trkpt>
			<trkpt lat="47.339050" lon="-1.111640"><ele>67</ele><time>2026-03-01T14:36:12Z</time></trkpt>
			<trkpt lat="47.339190" lon="-1.111650"><ele>66</ele><time>2026-03-01T14:36:24Z</time></trkpt>
			<trkpt lat="47.339440" lon="-1.111690"><ele>63</ele><time>2026-03-01T14:36:36Z</time></trkpt>
			<trkpt lat="47.339520" lon="-1.111750"><ele>63</ele><time>2026-03-01T14:36:48Z</time></trkpt>
			<trkpt lat="47.339580" lon="-1.111860"><ele>63</ele><time>2026-03-01T14:37:00Z</time></trkpt>
			<trkpt lat="47.339750" lon="-1.112270"><ele>62</ele><time>2026-03-01T14:37:12Z</time></trkpt>
			<trkpt lat="47.339780" lon="-1.112350"><ele>62</ele><time>2026-03-01T14:37:24Z</time></trkpt>
			<trkpt lat="47.339830" lon="-1.112460"><ele>62</ele><time>2026-03-01T14:37:36Z</time></trkpt>
			<trkpt lat="47.339870" lon="-1.112560"><ele>62</ele><time>2026-03-01T14:37:48Z</time></trkpt>
			<trkpt lat="47.339900" lon="-1.112700"><ele>62</ele><time>2026-03-01T14:38:00Z</time></trkpt>
			<trkpt lat="47.339970" lon="-1.113290"><ele>61</ele><time>2026-03-01T14:38:12Z</time></trkpt>
			<trkpt lat="47.340020" lon="-1.113280"><ele>61</ele><time>2026-03-01T14:38:24Z</time></trkpt>
			<trkpt lat="47.340080" lon="-1.113330"><ele>60</ele><time>2026-03-01T14:38:36Z</time></trkpt>
			<trkpt lat="47.340180" lon="-1.113580"><ele>59</ele><time>2026-03-01T14:38:48Z</time></trkpt>
			<trkpt lat="47.340240" lon="-1.113690"><ele>58</ele><time>2026-03-01T14:39:00Z</time></trkpt>
			<trkpt lat="47.340330" lon="-1.113830"><ele>57</ele><time>2026-03-01T14:39:12Z</time></trkpt>
			<trkpt lat="47.340430" lon="-1.113930"><ele>56</ele><time>2026-03-01T14:39:24Z</time></trkpt>
			<trkpt lat="47.340550" lon="-1.114000"><ele>55</ele><time>2026-03-01T14:39:36Z</time></trkpt>
			<trkpt lat="47.340650" lon="-1.114040"><ele>53</ele><time>2026-03-01T14:39:48Z</time></trkpt>
			<trkpt lat="47.340990" lon="-1.114100"><ele>50</ele><time>2026-03-01T14:40:00Z</time></trkpt>
			<trkpt lat="47.341300" lon="-1.114110"><ele>47</ele><time>2026-03-01T14:40:12Z</time></trkpt>
			<trkpt lat="47.341440" lon="-1.114080"><ele>45</ele><time>2026-03-01T14:40:24Z</time></trkpt>
			<trkpt lat="47.342040" lon="-1.113870"><ele>41</ele><time>2026-03-01T14:40:36Z</time></trkpt>
			<trkpt lat="47.342190" lon="-1.113850"><ele>40</ele><time>2026-03-01T14:40:48Z</time></trkpt>
			<trkpt lat="47.342440" lon="-1.113860"><ele>38</ele><time>2026-03-01T14:41:00Z</time></trkpt>
			<trkpt lat="47.342740" lon="-1.113940"><ele>36</ele><time>2026-03-01T14:41:12Z</time></trkpt>
			<trkpt lat="47.343660" lon="-1.114290"><ele>32</ele><time>2026-03-01T14:41:24Z</time></trkpt>
			<trkpt lat="47.343890" lon="-1.114340"><ele>32</ele><time>2026-03-01T14:41:36Z</time></trkpt>
			<trkpt lat="47.344130" lon="-1.114360"><ele>31</ele><time>2026-03-01T14:41:48Z</time></trkpt>
			<trkpt lat="47.344940" lon="-1.114350"><ele>29</ele><time>2026-03-01T14:42:00Z</time></trkpt>
			<trkpt lat="47.345290" lon="-1.114390"><ele>29</ele><time>2026-03-01T14:42:12Z</time></trkpt>
			<trkpt lat="47.345470" lon="-1.114460"><ele>29</ele><time>2026-03-01T14:42:24Z</time></trkpt>
			<trkpt lat="47.346050" lon="-1.114740"><ele>28</ele><time>2026-03-01T14:42:36Z</time></trkpt>
			<trkpt lat="47.346430" lon="-1.114900"><ele>28</ele><time>2026-03-01T14:42:48Z</time></trkpt>
			<trkpt lat="47.346640" lon="-1.114980"><ele>28</ele><time>2026-03-01T14:43:00Z</time></trkpt>
			<trkpt lat="47.346900" lon="-1.115090"><ele>27</ele><time>2026-03-01T14:43:12Z</time></trkpt>
			<trkpt lat="47.346950" lon="-1.115110"><ele>27</ele><time>2026-03-01T14:43:24Z</time></trkpt>
			<trkpt lat="47.347200" lon="-1.115210"><ele>26</ele><time>2026-03-01T14:43:36Z</time></trkpt>
			<trkpt lat="47.347520" lon="-1.115380"><ele>25</ele><time>2026-03-01T14:43:48Z</time></trkpt>
			<trkpt lat="47.347670" lon="-1.115460"><ele>24</ele><time>2026-03-01T14:44:00Z</time></trkpt>
			<trkpt lat="47.348100" lon="-1.115680"><ele>23</ele><time>2026-03-01T14:44:12Z</time></trkpt>
			<trkpt lat="47.348940" lon="-1.116180"><ele>22</ele><time>2026-03-01T14:44:24Z</time></trkpt>
			<trkpt lat="47.349200" lon="-1.116300"><ele>21</ele><time>2026-03-01T14:44:36Z</time></trkpt>
			<trkpt lat="47.349420" lon="-1.116370"><ele>21</ele><time>2026-03-01T14:44:48Z</time></trkpt>
			<trkpt lat="47.349630" lon="-1.116390"><ele>20</ele><time>2026-03-01T14:45:00Z</time></trkpt>
			<trkpt lat="47.350780" lon="-1.116360"><ele>19</ele><time>2026-03-01T14:45:12Z</time></trkpt>
			<trkpt lat="47.350910" lon="-1.116360"><ele>19</ele><time>2026-03-01T14:45:24Z</time></trkpt>
			<trkpt lat="47.351790" lon="-1.116240"><ele>20</ele><time>2026-03-01T14:45:36Z</time></trkpt>
			<trkpt lat="47.352120" lon="-1.116280"><ele>21</ele><time>2026-03-01T14:45:48Z</time></trkpt>
			<trkpt lat="47.352480" lon="-1.116360"><ele>21</ele><time>2026-03-01T14:46:00Z</time></trkpt>
			<trkpt lat="47.353230" lon="-1.116540"><ele>21</ele><time>2026-03-01T14:46:12Z</time></trkpt>
			<trkpt lat="47.353350" lon="-1.116560"><ele>21</ele><time>2026-03-01T14:46:24Z</time></trkpt>
			<trkpt lat="47.353840" lon="-1.116610"><ele>21</ele><time>2026-03-01T14:46:36Z</time></trkpt>
			<trkpt lat="47.354160" lon="-1.116620"><ele>21</ele><time>2026-03-01T14:46:48Z</time></trkpt>
			<trkpt lat="47.354410" lon="-1.116590"><ele>21</ele><time>2026-03-01T14:47:00Z</time></trkpt>
			<trkpt lat="47.354760" lon="-1.116560"><ele>21</ele><time>2026-03-01T14:47:12Z</time></trkpt>
			<trkpt lat="47.354990" lon="-1.116530"><ele>21</ele><time>2026-03-01T14:47:24Z</time></trkpt>
			<trkpt lat="47.355160" lon="-1.116510"><ele>20</ele><time>2026-03-01T14:47:36Z</time></trkpt>
			<trkpt lat="47.355350" lon="-1.116520"><ele>20</ele><time>2026-03-01T14:47:48Z</time></trkpt>
			<trkpt lat="47.355450" lon="-1.116550"><ele>20</ele><time>2026-03-01T14:48:00Z</time></trkpt>
			<trkpt lat="47.355520" lon="-1.116590"><ele>20</ele><time>2026-03-01T14:48:12Z</time></trkpt>
			<trkpt lat="47.355580" lon="-1.116660"><ele>20</ele><time>2026-03-01T14:48:24Z</time></trkpt>
			<trkpt lat="47.355660" lon="-1.116780"><ele>19</ele><time>2026-03-01T14:48:36Z</time></trkpt>
			<trkpt lat="47.355770" lon="-1.116990"><ele>19</ele><time>2026-03-01T14:48:48Z</time></trkpt>
			<trkpt lat="47.355920" lon="-1.117270"><ele>19</ele><time>2026-03-01T14:49:00Z</time></trkpt>
			<trkpt lat="47.356010" lon="-1.117410"><ele>19</ele><time>2026-03-01T14:49:12Z</time></trkpt>
			<trkpt lat="47.356040" lon="-1.117450"><ele>19</ele><time>2026-03-01T14:49:24Z</time></trkpt>
			<trkpt lat="47.356160" lon="-1.117560"><ele>19</ele><time>2026-03-01T14:49:36Z</time></trkpt>
			<trkpt lat="47.356290" lon="-1.117630"><ele>18</ele><time>2026-03-01T14:49:48Z</time></trkpt>
			<trkpt lat="47.356510" lon="-1.117700"><ele>18</ele><time>2026-03-01T14:50:00Z</time></trkpt>
			<trkpt lat="47.356840" lon="-1.117770"><ele>16</ele><time>2026-03-01T14:50:12Z</time></trkpt>
			<trkpt lat="47.356920" lon="-1.117770"><ele>15</ele><time>2026-03-01T14:50:24Z</time></trkpt>
			<trkpt lat="47.357040" lon="-1.117730"><ele>14</ele><time>2026-03-01T14:50:36Z</time></trkpt>
			<trkpt lat="47.357140" lon="-1.117730"><ele>13</ele><time>2026-03-01T14:50:48Z</time></trkpt>
			<trkpt lat="47.357300" lon="-1.117770"><ele>12</ele><time>2026-03-01T14:51:00Z</time></trkpt>
			<trkpt lat="47.357370" lon="-1.117820"><ele>12</ele><time>2026-03-01T14:51:12Z</time></trkpt>
			<trkpt lat="47.357420" lon="-1.117860"><ele>11</ele><time>2026-03-01T14:51:24Z</time></trkpt>
			<trkpt lat="47.357810" lon="-1.118240"><ele>9</ele><time>2026-03-01T14:51:36Z</time></trkpt>
			<trkpt lat="47.357870" lon="-1.118290"><ele>9</ele><time>2026-03-01T14:51:48Z</time></trkpt>
			<trkpt lat="47.358020" lon="-1.118350"><ele>9</ele><time>2026-03-01T14:52:00Z</time></trkpt>
			<trkpt lat="47.358290" lon="-1.118400"><ele>8</ele><time>2026-03-01T14:52:12Z</time></trkpt>
			<trkpt lat="47.358640" lon="-1.118440"><ele>9</ele><time>2026-03-01T14:52:24Z</time></trkpt>
			<trkpt lat="47.359420" lon="-1.118470"><ele>10</ele><time>2026-03-01T14:52:36Z</time></trkpt>
			<trkpt lat="47.360090" lon="-1.118470"><ele>8</ele><time>2026-03-01T14:52:48Z</time></trkpt>
			<trkpt lat="47.360460" lon="-1.118450"><ele>8</ele><time>2026-03-01T14:53:00Z</time></trkpt>
			<trkpt lat="47.360620" lon="-1.118430"><ele>8</ele><time>2026-03-01T14:53:12Z</time></trkpt>
			<trkpt lat="47.360770" lon="-1.118370"><ele>8</ele><time>2026-03-01T14:53:24Z</time></trkpt>
			<trkpt lat="47.360880" lon="-1.118340"><ele>8</ele><time>2026-03-01T14:53:36Z</time></trkpt>
			<trkpt lat="47.360940" lon="-1.118330"><ele>9</ele><time>2026-03-01T14:53:48Z</time></trkpt>
			<trkpt lat="47.361630" lon="-1.118300"><ele>12</ele><time>2026-03-01T14:54:00Z</time></trkpt>
			<trkpt lat="47.361900" lon="-1.118200"><ele>11</ele><time>2026-03-01T14:54:12Z</time></trkpt>
			<trkpt lat="47.362010" lon="-1.118180"><ele>11</ele><time>2026-03-01T14:54:24Z</time></trkpt>
			<trkpt lat="47.362280" lon="-1.118180"><ele>10</ele><time>2026-03-01T14:54:36Z</time></trkpt>
			<trkpt lat="47.363500" lon="-1.118300"><ele>10</ele><time>2026-03-01T14:54:48Z</time></trkpt>
			<trkpt lat="47.363650" lon="-1.118330"><ele>10</ele><time>2026-03-01T14:55:00Z</time></trkpt>
			<trkpt lat="47.364030" lon="-1.118440"><ele>11</ele><time>2026-03-01T14:55:12Z</time></trkpt>
			<trkpt lat="47.364330" lon="-1.118560"><ele>11</ele><time>2026-03-01T14:55:24Z</time></trkpt>
			<trkpt lat="47.364700" lon="-1.118710"><ele>11</ele><time>2026-03-01T14:55:36Z</time></trkpt>
			<trkpt lat="47.364820" lon="-1.118730"><ele>10</ele><time>2026-03-01T14:55:48Z</time></trkpt>
			<trkpt lat="47.365330" lon="-1.118780"><ele>10</ele><time>2026-03-01T14:56:00Z</time></trkpt>
			<trkpt lat="47.365460" lon="-1.118820"><ele>10</ele><time>2026-03-01T14:56:12Z</time></trkpt>
			<trkpt lat="47.365660" lon="-1.118920"><ele>10</ele><time>2026-03-01T14:56:24Z</time></trkpt>
			<trkpt lat="47.365840" lon="-1.119040"><ele>10</ele><time>2026-03-01T14:56:36Z</time></trkpt>
			<trkpt lat="47.365940" lon="-1.119180"><ele>10</ele><time>2026-03-01T14:56:48Z</time></trkpt>
			<trkpt lat="47.365990" lon="-1.119330"><ele>9</ele><time>2026-03-01T14:57:00Z</time></trkpt>
			<trkpt lat="47.366000" lon="-1.119570"><ele>9</ele><time>2026-03-01T14:57:12Z</time></trkpt>
			<trkpt lat="47.366010" lon="-1.120990"><ele>9</ele><time>2026-03-01T14:57:24Z</time></trkpt>
			<trkpt lat="47.366000" lon="-1.121400"><ele>9</ele><time>2026-03-01T14:57:36Z</time></trkpt>
			<trkpt lat="47.366000" lon="-1.121910"><ele>9</ele><time>2026-03-01T14:57:48Z</time></trkpt>
			<trkpt lat="47.366050" lon="-1.122540"><ele>9</ele><time>2026-03-01T14:58:00Z</time></trkpt>
			<trkpt lat="47.366060" lon="-1.122750"><ele>9</ele><time>2026-03-01T14:58:12Z</time></trkpt>
			<trkpt lat="47.366060" lon="-1.122980"><ele>9</ele><time>2026-03-01T14:58:24Z</time></trkpt>
			<trkpt lat="47.365910" lon="-1.124800"><ele>10</ele><time>2026-03-01T14:58:36Z</time></trkpt>
			<trkpt lat="47.365910" lon="-1.125080"><ele>10</ele><time>2026-03-01T14:58:48Z</time></trkpt>
			<trkpt lat="47.365900" lon="-1.125310"><ele>9</ele><time>2026-03-01T14:59:00Z</time></trkpt>
			<trkpt lat="47.365910" lon="-1.125580"><ele>9</ele><time>2026-03-01T14:59:12Z</time></trkpt>
			<trkpt lat="47.365860" lon="-1.126410"><ele>8</ele><time>2026-03-01T14:59:24Z</time></trkpt>
			<trkpt lat="47.365820" lon="-1.127110"><ele>8</ele><time>2026-03-01T14:59:36Z</time></trkpt>
			<trkpt lat="47.365800" lon="-1.128600"><ele>8</ele><time>2026-03-01T14:59:48Z</time></trkpt>
			<trkpt lat="47.365840" lon="-1.129830"><ele>10</ele><time>2026-03-01T15:00:00Z</time></trkpt>
			<trkpt lat="47.365890" lon="-1.130380"><ele>11</ele><time>2026-03-01T15:00:12Z</time></trkpt>
			<trkpt lat="47.366030" lon="-1.131390"><ele>9</ele><time>2026-03-01T15:00:24Z</time></trkpt>
			<trkpt lat="47.366060" lon="-1.131720"><ele>9</ele><time>2026-03-01T15:00:36Z</time></trkpt>
			<trkpt lat="47.366060" lon="-1.132070"><ele>9</ele><time>2026-03-01T15:00:48Z</time></trkpt>
			<trkpt lat="47.366050" lon="-1.132560"><ele>9</ele><time>2026-03-01T15:01:00Z</time></trkpt>
			<trkpt lat="47.366020" lon="-1.133080"><ele>9</ele><time>2026-03-01T15:01:12Z</time></trkpt>
			<trkpt lat="47.365940" lon="-1.134150"><ele>10</ele><time>2026-03-01T15:01:24Z</time></trkpt>
			<trkpt lat="47.365930" lon="-1.134330"><ele>10</ele><time>2026-03-01T15:01:36Z</time></trkpt>
			<trkpt lat="47.365920" lon="-1.134760"><ele>10</ele><time>2026-03-01T15:01:48Z</time></trkpt>
			<trkpt lat="47.366070" lon="-1.136350"><ele>9</ele><time>2026-03-01T15:02:00Z</time></trkpt>
			<trkpt lat="47.366170" lon="-1.137750"><ele>9</ele><time>2026-03-01T15:02:12Z</time></trkpt>
			<trkpt lat="47.366260" lon="-1.139300"><ele>10</ele><time>2026-03-01T15:02:24Z</time></trkpt>
			<trkpt lat="47.366250" lon="-1.139960"><ele>10</ele><time>2026-03-01T15:02:36Z</time></trkpt>
			<trkpt lat="47.366230" lon="-1.140180"><ele>10</ele><time>2026-03-01T15:02:48Z</time></trkpt>
			<trkpt lat="47.366200" lon="-1.140350"><ele>10</ele><time>2026-03-01T15:03:00Z</time></trkpt>
			<trkpt lat="47.366140" lon="-1.140530"><ele>9</ele><time>2026-03-01T15:03:12Z</time></trkpt>
			<trkpt lat="47.365890" lon="-1.141040"><ele>9</ele><time>2026-03-01T15:03:24Z</time></trkpt>
			<trkpt lat="47.365830" lon="-1.141220"><ele>9</ele><time>2026-03-01T15:03:36Z</time></trkpt>
			<trkpt lat="47.365810" lon="-1.141320"><ele>9</ele><time>2026-03-01T15:03:48Z</time></trkpt>
			<trkpt lat="47.365800" lon="-1.141530"><ele>9</ele><time>2026-03-01T15:04:00Z</time></trkpt>
			<trkpt lat="47.365800" lon="-1.142530"><ele>9</ele><time>2026-03-01T15:04:12Z</time></trkpt>
			<trkpt lat="47.365820" lon="-1.142750"><ele>9</ele><time>2026-03-01T15:04:24Z</time></trkpt>
			<trkpt lat="47.365920" lon="-1.143250"><ele>8</ele><time>2026-03-01T15:04:36Z</time></trkpt>
			<trkpt lat="47.365930" lon="-1.143390"><ele>8</ele><time>2026-03-01T15:04:48Z</time></trkpt>
			<trkpt lat="47.365940" lon="-1.143550"><ele>8</ele><time>2026-03-01T15:05:00Z</time></trkpt>
			<trkpt lat="47.365860" lon="-1.144410"><ele>7</ele><time>2026-03-01T15:05:12Z</time></trkpt>
			<trkpt lat="47.365850" lon="-1.145000"><ele>8</ele><time>2026-03-01T15:05:24Z</time></trkpt>
			<trkpt lat="47.365830" lon="-1.145480"><ele>7</ele><time>2026-03-01T15:05:36Z</time></trkpt>
			<trkpt lat="47.365830" lon="-1.145920"><ele>7</ele><time>2026-03-01T15:05:48Z</time></trkpt>
			<trkpt lat="47.365850" lon="-1.146140"><ele>7</ele><time>2026-03-01T15:06:00Z</time></trkpt>
			<trkpt lat="47.365870" lon="-1.146350"><ele>8</ele><time>2026-03-01T15:06:12Z</time></trkpt>
			<trkpt lat="47.365980" lon="-1.146920"><ele>8</ele><time>2026-03-01T15:06:24Z</time></trkpt>
			<trkpt lat="47.366070" lon="-1.147430"><ele>9</ele><time>2026-03-01T15:06:36Z</time></trkpt>
			<trkpt lat="47.366170" lon="-1.147940"><ele>9</ele><time>2026-03-01T15:06:48Z</time></trkpt>
			<trkpt lat="47.366170" lon="-1.148120"><ele>9</ele><time>2026-03-01T15:07:00Z</time></trkpt>
			<trkpt lat="47.366170" lon="-1.148250"><ele>9</ele><time>2026-03-01T15:07:12Z</time></trkpt>
			<trkpt lat="47.366130" lon="-1.148650"><ele>9</ele><time>2026-03-01T15:07:24Z</time></trkpt>
			<trkpt lat="47.366080" lon="-1.149090"><ele>9</ele><time>2026-03-01T15:07:36Z</time></trkpt>
			<trkpt lat="47.366040" lon="-1.149970"><ele>9</ele><time>2026-03-01T15:07:48Z</time></trkpt>
			<trkpt lat="47.366010" lon="-1.150530"><ele>10</ele><time>2026-03-01T15:08:00Z</time></trkpt>
			<trkpt lat="47.365960" lon="-1.151000"><ele>11</ele><time>2026-03-01T15:08:12Z</time></trkpt>
			<trkpt lat="47.365950" lon="-1.151090"><ele>10</ele><time>2026-03-01T15:08:24Z</time></trkpt>
			<trkpt lat="47.365940" lon="-1.151230"><ele>10</ele><time>2026-03-01T15:08:36Z</time></trkpt>
			<trkpt lat="47.365920" lon="-1.151380"><ele>10</ele><time>2026-03-01T15:08:48Z</time></trkpt>
			<trkpt lat="47.365870" lon="-1.151720"><ele>10</ele><time>2026-03-01T15:09:00Z</time></trkpt>
			<trkpt lat="47.365610" lon="-1.153360"><ele>7</ele><time>2026-03-01T15:09:12Z</time></trkpt>
			<trkpt lat="47.365550" lon="-1.153930"><ele>8</ele><time>2026-03-01T15:09:24Z</time></trkpt>
			<trkpt lat="47.365420" lon="-1.155120"><ele>9</ele><time>2026-03-01T15:09:36Z</time></trkpt>
			<trkpt lat="47.365340" lon="-1.155830"><ele>8</ele><time>2026-03-01T15:09:48Z</time></trkpt>
			<trkpt lat="47.365290" lon="-1.156220"><ele>8</ele><time>2026-03-01T15:10:00Z</time></trkpt>
			<trkpt lat="47.365110" lon="-1.157270"><ele>9</ele><time>2026-03-01T15:10:12Z</time></trkpt>
			<trkpt lat="47.365010" lon="-1.157970"><ele>9</ele><time>2026-03-01T15:10:24Z</time></trkpt>
			<trkpt lat="47.364920" lon="-1.158580"><ele>10</ele><time>2026-03-01T15:10:36Z</time></trkpt>
			<trkpt lat="47.364780" lon="-1.159380"><ele>12</ele><time>2026-03-01T15:10:48Z</time></trkpt>
			<trkpt lat="47.364560" lon="-1.160670"><ele>11</ele><time>2026-03-01T15:11:00Z</time></trkpt>
			<trkpt lat="47.364480" lon="-1.161230"><ele>10</ele><time>2026-03-01T15:11:12Z</time></trkpt>
			<trkpt lat="47.364280" lon="-1.162430"><ele>10</ele><time>2026-03-01T15:11:24Z</time></trkpt>
			<trkpt lat="47.364210" lon="-1.162840"><ele>10</ele><time>2026-03-01T15:11:36Z</time></trkpt>
			<trkpt lat="47.364150" lon="-1.163120"><ele>10</ele><time>2026-03-01T15:11:48Z</time></trkpt>
			<trkpt lat="47.364080" lon="-1.163280"><ele>10</ele><time>2026-03-01T15:12:00Z</time></trkpt>
			<trkpt lat="47.364030" lon="-1.163390"><ele>10</ele><time>2026-03-01T15:12:12Z</time></trkpt>
			<trkpt lat="47.363930" lon="-1.163560"><ele>9</ele><time>2026-03-01T15:12:24Z</time></trkpt>
			<trkpt lat="47.363470" lon="-1.164230"><ele>8</ele><time>2026-03-01T15:12:36Z</time></trkpt>
			<trkpt lat="47.363400" lon="-1.164350"><ele>8</ele><time>2026-03-01T15:12:48Z</time></trkpt>
			<trkpt lat="47.363280" lon="-1.164590"><ele>8</ele><time>2026-03-01T15:13:00Z</time></trkpt>
			<trkpt lat="47.363130" lon="-1.165040"><ele>9</ele><time>2026-03-01T15:13:12Z</time></trkpt>
			<trkpt lat="47.363060" lon="-1.165220"><ele>9</ele><time>2026-03-01T15:13:24Z</time></trkpt>
			<trkpt lat="47.362960" lon="-1.165340"><ele>9</ele><time>2026-03-01T15:13:36Z</time></trkpt>
			<trkpt lat="47.362450" lon="-1.165800"><ele>10</ele><time>2026-03-01T15:13:48Z</time></trkpt>
			<trkpt lat="47.360610" lon="-1.167930"><ele>10</ele><time>2026-03-01T15:14:00Z</time></trkpt>
			<trkpt lat="47.360320" lon="-1.168310"><ele>9</ele><time>2026-03-01T15:14:12Z</time></trkpt>
			<trkpt lat="47.360100" lon="-1.168690"><ele>9</ele><time>2026-03-01T15:14:24Z</time></trkpt>
			<trkpt lat="47.359950" lon="-1.169020"><ele>10</ele><time>2026-03-01T15:14:36Z</time></trkpt>
			<trkpt lat="47.359860" lon="-1.169340"><ele>10</ele><time>2026-03-01T15:14:48Z</time></trkpt>
			<trkpt lat="47.359660" lon="-1.170230"><ele>9</ele><time>2026-03-01T15:15:00Z</time></trkpt>
			<trkpt lat="47.359500" lon="-1.170920"><ele>10</ele><time>2026-03-01T15:15:12Z</time></trkpt>
			<trkpt lat="47.359430" lon="-1.171120"><ele>10</ele><time>2026-03-01T15:15:24Z</time></trkpt>
			<trkpt lat="47.359370" lon="-1.171240"><ele>10</ele><time>2026-03-01T15:15:36Z</time></trkpt>
			<trkpt lat="47.359290" lon="-1.171350"><ele>10</ele><time>2026-03-01T15:15:48Z</time></trkpt>
			<trkpt lat="47.359190" lon="-1.171450"><ele>10</ele><time>2026-03-01T15:16:00Z</time></trkpt>
			<trkpt lat="47.359000" lon="-1.171620"><ele>10</ele><time>2026-03-01T15:16:12Z</time></trkpt>
			<trkpt lat="47.358680" lon="-1.171930"><ele>9</ele><time>2026-03-01T15:16:24Z</time></trkpt>
			<trkpt lat="47.358500" lon="-1.172100"><ele>9</ele><time>2026-03-01T15:16:36Z</time></trkpt>
			<trkpt lat="47.358320" lon="-1.172340"><ele>10</ele><time>2026-03-01T15:16:48Z</time></trkpt>
			<trkpt lat="47.358210" lon="-1.172540"><ele>10</ele><time>2026-03-01T15:17:00Z</time></trkpt>
			<trkpt lat="47.358040" lon="-1.172910"><ele>11</ele><time>2026-03-01T15:17:12Z</time></trkpt>
			<trkpt lat="47.357980" lon="-1.173050"><ele>11</ele><time>2026-03-01T15:17:24Z</time></trkpt>
			<trkpt lat="47.357930" lon="-1.173160"><ele>11</ele><time>2026-03-01T15:17:36Z</time></trkpt>
			<trkpt lat="47.357830" lon="-1.173370"><ele>11</ele><time>2026-03-01T15:17:48Z</time></trkpt>
			<trkpt lat="47.357720" lon="-1.173590"><ele>11</ele><time>2026-03-01T15:18:00Z</time></trkpt>
			<trkpt lat="47.357660" lon="-1.173700"><ele>12</ele><time>2026-03-01T15:18:12Z</time></trkpt>
			<trkpt lat="47.357620" lon="-1.173800"><ele>12</ele><time>2026-03-01T15:18:24Z</time></trkpt>
			<trkpt lat="47.357560" lon="-1.173940"><ele>12</ele><time>2026-03-01T15:18:36Z</time></trkpt>
			<trkpt lat="47.357510" lon="-1.174140"><ele>12</ele><time>2026-03-01T15:18:48Z</time></trkpt>
			<trkpt lat="47.358740" lon="-1.174790"><ele>10</ele><time>2026-03-01T15:19:00Z</time></trkpt>
			<trkpt lat="47.359110" lon="-1.174980"><ele>10</ele><time>2026-03-01T15:19:12Z</time></trkpt>
			<trkpt lat="47.359640" lon="-1.175260"><ele>10</ele><time>2026-03-01T15:19:24Z</time></trkpt>
			<trkpt lat="47.359860" lon="-1.175380"><ele>10</ele><time>2026-03-01T15:19:36Z</time></trkpt>
			<trkpt lat="47.363510" lon="-1.177280"><ele>10</ele><time>2026-03-01T15:19:48Z</time></trkpt>
			<trkpt lat="47.363610" lon="-1.177330"><ele>11</ele><time>2026-03-01T15:20:00Z</time></trkpt>
			<trkpt lat="47.363620" lon="-1.177290"><ele>11</ele><time>2026-03-01T15:20:12Z</time></trkpt>
			<trkpt lat="47.363650" lon="-1.177260"><ele>11</ele><time>2026-03-01T15:20:24Z</time></trkpt>
			<trkpt lat="47.363680" lon="-1.177250"><ele>11</ele><time>2026-03-01T15:20:36Z</time></trkpt>
			<trkpt lat="47.363710" lon="-1.177260"><ele>12</ele><time>2026-03-01T15:20:48Z</time></trkpt>
			<trkpt lat="47.363740" lon="-1.177320"><ele>12</ele><time>2026-03-01T15:21:00Z</time></trkpt>
			<trkpt lat="47.363740" lon="-1.177390"><ele>12</ele><time>2026-03-01T15:21:12Z</time></trkpt>
			<trkpt lat="47.363720" lon="-1.177430"><ele>12</ele><time>2026-03-01T15:21:24Z</time></trkpt>
			<trkpt lat="47.363700" lon="-1.177460"><ele>12</ele><time>2026-03-01T15:21:36Z</time></trkpt>
			<trkpt lat="47.363660" lon="-1.177460"><ele>12</ele><time>2026-03-01T15:21:48Z</time></trkpt>
			<trkpt lat="47.363630" lon="-1.177440"><ele>11</ele><time>2026-03-01T15:22:00Z</time></trkpt>
			<trkpt lat="47.363590" lon="-1.177480"><ele>11</ele><time>2026-03-01T15:22:12Z</time></trkpt>
			<trkpt lat="47.363530" lon="-1.177600"><ele>11</ele><time>2026-03-01T15:22:24Z</time></trkpt>
			<trkpt lat="47.363470" lon="-1.177850"><ele>11</ele><time>2026-03-01T15:22:36Z</time></trkpt>
			<trkpt lat="47.363450" lon="-1.177940"><ele>11</ele><time>2026-03-01T15:22:48Z</time></trkpt>
			<trkpt lat="47.363430" lon="-1.177990"><ele>11</ele><time>2026-03-01T15:23:00Z</time></trkpt>
			<trkpt lat="47.363370" lon="-1.178230"><ele>11</ele><time>2026-03-01T15:23:12Z</time></trkpt>
			<trkpt lat="47.363320" lon="-1.178440"><ele>11</ele><time>2026-03-01T15:23:24Z</time></trkpt>
			<trkpt lat="47.363240" lon="-1.178730"><ele>11</ele><time>2026-03-01T15:23:36Z</time></trkpt>
			<trkpt lat="47.363230" lon="-1.178900"><ele>11</ele><time>2026-03-01T15:23:48Z</time></trkpt>
			<trkpt lat="47.363230" lon="-1.179150"><ele>11</ele><time>2026-03-01T15:24:00Z</time></trkpt>
			<trkpt lat="47.363310" lon="-1.179910"><ele>12</ele><time>2026-03-01T15:24:12Z</time></trkpt>
			<trkpt lat="47.363340" lon="-1.180250"><ele>12</ele><time>2026-03-01T15:24:24Z</time></trkpt>
			<trkpt lat="47.363350" lon="-1.180320"><ele>12</ele><time>2026-03-01T15:24:36Z</time></trkpt>
			<trkpt lat="47.363410" lon="-1.181040"><ele>13</ele><time>2026-03-01T15:24:48Z</time></trkpt>
			<trkpt lat="47.363450" lon="-1.181600"><ele>14</ele><time>2026-03-01T15:25:00Z</time></trkpt>
			<trkpt lat="47.363510" lon="-1.182360"><ele>13</ele><time>2026-03-01T15:25:12Z</time></trkpt>
			<trkpt lat="47.363530" lon="-1.182510"><ele>13</ele><time>2026-03-01T15:25:24Z</time></trkpt>
			<trkpt lat="47.363530" lon="-1.182780"><ele>13</ele><time>2026-03-01T15:25:36Z</time></trkpt>
			<trkpt lat="47.363570" lon="-1.182790"><ele>13</ele><time>2026-03-01T15:25:48Z</time></trkpt>
			<trkpt lat="47.363600" lon="-1.182810"><ele>13</ele><time>2026-03-01T15:26:00Z</time></trkpt>
			<trkpt lat="47.363630" lon="-1.182850"><ele>13</ele><time>2026-03-01T15:26:12Z</time></trkpt>
			<trkpt lat="47.363640" lon="-1.182900"><ele>13</ele><time>2026-03-01T15:26:24Z</time></trkpt>
			<trkpt lat="47.363650" lon="-1.182950"><ele>13</ele><time>2026-03-01T15:26:36Z</time></trkpt>
			<trkpt lat="47.363640" lon="-1.183010"><ele>13</ele><time>2026-03-01T15:26:48Z</time></trkpt>
			<trkpt lat="47.363630" lon="-1.183050"><ele>13</ele><time>2026-03-01T15:27:00Z</time></trkpt>
			<trkpt lat="47.363600" lon="-1.183090"><ele>13</ele><time>2026-03-01T15:27:12Z</time></trkpt>
			<trkpt lat="47.363570" lon="-1.183120"><ele>13</ele><time>2026-03-01T15:27:24Z</time></trkpt>
			<trkpt lat="47.363540" lon="-1.183120"><ele>13</ele><time>2026-03-01T15:27:36Z</time></trkpt>
			<trkpt lat="47.363530" lon="-1.184160"><ele>11</ele><time>2026-03-01T15:27:48Z</time></trkpt>
			<trkpt lat="47.363520" lon="-1.184410"><ele>12</ele><time>2026-03-01T15:28:00Z</time></trkpt>
			<trkpt lat="47.363520" lon="-1.184670"><ele>12</ele><time>2026-03-01T15:28:12Z</time></trkpt>
			<trkpt lat="47.363520" lon="-1.185950"><ele>13</ele><time>2026-03-01T15:28:24Z</time></trkpt>
			<trkpt lat="47.363520" lon="-1.186600"><ele>13</ele><time>2026-03-01T15:28:36Z</time></trkpt>
			<trkpt lat="47.363540" lon="-1.186780"><ele>13</ele><time>2026-03-01T15:28:48Z</time></trkpt>
			<trkpt lat="47.363610" lon="-1.187040"><ele>12</ele><time>2026-03-01T15:29:00Z</time></trkpt>
			<trkpt lat="47.363690" lon="-1.187260"><ele>12</ele><time>2026-03-01T15:29:12Z</time></trkpt>
			<trkpt lat="47.363830" lon="-1.187390"><ele>12</ele><time>2026-03-01T15:29:24Z</time></trkpt>
			<trkpt lat="47.363980" lon="-1.187330"><ele>13</ele><time>2026-03-01T15:29:36Z</time></trkpt>
			<trkpt lat="47.364070" lon="-1.187290"><ele>13</ele><time>2026-03-01T15:29:48Z</time></trkpt>
			<trkpt lat="47.364110" lon="-1.187210"><ele>13</ele><time>2026-03-01T15:30:00Z</time></trkpt>
			<trkpt lat="47.364140" lon="-1.187160"><ele>13</ele><time>2026-03-01T15:30:12Z</time></trkpt>
			<trkpt lat="47.364200" lon="-1.187140"><ele>13</ele><time>2026-03-01T15:30:24Z</time></trkpt>
			<trkpt lat="47.364260" lon="-1.187150"><ele>13</ele><time>2026-03-01T15:30:36Z</time></trkpt>
			<trkpt lat="47.364300" lon="-1.187180"><ele>13</ele><time>2026-03-01T15:30:48Z</time></trkpt>
			<trkpt lat="47.364430" lon="-1.187180"><ele>13</ele><time>2026-03-01T15:31:00Z</time></trkpt>
			<trkpt lat="47.364480" lon="-1.187140"><ele>13</ele><time>2026-03-01T15:31:12Z</time></trkpt>
			<trkpt lat="47.364520" lon="-1.187190"><ele>13</ele><time>2026-03-01T15:31:24Z</time></trkpt>
			<trkpt lat="47.364560" lon="-1.187190"><ele>13</ele><time>2026-03-01T15:31:36Z</time></trkpt>
			<trkpt lat="47.364570" lon="-1.187180"><ele>13</ele><time>2026-03-01T15:31:48Z</time></trkpt>
			<trkpt lat="47.365120" lon="-1.186710"><ele>12</ele><time>2026-03-01T15:32:00Z</time></trkpt>
			<trkpt lat="47.365090" lon="-1.186600"><ele>12</ele><time>2026-03-01T15:32:12Z</time></trkpt>
			<trkpt lat="47.365430" lon="-1.186320"><ele>11</ele><time>2026-03-01T15:32:24Z</time></trkpt>
			<trkpt lat="47.365830" lon="-1.185970"><ele>10</ele><time>2026-03-01T15:32:36Z</time></trkpt>
			<trkpt lat="47.366170" lon="-1.185690"><ele>10</ele><time>2026-03-01T15:32:48Z</time></trkpt>
			<trkpt lat="47.366290" lon="-1.185610"><ele>10</ele><time>2026-03-01T15:33:00Z</time></trkpt>
			<trkpt lat="47.366360" lon="-1.185560"><ele>10</ele><time>2026-03-01T15:33:12Z</time></trkpt>
			<trkpt lat="47.366390" lon="-1.185600"><ele>10</ele><time>2026-03-01T15:33:24Z</time></trkpt>
			<trkpt lat="47.366440" lon="-1.185600"><ele>10</ele><time>2026-03-01T15:33:36Z</time></trkpt>
			<trkpt lat="47.366470" lon="-1.185550"><ele>9</ele><time>2026-03-01T15:33:48Z</time></trkpt>
			<trkpt lat="47.366470" lon="-1.185530"><ele>9</ele><time>2026-03-01T15:34:00Z</time></trkpt>
			<trkpt lat="47.366470" lon="-1.185460"><ele>10</ele><time>2026-03-01T15:34:12Z</time></trkpt>
			<trkpt lat="47.366770" lon="-1.185060"><ele>9</ele><time>2026-03-01T15:34:24Z</time></trkpt>
			<trkpt lat="47.366840" lon="-1.184940"><ele>9</ele><time>2026-03-01T15:34:36Z</time></trkpt>
			<trkpt lat="47.366900" lon="-1.184820"><ele>9</ele><time>2026-03-01T15:34:48Z</time></trkpt>
			<trkpt lat="47.366950" lon="-1.184690"><ele>9</ele><time>2026-03-01T15:35:00Z</time></trkpt>
			<trkpt lat="47.367080" lon="-1.184370"><ele>10</ele><time>2026-03-01T15:35:12Z</time></trkpt>
			<trkpt lat="47.367110" lon="-1.184230"><ele>10</ele><time>2026-03-01T15:35:24Z</time></trkpt>
			<trkpt lat="47.367130" lon="-1.184240"><ele>10</ele><time>2026-03-01T15:35:36Z</time></trkpt>
			<trkpt lat="47.367170" lon="-1.184220"><ele>10</ele><time>2026-03-01T15:35:48Z</time></trkpt>
			<trkpt lat="47.367190" lon="-1.184170"><ele>10</ele><time>2026-03-01T15:36:00Z</time></trkpt>
			<trkpt lat="47.367190" lon="-1.184110"><ele>10</ele><time>2026-03-01T15:36:12Z</time></trkpt>
			<trkpt lat="47.367160" lon="-1.184060"><ele>11</ele><time>2026-03-01T15:36:24Z</time></trkpt>
			<trkpt lat="47.367200" lon="-1.183970"><ele>11</ele><time>2026-03-01T15:36:36Z</time></trkpt>
			<trkpt lat="47.367300" lon="-1.183780"><ele>11</ele><time>2026-03-01T15:36:48Z</time></trkpt>
			<trkpt lat="47.367390" lon="-1.183480"><ele>11</ele><time>2026-03-01T15:37:00Z</time></trkpt>
			<trkpt lat="47.367450" lon="-1.183290"><ele>11</ele><time>2026-03-01T15:37:12Z</time></trkpt>
			<trkpt lat="47.367550" lon="-1.183000"><ele>11</ele><time>2026-03-01T15:37:24Z</time></trkpt>
			<trkpt lat="47.367570" lon="-1.182900"><ele>10</ele><time>2026-03-01T15:37:36Z</time></trkpt>
			<trkpt lat="47.367610" lon="-1.182900"><ele>10</ele><time>2026-03-01T15:37:48Z</time></trkpt>
			<trkpt lat="47.367640" lon="-1.182870"><ele>10</ele><time>2026-03-01T15:38:00Z</time></trkpt>
			<trkpt lat="47.367640" lon="-1.182850"><ele>10</ele><time>2026-03-01T15:38:12Z</time></trkpt>
			<trkpt lat="47.367640" lon="-1.182800"><ele>10</ele><time>2026-03-01T15:38:24Z</time></trkpt>
			<trkpt lat="47.367620" lon="-1.182760"><ele>10</ele><time>2026-03-01T15:38:36Z</time></trkpt>
			<trkpt lat="47.367820" lon="-1.182130"><ele>10</ele><time>2026-03-01T15:38:48Z</time></trkpt>
			<trkpt lat="47.367880" lon="-1.181940"><ele>10</ele><time>2026-03-01T15:39:00Z</time></trkpt>
			<trkpt lat="47.368000" lon="-1.181590"><ele>10</ele><time>2026-03-01T15:39:12Z</time></trkpt>
			<trkpt lat="47.368060" lon="-1.181380"><ele>10</ele><time>2026-03-01T15:39:24Z</time></trkpt>
			<trkpt lat="47.368090" lon="-1.181210"><ele>10</ele><time>2026-03-01T15:39:36Z</time></trkpt>
			<trkpt lat="47.368110" lon="-1.181110"><ele>10</ele><time>2026-03-01T15:39:48Z</time></trkpt>
			<trkpt lat="47.368140" lon="-1.181120"><ele>10</ele><time>2026-03-01T15:40:00Z</time></trkpt>
			<trkpt lat="47.368170" lon="-1.181090"><ele>10</ele><time>2026-03-01T15:40:12Z</time></trkpt>
			<trkpt lat="47.368180" lon="-1.181070"><ele>10</ele><time>2026-03-01T15:40:24Z</time></trkpt>
			<trkpt lat="47.368240" lon="-1.181100"><ele>10</ele><time>2026-03-01T15:40:36Z</time></trkpt>
			<trkpt lat="47.368460" lon="-1.181260"><ele>10</ele><time>2026-03-01T15:40:48Z</time></trkpt>
			<trkpt lat="47.368670" lon="-1.181420"><ele>11</ele><time>2026-03-01T15:41:00Z</time></trkpt>
			<trkpt lat="47.368700" lon="-1.181480"><ele>11</ele><time>2026-03-01T15:41:12Z</time></trkpt>
			<trkpt lat="47.368730" lon="-1.181560"><ele>11</ele><time>2026-03-01T15:41:24Z</time></trkpt>
			<trkpt lat="47.368791" lon="-1.181621"><ele>11</ele><time>2026-03-01T15:41:36Z</time></trkpt>
			<trkpt lat="47.367675" lon="-1.181625"><ele>11</ele><time>2026-03-01T15:41:48Z</time></trkpt>
			<trkpt lat="47.366558" lon="-1.181628"><ele>11</ele><time>2026-03-01T15:42:00Z</time></trkpt>
			<trkpt lat="47.365442" lon="-1.181632"><ele>11</ele><time>2026-03-01T15:42:12Z</time></trkpt>
			<trkpt lat="47.364326" lon="-1.181636"><ele>11</ele><time>2026-03-01T15:42:24Z</time></trkpt>
			<trkpt lat="47.363210" lon="-1.181640"><ele>11</ele><time>2026-03-01T15:42:36Z</time></trkpt>
		</trkseg>
	</trk>
</gpx>
