<?xml version="1.0" encoding="UTF-8" ?>
<gpx version="1.1" xmlns:xsi="http://www.w3.org/2001/XMLSchema-instance"
    xmlns="http://www.topografix.com/GPX/1/1"
    xsi:schemaLocation="http://www.topografix.com/GPX/1/1 http://www.topografix.com/GPX/1/1/gpx.xsd"
    creator="Club'O'Clock — jeu de démonstration">
	<trk>
		<name>Sud-Ouest 60 km</name>
		<trkseg>
			<trkpt lat="47.363210" lon="-1.181640"><ele>11</ele><time>2026-03-01T08:00:00Z</time></trkpt>
			<trkpt lat="47.364298" lon="-1.181593"><ele>11</ele><time>2026-03-01T08:00:12Z</time></trkpt>
			<trkpt lat="47.365386" lon="-1.181546"><ele>11</ele><time>2026-03-01T08:00:24Z</time></trkpt>
			<trkpt lat="47.366474" lon="-1.181499"><ele>11</ele><time>2026-03-01T08:00:36Z</time></trkpt>
			<trkpt lat="47.367562" lon="-1.181452"><ele>11</ele><time>2026-03-01T08:00:48Z</time></trkpt>
			<trkpt lat="47.368650" lon="-1.181405"><ele>11</ele><time>2026-03-01T08:01:00Z</time></trkpt>
			<trkpt lat="47.368460" lon="-1.181260"><ele>10</ele><time>2026-03-01T08:01:12Z</time></trkpt>
			<trkpt lat="47.368240" lon="-1.181100"><ele>10</ele><time>2026-03-01T08:01:24Z</time></trkpt>
			<trkpt lat="47.368180" lon="-1.181070"><ele>10</ele><time>2026-03-01T08:01:36Z</time></trkpt>
			<trkpt lat="47.368170" lon="-1.181090"><ele>10</ele><time>2026-03-01T08:01:48Z</time></trkpt>
			<trkpt lat="47.368140" lon="-1.181120"><ele>10</ele><time>2026-03-01T08:02:00Z</time></trkpt>
			<trkpt lat="47.368110" lon="-1.181110"><ele>10</ele><time>2026-03-01T08:02:12Z</time></trkpt>
			<trkpt lat="47.368090" lon="-1.181210"><ele>10</ele><time>2026-03-01T08:02:24Z</time></trkpt>
			<trkpt lat="47.368060" lon="-1.181380"><ele>10</ele><time>2026-03-01T08:02:36Z</time></trkpt>
			<trkpt lat="47.368000" lon="-1.181590"><ele>10</ele><time>2026-03-01T08:02:48Z</time></trkpt>
			<trkpt lat="47.367940" lon="-1.181760"><ele>10</ele><time>2026-03-01T08:03:00Z</time></trkpt>
			<trkpt lat="47.367870" lon="-1.181990"><ele>10</ele><time>2026-03-01T08:03:12Z</time></trkpt>
			<trkpt lat="47.367620" lon="-1.182760"><ele>10</ele><time>2026-03-01T08:03:24Z</time></trkpt>
			<trkpt lat="47.367640" lon="-1.182800"><ele>10</ele><time>2026-03-01T08:03:36Z</time></trkpt>
			<trkpt lat="47.367640" lon="-1.182850"><ele>10</ele><time>2026-03-01T08:03:48Z</time></trkpt>
			<trkpt lat="47.367640" lon="-1.182870"><ele>10</ele><time>2026-03-01T08:04:00Z</time></trkpt>
			<trkpt lat="47.367610" lon="-1.182900"><ele>10</ele><time>2026-03-01T08:04:12Z</time></trkpt>
			<trkpt lat="47.367570" lon="-1.182900"><ele>10</ele><time>2026-03-01T08:04:24Z</time></trkpt>
			<trkpt lat="47.367550" lon="-1.183000"><ele>11</ele><time>2026-03-01T08:04:36Z</time></trkpt>
			<trkpt lat="47.367470" lon="-1.183260"><ele>11</ele><time>2026-03-01T08:04:48Z</time></trkpt>
			<trkpt lat="47.367400" lon="-1.183450"><ele>11</ele><time>2026-03-01T08:05:00Z</time></trkpt>
			<trkpt lat="47.367300" lon="-1.183780"><ele>11</ele><time>2026-03-01T08:05:12Z</time></trkpt>
			<trkpt lat="47.367200" lon="-1.183970"><ele>11</ele><time>2026-03-01T08:05:24Z</time></trkpt>
			<trkpt lat="47.367160" lon="-1.184060"><ele>11</ele><time>2026-03-01T08:05:36Z</time></trkpt>
			<trkpt lat="47.367190" lon="-1.184110"><ele>10</ele><time>2026-03-01T08:05:48Z</time></trkpt>
			<trkpt lat="47.367190" lon="-1.184170"><ele>10</ele><time>2026-03-01T08:06:00Z</time></trkpt>
			<trkpt lat="47.367170" lon="-1.184220"><ele>10</ele><time>2026-03-01T08:06:12Z</time></trkpt>
			<trkpt lat="47.367130" lon="-1.184240"><ele>10</ele><time>2026-03-01T08:06:24Z</time></trkpt>
			<trkpt lat="47.367110" lon="-1.184230"><ele>10</ele><time>2026-03-01T08:06:36Z</time></trkpt>
			<trkpt lat="47.367080" lon="-1.184370"><ele>10</ele><time>2026-03-01T08:06:48Z</time></trkpt>
			<trkpt lat="47.366900" lon="-1.184820"><ele>9</ele><time>2026-03-01T08:07:00Z</time></trkpt>
			<trkpt lat="47.366870" lon="-1.184870"><ele>9</ele><time>2026-03-01T08:07:12Z</time></trkpt>
			<trkpt lat="47.366790" lon="-1.185020"><ele>9</ele><time>2026-03-01T08:07:24Z</time></trkpt>
			<trkpt lat="47.366470" lon="-1.185460"><ele>10</ele><time>2026-03-01T08:07:36Z</time></trkpt>
			<trkpt lat="47.366470" lon="-1.185530"><ele>9</ele><time>2026-03-01T08:07:48Z</time></trkpt>
			<trkpt lat="47.366470" lon="-1.185550"><ele>9</ele><time>2026-03-01T08:08:00Z</time></trkpt>
			<trkpt lat="47.366440" lon="-1.185600"><ele>10</ele><time>2026-03-01T08:08:12Z</time></trkpt>
			<trkpt lat="47.366390" lon="-1.185600"><ele>10</ele><time>2026-03-01T08:08:24Z</time></trkpt>
			<trkpt lat="47.366360" lon="-1.185560"><ele>10</ele><time>2026-03-01T08:08:36Z</time></trkpt>
			<trkpt lat="47.366290" lon="-1.185610"><ele>10</ele><time>2026-03-01T08:08:48Z</time></trkpt>
			<trkpt lat="47.366170" lon="-1.185690"><ele>10</ele><time>2026-03-01T08:09:00Z</time></trkpt>
			<trkpt lat="47.365560" lon="-1.186210"><ele>11</ele><time>2026-03-01T08:09:12Z</time></trkpt>
			<trkpt lat="47.365400" lon="-1.186340"><ele>11</ele><time>2026-03-01T08:09:24Z</time></trkpt>
			<trkpt lat="47.365090" lon="-1.186600"><ele>12</ele><time>2026-03-01T08:09:36Z</time></trkpt>
			<trkpt lat="47.364870" lon="-1.186790"><ele>12</ele><time>2026-03-01T08:09:48Z</time></trkpt>
			<trkpt lat="47.364720" lon="-1.186910"><ele>13</ele><time>2026-03-01T08:10:00Z</time></trkpt>
			<trkpt lat="47.364520" lon="-1.187080"><ele>13</ele><time>2026-03-01T08:10:12Z</time></trkpt>
			<trkpt lat="47.364480" lon="-1.187140"><ele>13</ele><time>2026-03-01T08:10:24Z</time></trkpt>
			<trkpt lat="47.364430" lon="-1.187180"><ele>13</ele><time>2026-03-01T08:10:36Z</time></trkpt>
			<trkpt lat="47.364360" lon="-1.187320"><ele>13</ele><time>2026-03-01T08:10:48Z</time></trkpt>
			<trkpt lat="47.364360" lon="-1.187370"><ele>13</ele><time>2026-03-01T08:11:00Z</time></trkpt>
			<trkpt lat="47.364340" lon="-1.187450"><ele>13</ele><time>2026-03-01T08:11:12Z</time></trkpt>
			<trkpt lat="47.364310" lon="-1.187520"><ele>13</ele><time>2026-03-01T08:11:24Z</time></trkpt>
			<trkpt lat="47.364270" lon="-1.187550"><ele>13</ele><time>2026-03-01T08:11:36Z</time></trkpt>
			<trkpt lat="47.364230" lon="-1.187570"><ele>13</ele><time>2026-03-01T08:11:48Z</time></trkpt>
			<trkpt lat="47.364190" lon="-1.187570"><ele>13</ele><time>2026-03-01T08:12:00Z</time></trkpt>
			<trkpt lat="47.364160" lon="-1.187560"><ele>13</ele><time>2026-03-01T08:12:12Z</time></trkpt>
			<trkpt lat="47.364120" lon="-1.187530"><ele>13</ele><time>2026-03-01T08:12:24Z</time></trkpt>
			<trkpt lat="47.364030" lon="-1.187570"><ele>13</ele><time>2026-03-01T08:12:36Z</time></trkpt>
			<trkpt lat="47.363860" lon="-1.187650"><ele>12</ele><time>2026-03-01T08:12:48Z</time></trkpt>
			<trkpt lat="47.363820" lon="-1.187660"><ele>12</ele><time>2026-03-01T08:13:00Z</time></trkpt>
			<trkpt lat="47.363770" lon="-1.187640"><ele>12</ele><time>2026-03-01T08:13:12Z</time></trkpt>
			<trkpt lat="47.363740" lon="-1.187610"><ele>12</ele><time>2026-03-01T08:13:24Z</time></trkpt>
			<trkpt lat="47.363730" lon="-1.187570"><ele>12</ele><time>2026-03-01T08:13:36Z</time></trkpt>
			<trkpt lat="47.363720" lon="-1.187530"><ele>12</ele><time>2026-03-01T08:13:48Z</time></trkpt>
			<trkpt lat="47.363720" lon="-1.187470"><ele>12</ele><time>2026-03-01T08:14:00Z</time></trkpt>
			<trkpt lat="47.363690" lon="-1.187260"><ele>12</ele><time>2026-03-01T08:14:12Z</time></trkpt>
			<trkpt lat="47.363610" lon="-1.187070"><ele>12</ele><time>2026-03-01T08:14:24Z</time></trkpt>
			<trkpt lat="47.363590" lon="-1.186980"><ele>12</ele><time>2026-03-01T08:14:36Z</time></trkpt>
			<trkpt lat="47.363540" lon="-1.186780"><ele>13</ele><time>2026-03-01T08:14:48Z</time></trkpt>
			<trkpt lat="47.363520" lon="-1.186600"><ele>13</ele><time>2026-03-01T08:15:00Z</time></trkpt>
			<trkpt lat="47.363520" lon="-1.186200"><ele>13</ele><time>2026-03-01T08:15:12Z</time></trkpt>
			<trkpt lat="47.363520" lon="-1.185920"><ele>13</ele><time>2026-03-01T08:15:24Z</time></trkpt>
			<trkpt lat="47.363520" lon="-1.184670"><ele>12</ele><time>2026-03-01T08:15:36Z</time></trkpt>
			<trkpt lat="47.363530" lon="-1.183840"><ele>12</ele><time>2026-03-01T08:15:48Z</time></trkpt>
			<trkpt lat="47.363530" lon="-1.183680"><ele>12</ele><time>2026-03-01T08:16:00Z</time></trkpt>
			<trkpt lat="47.363540" lon="-1.183120"><ele>13</ele><time>2026-03-01T08:16:12Z</time></trkpt>
			<trkpt lat="47.363500" lon="-1.183120"><ele>13</ele><time>2026-03-01T08:16:24Z</time></trkpt>
			<trkpt lat="47.363460" lon="-1.183090"><ele>13</ele><time>2026-03-01T08:16:36Z</time></trkpt>
			<trkpt lat="47.363430" lon="-1.183050"><ele>13</ele><time>2026-03-01T08:16:48Z</time></trkpt>
			<trkpt lat="47.363420" lon="-1.183000"><ele>13</ele><time>2026-03-01T08:17:00Z</time></trkpt>
			<trkpt lat="47.363420" lon="-1.182940"><ele>13</ele><time>2026-03-01T08:17:12Z</time></trkpt>
			<trkpt lat="47.363430" lon="-1.182880"><ele>13</ele><time>2026-03-01T08:17:24Z</time></trkpt>
			<trkpt lat="47.363440" lon="-1.182840"><ele>13</ele><time>2026-03-01T08:17:36Z</time></trkpt>
			<trkpt lat="47.363470" lon="-1.182810"><ele>13</ele><time>2026-03-01T08:17:48Z</time></trkpt>
			<trkpt lat="47.363500" lon="-1.182790"><ele>13</ele><time>2026-03-01T08:18:00Z</time></trkpt>
			<trkpt lat="47.363530" lon="-1.182780"><ele>13</ele><time>2026-03-01T08:18:12Z</time></trkpt>
			<trkpt lat="47.363530" lon="-1.182510"><ele>13</ele><time>2026-03-01T08:18:24Z</time></trkpt>
			<trkpt lat="47.363460" lon="-1.181720"><ele>14</ele><time>2026-03-01T08:18:36Z</time></trkpt>
			<trkpt lat="47.363450" lon="-1.181510"><ele>14</ele><time>2026-03-01T08:18:48Z</time></trkpt>
			<trkpt lat="47.363410" lon="-1.181040"><ele>13</ele><time>2026-03-01T08:19:00Z</time></trkpt>
			<trkpt lat="47.363340" lon="-1.180250"><ele>12</ele><time>2026-03-01T08:19:12Z</time></trkpt>
			<trkpt lat="47.363290" lon="-1.179710"><ele>12</ele><time>2026-03-01T08:19:24Z</time></trkpt>
			<trkpt lat="47.363230" lon="-1.179150"><ele>11</ele><time>2026-03-01T08:19:36Z</time></trkpt>
			<trkpt lat="47.363230" lon="-1.178900"><ele>11</ele><time>2026-03-01T08:19:48Z</time></trkpt>
			<trkpt lat="47.363240" lon="-1.178730"><ele>11</ele><time>2026-03-01T08:20:00Z</time></trkpt>
			<trkpt lat="47.363320" lon="-1.178440"><ele>11</ele><time>2026-03-01T08:20:12Z</time></trkpt>
			<trkpt lat="47.363370" lon="-1.178230"><ele>11</ele><time>2026-03-01T08:20:24Z</time></trkpt>
			<trkpt lat="47.363430" lon="-1.177990"><ele>11</ele><time>2026-03-01T08:20:36Z</time></trkpt>
			<trkpt lat="47.363450" lon="-1.177940"><ele>11</ele><time>2026-03-01T08:20:48Z</time></trkpt>
			<trkpt lat="47.363470" lon="-1.177850"><ele>11</ele><time>2026-03-01T08:21:00Z</time></trkpt>
			<trkpt lat="47.363530" lon="-1.177600"><ele>11</ele><time>2026-03-01T08:21:12Z</time></trkpt>
			<trkpt lat="47.363590" lon="-1.177480"><ele>11</ele><time>2026-03-01T08:21:24Z</time></trkpt>
			<trkpt lat="47.363630" lon="-1.177440"><ele>11</ele><time>2026-03-01T08:21:36Z</time></trkpt>
			<trkpt lat="47.363610" lon="-1.177410"><ele>11</ele><time>2026-03-01T08:21:48Z</time></trkpt>
			<trkpt lat="47.363610" lon="-1.177370"><ele>11</ele><time>2026-03-01T08:22:00Z</time></trkpt>
			<trkpt lat="47.363610" lon="-1.177330"><ele>11</ele><time>2026-03-01T08:22:12Z</time></trkpt>
			<trkpt lat="47.363510" lon="-1.177280"><ele>10</ele><time>2026-03-01T08:22:24Z</time></trkpt>
			<trkpt lat="47.359860" lon="-1.175380"><ele>10</ele><time>2026-03-01T08:22:36Z</time></trkpt>
			<trkpt lat="47.359640" lon="-1.175260"><ele>10</ele><time>2026-03-01T08:22:48Z</time></trkpt>
			<trkpt lat="47.359110" lon="-1.174980"><ele>10</ele><time>2026-03-01T08:23:00Z</time></trkpt>
			<trkpt lat="47.358740" lon="-1.174790"><ele>10</ele><time>2026-03-01T08:23:12Z</time></trkpt>
			<trkpt lat="47.357510" lon="-1.174140"><ele>12</ele><time>2026-03-01T08:23:24Z</time></trkpt>
			<trkpt lat="47.357390" lon="-1.174460"><ele>11</ele><time>2026-03-01T08:23:36Z</time></trkpt>
			<trkpt lat="47.357300" lon="-1.174670"><ele>11</ele><time>2026-03-01T08:23:48Z</time></trkpt>
			<trkpt lat="47.357280" lon="-1.174730"><ele>11</ele><time>2026-03-01T08:24:00Z</time></trkpt>
			<trkpt lat="47.357150" lon="-1.175170"><ele>10</ele><time>2026-03-01T08:24:12Z</time></trkpt>
			<trkpt lat="47.357090" lon="-1.175500"><ele>9</ele><time>2026-03-01T08:24:24Z</time></trkpt>
			<trkpt lat="47.357040" lon="-1.175780"><ele>9</ele><time>2026-03-01T08:24:36Z</time></trkpt>
			<trkpt lat="47.356990" lon="-1.176010"><ele>9</ele><time>2026-03-01T08:24:48Z</time></trkpt>
			<trkpt lat="47.356590" lon="-1.177390"><ele>9</ele><time>2026-03-01T08:25:00Z</time></trkpt>
			<trkpt lat="47.356530" lon="-1.177630"><ele>9</ele><time>2026-03-01T08:25:12Z</time></trkpt>
			<trkpt lat="47.356440" lon="-1.177870"><ele>8</ele><time>2026-03-01T08:25:24Z</time></trkpt>
			<trkpt lat="47.355740" lon="-1.179400"><ele>10</ele><time>2026-03-01T08:25:36Z</time></trkpt>
			<trkpt lat="47.355010" lon="-1.181080"><ele>8</ele><time>2026-03-01T08:25:48Z</time></trkpt>
			<trkpt lat="47.354480" lon="-1.182180"><ele>8</ele><time>2026-03-01T08:26:00Z</time></trkpt>
			<trkpt lat="47.354470" lon="-1.182200"><ele>8</ele><time>2026-03-01T08:26:12Z</time></trkpt>
			<trkpt lat="47.353930" lon="-1.183180"><ele>8</ele><time>2026-03-01T08:26:24Z</time></trkpt>
			<trkpt lat="47.353900" lon="-1.183230"><ele>8</ele><time>2026-03-01T08:26:36Z</time></trkpt>
			<trkpt lat="47.353660" lon="-1.183960"><ele>9</ele><time>2026-03-01T08:26:48Z</time></trkpt>
			<trkpt lat="47.353590" lon="-1.184120"><ele>9</ele><time>2026-03-01T08:27:00Z</time></trkpt>
			<trkpt lat="47.353450" lon="-1.184290"><ele>9</ele><time>2026-03-01T08:27:12Z</time></trkpt>
			<trkpt lat="47.353000" lon="-1.184800"><ele>10</ele><time>2026-03-01T08:27:24Z</time></trkpt>
			<trkpt lat="47.352840" lon="-1.185050"><ele>10</ele><time>2026-03-01T08:27:36Z</time></trkpt>
			<trkpt lat="47.352640" lon="-1.185440"><ele>9</ele><time>2026-03-01T08:27:48Z</time></trkpt>
			<trkpt lat="47.352490" lon="-1.185820"><ele>8</ele><time>2026-03-01T08:28:00Z</time></trkpt>
			<trkpt lat="47.352190" lon="-1.186790"><ele>8</ele><time>2026-03-01T08:28:12Z</time></trkpt>
			<trkpt lat="47.351860" lon="-1.188170"><ele>8</ele><time>2026-03-01T08:28:24Z</time></trkpt>
			<trkpt lat="47.351740" lon="-1.188760"><ele>8</ele><time>2026-03-01T08:28:36Z</time></trkpt>
			<trkpt lat="47.351660" lon="-1.189390"><ele>9</ele><time>2026-03-01T08:28:48Z</time></trkpt>
			<trkpt lat="47.351640" lon="-1.190330"><ele>8</ele><time>2026-03-01T08:29:00Z</time></trkpt>
			<trkpt lat="47.351580" lon="-1.190960"><ele>7</ele><time>2026-03-01T08:29:12Z</time></trkpt>
			<trkpt lat="47.351490" lon="-1.191460"><ele>8</ele><time>2026-03-01T08:29:24Z</time></trkpt>
			<trkpt lat="47.351400" lon="-1.191880"><ele>7</ele><time>2026-03-01T08:29:36Z</time></trkpt>
			<trkpt lat="47.351180" lon="-1.192620"><ele>7</ele><time>2026-03-01T08:29:48Z</time></trkpt>
			<trkpt lat="47.350860" lon="-1.193660"><ele>7</ele><time>2026-03-01T08:30:00Z</time></trkpt>
			<trkpt lat="47.350540" lon="-1.194720"><ele>5</ele><time>2026-03-01T08:30:12Z</time></trkpt>
			<trkpt lat="47.350490" lon="-1.195030"><ele>5</ele><time>2026-03-01T08:30:24Z</time></trkpt>
			<trkpt lat="47.350330" lon="-1.196420"><ele>8</ele><time>2026-03-01T08:30:36Z</time></trkpt>
			<trkpt lat="47.350280" lon="-1.197140"><ele>8</ele><time>2026-03-01T08:30:48Z</time></trkpt>
			<trkpt lat="47.350330" lon="-1.197510"><ele>8</ele><time>2026-03-01T08:31:00Z</time></trkpt>
			<trkpt lat="47.350330" lon="-1.197750"><ele>8</ele><time>2026-03-01T08:31:12Z</time></trkpt>
			<trkpt lat="47.350300" lon="-1.197990"><ele>7</ele><time>2026-03-01T08:31:24Z</time></trkpt>
			<trkpt lat="47.350160" lon="-1.198830"><ele>8</ele><time>2026-03-01T08:31:36Z</time></trkpt>
			<trkpt lat="47.350030" lon="-1.199690"><ele>8</ele><time>2026-03-01T08:31:48Z</time></trkpt>
			<trkpt lat="47.349980" lon="-1.199840"><ele>8</ele><time>2026-03-01T08:32:00Z</time></trkpt>
			<trkpt lat="47.349840" lon="-1.200090"><ele>8</ele><time>2026-03-01T08:32:12Z</time></trkpt>
			<trkpt lat="47.349660" lon="-1.200360"><ele>7</ele><time>2026-03-01T08:32:24Z</time></trkpt>
			<trkpt lat="47.349430" lon="-1.200730"><ele>7</ele><time>2026-03-01T08:32:36Z</time></trkpt>
			<trkpt lat="47.348740" lon="-1.202640"><ele>10</ele><time>2026-03-01T08:32:48Z</time></trkpt>
			<trkpt lat="47.348600" lon="-1.202770"><ele>10</ele><time>2026-03-01T08:33:00Z</time></trkpt>
			<trkpt lat="47.348490" lon="-1.202820"><ele>10</ele><time>2026-03-01T08:33:12Z</time></trkpt>
			<trkpt lat="47.348400" lon="-1.202830"><ele>11</ele><time>2026-03-01T08:33:24Z</time></trkpt>
			<trkpt lat="47.347550" lon="-1.202760"><ele>9</ele><time>2026-03-01T08:33:36Z</time></trkpt>
			<trkpt lat="47.347320" lon="-1.202760"><ele>9</ele><time>2026-03-01T08:33:48Z</time></trkpt>
			<trkpt lat="47.347130" lon="-1.202800"><ele>9</ele><time>2026-03-01T08:34:00Z</time></trkpt>
			<trkpt lat="47.346970" lon="-1.202920"><ele>8</ele><time>2026-03-01T08:34:12Z</time></trkpt>
			<trkpt lat="47.346610" lon="-1.203310"><ele>7</ele><time>2026-03-01T08:34:24Z</time></trkpt>
			<trkpt lat="47.346420" lon="-1.203520"><ele>7</ele><time>2026-03-01T08:34:36Z</time></trkpt>
			<trkpt lat="47.346260" lon="-1.203700"><ele>7</ele><time>2026-03-01T08:34:48Z</time></trkpt>
			<trkpt lat="47.345730" lon="-1.204320"><ele>6</ele><time>2026-03-01T08:35:00Z</time></trkpt>
			<trkpt lat="47.345600" lon="-1.204400"><ele>6</ele><time>2026-03-01T08:35:12Z</time></trkpt>
			<trkpt lat="47.345410" lon="-1.204460"><ele>7</ele><time>2026-03-01T08:35:24Z</time></trkpt>
			<trkpt lat="47.345260" lon="-1.204440"><ele>7</ele><time>2026-03-01T08:35:36Z</time></trkpt>
			<trkpt lat="47.344940" lon="-1.204330"><ele>8</ele><time>2026-03-01T08:35:48Z</time></trkpt>
			<trkpt lat="47.344900" lon="-1.204310"><ele>8</ele><time>2026-03-01T08:36:00Z</time></trkpt>
			<trkpt lat="47.344500" lon="-1.204170"><ele>11</ele><time>2026-03-01T08:36:12Z</time></trkpt>
			<trkpt lat="47.344010" lon="-1.204020"><ele>14</ele><time>2026-03-01T08:36:24Z</time></trkpt>
			<trkpt lat="47.343960" lon="-1.204190"><ele>15</ele><time>2026-03-01T08:36:36Z</time></trkpt>
			<trkpt lat="47.343900" lon="-1.204390"><ele>15</ele><time>2026-03-01T08:36:48Z</time></trkpt>
			<trkpt lat="47.343740" lon="-1.204730"><ele>16</ele><time>2026-03-01T08:37:00Z</time></trkpt>
			<trkpt lat="47.343230" lon="-1.205530"><ele>19</ele><time>2026-03-01T08:37:12Z</time></trkpt>
			<trkpt lat="47.343080" lon="-1.205790"><ele>20</ele><time>2026-03-01T08:37:24Z</time></trkpt>
			<trkpt lat="47.342980" lon="-1.206060"><ele>21</ele><time>2026-03-01T08:37:36Z</time></trkpt>
			<trkpt lat="47.342920" lon="-1.206270"><ele>23</ele><time>2026-03-01T08:37:48Z</time></trkpt>
			<trkpt lat="47.342860" lon="-1.206590"><ele>24</ele><time>2026-03-01T08:38:00Z</time></trkpt>
			<trkpt lat="47.342730" lon="-1.207340"><ele>26</ele><time>2026-03-01T08:38:12Z</time></trkpt>
			<trkpt lat="47.342500" lon="-1.208750"><ele>21</ele><time>2026-03-01T08:38:24Z</time></trkpt>
			<trkpt lat="47.342410" lon="-1.209290"><ele>21</ele><time>2026-03-01T08:38:36Z</time></trkpt>
			<trkpt lat="47.342230" lon="-1.210350"><ele>22</ele><time>2026-03-01T08:38:48Z</time></trkpt>
			<trkpt lat="47.342160" lon="-1.210700"><ele>22</ele><time>2026-03-01T08:39:00Z</time></trkpt>
			<trkpt lat="47.341950" lon="-1.211440"><ele>19</ele><time>2026-03-01T08:39:12Z</time></trkpt>
			<trkpt lat="47.341800" lon="-1.211970"><ele>18</ele><time>2026-03-01T08:39:24Z</time></trkpt>
			<trkpt lat="47.341740" lon="-1.212200"><ele>19</ele><time>2026-03-01T08:39:36Z</time></trkpt>
			<trkpt lat="47.341680" lon="-1.212510"><ele>19</ele><time>2026-03-01T08:39:48Z</time></trkpt>
			<trkpt lat="47.341640" lon="-1.212840"><ele>20</ele><time>2026-03-01T08:40:00Z</time></trkpt>
			<trkpt lat="47.341610" lon="-1.213200"><ele>21</ele><time>2026-03-01T08:40:12Z</time></trkpt>
			<trkpt lat="47.341610" lon="-1.213810"><ele>20</ele><time>2026-03-01T08:40:24Z</time></trkpt>
			<trkpt lat="47.341600" lon="-1.214760"><ele>22</ele><time>2026-03-01T08:40:36Z</time></trkpt>
			<trkpt lat="47.341610" lon="-1.216860"><ele>23</ele><time>2026-03-01T08:40:48Z</time></trkpt>
			<trkpt lat="47.341620" lon="-1.217230"><ele>21</ele><time>2026-03-01T08:41:00Z</time></trkpt>
			<trkpt lat="47.341710" lon="-1.217960"><ele>17</ele><time>2026-03-01T08:41:12Z</time></trkpt>
			<trkpt lat="47.341730" lon="-1.218280"><ele>16</ele><time>2026-03-01T08:41:24Z</time></trkpt>
			<trkpt lat="47.341730" lon="-1.218620"><ele>16</ele><time>2026-03-01T08:41:36Z</time></trkpt>
			<trkpt lat="47.341550" lon="-1.221300"><ele>18</ele><time>2026-03-01T08:41:48Z</time></trkpt>
			<trkpt lat="47.341430" lon="-1.222070"><ele>20</ele><time>2026-03-01T08:42:00Z</time></trkpt>
			<trkpt lat="47.341230" lon="-1.223080"><ele>20</ele><time>2026-03-01T08:42:12Z</time></trkpt>
			<trkpt lat="47.341040" lon="-1.224050"><ele>19</ele><time>2026-03-01T08:42:24Z</time></trkpt>
			<trkpt lat="47.340850" lon="-1.225500"><ele>17</ele><time>2026-03-01T08:42:36Z</time></trkpt>
			<trkpt lat="47.340660" lon="-1.227020"><ele>15</ele><time>2026-03-01T08:42:48Z</time></trkpt>
			<trkpt lat="47.340620" lon="-1.227270"><ele>14</ele><time>2026-03-01T08:43:00Z</time></trkpt>
			<trkpt lat="47.340550" lon="-1.227510"><ele>14</ele><time>2026-03-01T08:43:12Z</time></trkpt>
			<trkpt lat="47.340350" lon="-1.228100"><ele>16</ele><time>2026-03-01T08:43:24Z</time></trkpt>
			<trkpt lat="47.340280" lon="-1.228440"><ele>17</ele><time>2026-03-01T08:43:36Z</time></trkpt>
			<trkpt lat="47.339970" lon="-1.230960"><ele>11</ele><time>2026-03-01T08:43:48Z</time></trkpt>
			<trkpt lat="47.339960" lon="-1.231440"><ele>12</ele><time>2026-03-01T08:44:00Z</time></trkpt>
			<trkpt lat="47.339920" lon="-1.231450"><ele>12</ele><time>2026-03-01T08:44:12Z</time></trkpt>
			<trkpt lat="47.339530" lon="-1.231590"><ele>14</ele><time>2026-03-01T08:44:24Z</time></trkpt>
			<trkpt lat="47.339430" lon="-1.231650"><ele>15</ele><time>2026-03-01T08:44:36Z</time></trkpt>
			<trkpt lat="47.339370" lon="-1.231710"><ele>15</ele><time>2026-03-01T08:44:48Z</time></trkpt>
			<trkpt lat="47.339320" lon="-1.231790"><ele>16</ele><time>2026-03-01T08:45:00Z</time></trkpt>
			<trkpt lat="47.339220" lon="-1.232060"><ele>19</ele><time>2026-03-01T08:45:12Z</time></trkpt>
			<trkpt lat="47.339190" lon="-1.232130"><ele>20</ele><time>2026-03-01T08:45:24Z</time></trkpt>
			<trkpt lat="47.339130" lon="-1.232180"><ele>21</ele><time>2026-03-01T08:45:36Z</time></trkpt>
			<trkpt lat="47.338880" lon="-1.232260"><ele>23</ele><time>2026-03-01T08:45:48Z</time></trkpt>
			<trkpt lat="47.338520" lon="-1.232430"><ele>26</ele><time>2026-03-01T08:46:00Z</time></trkpt>
			<trkpt lat="47.338440" lon="-1.232450"><ele>27</ele><time>2026-03-01T08:46:12Z</time></trkpt>
			<trkpt lat="47.338360" lon="-1.232440"><ele>27</ele><time>2026-03-01T08:46:24Z</time></trkpt>
			<trkpt lat="47.338070" lon="-1.232340"><ele>27</ele><time>2026-03-01T08:46:36Z</time></trkpt>
			<trkpt lat="47.337930" lon="-1.232310"><ele>27</ele><time>2026-03-01T08:46:48Z</time></trkpt>
			<trkpt lat="47.337740" lon="-1.232380"><ele>28</ele><time>2026-03-01T08:47:00Z</time></trkpt>
			<trkpt lat="47.337610" lon="-1.232500"><ele>29</ele><time>2026-03-01T08:47:12Z</time></trkpt>
			<trkpt lat="47.337480" lon="-1.232670"><ele>29</ele><time>2026-03-01T08:47:24Z</time></trkpt>
			<trkpt lat="47.336860" lon="-1.233790"><ele>32</ele><time>2026-03-01T08:47:36Z</time></trkpt>
			<trkpt lat="47.336700" lon="-1.233990"><ele>33</ele><time>2026-03-01T08:47:48Z</time></trkpt>
			<trkpt lat="47.336490" lon="-1.234180"><ele>34</ele><time>2026-03-01T08:48:00Z</time></trkpt>
			<trkpt lat="47.336200" lon="-1.234380"><ele>35</ele><time>2026-03-01T08:48:12Z</time></trkpt>
			<trkpt lat="47.335980" lon="-1.234490"><ele>36</ele><time>2026-03-01T08:48:24Z</time></trkpt>
			<trkpt lat="47.334570" lon="-1.234770"><ele>45</ele><time>2026-03-01T08:48:36Z</time></trkpt>
			<trkpt lat="47.334400" lon="-1.234820"><ele>46</ele><time>2026-03-01T08:48:48Z</time></trkpt>
			<trkpt lat="47.334230" lon="-1.234900"><ele>47</ele><time>2026-03-01T08:49:00Z</time></trkpt>
			<trkpt lat="47.334090" lon="-1.235000"><ele>48</ele><time>2026-03-01T08:49:12Z</time></trkpt>
			<trkpt lat="47.333730" lon="-1.235300"><ele>50</ele><time>2026-03-01T08:49:24Z</time></trkpt>
			<trkpt lat="47.333450" lon="-1.235580"><ele>53</ele><time>2026-03-01T08:49:36Z</time></trkpt>
			<trkpt lat="47.332970" lon="-1.236140"><ele>56</ele><time>2026-03-01T08:49:48Z</time></trkpt>
			<trkpt lat="47.332740" lon="-1.236500"><ele>56</ele><time>2026-03-01T08:50:00Z</time></trkpt>
			<trkpt lat="47.332370" lon="-1.237180"><ele>59</ele><time>2026-03-01T08:50:12Z</time></trkpt>
			<trkpt lat="47.332100" lon="-1.237730"><ele>62</ele><time>2026-03-01T08:50:24Z</time></trkpt>
			<trkpt lat="47.332030" lon="-1.237940"><ele>63</ele><time>2026-03-01T08:50:36Z</time></trkpt>
			<trkpt lat="47.331910" lon="-1.238320"><ele>65</ele><time>2026-03-01T08:50:48Z</time></trkpt>
			<trkpt lat="47.331820" lon="-1.238700"><ele>66</ele><time>2026-03-01T08:51:00Z</time></trkpt>
			<trkpt lat="47.331770" lon="-1.238980"><ele>67</ele><time>2026-03-01T08:51:12Z</time></trkpt>
			<trkpt lat="47.331730" lon="-1.239260"><ele>68</ele><time>2026-03-01T08:51:24Z</time></trkpt>
			<trkpt lat="47.331710" lon="-1.239630"><ele>69</ele><time>2026-03-01T08:51:36Z</time></trkpt>
			<trkpt lat="47.331710" lon="-1.240290"><ele>70</ele><time>2026-03-01T08:51:48Z</time></trkpt>
			<trkpt lat="47.331710" lon="-1.241200"><ele>71</ele><time>2026-03-01T08:52:00Z</time></trkpt>
			<trkpt lat="47.331720" lon="-1.241840"><ele>70</ele><time>2026-03-01T08:52:12Z</time></trkpt>
			<trkpt lat="47.331740" lon="-1.241980"><ele>70</ele><time>2026-03-01T08:52:24Z</time></trkpt>
			<trkpt lat="47.331760" lon="-1.242110"><ele>70</ele><time>2026-03-01T08:52:36Z</time></trkpt>
			<trkpt lat="47.331920" lon="-1.242620"><ele>68</ele><time>2026-03-01T08:52:48Z</time></trkpt>
			<trkpt lat="47.331950" lon="-1.242780"><ele>68</ele><time>2026-03-01T08:53:00Z</time></trkpt>
			<trkpt lat="47.331990" lon="-1.243100"><ele>68</ele><time>2026-03-01T08:53:12Z</time></trkpt>
			<trkpt lat="47.332020" lon="-1.243330"><ele>68</ele><time>2026-03-01T08:53:24Z</time></trkpt>
			<trkpt lat="47.332050" lon="-1.243520"><ele>69</ele><time>2026-03-01T08:53:36Z</time></trkpt>
			<trkpt lat="47.332120" lon="-1.243780"><ele>69</ele><time>2026-03-01T08:53:48Z</time></trkpt>
			<trkpt lat="47.332220" lon="-1.244110"><ele>70</ele><time>2026-03-01T08:54:00Z</time></trkpt>
			<trkpt lat="47.332530" lon="-1.245080"><ele>72</ele><time>2026-03-01T08:54:12Z</time></trkpt>
			<trkpt lat="47.332810" lon="-1.245980"><ele>73</ele><time>2026-03-01T08:54:24Z</time></trkpt>
			<trkpt lat="47.332940" lon="-1.246500"><ele>73</ele><time>2026-03-01T08:54:36Z</time></trkpt>
			<trkpt lat="47.333000" lon="-1.246890"><ele>73</ele><time>2026-03-01T08:54:48Z</time></trkpt>
			<trkpt lat="47.333030" lon="-1.247190"><ele>73</ele><time>2026-03-01T08:55:00Z</time></trkpt>
			<trkpt lat="47.333080" lon="-1.247810"><ele>72</ele><time>2026-03-01T08:55:12Z</time></trkpt>
			<trkpt lat="47.333190" lon="-1.248440"><ele>72</ele><time>2026-03-01T08:55:24Z</time></trkpt>
			<trkpt lat="47.333260" lon="-1.248760"><ele>71</ele><time>2026-03-01T08:55:36Z</time></trkpt>
			<trkpt lat="47.333410" lon="-1.249290"><ele>70</ele><time>2026-03-01T08:55:48Z</time></trkpt>
			<trkpt lat="47.333430" lon="-1.249370"><ele>70</ele><time>2026-03-01T08:56:00Z</time></trkpt>
			<trkpt lat="47.333520" lon="-1.249770"><ele>71</ele><time>2026-03-01T08:56:12Z</time></trkpt>
			<trkpt lat="47.333660" lon="-1.250610"><ele>72</ele><time>2026-03-01T08:56:24Z</time></trkpt>
			<trkpt lat="47.333720" lon="-1.250850"><ele>71</ele><time>2026-03-01T08:56:36Z</time></trkpt>
			<trkpt lat="47.333800" lon="-1.251020"><ele>71</ele><time>2026-03-01T08:56:48Z</time></trkpt>
			<trkpt lat="47.333910" lon="-1.251180"><ele>69</ele><time>2026-03-01T08:57:00Z</time></trkpt>
			<trkpt lat="47.334680" lon="-1.252200"><ele>70</ele><time>2026-03-01T08:57:12Z</time></trkpt>
			<trkpt lat="47.334810" lon="-1.252360"><ele>71</ele><time>2026-03-01T08:57:24Z</time></trkpt>
			<trkpt lat="47.334850" lon="-1.252430"><ele>71</ele><time>2026-03-01T08:57:36Z</time></trkpt>
			<trkpt lat="47.335030" lon="-1.252700"><ele>71</ele><time>2026-03-01T08:57:48Z</time></trkpt>
			<trkpt lat="47.335170" lon="-1.252980"><ele>71</ele><time>2026-03-01T08:58:00Z</time></trkpt>
			<trkpt lat="47.335320" lon="-1.253390"><ele>71</ele><time>2026-03-01T08:58:12Z</time></trkpt>
			<trkpt lat="47.335460" lon="-1.253890"><ele>70</ele><time>2026-03-01T08:58:24Z</time></trkpt>
			<trkpt lat="47.335500" lon="-1.254040"><ele>69</ele><time>2026-03-01T08:58:36Z</time></trkpt>
			<trkpt lat="47.335520" lon="-1.254100"><ele>69</ele><time>2026-03-01T08:58:48Z</time></trkpt>
			<trkpt lat="47.335690" lon="-1.254720"><ele>69</ele><time>2026-03-01T08:59:00Z</time></trkpt>
			<trkpt lat="47.335960" lon="-1.255710"><ele>70</ele><time>2026-03-01T08:59:12Z</time></trkpt>
			<trkpt lat="47.336020" lon="-1.256050"><ele>70</ele><time>2026-03-01T08:59:24Z</time></trkpt>
			<trkpt lat="47.336040" lon="-1.256310"><ele>70</ele><time>2026-03-01T08:59:36Z</time></trkpt>
			<trkpt lat="47.336020" lon="-1.256430"><ele>70</ele><time>2026-03-01T08:59:48Z</time></trkpt>
			<trkpt lat="47.335980" lon="-1.256510"><ele>70</ele><time>2026-03-01T09:00:00Z</time></trkpt>
			<trkpt lat="47.336020" lon="-1.256580"><ele>70</ele><time>2026-03-01T09:00:12Z</time></trkpt>
			<trkpt lat="47.336060" lon="-1.256670"><ele>70</ele><time>2026-03-01T09:00:24Z</time></trkpt>
			<trkpt lat="47.336100" lon="-1.257850"><ele>68</ele><time>2026-03-01T09:00:36Z</time></trkpt>
			<trkpt lat="47.336120" lon="-1.258070"><ele>68</ele><time>2026-03-01T09:00:48Z</time></trkpt>
			<trkpt lat="47.336160" lon="-1.258310"><ele>68</ele><time>2026-03-01T09:01:00Z</time></trkpt>
			<trkpt lat="47.336230" lon="-1.258630"><ele>68</ele><time>2026-03-01T09:01:12Z</time></trkpt>
			<trkpt lat="47.336730" lon="-1.260290"><ele>67</ele><time>2026-03-01T09:01:24Z</time></trkpt>
			<trkpt lat="47.337140" lon="-1.261670"><ele>68</ele><time>2026-03-01T09:01:36Z</time></trkpt>
			<trkpt lat="47.337260" lon="-1.262140"><ele>68</ele><time>2026-03-01T09:01:48Z</time></trkpt>
			<trkpt lat="47.337260" lon="-1.262290"><ele>68</ele><time>2026-03-01T09:02:00Z</time></trkpt>
			<trkpt lat="47.337290" lon="-1.262290"><ele>68</ele><time>2026-03-01T09:02:12Z</time></trkpt>
			<trkpt lat="47.337320" lon="-1.262340"><ele>68</ele><time>2026-03-01T09:02:24Z</time></trkpt>
			<trkpt lat="47.337330" lon="-1.262370"><ele>68</ele><time>2026-03-01T09:02:36Z</time></trkpt>
			<trkpt lat="47.337320" lon="-1.262430"><ele>68</ele><time>2026-03-01T09:02:48Z</time></trkpt>
			<trkpt lat="47.337300" lon="-1.262470"><ele>68</ele><time>2026-03-01T09:03:00Z</time></trkpt>
			<trkpt lat="47.337280" lon="-1.262480"><ele>68</ele><time>2026-03-01T09:03:12Z</time></trkpt>
			<trkpt lat="47.337230" lon="-1.262480"><ele>68</ele><time>2026-03-01T09:03:24Z</time></trkpt>
			<trkpt lat="47.337210" lon="-1.262460"><ele>68</ele><time>2026-03-01T09:03:36Z</time></trkpt>
			<trkpt lat="47.337190" lon="-1.262400"><ele>68</ele><time>2026-03-01T09:03:48Z</time></trkpt>
			<trkpt lat="47.336290" lon="-1.262720"><ele>72</ele><time>2026-03-01T09:04:00Z</time></trkpt>
			<trkpt lat="47.336230" lon="-1.262750"><ele>72</ele><time>2026-03-01T09:04:12Z</time></trkpt>
			<trkpt lat="47.335990" lon="-1.262830"><ele>72</ele><time>2026-03-01T09:04:24Z</time></trkpt>
			<trkpt lat="47.335790" lon="-1.262930"><ele>73</ele><time>2026-03-01T09:04:36Z</time></trkpt>
			<trkpt lat="47.335460" lon="-1.263130"><ele>73</ele><time>2026-03-01T09:04:48Z</time></trkpt>
			<trkpt lat="47.335120" lon="-1.263340"><ele>74</ele><time>2026-03-01T09:05:00Z</time></trkpt>
			<trkpt lat="47.334970" lon="-1.263430"><ele>74</ele><time>2026-03-01T09:05:12Z</time></trkpt>
			<trkpt lat="47.334320" lon="-1.263840"><ele>75</ele><time>2026-03-01T09:05:24Z</time></trkpt>
			<trkpt lat="47.334330" lon="-1.263890"><ele>75</ele><time>2026-03-01T09:05:36Z</time></trkpt>
			<trkpt lat="47.334320" lon="-1.263920"><ele>75</ele><time>2026-03-01T09:05:48Z</time></trkpt>
			<trkpt lat="47.334290" lon="-1.263960"><ele>75</ele><time>2026-03-01T09:06:00Z</time></trkpt>
			<trkpt lat="47.334270" lon="-1.263960"><ele>76</ele><time>2026-03-01T09:06:12Z</time></trkpt>
			<trkpt lat="47.334240" lon="-1.263940"><ele>76</ele><time>2026-03-01T09:06:24Z</time></trkpt>
			<trkpt lat="47.334200" lon="-1.264010"><ele>76</ele><time>2026-03-01T09:06:36Z</time></trkpt>
			<trkpt lat="47.334140" lon="-1.264060"><ele>76</ele><time>2026-03-01T09:06:48Z</time></trkpt>
			<trkpt lat="47.333820" lon="-1.264210"><ele>76</ele><time>2026-03-01T09:07:00Z</time></trkpt>
			<trkpt lat="47.333750" lon="-1.264210"><ele>76</ele><time>2026-03-01T09:07:12Z</time></trkpt>
			<trkpt lat="47.333690" lon="-1.264190"><ele>76</ele><time>2026-03-01T09:07:24Z</time></trkpt>
			<trkpt lat="47.333640" lon="-1.264150"><ele>76</ele><time>2026-03-01T09:07:36Z</time></trkpt>
			<trkpt lat="47.333560" lon="-1.264060"><ele>76</ele><time>2026-03-01T09:07:48Z</time></trkpt>
			<trkpt lat="47.332810" lon="-1.263000"><ele>75</ele><time>2026-03-01T09:08:00Z</time></trkpt>
			<trkpt lat="47.332600" lon="-1.262750"><ele>75</ele><time>2026-03-01T09:08:12Z</time></trkpt>
			<trkpt lat="47.331990" lon="-1.262150"><ele>74</ele><time>2026-03-01T09:08:24Z</time></trkpt>
			<trkpt lat="47.331670" lon="-1.261860"><ele>73</ele><time>2026-03-01T09:08:36Z</time></trkpt>
			<trkpt lat="47.331510" lon="-1.261720"><ele>72</ele><time>2026-03-01T09:08:48Z</time></trkpt>
			<trkpt lat="47.330680" lon="-1.261150"><ele>71</ele><time>2026-03-01T09:09:00Z</time></trkpt>
			<trkpt lat="47.330520" lon="-1.261050"><ele>72</ele><time>2026-03-01T09:09:12Z</time></trkpt>
			<trkpt lat="47.330330" lon="-1.260940"><ele>73</ele><time>2026-03-01T09:09:24Z</time></trkpt>
			<trkpt lat="47.330080" lon="-1.260840"><ele>73</ele><time>2026-03-01T09:09:36Z</time></trkpt>
			<trkpt lat="47.329930" lon="-1.260800"><ele>73</ele><time>2026-03-01T09:09:48Z</time></trkpt>
			<trkpt lat="47.329800" lon="-1.260790"><ele>73</ele><time>2026-03-01T09:10:00Z</time></trkpt>
			<trkpt lat="47.329650" lon="-1.260830"><ele>73</ele><time>2026-03-01T09:10:12Z</time></trkpt>
			<trkpt lat="47.329590" lon="-1.260860"><ele>72</ele><time>2026-03-01T09:10:24Z</time></trkpt>
			<trkpt lat="47.329520" lon="-1.260920"><ele>72</ele><time>2026-03-01T09:10:36Z</time></trkpt>
			<trkpt lat="47.329460" lon="-1.261000"><ele>72</ele><time>2026-03-01T09:10:48Z</time></trkpt>
			<trkpt lat="47.329420" lon="-1.260980"><ele>72</ele><time>2026-03-01T09:11:00Z</time></trkpt>
			<trkpt lat="47.329280" lon="-1.260950"><ele>72</ele><time>2026-03-01T09:11:12Z</time></trkpt>
			<trkpt lat="47.328720" lon="-1.260910"><ele>72</ele><time>2026-03-01T09:11:24Z</time></trkpt>
			<trkpt lat="47.327910" lon="-1.260880"><ele>74</ele><time>2026-03-01T09:11:36Z</time></trkpt>
			<trkpt lat="47.327530" lon="-1.260870"><ele>74</ele><time>2026-03-01T09:11:48Z</time></trkpt>
			<trkpt lat="47.327300" lon="-1.260850"><ele>74</ele><time>2026-03-01T09:12:00Z</time></trkpt>
			<trkpt lat="47.327110" lon="-1.260830"><ele>75</ele><time>2026-03-01T09:12:12Z</time></trkpt>
			<trkpt lat="47.326280" lon="-1.260680"><ele>76</ele><time>2026-03-01T09:12:24Z</time></trkpt>
			<trkpt lat="47.324900" lon="-1.260430"><ele>79</ele><time>2026-03-01T09:12:36Z</time></trkpt>
			<trkpt lat="47.323010" lon="-1.260090"><ele>82</ele><time>2026-03-01T09:12:48Z</time></trkpt>
			<trkpt lat="47.322750" lon="-1.260090"><ele>82</ele><time>2026-03-01T09:13:00Z</time></trkpt>
			<trkpt lat="47.322390" lon="-1.260150"><ele>83</ele><time>2026-03-01T09:13:12Z</time></trkpt>
			<trkpt lat="47.321350" lon="-1.260360"><ele>82</ele><time>2026-03-01T09:13:24Z</time></trkpt>
			<trkpt lat="47.320990" lon="-1.260440"><ele>82</ele><time>2026-03-01T09:13:36Z</time></trkpt>
			<trkpt lat="47.320550" lon="-1.260600"><ele>83</ele><time>2026-03-01T09:13:48Z</time></trkpt>
			<trkpt lat="47.320320" lon="-1.260730"><ele>84</ele><time>2026-03-01T09:14:00Z</time></trkpt>
			<trkpt lat="47.320080" lon="-1.260870"><ele>84</ele><time>2026-03-01T09:14:12Z</time></trkpt>
			<trkpt lat="47.319080" lon="-1.261610"><ele>82</ele><time>2026-03-01T09:14:24Z</time></trkpt>
			<trkpt lat="47.318670" lon="-1.261880"><ele>82</ele><time>2026-03-01T09:14:36Z</time></trkpt>
			<trkpt lat="47.318480" lon="-1.261990"><ele>82</ele><time>2026-03-01T09:14:48Z</time></trkpt>
			<trkpt lat="47.318200" lon="-1.262110"><ele>81</ele><time>2026-03-01T09:15:00Z</time></trkpt>
			<trkpt lat="47.316720" lon="-1.262650"><ele>78</ele><time>2026-03-01T09:15:12Z</time></trkpt>
			<trkpt lat="47.316490" lon="-1.262730"><ele>78</ele><time>2026-03-01T09:15:24Z</time></trkpt>
			<trkpt lat="47.316280" lon="-1.262760"><ele>77</ele><time>2026-03-01T09:15:36Z</time></trkpt>
			<trkpt lat="47.316130" lon="-1.262770"><ele>76</ele><time>2026-03-01T09:15:48Z</time></trkpt>
			<trkpt lat="47.315940" lon="-1.262740"><ele>76</ele><time>2026-03-01T09:16:00Z</time></trkpt>
			<trkpt lat="47.315760" lon="-1.262690"><ele>75</ele><time>2026-03-01T09:16:12Z</time></trkpt>
			<trkpt lat="47.315720" lon="-1.262920"><ele>75</ele><time>2026-03-01T09:16:24Z</time></trkpt>
			<trkpt lat="47.315670" lon="-1.263110"><ele>76</ele><time>2026-03-01T09:16:36Z</time></trkpt>
			<trkpt lat="47.315610" lon="-1.263260"><ele>76</ele><time>2026-03-01T09:16:48Z</time></trkpt>
			<trkpt lat="47.314770" lon="-1.264440"><ele>74</ele><time>2026-03-01T09:17:00Z</time></trkpt>
			<trkpt lat="47.314660" lon="-1.264580"><ele>74</ele><time>2026-03-01T09:17:12Z</time></trkpt>
			<trkpt lat="47.314560" lon="-1.264690"><ele>74</ele><time>2026-03-01T09:17:24Z</time></trkpt>
			<trkpt lat="47.314400" lon="-1.264820"><ele>75</ele><time>2026-03-01T09:17:36Z</time></trkpt>
			<trkpt lat="47.313370" lon="-1.265460"><ele>73</ele><time>2026-03-01T09:17:48Z</time></trkpt>
			<trkpt lat="47.313180" lon="-1.265550"><ele>72</ele><time>2026-03-01T09:18:00Z</time></trkpt>
			<trkpt lat="47.312770" lon="-1.265700"><ele>71</ele><time>2026-03-01T09:18:12Z</time></trkpt>
			<trkpt lat="47.312660" lon="-1.265760"><ele>71</ele><time>2026-03-01T09:18:24Z</time></trkpt>
			<trkpt lat="47.312550" lon="-1.265850"><ele>71</ele><time>2026-03-01T09:18:36Z</time></trkpt>
			<trkpt lat="47.312420" lon="-1.265990"><ele>71</ele><time>2026-03-01T09:18:48Z</time></trkpt>
			<trkpt lat="47.312300" lon="-1.266180"><ele>72</ele><time>2026-03-01T09:19:00Z</time></trkpt>
			<trkpt lat="47.312180" lon="-1.266400"><ele>72</ele><time>2026-03-01T09:19:12Z</time></trkpt>
			<trkpt lat="47.312100" lon="-1.266590"><ele>72</ele><time>2026-03-01T09:19:24Z</time></trkpt>
			<trkpt lat="47.312030" lon="-1.266800"><ele>72</ele><time>2026-03-01T09:19:36Z</time></trkpt>
			<trkpt lat="47.311300" lon="-1.269840"><ele>72</ele><time>2026-03-01T09:19:48Z</time></trkpt>
			<trkpt lat="47.311150" lon="-1.270450"><ele>71</ele><time>2026-03-01T09:20:00Z</time></trkpt>
			<trkpt lat="47.311090" lon="-1.270820"><ele>71</ele><time>2026-03-01T09:20:12Z</time></trkpt>
			<trkpt lat="47.311080" lon="-1.271050"><ele>70</ele><time>2026-03-01T09:20:24Z</time></trkpt>
			<trkpt lat="47.311050" lon="-1.271780"><ele>69</ele><time>2026-03-01T09:20:36Z</time></trkpt>
			<trkpt lat="47.311030" lon="-1.272490"><ele>68</ele><time>2026-03-01T09:20:48Z</time></trkpt>
			<trkpt lat="47.311010" lon="-1.272740"><ele>67</ele><time>2026-03-01T09:21:00Z</time></trkpt>
			<trkpt lat="47.310970" lon="-1.272990"><ele>66</ele><time>2026-03-01T09:21:12Z</time></trkpt>
			<trkpt lat="47.310920" lon="-1.273150"><ele>66</ele><time>2026-03-01T09:21:24Z</time></trkpt>
			<trkpt lat="47.310870" lon="-1.273330"><ele>65</ele><time>2026-03-01T09:21:36Z</time></trkpt>
			<trkpt lat="47.310800" lon="-1.273480"><ele>65</ele><time>2026-03-01T09:21:48Z</time></trkpt>
			<trkpt lat="47.310320" lon="-1.274120"><ele>65</ele><time>2026-03-01T09:22:00Z</time></trkpt>
			<trkpt lat="47.310190" lon="-1.274350"><ele>66</ele><time>2026-03-01T09:22:12Z</time></trkpt>
			<trkpt lat="47.310050" lon="-1.274670"><ele>66</ele><time>2026-03-01T09:22:24Z</time></trkpt>
			<trkpt lat="47.309920" lon="-1.274990"><ele>67</ele><time>2026-03-01T09:22:36Z</time></trkpt>
			<trkpt lat="47.309740" lon="-1.275430"><ele>68</ele><time>2026-03-01T09:22:48Z</time></trkpt>
			<trkpt lat="47.309700" lon="-1.275570"><ele>68</ele><time>2026-03-01T09:23:00Z</time></trkpt>
			<trkpt lat="47.309670" lon="-1.275680"><ele>69</ele><time>2026-03-01T09:23:12Z</time></trkpt>
			<trkpt lat="47.309640" lon="-1.275820"><ele>69</ele><time>2026-03-01T09:23:24Z</time></trkpt>
			<trkpt lat="47.309640" lon="-1.275950"><ele>69</ele><time>2026-03-01T09:23:36Z</time></trkpt>
			<trkpt lat="47.309640" lon="-1.276350"><ele>69</ele><time>2026-03-01T09:23:48Z</time></trkpt>
			<trkpt lat="47.309650" lon="-1.276700"><ele>69</ele><time>2026-03-01T09:24:00Z</time></trkpt>
			<trkpt lat="47.309620" lon="-1.277050"><ele>68</ele><time>2026-03-01T09:24:12Z</time></trkpt>
			<trkpt lat="47.309520" lon="-1.277640"><ele>67</ele><time>2026-03-01T09:24:24Z</time></trkpt>
			<trkpt lat="47.309460" lon="-1.277900"><ele>66</ele><time>2026-03-01T09:24:36Z</time></trkpt>
			<trkpt lat="47.309390" lon="-1.278160"><ele>66</ele><time>2026-03-01T09:24:48Z</time></trkpt>
			<trkpt lat="47.309160" lon="-1.278660"><ele>66</ele><time>2026-03-01T09:25:00Z</time></trkpt>
			<trkpt lat="47.308660" lon="-1.279710"><ele>65</ele><time>2026-03-01T09:25:12Z</time></trkpt>
			<trkpt lat="47.308460" lon="-1.279960"><ele>64</ele><time>2026-03-01T09:25:24Z</time></trkpt>
			<trkpt lat="47.307960" lon="-1.280390"><ele>63</ele><time>2026-03-01T09:25:36Z</time></trkpt>
			<trkpt lat="47.307640" lon="-1.280660"><ele>62</ele><time>2026-03-01T09:25:48Z</time></trkpt>
			<trkpt lat="47.307400" lon="-1.280900"><ele>62</ele><time>2026-03-01T09:26:00Z</time></trkpt>
			<trkpt lat="47.307130" lon="-1.281230"><ele>61</ele><time>2026-03-01T09:26:12Z</time></trkpt>
			<trkpt lat="47.306660" lon="-1.281940"><ele>59</ele><time>2026-03-01T09:26:24Z</time></trkpt>
			<trkpt lat="47.306520" lon="-1.282130"><ele>59</ele><time>2026-03-01T09:26:36Z</time></trkpt>
			<trkpt lat="47.306010" lon="-1.282640"><ele>57</ele><time>2026-03-01T09:26:48Z</time></trkpt>
			<trkpt lat="47.305580" lon="-1.283030"><ele>55</ele><time>2026-03-01T09:27:00Z</time></trkpt>
			<trkpt lat="47.305270" lon="-1.283300"><ele>54</ele><time>2026-03-01T09:27:12Z</time></trkpt>
			<trkpt lat="47.305060" lon="-1.283500"><ele>54</ele><time>2026-03-01T09:27:24Z</time></trkpt>
			<trkpt lat="47.304650" lon="-1.283870"><ele>54</ele><time>2026-03-01T09:27:36Z</time></trkpt>
			<trkpt lat="47.304520" lon="-1.283940"><ele>54</ele><time>2026-03-01T09:27:48Z</time></trkpt>
			<trkpt lat="47.304380" lon="-1.283970"><ele>54</ele><time>2026-03-01T09:28:00Z</time></trkpt>
			<trkpt lat="47.304290" lon="-1.283970"><ele>54</ele><time>2026-03-01T09:28:12Z</time></trkpt>
			<trkpt lat="47.304210" lon="-1.283940"><ele>54</ele><time>2026-03-01T09:28:24Z</time></trkpt>
			<trkpt lat="47.304100" lon="-1.283850"><ele>53</ele><time>2026-03-01T09:28:36Z</time></trkpt>
			<trkpt lat="47.304000" lon="-1.283740"><ele>53</ele><time>2026-03-01T09:28:48Z</time></trkpt>
			<trkpt lat="47.303620" lon="-1.283200"><ele>52</ele><time>2026-03-01T09:29:00Z</time></trkpt>
			<trkpt lat="47.303540" lon="-1.283140"><ele>51</ele><time>2026-03-01T09:29:12Z</time></trkpt>
			<trkpt lat="47.303390" lon="-1.283070"><ele>51</ele><time>2026-03-01T09:29:24Z</time></trkpt>
			<trkpt lat="47.302300" lon="-1.282910"><ele>42</ele><time>2026-03-01T09:29:36Z</time></trkpt>
			<trkpt lat="47.302140" lon="-1.282930"><ele>40</ele><time>2026-03-01T09:29:48Z</time></trkpt>
			<trkpt lat="47.301910" lon="-1.283090"><ele>40</ele><time>2026-03-01T09:30:00Z</time></trkpt>
			<trkpt lat="47.301780" lon="-1.283130"><ele>39</ele><time>2026-03-01T09:30:12Z</time></trkpt>
			<trkpt lat="47.301650" lon="-1.283130"><ele>38</ele><time>2026-03-01T09:30:24Z</time></trkpt>
			<trkpt lat="47.301420" lon="-1.283060"><ele>36</ele><time>2026-03-01T09:30:36Z</time></trkpt>
			<trkpt lat="47.301300" lon="-1.283060"><ele>35</ele><time>2026-03-01T09:30:48Z</time></trkpt>
			<trkpt lat="47.301200" lon="-1.283090"><ele>35</ele><time>2026-03-01T09:31:00Z</time></trkpt>
			<trkpt lat="47.301120" lon="-1.283180"><ele>35</ele><time>2026-03-01T09:31:12Z</time></trkpt>
			<trkpt lat="47.300790" lon="-1.283840"><ele>35</ele><time>2026-03-01T09:31:24Z</time></trkpt>
			<trkpt lat="47.300460" lon="-1.284350"><ele>34</ele><time>2026-03-01T09:31:36Z</time></trkpt>
			<trkpt lat="47.300350" lon="-1.284510"><ele>34</ele><time>2026-03-01T09:31:48Z</time></trkpt>
			<trkpt lat="47.300130" lon="-1.284700"><ele>32</ele><time>2026-03-01T09:32:00Z</time></trkpt>
			<trkpt lat="47.299690" lon="-1.285020"><ele>29</ele><time>2026-03-01T09:32:12Z</time></trkpt>
			<trkpt lat="47.299070" lon="-1.285430"><ele>25</ele><time>2026-03-01T09:32:24Z</time></trkpt>
			<trkpt lat="47.298880" lon="-1.285510"><ele>24</ele><time>2026-03-01T09:32:36Z</time></trkpt>
			<trkpt lat="47.298720" lon="-1.285560"><ele>22</ele><time>2026-03-01T09:32:48Z</time></trkpt>
			<trkpt lat="47.298490" lon="-1.285580"><ele>21</ele><time>2026-03-01T09:33:00Z</time></trkpt>
			<trkpt lat="47.298270" lon="-1.285570"><ele>19</ele><time>2026-03-01T09:33:12Z</time></trkpt>
			<trkpt lat="47.298080" lon="-1.285520"><ele>19</ele><time>2026-03-01T09:33:24Z</time></trkpt>
			<trkpt lat="47.297940" lon="-1.285440"><ele>19</ele><time>2026-03-01T09:33:36Z</time></trkpt>
			<trkpt lat="47.297750" lon="-1.285270"><ele>20</ele><time>2026-03-01T09:33:48Z</time></trkpt>
			<trkpt lat="47.297530" lon="-1.284920"><ele>22</ele><time>2026-03-01T09:34:00Z</time></trkpt>
			<trkpt lat="47.297420" lon="-1.284800"><ele>22</ele><time>2026-03-01T09:34:12Z</time></trkpt>
			<trkpt lat="47.297280" lon="-1.284690"><ele>22</ele><time>2026-03-01T09:34:24Z</time></trkpt>
			<trkpt lat="47.297200" lon="-1.284650"><ele>22</ele><time>2026-03-01T09:34:36Z</time></trkpt>
			<trkpt lat="47.296270" lon="-1.284610"><ele>17</ele><time>2026-03-01T09:34:48Z</time></trkpt>
			<trkpt lat="47.296010" lon="-1.284530"><ele>16</ele><time>2026-03-01T09:35:00Z</time></trkpt>
			<trkpt lat="47.295680" lon="-1.284380"><ele>16</ele><time>2026-03-01T09:35:12Z</time></trkpt>
			<trkpt lat="47.295440" lon="-1.284270"><ele>17</ele><time>2026-03-01T09:35:24Z</time></trkpt>
			<trkpt lat="47.295300" lon="-1.284170"><ele>18</ele><time>2026-03-01T09:35:36Z</time></trkpt>
			<trkpt lat="47.295190" lon="-1.284070"><ele>19</ele><time>2026-03-01T09:35:48Z</time></trkpt>
			<trkpt lat="47.295110" lon="-1.283910"><ele>19</ele><time>2026-03-01T09:36:00Z</time></trkpt>
			<trkpt lat="47.294960" lon="-1.283340"><ele>20</ele><time>2026-03-01T09:36:12Z</time></trkpt>
			<trkpt lat="47.294910" lon="-1.283210"><ele>21</ele><time>2026-03-01T09:36:24Z</time></trkpt>
			<trkpt lat="47.294780" lon="-1.283070"><ele>23</ele><time>2026-03-01T09:36:36Z</time></trkpt>
			<trkpt lat="47.294650" lon="-1.283020"><ele>25</ele><time>2026-03-01T09:36:48Z</time></trkpt>
			<trkpt lat="47.294530" lon="-1.283020"><ele>26</ele><time>2026-03-01T09:37:00Z</time></trkpt>
			<trkpt lat="47.294380" lon="-1.283060"><ele>28</ele><time>2026-03-01T09:37:12Z</time></trkpt>
			<trkpt lat="47.294250" lon="-1.283200"><ele>30</ele><time>2026-03-01T09:37:24Z</time></trkpt>
			<trkpt lat="47.294140" lon="-1.283470"><ele>30</ele><time>2026-03-01T09:37:36Z</time></trkpt>
			<trkpt lat="47.294070" lon="-1.283770"><ele>30</ele><time>2026-03-01T09:37:48Z</time></trkpt>
			<trkpt lat="47.294050" lon="-1.283980"><ele>30</ele><time>2026-03-01T09:38:00Z</time></trkpt>
			<trkpt lat="47.294060" lon="-1.284400"><ele>29</ele><time>2026-03-01T09:38:12Z</time></trkpt>
			<trkpt lat="47.294060" lon="-1.284610"><ele>29</ele><time>2026-03-01T09:38:24Z</time></trkpt>
			<trkpt lat="47.294030" lon="-1.284780"><ele>29</ele><time>2026-03-01T09:38:36Z</time></trkpt>
			<trkpt lat="47.293990" lon="-1.284870"><ele>29</ele><time>2026-03-01T09:38:48Z</time></trkpt>
			<trkpt lat="47.293920" lon="-1.284980"><ele>29</ele><time>2026-03-01T09:39:00Z</time></trkpt>
			<trkpt lat="47.293810" lon="-1.285060"><ele>30</ele><time>2026-03-01T09:39:12Z</time></trkpt>
			<trkpt lat="47.293660" lon="-1.285090"><ele>32</ele><time>2026-03-01T09:39:24Z</time></trkpt>
			<trkpt lat="47.293540" lon="-1.285050"><ele>33</ele><time>2026-03-01T09:39:36Z</time></trkpt>
			<trkpt lat="47.293450" lon="-1.284980"><ele>34</ele><time>2026-03-01T09:39:48Z</time></trkpt>
			<trkpt lat="47.293370" lon="-1.284840"><ele>35</ele><time>2026-03-01T09:40:00Z</time></trkpt>
			<trkpt lat="47.293140" lon="-1.284260"><ele>40</ele><time>2026-03-01T09:40:12Z</time></trkpt>
			<trkpt lat="47.293120" lon="-1.284110"><ele>41</ele><time>2026-03-01T09:40:24Z</time></trkpt>
			<trkpt lat="47.293100" lon="-1.283900"><ele>42</ele><time>2026-03-01T09:40:36Z</time></trkpt>
			<trkpt lat="47.293180" lon="-1.283380"><ele>43</ele><time>2026-03-01T09:40:48Z</time></trkpt>
			<trkpt lat="47.293300" lon="-1.282880"><ele>44</ele><time>2026-03-01T09:41:00Z</time></trkpt>
			<trkpt lat="47.293310" lon="-1.282720"><ele>44</ele><time>2026-03-01T09:41:12Z</time></trkpt>
			<trkpt lat="47.293300" lon="-1.282610"><ele>45</ele><time>2026-03-01T09:41:24Z</time></trkpt>
			<trkpt lat="47.293280" lon="-1.282500"><ele>46</ele><time>2026-03-01T09:41:36Z</time></trkpt>
			<trkpt lat="47.293210" lon="-1.282340"><ele>45</ele><time>2026-03-01T09:41:48Z</time></trkpt>
			<trkpt lat="47.293100" lon="-1.282220"><ele>46</ele><time>2026-03-01T09:42:00Z</time></trkpt>
			<trkpt lat="47.293020" lon="-1.282180"><ele>46</ele><time>2026-03-01T09:42:12Z</time></trkpt>
			<trkpt lat="47.292930" lon="-1.282160"><ele>47</ele><time>2026-03-01T09:42:24Z</time></trkpt>
			<trkpt lat="47.292850" lon="-1.282160"><ele>48</ele><time>2026-03-01T09:42:36Z</time></trkpt>
			<trkpt lat="47.292660" lon="-1.282200"><ele>50</ele><time>2026-03-01T09:42:48Z</time></trkpt>
			<trkpt lat="47.292000" lon="-1.282450"><ele>56</ele><time>2026-03-01T09:43:00Z</time></trkpt>
			<trkpt lat="47.291440" lon="-1.282660"><ele>59</ele><time>2026-03-01T09:43:12Z</time></trkpt>
			<trkpt lat="47.290450" lon="-1.283220"><ele>64</ele><time>2026-03-01T09:43:24Z</time></trkpt>
			<trkpt lat="47.288980" lon="-1.284080"><ele>67</ele><time>2026-03-01T09:43:36Z</time></trkpt>
			<trkpt lat="47.288090" lon="-1.284590"><ele>71</ele><time>2026-03-01T09:43:48Z</time></trkpt>
			<trkpt lat="47.287590" lon="-1.284760"><ele>74</ele><time>2026-03-01T09:44:00Z</time></trkpt>
			<trkpt lat="47.287370" lon="-1.284850"><ele>74</ele><time>2026-03-01T09:44:12Z</time></trkpt>
			<trkpt lat="47.287160" lon="-1.285010"><ele>74</ele><time>2026-03-01T09:44:24Z</time></trkpt>
			<trkpt lat="47.287050" lon="-1.285140"><ele>74</ele><time>2026-03-01T09:44:36Z</time></trkpt>
			<trkpt lat="47.286980" lon="-1.285220"><ele>74</ele><time>2026-03-01T09:44:48Z</time></trkpt>
			<trkpt lat="47.286660" lon="-1.285670"><ele>75</ele><time>2026-03-01T09:45:00Z</time></trkpt>
			<trkpt lat="47.286480" lon="-1.285930"><ele>75</ele><time>2026-03-01T09:45:12Z</time></trkpt>
			<trkpt lat="47.286360" lon="-1.286030"><ele>75</ele><time>2026-03-01T09:45:24Z</time></trkpt>
			<trkpt lat="47.286270" lon="-1.286120"><ele>74</ele><time>2026-03-01T09:45:36Z</time></trkpt>
			<trkpt lat="47.286180" lon="-1.286160"><ele>74</ele><time>2026-03-01T09:45:48Z</time></trkpt>
			<trkpt lat="47.286070" lon="-1.286200"><ele>74</ele><time>2026-03-01T09:46:00Z</time></trkpt>
			<trkpt lat="47.285180" lon="-1.286340"><ele>75</ele><time>2026-03-01T09:46:12Z</time></trkpt>
			<trkpt lat="47.284900" lon="-1.286390"><ele>75</ele><time>2026-03-01T09:46:24Z</time></trkpt>
			<trkpt lat="47.284650" lon="-1.286470"><ele>75</ele><time>2026-03-01T09:46:36Z</time></trkpt>
			<trkpt lat="47.282940" lon="-1.287120"><ele>76</ele><time>2026-03-01T09:46:48Z</time></trkpt>
			<trkpt lat="47.282800" lon="-1.287150"><ele>76</ele><time>2026-03-01T09:47:00Z</time></trkpt>
			<trkpt lat="47.282630" lon="-1.287160"><ele>77</ele><time>2026-03-01T09:47:12Z</time></trkpt>
			<trkpt lat="47.282320" lon="-1.287140"><ele>77</ele><time>2026-03-01T09:47:24Z</time></trkpt>
			<trkpt lat="47.281580" lon="-1.286980"><ele>78</ele><time>2026-03-01T09:47:36Z</time></trkpt>
			<trkpt lat="47.279070" lon="-1.286420"><ele>76</ele><time>2026-03-01T09:47:48Z</time></trkpt>
			<trkpt lat="47.278920" lon="-1.286380"><ele>76</ele><time>2026-03-01T09:48:00Z</time></trkpt>
			<trkpt lat="47.278390" lon="-1.286260"><ele>76</ele><time>2026-03-01T09:48:12Z</time></trkpt>
			<trkpt lat="47.278240" lon="-1.286270"><ele>76</ele><time>2026-03-01T09:48:24Z</time></trkpt>
			<trkpt lat="47.278220" lon="-1.286240"><ele>75</ele><time>2026-03-01T09:48:36Z</time></trkpt>
			<trkpt lat="47.278190" lon="-1.286220"><ele>75</ele><time>2026-03-01T09:48:48Z</time></trkpt>
			<trkpt lat="47.278140" lon="-1.286220"><ele>75</ele><time>2026-03-01T09:49:00Z</time></trkpt>
			<trkpt lat="47.278060" lon="-1.286300"><ele>76</ele><time>2026-03-01T09:49:12Z</time></trkpt>
			<trkpt lat="47.277890" lon="-1.286440"><ele>76</ele><time>2026-03-01T09:49:24Z</time></trkpt>
			<trkpt lat="47.277720" lon="-1.286520"><ele>76</ele><time>2026-03-01T09:49:36Z</time></trkpt>
			<trkpt lat="47.277620" lon="-1.286580"><ele>76</ele><time>2026-03-01T09:49:48Z</time></trkpt>
			<trkpt lat="47.277520" lon="-1.286620"><ele>76</ele><time>2026-03-01T09:50:00Z</time></trkpt>
			<trkpt lat="47.277380" lon="-1.286710"><ele>76</ele><time>2026-03-01T09:50:12Z</time></trkpt>
			<trkpt lat="47.277330" lon="-1.286770"><ele>76</ele><time>2026-03-01T09:50:24Z</time></trkpt>
			<trkpt lat="47.277200" lon="-1.287050"><ele>76</ele><time>2026-03-01T09:50:36Z</time></trkpt>
			<trkpt lat="47.277130" lon="-1.287210"><ele>76</ele><time>2026-03-01T09:50:48Z</time></trkpt>
			<trkpt lat="47.277020" lon="-1.287440"><ele>77</ele><time>2026-03-01T09:51:00Z</time></trkpt>
			<trkpt lat="47.276900" lon="-1.287700"><ele>76</ele><time>2026-03-01T09:51:12Z</time></trkpt>
			<trkpt lat="47.276810" lon="-1.287900"><ele>76</ele><time>2026-03-01T09:51:24Z</time></trkpt>
			<trkpt lat="47.276730" lon="-1.288100"><ele>76</ele><time>2026-03-01T09:51:36Z</time></trkpt>
			<trkpt lat="47.276710" lon="-1.288180"><ele>76</ele><time>2026-03-01T09:51:48Z</time></trkpt>
			<trkpt lat="47.276710" lon="-1.288320"><ele>76</ele><time>2026-03-01T09:52:00Z</time></trkpt>
			<trkpt lat="47.276560" lon="-1.288360"><ele>76</ele><time>2026-03-01T09:52:12Z</time></trkpt>
			<trkpt lat="47.276190" lon="-1.288580"><ele>75</ele><time>2026-03-01T09:52:24Z</time></trkpt>
			<trkpt lat="47.276120" lon="-1.288650"><ele>74</ele><time>2026-03-01T09:52:36Z</time></trkpt>
			<trkpt lat="47.276090" lon="-1.288690"><ele>74</ele><time>2026-03-01T09:52:48Z</time></trkpt>
			<trkpt lat="47.276010" lon="-1.288820"><ele>74</ele><time>2026-03-01T09:53:00Z</time></trkpt>
			<trkpt lat="47.275940" lon="-1.289060"><ele>74</ele><time>2026-03-01T09:53:12Z</time></trkpt>
			<trkpt lat="47.275880" lon="-1.289290"><ele>74</ele><time>2026-03-01T09:53:24Z</time></trkpt>
			<trkpt lat="47.275800" lon="-1.289570"><ele>74</ele><time>2026-03-01T09:53:36Z</time></trkpt>
			<trkpt lat="47.275740" lon="-1.289720"><ele>74</ele><time>2026-03-01T09:53:48Z</time></trkpt>
			<trkpt lat="47.275470" lon="-1.290090"><ele>73</ele><time>2026-03-01T09:54:00Z</time></trkpt>
			<trkpt lat="47.275440" lon="-1.290130"><ele>73</ele><time>2026-03-01T09:54:12Z</time></trkpt>
			<trkpt lat="47.275250" lon="-1.290390"><ele>73</ele><time>2026-03-01T09:54:24Z</time></trkpt>
			<trkpt lat="47.274900" lon="-1.290850"><ele>73</ele><time>2026-03-01T09:54:36Z</time></trkpt>
			<trkpt lat="47.274780" lon="-1.290960"><ele>73</ele><time>2026-03-01T09:54:48Z</time></trkpt>
			<trkpt lat="47.274640" lon="-1.291070"><ele>72</ele><time>2026-03-01T09:55:00Z</time></trkpt>
			<trkpt lat="47.274580" lon="-1.291110"><ele>72</ele><time>2026-03-01T09:55:12Z</time></trkpt>
			<trkpt lat="47.274040" lon="-1.291460"><ele>70</ele><time>2026-03-01T09:55:24Z</time></trkpt>
			<trkpt lat="47.273890" lon="-1.291610"><ele>69</ele><time>2026-03-01T09:55:36Z</time></trkpt>
			<trkpt lat="47.273750" lon="-1.291810"><ele>68</ele><time>2026-03-01T09:55:48Z</time></trkpt>
			<trkpt lat="47.273510" lon="-1.292330"><ele>68</ele><time>2026-03-01T09:56:00Z</time></trkpt>
			<trkpt lat="47.273480" lon="-1.292400"><ele>68</ele><time>2026-03-01T09:56:12Z</time></trkpt>
			<trkpt lat="47.273440" lon="-1.292480"><ele>68</ele><time>2026-03-01T09:56:24Z</time></trkpt>
			<trkpt lat="47.272970" lon="-1.293580"><ele>70</ele><time>2026-03-01T09:56:36Z</time></trkpt>
			<trkpt lat="47.272860" lon="-1.293790"><ele>71</ele><time>2026-03-01T09:56:48Z</time></trkpt>
			<trkpt lat="47.272630" lon="-1.294180"><ele>72</ele><time>2026-03-01T09:57:00Z</time></trkpt>
			<trkpt lat="47.272230" lon="-1.294730"><ele>74</ele><time>2026-03-01T09:57:12Z</time></trkpt>
			<trkpt lat="47.272090" lon="-1.294880"><ele>74</ele><time>2026-03-01T09:57:24Z</time></trkpt>
			<trkpt lat="47.271760" lon="-1.295170"><ele>74</ele><time>2026-03-01T09:57:36Z</time></trkpt>
			<trkpt lat="47.271630" lon="-1.295310"><ele>75</ele><time>2026-03-01T09:57:48Z</time></trkpt>
			<trkpt lat="47.271440" lon="-1.295580"><ele>75</ele><time>2026-03-01T09:58:00Z</time></trkpt>
			<trkpt lat="47.271360" lon="-1.295710"><ele>76</ele><time>2026-03-01T09:58:12Z</time></trkpt>
			<trkpt lat="47.271300" lon="-1.295850"><ele>76</ele><time>2026-03-01T09:58:24Z</time></trkpt>
			<trkpt lat="47.271260" lon="-1.295970"><ele>76</ele><time>2026-03-01T09:58:36Z</time></trkpt>
			<trkpt lat="47.271190" lon="-1.296160"><ele>77</ele><time>2026-03-01T09:58:48Z</time></trkpt>
			<trkpt lat="47.271090" lon="-1.296560"><ele>77</ele><time>2026-03-01T09:59:00Z</time></trkpt>
			<trkpt lat="47.271070" lon="-1.296740"><ele>77</ele><time>2026-03-01T09:59:12Z</time></trkpt>
			<trkpt lat="47.271060" lon="-1.296910"><ele>77</ele><time>2026-03-01T09:59:24Z</time></trkpt>
			<trkpt lat="47.271100" lon="-1.297360"><ele>77</ele><time>2026-03-01T09:59:36Z</time></trkpt>
			<trkpt lat="47.271110" lon="-1.297680"><ele>78</ele><time>2026-03-01T09:59:48Z</time></trkpt>
			<trkpt lat="47.271110" lon="-1.297760"><ele>78</ele><time>2026-03-01T10:00:00Z</time></trkpt>
			<trkpt lat="47.271070" lon="-1.297980"><ele>78</ele><time>2026-03-01T10:00:12Z</time></trkpt>
			<trkpt lat="47.270810" lon="-1.298840"><ele>78</ele><time>2026-03-01T10:00:24Z</time></trkpt>
			<trkpt lat="47.270630" lon="-1.299420"><ele>78</ele><time>2026-03-01T10:00:36Z</time></trkpt>
			<trkpt lat="47.270560" lon="-1.299390"><ele>78</ele><time>2026-03-01T10:00:48Z</time></trkpt>
			<trkpt lat="47.270470" lon="-1.299390"><ele>78</ele><time>2026-03-01T10:01:00Z</time></trkpt>
			<trkpt lat="47.270030" lon="-1.299460"><ele>78</ele><time>2026-03-01T10:01:12Z</time></trkpt>
			<trkpt lat="47.269850" lon="-1.299470"><ele>78</ele><time>2026-03-01T10:01:24Z</time></trkpt>
			<trkpt lat="47.269800" lon="-1.299460"><ele>78</ele><time>2026-03-01T10:01:36Z</time></trkpt>
			<trkpt lat="47.269720" lon="-1.299420"><ele>78</ele><time>2026-03-01T10:01:48Z</time></trkpt>
			<trkpt lat="47.269640" lon="-1.299350"><ele>77</ele><time>2026-03-01T10:02:00Z</time></trkpt>
			<trkpt lat="47.269500" lon="-1.299230"><ele>77</ele><time>2026-03-01T10:02:12Z</time></trkpt>
			<trkpt lat="47.269360" lon="-1.299080"><ele>76</ele><time>2026-03-01T10:02:24Z</time></trkpt>
			<trkpt lat="47.269230" lon="-1.299020"><ele>76</ele><time>2026-03-01T10:02:36Z</time></trkpt>
			<trkpt lat="47.269070" lon="-1.299020"><ele>75</ele><time>2026-03-01T10:02:48Z</time></trkpt>
			<trkpt lat="47.268280" lon="-1.299170"><ele>73</ele><time>2026-03-01T10:03:00Z</time></trkpt>
			<trkpt lat="47.267790" lon="-1.299250"><ele>70</ele><time>2026-03-01T10:03:12Z</time></trkpt>
			<trkpt lat="47.267230" lon="-1.299340"><ele>69</ele><time>2026-03-01T10:03:24Z</time></trkpt>
			<trkpt lat="47.267080" lon="-1.299350"><ele>69</ele><time>2026-03-01T10:03:36Z</time></trkpt>
			<trkpt lat="47.266970" lon="-1.299330"><ele>68</ele><time>2026-03-01T10:03:48Z</time></trkpt>
			<trkpt lat="47.266880" lon="-1.299290"><ele>68</ele><time>2026-03-01T10:04:00Z</time></trkpt>
			<trkpt lat="47.266800" lon="-1.299240"><ele>68</ele><time>2026-03-01T10:04:12Z</time></trkpt>
			<trkpt lat="47.266310" lon="-1.298770"><ele>69</ele><time>2026-03-01T10:04:24Z</time></trkpt>
			<trkpt lat="47.266190" lon="-1.298710"><ele>69</ele><time>2026-03-01T10:04:36Z</time></trkpt>
			<trkpt lat="47.266060" lon="-1.298670"><ele>69</ele><time>2026-03-01T10:04:48Z</time></trkpt>
			<trkpt lat="47.265920" lon="-1.298660"><ele>69</ele><time>2026-03-01T10:05:00Z</time></trkpt>
			<trkpt lat="47.264360" lon="-1.298780"><ele>72</ele><time>2026-03-01T10:05:12Z</time></trkpt>
			<trkpt lat="47.264010" lon="-1.298810"><ele>72</ele><time>2026-03-01T10:05:24Z</time></trkpt>
			<trkpt lat="47.263800" lon="-1.298820"><ele>71</ele><time>2026-03-01T10:05:36Z</time></trkpt>
			<trkpt lat="47.263610" lon="-1.298870"><ele>71</ele><time>2026-03-01T10:05:48Z</time></trkpt>
			<trkpt lat="47.263380" lon="-1.299000"><ele>71</ele><time>2026-03-01T10:06:00Z</time></trkpt>
			<trkpt lat="47.263130" lon="-1.299170"><ele>71</ele><time>2026-03-01T10:06:12Z</time></trkpt>
			<trkpt lat="47.263110" lon="-1.299190"><ele>72</ele><time>2026-03-01T10:06:24Z</time></trkpt>
			<trkpt lat="47.261500" lon="-1.300240"><ele>77</ele><time>2026-03-01T10:06:36Z</time></trkpt>
			<trkpt lat="47.261450" lon="-1.300280"><ele>77</ele><time>2026-03-01T10:06:48Z</time></trkpt>
			<trkpt lat="47.261340" lon="-1.300330"><ele>77</ele><time>2026-03-01T10:07:00Z</time></trkpt>
			<trkpt lat="47.261220" lon="-1.300370"><ele>77</ele><time>2026-03-01T10:07:12Z</time></trkpt>
			<trkpt lat="47.261110" lon="-1.300370"><ele>77</ele><time>2026-03-01T10:07:24Z</time></trkpt>
			<trkpt lat="47.261020" lon="-1.300350"><ele>77</ele><time>2026-03-01T10:07:36Z</time></trkpt>
			<trkpt lat="47.260920" lon="-1.300300"><ele>77</ele><time>2026-03-01T10:07:48Z</time></trkpt>
			<trkpt lat="47.260550" lon="-1.300020"><ele>77</ele><time>2026-03-01T10:08:00Z</time></trkpt>
			<trkpt lat="47.260350" lon="-1.299850"><ele>77</ele><time>2026-03-01T10:08:12Z</time></trkpt>
			<trkpt lat="47.259860" lon="-1.299430"><ele>77</ele><time>2026-03-01T10:08:24Z</time></trkpt>
			<trkpt lat="47.258850" lon="-1.298830"><ele>79</ele><time>2026-03-01T10:08:36Z</time></trkpt>
			<trkpt lat="47.258490" lon="-1.298630"><ele>79</ele><time>2026-03-01T10:08:48Z</time></trkpt>
			<trkpt lat="47.258420" lon="-1.298600"><ele>79</ele><time>2026-03-01T10:09:00Z</time></trkpt>
			<trkpt lat="47.258290" lon="-1.298520"><ele>79</ele><time>2026-03-01T10:09:12Z</time></trkpt>
			<trkpt lat="47.256980" lon="-1.297800"><ele>79</ele><time>2026-03-01T10:09:24Z</time></trkpt>
			<trkpt lat="47.253840" lon="-1.296600"><ele>80</ele><time>2026-03-01T10:09:36Z</time></trkpt>
			<trkpt lat="47.253590" lon="-1.296530"><ele>80</ele><time>2026-03-01T10:09:48Z</time></trkpt>
			<trkpt lat="47.253460" lon="-1.296530"><ele>81</ele><time>2026-03-01T10:10:00Z</time></trkpt>
			<trkpt lat="47.253330" lon="-1.296560"><ele>81</ele><time>2026-03-01T10:10:12Z</time></trkpt>
			<trkpt lat="47.252320" lon="-1.297260"><ele>80</ele><time>2026-03-01T10:10:24Z</time></trkpt>
			<trkpt lat="47.250610" lon="-1.298380"><ele>80</ele><time>2026-03-01T10:10:36Z</time></trkpt>
			<trkpt lat="47.249330" lon="-1.299230"><ele>81</ele><time>2026-03-01T10:10:48Z</time></trkpt>
			<trkpt lat="47.249280" lon="-1.299260"><ele>81</ele><time>2026-03-01T10:11:00Z</time></trkpt>
			<trkpt lat="47.249010" lon="-1.299390"><ele>81</ele><time>2026-03-01T10:11:12Z</time></trkpt>
			<trkpt lat="47.248680" lon="-1.300950"><ele>79</ele><time>2026-03-01T10:11:24Z</time></trkpt>
			<trkpt lat="47.247820" lon="-1.304890"><ele>73</ele><time>2026-03-01T10:11:36Z</time></trkpt>
			<trkpt lat="47.247310" lon="-1.307190"><ele>71</ele><time>2026-03-01T10:11:48Z</time></trkpt>
			<trkpt lat="47.247290" lon="-1.307320"><ele>70</ele><time>2026-03-01T10:12:00Z</time></trkpt>
			<trkpt lat="47.245820" lon="-1.314050"><ele>71</ele><time>2026-03-01T10:12:12Z</time></trkpt>
			<trkpt lat="47.245190" lon="-1.316970"><ele>71</ele><time>2026-03-01T10:12:24Z</time></trkpt>
			<trkpt lat="47.244800" lon="-1.318740"><ele>70</ele><time>2026-03-01T10:12:36Z</time></trkpt>
			<trkpt lat="47.244780" lon="-1.318960"><ele>70</ele><time>2026-03-01T10:12:48Z</time></trkpt>
			<trkpt lat="47.244790" lon="-1.319110"><ele>70</ele><time>2026-03-01T10:13:00Z</time></trkpt>
			<trkpt lat="47.244810" lon="-1.319150"><ele>70</ele><time>2026-03-01T10:13:12Z</time></trkpt>
			<trkpt lat="47.244830" lon="-1.319210"><ele>70</ele><time>2026-03-01T10:13:24Z</time></trkpt>
			<trkpt lat="47.244840" lon="-1.319290"><ele>70</ele><time>2026-03-01T10:13:36Z</time></trkpt>
			<trkpt lat="47.244830" lon="-1.319350"><ele>70</ele><time>2026-03-01T10:13:48Z</time></trkpt>
			<trkpt lat="47.244820" lon="-1.319360"><ele>70</ele><time>2026-03-01T10:14:00Z</time></trkpt>
			<trkpt lat="47.244790" lon="-1.319420"><ele>70</ele><time>2026-03-01T10:14:12Z</time></trkpt>
			<trkpt lat="47.244760" lon="-1.319460"><ele>70</ele><time>2026-03-01T10:14:24Z</time></trkpt>
			<trkpt lat="47.244710" lon="-1.319490"><ele>70</ele><time>2026-03-01T10:14:36Z</time></trkpt>
			<trkpt lat="47.244660" lon="-1.319570"><ele>70</ele><time>2026-03-01T10:14:48Z</time></trkpt>
			<trkpt lat="47.244560" lon="-1.319810"><ele>70</ele><time>2026-03-01T10:15:00Z</time></trkpt>
			<trkpt lat="47.244050" lon="-1.322160"><ele>67</ele><time>2026-03-01T10:15:12Z</time></trkpt>
			<trkpt lat="47.243400" lon="-1.325070"><ele>61</ele><time>2026-03-01T10:15:24Z</time></trkpt>
			<trkpt lat="47.243380" lon="-1.325130"><ele>60</ele><time>2026-03-01T10:15:36Z</time></trkpt>
			<trkpt lat="47.243320" lon="-1.325440"><ele>59</ele><time>2026-03-01T10:15:48Z</time></trkpt>
			<trkpt lat="47.242950" lon="-1.327170"><ele>58</ele><time>2026-03-01T10:16:00Z</time></trkpt>
			<trkpt lat="47.242310" lon="-1.330080"><ele>54</ele><time>2026-03-01T10:16:12Z</time></trkpt>
			<trkpt lat="47.242260" lon="-1.330450"><ele>54</ele><time>2026-03-01T10:16:24Z</time></trkpt>
			<trkpt lat="47.242210" lon="-1.330690"><ele>53</ele><time>2026-03-01T10:16:36Z</time></trkpt>
			<trkpt lat="47.242170" lon="-1.331020"><ele>53</ele><time>2026-03-01T10:16:48Z</time></trkpt>
			<trkpt lat="47.242130" lon="-1.331370"><ele>52</ele><time>2026-03-01T10:17:00Z</time></trkpt>
			<trkpt lat="47.242100" lon="-1.331770"><ele>51</ele><time>2026-03-01T10:17:12Z</time></trkpt>
			<trkpt lat="47.242080" lon="-1.332130"><ele>50</ele><time>2026-03-01T10:17:24Z</time></trkpt>
			<trkpt lat="47.242080" lon="-1.332430"><ele>50</ele><time>2026-03-01T10:17:36Z</time></trkpt>
			<trkpt lat="47.242060" lon="-1.332620"><ele>49</ele><time>2026-03-01T10:17:48Z</time></trkpt>
			<trkpt lat="47.242080" lon="-1.332660"><ele>49</ele><time>2026-03-01T10:18:00Z</time></trkpt>
			<trkpt lat="47.242100" lon="-1.332720"><ele>49</ele><time>2026-03-01T10:18:12Z</time></trkpt>
			<trkpt lat="47.242120" lon="-1.332780"><ele>49</ele><time>2026-03-01T10:18:24Z</time></trkpt>
			<trkpt lat="47.242120" lon="-1.332860"><ele>49</ele><time>2026-03-01T10:18:36Z</time></trkpt>
			<trkpt lat="47.242100" lon="-1.332940"><ele>49</ele><time>2026-03-01T10:18:48Z</time></trkpt>
			<trkpt lat="47.242060" lon="-1.333000"><ele>49</ele><time>2026-03-01T10:19:00Z</time></trkpt>
			<trkpt lat="47.242030" lon="-1.333040"><ele>49</ele><time>2026-03-01T10:19:12Z</time></trkpt>
			<trkpt lat="47.241980" lon="-1.333060"><ele>49</ele><time>2026-03-01T10:19:24Z</time></trkpt>
			<trkpt lat="47.241930" lon="-1.333070"><ele>49</ele><time>2026-03-01T10:19:36Z</time></trkpt>
			<trkpt lat="47.241870" lon="-1.333040"><ele>50</ele><time>2026-03-01T10:19:48Z</time></trkpt>
			<trkpt lat="47.241830" lon="-1.333010"><ele>50</ele><time>2026-03-01T10:20:00Z</time></trkpt>
			<trkpt lat="47.241800" lon="-1.332960"><ele>50</ele><time>2026-03-01T10:20:12Z</time></trkpt>
			<trkpt lat="47.241790" lon="-1.332910"><ele>50</ele><time>2026-03-01T10:20:24Z</time></trkpt>
			<trkpt lat="47.241770" lon="-1.332850"><ele>51</ele><time>2026-03-01T10:20:36Z</time></trkpt>
			<trkpt lat="47.241770" lon="-1.332790"><ele>51</ele><time>2026-03-01T10:20:48Z</time></trkpt>
			<trkpt lat="47.241550" lon="-1.332500"><ele>53</ele><time>2026-03-01T10:21:00Z</time></trkpt>
			<trkpt lat="47.241400" lon="-1.332380"><ele>54</ele><time>2026-03-01T10:21:12Z</time></trkpt>
			<trkpt lat="47.239770" lon="-1.331130"><ele>59</ele><time>2026-03-01T10:21:24Z</time></trkpt>
			<trkpt lat="47.239040" lon="-1.330580"><ele>60</ele><time>2026-03-01T10:21:36Z</time></trkpt>
			<trkpt lat="47.237310" lon="-1.329250"><ele>55</ele><time>2026-03-01T10:21:48Z</time></trkpt>
			<trkpt lat="47.236970" lon="-1.329080"><ele>55</ele><time>2026-03-01T10:22:00Z</time></trkpt>
			<trkpt lat="47.236940" lon="-1.329120"><ele>55</ele><time>2026-03-01T10:22:12Z</time></trkpt>
			<trkpt lat="47.236890" lon="-1.329140"><ele>55</ele><time>2026-03-01T10:22:24Z</time></trkpt>
			<trkpt lat="47.236850" lon="-1.329130"><ele>55</ele><time>2026-03-01T10:22:36Z</time></trkpt>
			<trkpt lat="47.236810" lon="-1.329120"><ele>55</ele><time>2026-03-01T10:22:48Z</time></trkpt>
			<trkpt lat="47.236780" lon="-1.329090"><ele>55</ele><time>2026-03-01T10:23:00Z</time></trkpt>
			<trkpt lat="47.236750" lon="-1.329040"><ele>55</ele><time>2026-03-01T10:23:12Z</time></trkpt>
			<trkpt lat="47.236730" lon="-1.328970"><ele>55</ele><time>2026-03-01T10:23:24Z</time></trkpt>
			<trkpt lat="47.236720" lon="-1.328900"><ele>55</ele><time>2026-03-01T10:23:36Z</time></trkpt>
			<trkpt lat="47.236730" lon="-1.328830"><ele>55</ele><time>2026-03-01T10:23:48Z</time></trkpt>
			<trkpt lat="47.236720" lon="-1.328700"><ele>55</ele><time>2026-03-01T10:24:00Z</time></trkpt>
			<trkpt lat="47.236590" lon="-1.328270"><ele>55</ele><time>2026-03-01T10:24:12Z</time></trkpt>
			<trkpt lat="47.236350" lon="-1.327600"><ele>56</ele><time>2026-03-01T10:24:24Z</time></trkpt>
			<trkpt lat="47.235840" lon="-1.326210"><ele>61</ele><time>2026-03-01T10:24:36Z</time></trkpt>
			<trkpt lat="47.235670" lon="-1.325660"><ele>63</ele><time>2026-03-01T10:24:48Z</time></trkpt>
			<trkpt lat="47.235590" lon="-1.325350"><ele>63</ele><time>2026-03-01T10:25:00Z</time></trkpt>
			<trkpt lat="47.235530" lon="-1.325120"><ele>63</ele><time>2026-03-01T10:25:12Z</time></trkpt>
			<trkpt lat="47.235200" lon="-1.323520"><ele>62</ele><time>2026-03-01T10:25:24Z</time></trkpt>
			<trkpt lat="47.235120" lon="-1.323210"><ele>61</ele><time>2026-03-01T10:25:36Z</time></trkpt>
			<trkpt lat="47.235060" lon="-1.323010"><ele>60</ele><time>2026-03-01T10:25:48Z</time></trkpt>
			<trkpt lat="47.234980" lon="-1.322790"><ele>60</ele><time>2026-03-01T10:26:00Z</time></trkpt>
			<trkpt lat="47.234870" lon="-1.322560"><ele>59</ele><time>2026-03-01T10:26:12Z</time></trkpt>
			<trkpt lat="47.234710" lon="-1.322320"><ele>59</ele><time>2026-03-01T10:26:24Z</time></trkpt>
			<trkpt lat="47.234300" lon="-1.321770"><ele>60</ele><time>2026-03-01T10:26:36Z</time></trkpt>
			<trkpt lat="47.233290" lon="-1.320440"><ele>66</ele><time>2026-03-01T10:26:48Z</time></trkpt>
			<trkpt lat="47.232530" lon="-1.319420"><ele>69</ele><time>2026-03-01T10:27:00Z</time></trkpt>
			<trkpt lat="47.232210" lon="-1.319010"><ele>69</ele><time>2026-03-01T10:27:12Z</time></trkpt>
			<trkpt lat="47.231130" lon="-1.317550"><ele>69</ele><time>2026-03-01T10:27:24Z</time></trkpt>
			<trkpt lat="47.230920" lon="-1.317230"><ele>69</ele><time>2026-03-01T10:27:36Z</time></trkpt>
			<trkpt lat="47.230570" lon="-1.316640"><ele>70</ele><time>2026-03-01T10:27:48Z</time></trkpt>
			<trkpt lat="47.230290" lon="-1.316130"><ele>68</ele><time>2026-03-01T10:28:00Z</time></trkpt>
			<trkpt lat="47.230240" lon="-1.316020"><ele>68</ele><time>2026-03-01T10:28:12Z</time></trkpt>
			<trkpt lat="47.229760" lon="-1.315190"><ele>71</ele><time>2026-03-01T10:28:24Z</time></trkpt>
			<trkpt lat="47.229600" lon="-1.314940"><ele>72</ele><time>2026-03-01T10:28:36Z</time></trkpt>
			<trkpt lat="47.229460" lon="-1.314760"><ele>72</ele><time>2026-03-01T10:28:48Z</time></trkpt>
			<trkpt lat="47.229310" lon="-1.314590"><ele>72</ele><time>2026-03-01T10:29:00Z</time></trkpt>
			<trkpt lat="47.229130" lon="-1.314410"><ele>73</ele><time>2026-03-01T10:29:12Z</time></trkpt>
			<trkpt lat="47.228370" lon="-1.313680"><ele>72</ele><time>2026-03-01T10:29:24Z</time></trkpt>
			<trkpt lat="47.228330" lon="-1.313650"><ele>72</ele><time>2026-03-01T10:29:36Z</time></trkpt>
			<trkpt lat="47.227180" lon="-1.312560"><ele>69</ele><time>2026-03-01T10:29:48Z</time></trkpt>
			<trkpt lat="47.226970" lon="-1.312340"><ele>68</ele><time>2026-03-01T10:30:00Z</time></trkpt>
			<trkpt lat="47.226880" lon="-1.312210"><ele>68</ele><time>2026-03-01T10:30:12Z</time></trkpt>
			<trkpt lat="47.226200" lon="-1.311090"><ele>63</ele><time>2026-03-01T10:30:24Z</time></trkpt>
			<trkpt lat="47.225910" lon="-1.310610"><ele>61</ele><time>2026-03-01T10:30:36Z</time></trkpt>
			<trkpt lat="47.225780" lon="-1.310420"><ele>59</ele><time>2026-03-01T10:30:48Z</time></trkpt>
			<trkpt lat="47.225630" lon="-1.310250"><ele>57</ele><time>2026-03-01T10:31:00Z</time></trkpt>
			<trkpt lat="47.225430" lon="-1.310090"><ele>56</ele><time>2026-03-01T10:31:12Z</time></trkpt>
			<trkpt lat="47.225330" lon="-1.310030"><ele>55</ele><time>2026-03-01T10:31:24Z</time></trkpt>
			<trkpt lat="47.224670" lon="-1.309700"><ele>51</ele><time>2026-03-01T10:31:36Z</time></trkpt>
			<trkpt lat="47.223690" lon="-1.309240"><ele>47</ele><time>2026-03-01T10:31:48Z</time></trkpt>
			<trkpt lat="47.223650" lon="-1.309220"><ele>47</ele><time>2026-03-01T10:32:00Z</time></trkpt>
			<trkpt lat="47.223580" lon="-1.309190"><ele>47</ele><time>2026-03-01T10:32:12Z</time></trkpt>
			<trkpt lat="47.221110" lon="-1.308010"><ele>57</ele><time>2026-03-01T10:32:24Z</time></trkpt>
			<trkpt lat="47.219650" lon="-1.307310"><ele>66</ele><time>2026-03-01T10:32:36Z</time></trkpt>
			<trkpt lat="47.218010" lon="-1.306530"><ele>76</ele><time>2026-03-01T10:32:48Z</time></trkpt>
			<trkpt lat="47.217640" lon="-1.306360"><ele>77</ele><time>2026-03-01T10:33:00Z</time></trkpt>
			<trkpt lat="47.216900" lon="-1.306000"><ele>77</ele><time>2026-03-01T10:33:12Z</time></trkpt>
			<trkpt lat="47.216570" lon="-1.305860"><ele>77</ele><time>2026-03-01T10:33:24Z</time></trkpt>
			<trkpt lat="47.216170" lon="-1.305670"><ele>76</ele><time>2026-03-01T10:33:36Z</time></trkpt>
			<trkpt lat="47.215910" lon="-1.305590"><ele>75</ele><time>2026-03-01T10:33:48Z</time></trkpt>
			<trkpt lat="47.215860" lon="-1.305590"><ele>75</ele><time>2026-03-01T10:34:00Z</time></trkpt>
			<trkpt lat="47.215750" lon="-1.305570"><ele>75</ele><time>2026-03-01T10:34:12Z</time></trkpt>
			<trkpt lat="47.215650" lon="-1.305560"><ele>75</ele><time>2026-03-01T10:34:24Z</time></trkpt>
			<trkpt lat="47.215010" lon="-1.305580"><ele>76</ele><time>2026-03-01T10:34:36Z</time></trkpt>
			<trkpt lat="47.214710" lon="-1.305570"><ele>76</ele><time>2026-03-01T10:34:48Z</time></trkpt>
			<trkpt lat="47.213520" lon="-1.305620"><ele>75</ele><time>2026-03-01T10:35:00Z</time></trkpt>
			<trkpt lat="47.212920" lon="-1.305640"><ele>74</ele><time>2026-03-01T10:35:12Z</time></trkpt>
			<trkpt lat="47.212080" lon="-1.305670"><ele>73</ele><time>2026-03-01T10:35:24Z</time></trkpt>
			<trkpt lat="47.210840" lon="-1.305700"><ele>72</ele><time>2026-03-01T10:35:36Z</time></trkpt>
			<trkpt lat="47.210120" lon="-1.305720"><ele>70</ele><time>2026-03-01T10:35:48Z</time></trkpt>
			<trkpt lat="47.209570" lon="-1.305730"><ele>68</ele><time>2026-03-01T10:36:00Z</time></trkpt>
			<trkpt lat="47.209260" lon="-1.305750"><ele>67</ele><time>2026-03-01T10:36:12Z</time></trkpt>
			<trkpt lat="47.207960" lon="-1.305800"><ele>66</ele><time>2026-03-01T10:36:24Z</time></trkpt>
			<trkpt lat="47.207680" lon="-1.305810"><ele>65</ele><time>2026-03-01T10:36:36Z</time></trkpt>
			<trkpt lat="47.207670" lon="-1.305840"><ele>65</ele><time>2026-03-01T10:36:48Z</time></trkpt>
			<trkpt lat="47.207660" lon="-1.305870"><ele>65</ele><time>2026-03-01T10:37:00Z</time></trkpt>
			<trkpt lat="47.207630" lon="-1.305880"><ele>65</ele><time>2026-03-01T10:37:12Z</time></trkpt>
			<trkpt lat="47.207600" lon="-1.305870"><ele>65</ele><time>2026-03-01T10:37:24Z</time></trkpt>
			<trkpt lat="47.207580" lon="-1.305840"><ele>65</ele><time>2026-03-01T10:37:36Z</time></trkpt>
			<trkpt lat="47.207580" lon="-1.305810"><ele>65</ele><time>2026-03-01T10:37:48Z</time></trkpt>
			<trkpt lat="47.207260" lon="-1.305820"><ele>65</ele><time>2026-03-01T10:38:00Z</time></trkpt>
			<trkpt lat="47.206140" lon="-1.305860"><ele>67</ele><time>2026-03-01T10:38:12Z</time></trkpt>
			<trkpt lat="47.205830" lon="-1.305880"><ele>68</ele><time>2026-03-01T10:38:24Z</time></trkpt>
			<trkpt lat="47.205700" lon="-1.305880"><ele>68</ele><time>2026-03-01T10:38:36Z</time></trkpt>
			<trkpt lat="47.205290" lon="-1.305900"><ele>67</ele><time>2026-03-01T10:38:48Z</time></trkpt>
			<trkpt lat="47.205240" lon="-1.305920"><ele>66</ele><time>2026-03-01T10:39:00Z</time></trkpt>
			<trkpt lat="47.205120" lon="-1.305980"><ele>66</ele><time>2026-03-01T10:39:12Z</time></trkpt>
			<trkpt lat="47.204940" lon="-1.306060"><ele>66</ele><time>2026-03-01T10:39:24Z</time></trkpt>
			<trkpt lat="47.204810" lon="-1.305920"><ele>65</ele><time>2026-03-01T10:39:36Z</time></trkpt>
			<trkpt lat="47.204460" lon="-1.305530"><ele>65</ele><time>2026-03-01T10:39:48Z</time></trkpt>
			<trkpt lat="47.204420" lon="-1.305490"><ele>65</ele><time>2026-03-01T10:40:00Z</time></trkpt>
			<trkpt lat="47.204350" lon="-1.305400"><ele>65</ele><time>2026-03-01T10:40:12Z</time></trkpt>
			<trkpt lat="47.204050" lon="-1.305040"><ele>65</ele><time>2026-03-01T10:40:24Z</time></trkpt>
			<trkpt lat="47.203870" lon="-1.304880"><ele>65</ele><time>2026-03-01T10:40:36Z</time></trkpt>
			<trkpt lat="47.203540" lon="-1.304510"><ele>64</ele><time>2026-03-01T10:40:48Z</time></trkpt>
			<trkpt lat="47.203480" lon="-1.304410"><ele>63</ele><time>2026-03-01T10:41:00Z</time></trkpt>
			<trkpt lat="47.203180" lon="-1.304060"><ele>63</ele><time>2026-03-01T10:41:12Z</time></trkpt>
			<trkpt lat="47.203120" lon="-1.304010"><ele>63</ele><time>2026-03-01T10:41:24Z</time></trkpt>
			<trkpt lat="47.203050" lon="-1.303960"><ele>63</ele><time>2026-03-01T10:41:36Z</time></trkpt>
			<trkpt lat="47.202830" lon="-1.303690"><ele>62</ele><time>2026-03-01T10:41:48Z</time></trkpt>
			<trkpt lat="47.202740" lon="-1.303590"><ele>62</ele><time>2026-03-01T10:42:00Z</time></trkpt>
			<trkpt lat="47.202200" lon="-1.302980"><ele>60</ele><time>2026-03-01T10:42:12Z</time></trkpt>
			<trkpt lat="47.201480" lon="-1.302180"><ele>58</ele><time>2026-03-01T10:42:24Z</time></trkpt>
			<trkpt lat="47.200730" lon="-1.301350"><ele>57</ele><time>2026-03-01T10:42:36Z</time></trkpt>
			<trkpt lat="47.200410" lon="-1.300960"><ele>56</ele><time>2026-03-01T10:42:48Z</time></trkpt>
			<trkpt lat="47.200350" lon="-1.300890"><ele>56</ele><time>2026-03-01T10:43:00Z</time></trkpt>
			<trkpt lat="47.200160" lon="-1.300630"><ele>56</ele><time>2026-03-01T10:43:12Z</time></trkpt>
			<trkpt lat="47.200020" lon="-1.300350"><ele>55</ele><time>2026-03-01T10:43:24Z</time></trkpt>
			<trkpt lat="47.199900" lon="-1.300100"><ele>55</ele><time>2026-03-01T10:43:36Z</time></trkpt>
			<trkpt lat="47.199810" lon="-1.299840"><ele>55</ele><time>2026-03-01T10:43:48Z</time></trkpt>
			<trkpt lat="47.199710" lon="-1.299490"><ele>54</ele><time>2026-03-01T10:44:00Z</time></trkpt>
			<trkpt lat="47.199600" lon="-1.298970"><ele>52</ele><time>2026-03-01T10:44:12Z</time></trkpt>
			<trkpt lat="47.199550" lon="-1.298660"><ele>50</ele><time>2026-03-01T10:44:24Z</time></trkpt>
			<trkpt lat="47.199480" lon="-1.298330"><ele>48</ele><time>2026-03-01T10:44:36Z</time></trkpt>
			<trkpt lat="47.199280" lon="-1.297780"><ele>45</ele><time>2026-03-01T10:44:48Z</time></trkpt>
			<trkpt lat="47.199070" lon="-1.297320"><ele>43</ele><time>2026-03-01T10:45:00Z</time></trkpt>
			<trkpt lat="47.199000" lon="-1.297190"><ele>43</ele><time>2026-03-01T10:45:12Z</time></trkpt>
			<trkpt lat="47.198930" lon="-1.297020"><ele>44</ele><time>2026-03-01T10:45:24Z</time></trkpt>
			<trkpt lat="47.198700" lon="-1.296680"><ele>45</ele><time>2026-03-01T10:45:36Z</time></trkpt>
			<trkpt lat="47.198650" lon="-1.296520"><ele>46</ele><time>2026-03-01T10:45:48Z</time></trkpt>
			<trkpt lat="47.198680" lon="-1.296460"><ele>46</ele><time>2026-03-01T10:46:00Z</time></trkpt>
			<trkpt lat="47.198740" lon="-1.296300"><ele>47</ele><time>2026-03-01T10:46:12Z</time></trkpt>
			<trkpt lat="47.198740" lon="-1.296220"><ele>47</ele><time>2026-03-01T10:46:24Z</time></trkpt>
			<trkpt lat="47.198730" lon="-1.296170"><ele>47</ele><time>2026-03-01T10:46:36Z</time></trkpt>
			<trkpt lat="47.198660" lon="-1.296070"><ele>48</ele><time>2026-03-01T10:46:48Z</time></trkpt>
			<trkpt lat="47.198630" lon="-1.296060"><ele>48</ele><time>2026-03-01T10:47:00Z</time></trkpt>
			<trkpt lat="47.198170" lon="-1.295940"><ele>50</ele><time>2026-03-01T10:47:12Z</time></trkpt>
			<trkpt lat="47.197820" lon="-1.295780"><ele>51</ele><time>2026-03-01T10:47:24Z</time></trkpt>
			<trkpt lat="47.197430" lon="-1.295630"><ele>53</ele><time>2026-03-01T10:47:36Z</time></trkpt>
			<trkpt lat="47.197330" lon="-1.295580"><ele>53</ele><time>2026-03-01T10:47:48Z</time></trkpt>
			<trkpt lat="47.197270" lon="-1.295510"><ele>53</ele><time>2026-03-01T10:48:00Z</time></trkpt>
			<trkpt lat="47.197210" lon="-1.295410"><ele>53</ele><time>2026-03-01T10:48:12Z</time></trkpt>
			<trkpt lat="47.196910" lon="-1.294320"><ele>56</ele><time>2026-03-01T10:48:24Z</time></trkpt>
			<trkpt lat="47.196530" lon="-1.292890"><ele>58</ele><time>2026-03-01T10:48:36Z</time></trkpt>
			<trkpt lat="47.196480" lon="-1.292690"><ele>58</ele><time>2026-03-01T10:48:48Z</time></trkpt>
			<trkpt lat="47.196180" lon="-1.291630"><ele>59</ele><time>2026-03-01T10:49:00Z</time></trkpt>
			<trkpt lat="47.196080" lon="-1.291150"><ele>59</ele><time>2026-03-01T10:49:12Z</time></trkpt>
			<trkpt lat="47.196070" lon="-1.291110"><ele>59</ele><time>2026-03-01T10:49:24Z</time></trkpt>
			<trkpt lat="47.196070" lon="-1.290940"><ele>59</ele><time>2026-03-01T10:49:36Z</time></trkpt>
			<trkpt lat="47.196080" lon="-1.290750"><ele>59</ele><time>2026-03-01T10:49:48Z</time></trkpt>
			<trkpt lat="47.196100" lon="-1.290600"><ele>59</ele><time>2026-03-01T10:50:00Z</time></trkpt>
			<trkpt lat="47.196220" lon="-1.290350"><ele>59</ele><time>2026-03-01T10:50:12Z</time></trkpt>
			<trkpt lat="47.196340" lon="-1.290200"><ele>59</ele><time>2026-03-01T10:50:24Z</time></trkpt>
			<trkpt lat="47.196790" lon="-1.289760"><ele>61</ele><time>2026-03-01T10:50:36Z</time></trkpt>
			<trkpt lat="47.197260" lon="-1.289310"><ele>64</ele><time>2026-03-01T10:50:48Z</time></trkpt>
			<trkpt lat="47.197420" lon="-1.289140"><ele>65</ele><time>2026-03-01T10:51:00Z</time></trkpt>
			<trkpt lat="47.197700" lon="-1.288840"><ele>66</ele><time>2026-03-01T10:51:12Z</time></trkpt>
			<trkpt lat="47.197890" lon="-1.288610"><ele>67</ele><time>2026-03-01T10:51:24Z</time></trkpt>
			<trkpt lat="47.198090" lon="-1.288330"><ele>67</ele><time>2026-03-01T10:51:36Z</time></trkpt>
			<trkpt lat="47.198270" lon="-1.288040"><ele>68</ele><time>2026-03-01T10:51:48Z</time></trkpt>
			<trkpt lat="47.198440" lon="-1.287750"><ele>69</ele><time>2026-03-01T10:52:00Z</time></trkpt>
			<trkpt lat="47.198700" lon="-1.287230"><ele>69</ele><time>2026-03-01T10:52:12Z</time></trkpt>
			<trkpt lat="47.198780" lon="-1.287080"><ele>69</ele><time>2026-03-01T10:52:24Z</time></trkpt>
			<trkpt lat="47.199000" lon="-1.286690"><ele>69</ele><time>2026-03-01T10:52:36Z</time></trkpt>
			<trkpt lat="47.199230" lon="-1.286230"><ele>69</ele><time>2026-03-01T10:52:48Z</time></trkpt>
			<trkpt lat="47.199700" lon="-1.285460"><ele>69</ele><time>2026-03-01T10:53:00Z</time></trkpt>
			<trkpt lat="47.199950" lon="-1.285010"><ele>68</ele><time>2026-03-01T10:53:12Z</time></trkpt>
			<trkpt lat="47.200370" lon="-1.284520"><ele>69</ele><time>2026-03-01T10:53:24Z</time></trkpt>
			<trkpt lat="47.200430" lon="-1.284410"><ele>69</ele><time>2026-03-01T10:53:36Z</time></trkpt>
			<trkpt lat="47.200510" lon="-1.284250"><ele>69</ele><time>2026-03-01T10:53:48Z</time></trkpt>
			<trkpt lat="47.200600" lon="-1.284050"><ele>69</ele><time>2026-03-01T10:54:00Z</time></trkpt>
			<trkpt lat="47.200700" lon="-1.283660"><ele>69</ele><time>2026-03-01T10:54:12Z</time></trkpt>
			<trkpt lat="47.201000" lon="-1.282260"><ele>73</ele><time>2026-03-01T10:54:24Z</time></trkpt>
			<trkpt lat="47.201120" lon="-1.281850"><ele>74</ele><time>2026-03-01T10:54:36Z</time></trkpt>
			<trkpt lat="47.201270" lon="-1.281460"><ele>74</ele><time>2026-03-01T10:54:48Z</time></trkpt>
			<trkpt lat="47.201400" lon="-1.281200"><ele>74</ele><time>2026-03-01T10:55:00Z</time></trkpt>
			<trkpt lat="47.201620" lon="-1.280780"><ele>75</ele><time>2026-03-01T10:55:12Z</time></trkpt>
			<trkpt lat="47.201800" lon="-1.280490"><ele>75</ele><time>2026-03-01T10:55:24Z</time></trkpt>
			<trkpt lat="47.201910" lon="-1.280380"><ele>75</ele><time>2026-03-01T10:55:36Z</time></trkpt>
			<trkpt lat="47.202020" lon="-1.280290"><ele>75</ele><time>2026-03-01T10:55:48Z</time></trkpt>
			<trkpt lat="47.202190" lon="-1.280240"><ele>75</ele><time>2026-03-01T10:56:00Z</time></trkpt>
			<trkpt lat="47.202550" lon="-1.280260"><ele>75</ele><time>2026-03-01T10:56:12Z</time></trkpt>
			<trkpt lat="47.202700" lon="-1.280240"><ele>76</ele><time>2026-03-01T10:56:24Z</time></trkpt>
			<trkpt lat="47.202830" lon="-1.280180"><ele>76</ele><time>2026-03-01T10:56:36Z</time></trkpt>
			<trkpt lat="47.203020" lon="-1.280050"><ele>77</ele><time>2026-03-01T10:56:48Z</time></trkpt>
			<trkpt lat="47.203380" lon="-1.279730"><ele>78</ele><time>2026-03-01T10:57:00Z</time></trkpt>
			<trkpt lat="47.204030" lon="-1.279170"><ele>80</ele><time>2026-03-01T10:57:12Z</time></trkpt>
			<trkpt lat="47.204320" lon="-1.278880"><ele>80</ele><time>2026-03-01T10:57:24Z</time></trkpt>
			<trkpt lat="47.205310" lon="-1.277610"><ele>82</ele><time>2026-03-01T10:57:36Z</time></trkpt>
			<trkpt lat="47.205570" lon="-1.277290"><ele>83</ele><time>2026-03-01T10:57:48Z</time></trkpt>
			<trkpt lat="47.206680" lon="-1.276060"><ele>88</ele><time>2026-03-01T10:58:00Z</time></trkpt>
			<trkpt lat="47.206970" lon="-1.275730"><ele>87</ele><time>2026-03-01T10:58:12Z</time></trkpt>
			<trkpt lat="47.207310" lon="-1.275300"><ele>87</ele><time>2026-03-01T10:58:24Z</time></trkpt>
			<trkpt lat="47.208410" lon="-1.273940"><ele>89</ele><time>2026-03-01T10:58:36Z</time></trkpt>
			<trkpt lat="47.208650" lon="-1.273570"><ele>89</ele><time>2026-03-01T10:58:48Z</time></trkpt>
			<trkpt lat="47.209200" lon="-1.272750"><ele>87</ele><time>2026-03-01T10:59:00Z</time></trkpt>
			<trkpt lat="47.210820" lon="-1.270240"><ele>89</ele><time>2026-03-01T10:59:12Z</time></trkpt>
			<trkpt lat="47.211170" lon="-1.269630"><ele>90</ele><time>2026-03-01T10:59:24Z</time></trkpt>
			<trkpt lat="47.212970" lon="-1.266300"><ele>87</ele><time>2026-03-01T10:59:36Z</time></trkpt>
			<trkpt lat="47.214170" lon="-1.264040"><ele>87</ele><time>2026-03-01T10:59:48Z</time></trkpt>
			<trkpt lat="47.214450" lon="-1.263550"><ele>88</ele><time>2026-03-01T11:00:00Z</time></trkpt>
			<trkpt lat="47.214610" lon="-1.263290"><ele>88</ele><time>2026-03-01T11:00:12Z</time></trkpt>
			<trkpt lat="47.214860" lon="-1.262980"><ele>88</ele><time>2026-03-01T11:00:24Z</time></trkpt>
			<trkpt lat="47.215110" lon="-1.262700"><ele>88</ele><time>2026-03-01T11:00:36Z</time></trkpt>
			<trkpt lat="47.215270" lon="-1.262510"><ele>89</ele><time>2026-03-01T11:00:48Z</time></trkpt>
			<trkpt lat="47.215430" lon="-1.262300"><ele>89</ele><time>2026-03-01T11:01:00Z</time></trkpt>
			<trkpt lat="47.215780" lon="-1.261720"><ele>89</ele><time>2026-03-01T11:01:12Z</time></trkpt>
			<trkpt lat="47.216460" lon="-1.260510"><ele>91</ele><time>2026-03-01T11:01:24Z</time></trkpt>
			<trkpt lat="47.216640" lon="-1.260210"><ele>91</ele><time>2026-03-01T11:01:36Z</time></trkpt>
			<trkpt lat="47.216820" lon="-1.259940"><ele>91</ele><time>2026-03-01T11:01:48Z</time></trkpt>
			<trkpt lat="47.217030" lon="-1.259700"><ele>90</ele><time>2026-03-01T11:02:00Z</time></trkpt>
			<trkpt lat="47.217990" lon="-1.258620"><ele>89</ele><time>2026-03-01T11:02:12Z</time></trkpt>
			<trkpt lat="47.218690" lon="-1.257850"><ele>89</ele><time>2026-03-01T11:02:24Z</time></trkpt>
			<trkpt lat="47.219070" lon="-1.257420"><ele>90</ele><time>2026-03-01T11:02:36Z</time></trkpt>
			<trkpt lat="47.219400" lon="-1.256990"><ele>89</ele><time>2026-03-01T11:02:48Z</time></trkpt>
			<trkpt lat="47.219970" lon="-1.256180"><ele>90</ele><time>2026-03-01T11:03:00Z</time></trkpt>
			<trkpt lat="47.220040" lon="-1.256060"><ele>90</ele><time>2026-03-01T11:03:12Z</time></trkpt>
			<trkpt lat="47.220770" lon="-1.254950"><ele>89</ele><time>2026-03-01T11:03:24Z</time></trkpt>
			<trkpt lat="47.221120" lon="-1.254410"><ele>91</ele><time>2026-03-01T11:03:36Z</time></trkpt>
			<trkpt lat="47.221800" lon="-1.253470"><ele>91</ele><time>2026-03-01T11:03:48Z</time></trkpt>
			<trkpt lat="47.222280" lon="-1.252970"><ele>92</ele><time>2026-03-01T11:04:00Z</time></trkpt>
			<trkpt lat="47.222730" lon="-1.252520"><ele>93</ele><time>2026-03-01T11:04:12Z</time></trkpt>
			<trkpt lat="47.223960" lon="-1.251300"><ele>93</ele><time>2026-03-01T11:04:24Z</time></trkpt>
			<trkpt lat="47.224570" lon="-1.250690"><ele>93</ele><time>2026-03-01T11:04:36Z</time></trkpt>
			<trkpt lat="47.226780" lon="-1.248540"><ele>93</ele><time>2026-03-01T11:04:48Z</time></trkpt>
			<trkpt lat="47.226850" lon="-1.248270"><ele>93</ele><time>2026-03-01T11:05:00Z</time></trkpt>
			<trkpt lat="47.226960" lon="-1.248270"><ele>93</ele><time>2026-03-01T11:05:12Z</time></trkpt>
			<trkpt lat="47.227110" lon="-1.248220"><ele>93</ele><time>2026-03-01T11:05:24Z</time></trkpt>
			<trkpt lat="47.227660" lon="-1.247790"><ele>92</ele><time>2026-03-01T11:05:36Z</time></trkpt>
			<trkpt lat="47.228250" lon="-1.247260"><ele>90</ele><time>2026-03-01T11:05:48Z</time></trkpt>
			<trkpt lat="47.228980" lon="-1.246660"><ele>90</ele><time>2026-03-01T11:06:00Z</time></trkpt>
			<trkpt lat="47.229750" lon="-1.245840"><ele>88</ele><time>2026-03-01T11:06:12Z</time></trkpt>
			<trkpt lat="47.229960" lon="-1.245600"><ele>88</ele><time>2026-03-01T11:06:24Z</time></trkpt>
			<trkpt lat="47.230360" lon="-1.245080"><ele>87</ele><time>2026-03-01T11:06:36Z</time></trkpt>
			<trkpt lat="47.230470" lon="-1.244960"><ele>87</ele><time>2026-03-01T11:06:48Z</time></trkpt>
			<trkpt lat="47.230580" lon="-1.244850"><ele>87</ele><time>2026-03-01T11:07:00Z</time></trkpt>
			<trkpt lat="47.230830" lon="-1.244670"><ele>88</ele><time>2026-03-01T11:07:12Z</time></trkpt>
			<trkpt lat="47.231180" lon="-1.244450"><ele>87</ele><time>2026-03-01T11:07:24Z</time></trkpt>
			<trkpt lat="47.231310" lon="-1.244380"><ele>87</ele><time>2026-03-01T11:07:36Z</time></trkpt>
			<trkpt lat="47.231510" lon="-1.244320"><ele>87</ele><time>2026-03-01T11:07:48Z</time></trkpt>
			<trkpt lat="47.231710" lon="-1.244310"><ele>87</ele><time>2026-03-01T11:08:00Z</time></trkpt>
			<trkpt lat="47.232830" lon="-1.244440"><ele>88</ele><time>2026-03-01T11:08:12Z</time></trkpt>
			<trkpt lat="47.233090" lon="-1.244470"><ele>88</ele><time>2026-03-01T11:08:24Z</time></trkpt>
			<trkpt lat="47.233990" lon="-1.244580"><ele>87</ele><time>2026-03-01T11:08:36Z</time></trkpt>
			<trkpt lat="47.234170" lon="-1.244580"><ele>87</ele><time>2026-03-01T11:08:48Z</time></trkpt>
			<trkpt lat="47.234270" lon="-1.244570"><ele>87</ele><time>2026-03-01T11:09:00Z</time></trkpt>
			<trkpt lat="47.234600" lon="-1.244510"><ele>86</ele><time>2026-03-01T11:09:12Z</time></trkpt>
			<trkpt lat="47.235080" lon="-1.244390"><ele>85</ele><time>2026-03-01T11:09:24Z</time></trkpt>
			<trkpt lat="47.235910" lon="-1.244190"><ele>84</ele><time>2026-03-01T11:09:36Z</time></trkpt>
			<trkpt lat="47.236150" lon="-1.244140"><ele>83</ele><time>2026-03-01T11:09:48Z</time></trkpt>
			<trkpt lat="47.236410" lon="-1.244050"><ele>81</ele><time>2026-03-01T11:10:00Z</time></trkpt>
			<trkpt lat="47.236660" lon="-1.243950"><ele>81</ele><time>2026-03-01T11:10:12Z</time></trkpt>
			<trkpt lat="47.236860" lon="-1.243870"><ele>80</ele><time>2026-03-01T11:10:24Z</time></trkpt>
			<trkpt lat="47.237560" lon="-1.243480"><ele>78</ele><time>2026-03-01T11:10:36Z</time></trkpt>
			<trkpt lat="47.237560" lon="-1.243430"><ele>78</ele><time>2026-03-01T11:10:48Z</time></trkpt>
			<trkpt lat="47.237560" lon="-1.243400"><ele>78</ele><time>2026-03-01T11:11:00Z</time></trkpt>
			<trkpt lat="47.237570" lon="-1.243380"><ele>78</ele><time>2026-03-01T11:11:12Z</time></trkpt>
			<trkpt lat="47.237590" lon="-1.243370"><ele>78</ele><time>2026-03-01T11:11:24Z</time></trkpt>
			<trkpt lat="47.237620" lon="-1.243360"><ele>78</ele><time>2026-03-01T11:11:36Z</time></trkpt>
			<trkpt lat="47.237650" lon="-1.243380"><ele>78</ele><time>2026-03-01T11:11:48Z</time></trkpt>
			<trkpt lat="47.237670" lon="-1.243440"><ele>78</ele><time>2026-03-01T11:12:00Z</time></trkpt>
			<trkpt lat="47.237650" lon="-1.243500"><ele>78</ele><time>2026-03-01T11:12:12Z</time></trkpt>
			<trkpt lat="47.237700" lon="-1.243710"><ele>77</ele><time>2026-03-01T11:12:24Z</time></trkpt>
			<trkpt lat="47.237710" lon="-1.243820"><ele>77</ele><time>2026-03-01T11:12:36Z</time></trkpt>
			<trkpt lat="47.237780" lon="-1.243810"><ele>77</ele><time>2026-03-01T11:12:48Z</time></trkpt>
			<trkpt lat="47.237870" lon="-1.243790"><ele>77</ele><time>2026-03-01T11:13:00Z</time></trkpt>
			<trkpt lat="47.237970" lon="-1.243800"><ele>77</ele><time>2026-03-01T11:13:12Z</time></trkpt>
			<trkpt lat="47.238040" lon="-1.243860"><ele>76</ele><time>2026-03-01T11:13:24Z</time></trkpt>
			<trkpt lat="47.238150" lon="-1.244030"><ele>76</ele><time>2026-03-01T11:13:36Z</time></trkpt>
			<trkpt lat="47.238180" lon="-1.244060"><ele>76</ele><time>2026-03-01T11:13:48Z</time></trkpt>
			<trkpt lat="47.238230" lon="-1.244060"><ele>75</ele><time>2026-03-01T11:14:00Z</time></trkpt>
			<trkpt lat="47.238300" lon="-1.244050"><ele>75</ele><time>2026-03-01T11:14:12Z</time></trkpt>
			<trkpt lat="47.238410" lon="-1.243990"><ele>75</ele><time>2026-03-01T11:14:24Z</time></trkpt>
			<trkpt lat="47.238540" lon="-1.243960"><ele>75</ele><time>2026-03-01T11:14:36Z</time></trkpt>
			<trkpt lat="47.238660" lon="-1.243950"><ele>74</ele><time>2026-03-01T11:14:48Z</time></trkpt>
			<trkpt lat="47.238820" lon="-1.243990"><ele>74</ele><time>2026-03-01T11:15:00Z</time></trkpt>
			<trkpt lat="47.239860" lon="-1.244170"><ele>71</ele><time>2026-03-01T11:15:12Z</time></trkpt>
			<trkpt lat="47.239970" lon="-1.244190"><ele>71</ele><time>2026-03-01T11:15:24Z</time></trkpt>
			<trkpt lat="47.240480" lon="-1.244270"><ele>70</ele><time>2026-03-01T11:15:36Z</time></trkpt>
			<trkpt lat="47.240920" lon="-1.244360"><ele>69</ele><time>2026-03-01T11:15:48Z</time></trkpt>
			<trkpt lat="47.241160" lon="-1.244360"><ele>68</ele><time>2026-03-01T11:16:00Z</time></trkpt>
			<trkpt lat="47.243330" lon="-1.244100"><ele>60</ele><time>2026-03-01T11:16:12Z</time></trkpt>
			<trkpt lat="47.243970" lon="-1.244010"><ele>55</ele><time>2026-03-01T11:16:24Z</time></trkpt>
			<trkpt lat="47.244240" lon="-1.243960"><ele>54</ele><time>2026-03-01T11:16:36Z</time></trkpt>
			<trkpt lat="47.244500" lon="-1.243880"><ele>53</ele><time>2026-03-01T11:16:48Z</time></trkpt>
			<trkpt lat="47.244820" lon="-1.243710"><ele>52</ele><time>2026-03-01T11:17:00Z</time></trkpt>
			<trkpt lat="47.245000" lon="-1.243620"><ele>51</ele><time>2026-03-01T11:17:12Z</time></trkpt>
			<trkpt lat="47.245180" lon="-1.243560"><ele>51</ele><time>2026-03-01T11:17:24Z</time></trkpt>
			<trkpt lat="47.245400" lon="-1.243510"><ele>51</ele><time>2026-03-01T11:17:36Z</time></trkpt>
			<trkpt lat="47.246200" lon="-1.243450"><ele>51</ele><time>2026-03-01T11:17:48Z</time></trkpt>
			<trkpt lat="47.246320" lon="-1.243400"><ele>51</ele><time>2026-03-01T11:18:00Z</time></trkpt>
			<trkpt lat="47.246430" lon="-1.243330"><ele>51</ele><time>2026-03-01T11:18:12Z</time></trkpt>
			<trkpt lat="47.246470" lon="-1.243290"><ele>51</ele><time>2026-03-01T11:18:24Z</time></trkpt>
			<trkpt lat="47.246540" lon="-1.243200"><ele>51</ele><time>2026-03-01T11:18:36Z</time></trkpt>
			<trkpt lat="47.246620" lon="-1.243040"><ele>51</ele><time>2026-03-01T11:18:48Z</time></trkpt>
			<trkpt lat="47.246660" lon="-1.242880"><ele>51</ele><time>2026-03-01T11:19:00Z</time></trkpt>
			<trkpt lat="47.246680" lon="-1.242790"><ele>51</ele><time>2026-03-01T11:19:12Z</time></trkpt>
			<trkpt lat="47.246700" lon="-1.242600"><ele>51</ele><time>2026-03-01T11:19:24Z</time></trkpt>
			<trkpt lat="47.246720" lon="-1.242480"><ele>51</ele><time>2026-03-01T11:19:36Z</time></trkpt>
			<trkpt lat="47.246770" lon="-1.242340"><ele>52</ele><time>2026-03-01T11:19:48Z</time></trkpt>
			<trkpt lat="47.246840" lon="-1.242220"><ele>53</ele><time>2026-03-01T11:20:00Z</time></trkpt>
			<trkpt lat="47.246920" lon="-1.242100"><ele>54</ele><time>2026-03-01T11:20:12Z</time></trkpt>
			<trkpt lat="47.247080" lon="-1.241850"><ele>56</ele><time>2026-03-01T11:20:24Z</time></trkpt>
			<trkpt lat="47.247250" lon="-1.241660"><ele>57</ele><time>2026-03-01T11:20:36Z</time></trkpt>
			<trkpt lat="47.247390" lon="-1.241530"><ele>57</ele><time>2026-03-01T11:20:48Z</time></trkpt>
			<trkpt lat="47.247500" lon="-1.241460"><ele>57</ele><time>2026-03-01T11:21:00Z</time></trkpt>
			<trkpt lat="47.247660" lon="-1.241420"><ele>58</ele><time>2026-03-01T11:21:12Z</time></trkpt>
			<trkpt lat="47.247810" lon="-1.241410"><ele>58</ele><time>2026-03-01T11:21:24Z</time></trkpt>
			<trkpt lat="47.248040" lon="-1.241460"><ele>59</ele><time>2026-03-01T11:21:36Z</time></trkpt>
			<trkpt lat="47.248300" lon="-1.241670"><ele>61</ele><time>2026-03-01T11:21:48Z</time></trkpt>
			<trkpt lat="47.248400" lon="-1.241790"><ele>62</ele><time>2026-03-01T11:22:00Z</time></trkpt>
			<trkpt lat="47.248490" lon="-1.241930"><ele>62</ele><time>2026-03-01T11:22:12Z</time></trkpt>
			<trkpt lat="47.248640" lon="-1.242320"><ele>64</ele><time>2026-03-01T11:22:24Z</time></trkpt>
			<trkpt lat="47.248710" lon="-1.242530"><ele>64</ele><time>2026-03-01T11:22:36Z</time></trkpt>
			<trkpt lat="47.248770" lon="-1.242650"><ele>64</ele><time>2026-03-01T11:22:48Z</time></trkpt>
			<trkpt lat="47.248850" lon="-1.242770"><ele>65</ele><time>2026-03-01T11:23:00Z</time></trkpt>
			<trkpt lat="47.248940" lon="-1.242860"><ele>65</ele><time>2026-03-01T11:23:12Z</time></trkpt>
			<trkpt lat="47.249040" lon="-1.242920"><ele>66</ele><time>2026-03-01T11:23:24Z</time></trkpt>
			<trkpt lat="47.249210" lon="-1.242990"><ele>67</ele><time>2026-03-01T11:23:36Z</time></trkpt>
			<trkpt lat="47.249360" lon="-1.243020"><ele>67</ele><time>2026-03-01T11:23:48Z</time></trkpt>
			<trkpt lat="47.249520" lon="-1.243020"><ele>68</ele><time>2026-03-01T11:24:00Z</time></trkpt>
			<trkpt lat="47.249730" lon="-1.242990"><ele>69</ele><time>2026-03-01T11:24:12Z</time></trkpt>
			<trkpt lat="47.250530" lon="-1.242820"><ele>72</ele><time>2026-03-01T11:24:24Z</time></trkpt>
			<trkpt lat="47.250640" lon="-1.242790"><ele>73</ele><time>2026-03-01T11:24:36Z</time></trkpt>
			<trkpt lat="47.250670" lon="-1.242780"><ele>73</ele><time>2026-03-01T11:24:48Z</time></trkpt>
			<trkpt lat="47.251730" lon="-1.242510"><ele>77</ele><time>2026-03-01T11:25:00Z</time></trkpt>
			<trkpt lat="47.251800" lon="-1.242500"><ele>77</ele><time>2026-03-01T11:25:12Z</time></trkpt>
			<trkpt lat="47.251960" lon="-1.242520"><ele>76</ele><time>2026-03-01T11:25:24Z</time></trkpt>
			<trkpt lat="47.252040" lon="-1.242550"><ele>76</ele><time>2026-03-01T11:25:36Z</time></trkpt>
			<trkpt lat="47.252500" lon="-1.242810"><ele>74</ele><time>2026-03-01T11:25:48Z</time></trkpt>
			<trkpt lat="47.253930" lon="-1.243610"><ele>64</ele><time>2026-03-01T11:26:00Z</time></trkpt>
			<trkpt lat="47.254400" lon="-1.243830"><ele>61</ele><time>2026-03-01T11:26:12Z</time></trkpt>
			<trkpt lat="47.254670" lon="-1.243940"><ele>58</ele><time>2026-03-01T11:26:24Z</time></trkpt>
			<trkpt lat="47.254960" lon="-1.244020"><ele>56</ele><time>2026-03-01T11:26:36Z</time></trkpt>
			<trkpt lat="47.255830" lon="-1.244180"><ele>54</ele><time>2026-03-01T11:26:48Z</time></trkpt>
			<trkpt lat="47.256180" lon="-1.244260"><ele>60</ele><time>2026-03-01T11:27:00Z</time></trkpt>
			<trkpt lat="47.256350" lon="-1.244350"><ele>62</ele><time>2026-03-01T11:27:12Z</time></trkpt>
			<trkpt lat="47.256500" lon="-1.244500"><ele>64</ele><time>2026-03-01T11:27:24Z</time></trkpt>
			<trkpt lat="47.256610" lon="-1.244690"><ele>66</ele><time>2026-03-01T11:27:36Z</time></trkpt>
			<trkpt lat="47.256690" lon="-1.244890"><ele>66</ele><time>2026-03-01T11:27:48Z</time></trkpt>
			<trkpt lat="47.256800" lon="-1.245400"><ele>69</ele><time>2026-03-01T11:28:00Z</time></trkpt>
			<trkpt lat="47.256860" lon="-1.245560"><ele>69</ele><time>2026-03-01T11:28:12Z</time></trkpt>
			<trkpt lat="47.256930" lon="-1.245700"><ele>70</ele><time>2026-03-01T11:28:24Z</time></trkpt>
			<trkpt lat="47.257040" lon="-1.245820"><ele>71</ele><time>2026-03-01T11:28:36Z</time></trkpt>
			<trkpt lat="47.257150" lon="-1.245900"><ele>72</ele><time>2026-03-01T11:28:48Z</time></trkpt>
			<trkpt lat="47.257920" lon="-1.246130"><ele>77</ele><time>2026-03-01T11:29:00Z</time></trkpt>
			<trkpt lat="47.258070" lon="-1.246160"><ele>78</ele><time>2026-03-01T11:29:12Z</time></trkpt>
			<trkpt lat="47.258180" lon="-1.246140"><ele>79</ele><time>2026-03-01T11:29:24Z</time></trkpt>
			<trkpt lat="47.258300" lon="-1.246070"><ele>79</ele><time>2026-03-01T11:29:36Z</time></trkpt>
			<trkpt lat="47.258440" lon="-1.245970"><ele>80</ele><time>2026-03-01T11:29:48Z</time></trkpt>
			<trkpt lat="47.258820" lon="-1.245590"><ele>81</ele><time>2026-03-01T11:30:00Z</time></trkpt>
			<trkpt lat="47.259090" lon="-1.245410"><ele>82</ele><time>2026-03-01T11:30:12Z</time></trkpt>
			<trkpt lat="47.259660" lon="-1.245200"><ele>84</ele><time>2026-03-01T11:30:24Z</time></trkpt>
			<trkpt lat="47.260850" lon="-1.244860"><ele>85</ele><time>2026-03-01T11:30:36Z</time></trkpt>
			<trkpt lat="47.260990" lon="-1.244790"><ele>86</ele><time>2026-03-01T11:30:48Z</time></trkpt>
			<trkpt lat="47.261230" lon="-1.244660"><ele>86</ele><time>2026-03-01T11:31:00Z</time></trkpt>
			<trkpt lat="47.261830" lon="-1.244310"><ele>87</ele><time>2026-03-01T11:31:12Z</time></trkpt>
			<trkpt lat="47.262930" lon="-1.243680"><ele>89</ele><time>2026-03-01T11:31:24Z</time></trkpt>
			<trkpt lat="47.263480" lon="-1.243370"><ele>89</ele><time>2026-03-01T11:31:36Z</time></trkpt>
			<trkpt lat="47.263500" lon="-1.243360"><ele>89</ele><time>2026-03-01T11:31:48Z</time></trkpt>
			<trkpt lat="47.263850" lon="-1.243180"><ele>90</ele><time>2026-03-01T11:32:00Z</time></trkpt>
			<trkpt lat="47.263990" lon="-1.243090"><ele>91</ele><time>2026-03-01T11:32:12Z</time></trkpt>
			<trkpt lat="47.264100" lon="-1.242990"><ele>91</ele><time>2026-03-01T11:32:24Z</time></trkpt>
			<trkpt lat="47.264210" lon="-1.242840"><ele>91</ele><time>2026-03-01T11:32:36Z</time></trkpt>
			<trkpt lat="47.264260" lon="-1.242870"><ele>91</ele><time>2026-03-01T11:32:48Z</time></trkpt>
			<trkpt lat="47.264290" lon="-1.242880"><ele>91</ele><time>2026-03-01T11:33:00Z</time></trkpt>
			<trkpt lat="47.264560" lon="-1.242800"><ele>91</ele><time>2026-03-01T11:33:12Z</time></trkpt>
			<trkpt lat="47.264800" lon="-1.242730"><ele>91</ele><time>2026-03-01T11:33:24Z</time></trkpt>
			<trkpt lat="47.264870" lon="-1.242680"><ele>91</ele><time>2026-03-01T11:33:36Z</time></trkpt>
			<trkpt lat="47.264960" lon="-1.242550"><ele>91</ele><time>2026-03-01T11:33:48Z</time></trkpt>
			<trkpt lat="47.265100" lon="-1.242380"><ele>91</ele><time>2026-03-01T11:34:00Z</time></trkpt>
			<trkpt lat="47.265100" lon="-1.242320"><ele>91</ele><time>2026-03-01T11:34:12Z</time></trkpt>
			<trkpt lat="47.265180" lon="-1.242120"><ele>91</ele><time>2026-03-01T11:34:24Z</time></trkpt>
			<trkpt lat="47.265300" lon="-1.241850"><ele>91</ele><time>2026-03-01T11:34:36Z</time></trkpt>
			<trkpt lat="47.265750" lon="-1.240770"><ele>91</ele><time>2026-03-01T11:34:48Z</time></trkpt>
			<trkpt lat="47.265770" lon="-1.240710"><ele>91</ele><time>2026-03-01T11:35:00Z</time></trkpt>
			<trkpt lat="47.265820" lon="-1.240590"><ele>91</ele><time>2026-03-01T11:35:12Z</time></trkpt>
			<trkpt lat="47.266300" lon="-1.239480"><ele>93</ele><time>2026-03-01T11:35:24Z</time></trkpt>
			<trkpt lat="47.266860" lon="-1.238130"><ele>94</ele><time>2026-03-01T11:35:36Z</time></trkpt>
			<trkpt lat="47.267250" lon="-1.237180"><ele>93</ele><time>2026-03-01T11:35:48Z</time></trkpt>
			<trkpt lat="47.267350" lon="-1.236940"><ele>92</ele><time>2026-03-01T11:36:00Z</time></trkpt>
			<trkpt lat="47.267550" lon="-1.236560"><ele>92</ele><time>2026-03-01T11:36:12Z</time></trkpt>
			<trkpt lat="47.267730" lon="-1.236110"><ele>91</ele><time>2026-03-01T11:36:24Z</time></trkpt>
			<trkpt lat="47.267790" lon="-1.235920"><ele>90</ele><time>2026-03-01T11:36:36Z</time></trkpt>
			<trkpt lat="47.267830" lon="-1.235790"><ele>90</ele><time>2026-03-01T11:36:48Z</time></trkpt>
			<trkpt lat="47.268020" lon="-1.235330"><ele>91</ele><time>2026-03-01T11:37:00Z</time></trkpt>
			<trkpt lat="47.268070" lon="-1.235210"><ele>91</ele><time>2026-03-01T11:37:12Z</time></trkpt>
			<trkpt lat="47.268100" lon="-1.235150"><ele>91</ele><time>2026-03-01T11:37:24Z</time></trkpt>
			<trkpt lat="47.268590" lon="-1.233990"><ele>90</ele><time>2026-03-01T11:37:36Z</time></trkpt>
			<trkpt lat="47.268930" lon="-1.233130"><ele>91</ele><time>2026-03-01T11:37:48Z</time></trkpt>
			<trkpt lat="47.269140" lon="-1.232650"><ele>92</ele><time>2026-03-01T11:38:00Z</time></trkpt>
			<trkpt lat="47.269220" lon="-1.232460"><ele>92</ele><time>2026-03-01T11:38:12Z</time></trkpt>
			<trkpt lat="47.269380" lon="-1.232060"><ele>91</ele><time>2026-03-01T11:38:24Z</time></trkpt>
			<trkpt lat="47.270280" lon="-1.229910"><ele>91</ele><time>2026-03-01T11:38:36Z</time></trkpt>
			<trkpt lat="47.270560" lon="-1.229240"><ele>92</ele><time>2026-03-01T11:38:48Z</time></trkpt>
			<trkpt lat="47.270900" lon="-1.228440"><ele>93</ele><time>2026-03-01T11:39:00Z</time></trkpt>
			<trkpt lat="47.271030" lon="-1.228120"><ele>93</ele><time>2026-03-01T11:39:12Z</time></trkpt>
			<trkpt lat="47.271090" lon="-1.228170"><ele>93</ele><time>2026-03-01T11:39:24Z</time></trkpt>
			<trkpt lat="47.272410" lon="-1.229140"><ele>90</ele><time>2026-03-01T11:39:36Z</time></trkpt>
			<trkpt lat="47.272530" lon="-1.229230"><ele>90</ele><time>2026-03-01T11:39:48Z</time></trkpt>
			<trkpt lat="47.272580" lon="-1.229110"><ele>90</ele><time>2026-03-01T11:40:00Z</time></trkpt>
			<trkpt lat="47.272650" lon="-1.229050"><ele>90</ele><time>2026-03-01T11:40:12Z</time></trkpt>
			<trkpt lat="47.273780" lon="-1.228280"><ele>89</ele><time>2026-03-01T11:40:24Z</time></trkpt>
			<trkpt lat="47.274230" lon="-1.227990"><ele>89</ele><time>2026-03-01T11:40:36Z</time></trkpt>
			<trkpt lat="47.274910" lon="-1.227410"><ele>89</ele><time>2026-03-01T11:40:48Z</time></trkpt>
			<trkpt lat="47.275510" lon="-1.226980"><ele>89</ele><time>2026-03-01T11:41:00Z</time></trkpt>
			<trkpt lat="47.276130" lon="-1.226580"><ele>89</ele><time>2026-03-01T11:41:12Z</time></trkpt>
			<trkpt lat="47.276740" lon="-1.226240"><ele>87</ele><time>2026-03-01T11:41:24Z</time></trkpt>
			<trkpt lat="47.276860" lon="-1.226130"><ele>87</ele><time>2026-03-01T11:41:36Z</time></trkpt>
			<trkpt lat="47.276940" lon="-1.226030"><ele>87</ele><time>2026-03-01T11:41:48Z</time></trkpt>
			<trkpt lat="47.277080" lon="-1.225780"><ele>86</ele><time>2026-03-01T11:42:00Z</time></trkpt>
			<trkpt lat="47.278070" lon="-1.223930"><ele>87</ele><time>2026-03-01T11:42:12Z</time></trkpt>
			<trkpt lat="47.278170" lon="-1.223740"><ele>87</ele><time>2026-03-01T11:42:24Z</time></trkpt>
			<trkpt lat="47.278380" lon="-1.223430"><ele>88</ele><time>2026-03-01T11:42:36Z</time></trkpt>
			<trkpt lat="47.278660" lon="-1.223090"><ele>88</ele><time>2026-03-01T11:42:48Z</time></trkpt>
			<trkpt lat="47.279380" lon="-1.222300"><ele>89</ele><time>2026-03-01T11:43:00Z</time></trkpt>
			<trkpt lat="47.279920" lon="-1.221650"><ele>89</ele><time>2026-03-01T11:43:12Z</time></trkpt>
			<trkpt lat="47.280090" lon="-1.221450"><ele>89</ele><time>2026-03-01T11:43:24Z</time></trkpt>
			<trkpt lat="47.280300" lon="-1.221220"><ele>89</ele><time>2026-03-01T11:43:36Z</time></trkpt>
			<trkpt lat="47.280510" lon="-1.220960"><ele>89</ele><time>2026-03-01T11:43:48Z</time></trkpt>
			<trkpt lat="47.280780" lon="-1.220640"><ele>89</ele><time>2026-03-01T11:44:00Z</time></trkpt>
			<trkpt lat="47.281270" lon="-1.220080"><ele>89</ele><time>2026-03-01T11:44:12Z</time></trkpt>
			<trkpt lat="47.282470" lon="-1.218850"><ele>91</ele><time>2026-03-01T11:44:24Z</time></trkpt>
			<trkpt lat="47.282830" lon="-1.218470"><ele>91</ele><time>2026-03-01T11:44:36Z</time></trkpt>
			<trkpt lat="47.283140" lon="-1.218110"><ele>90</ele><time>2026-03-01T11:44:48Z</time></trkpt>
			<trkpt lat="47.283380" lon="-1.217870"><ele>89</ele><time>2026-03-01T11:45:00Z</time></trkpt>
			<trkpt lat="47.283700" lon="-1.217560"><ele>89</ele><time>2026-03-01T11:45:12Z</time></trkpt>
			<trkpt lat="47.283760" lon="-1.217500"><ele>88</ele><time>2026-03-01T11:45:24Z</time></trkpt>
			<trkpt lat="47.284210" lon="-1.217080"><ele>88</ele><time>2026-03-01T11:45:36Z</time></trkpt>
			<trkpt lat="47.284360" lon="-1.216880"><ele>88</ele><time>2026-03-01T11:45:48Z</time></trkpt>
			<trkpt lat="47.284590" lon="-1.216510"><ele>88</ele><time>2026-03-01T11:46:00Z</time></trkpt>
			<trkpt lat="47.284830" lon="-1.216070"><ele>87</ele><time>2026-03-01T11:46:12Z</time></trkpt>
			<trkpt lat="47.285850" lon="-1.214060"><ele>85</ele><time>2026-03-01T11:46:24Z</time></trkpt>
			<trkpt lat="47.286080" lon="-1.213620"><ele>85</ele><time>2026-03-01T11:46:36Z</time></trkpt>
			<trkpt lat="47.286100" lon="-1.213580"><ele>85</ele><time>2026-03-01T11:46:48Z</time></trkpt>
			<trkpt lat="47.286410" lon="-1.213240"><ele>84</ele><time>2026-03-01T11:47:00Z</time></trkpt>
			<trkpt lat="47.287110" lon="-1.212480"><ele>85</ele><time>2026-03-01T11:47:12Z</time></trkpt>
			<trkpt lat="47.287590" lon="-1.212430"><ele>85</ele><time>2026-03-01T11:47:24Z</time></trkpt>
			<trkpt lat="47.287660" lon="-1.212420"><ele>84</ele><time>2026-03-01T11:47:36Z</time></trkpt>
			<trkpt lat="47.288070" lon="-1.212370"><ele>82</ele><time>2026-03-01T11:47:48Z</time></trkpt>
			<trkpt lat="47.289440" lon="-1.212210"><ele>81</ele><time>2026-03-01T11:48:00Z</time></trkpt>
			<trkpt lat="47.290000" lon="-1.211980"><ele>80</ele><time>2026-03-01T11:48:12Z</time></trkpt>
			<trkpt lat="47.290430" lon="-1.211830"><ele>80</ele><time>2026-03-01T11:48:24Z</time></trkpt>
			<trkpt lat="47.290940" lon="-1.211610"><ele>80</ele><time>2026-03-01T11:48:36Z</time></trkpt>
			<trkpt lat="47.291060" lon="-1.211500"><ele>80</ele><time>2026-03-01T11:48:48Z</time></trkpt>
			<trkpt lat="47.291190" lon="-1.211350"><ele>80</ele><time>2026-03-01T11:49:00Z</time></trkpt>
			<trkpt lat="47.291290" lon="-1.211190"><ele>80</ele><time>2026-03-01T11:49:12Z</time></trkpt>
			<trkpt lat="47.291340" lon="-1.211080"><ele>80</ele><time>2026-03-01T11:49:24Z</time></trkpt>
			<trkpt lat="47.291480" lon="-1.210290"><ele>79</ele><time>2026-03-01T11:49:36Z</time></trkpt>
			<trkpt lat="47.291530" lon="-1.210090"><ele>79</ele><time>2026-03-01T11:49:48Z</time></trkpt>
			<trkpt lat="47.291590" lon="-1.209900"><ele>78</ele><time>2026-03-01T11:50:00Z</time></trkpt>
			<trkpt lat="47.291670" lon="-1.209740"><ele>78</ele><time>2026-03-01T11:50:12Z</time></trkpt>
			<trkpt lat="47.291760" lon="-1.209620"><ele>79</ele><time>2026-03-01T11:50:24Z</time></trkpt>
			<trkpt lat="47.292000" lon="-1.209400"><ele>80</ele><time>2026-03-01T11:50:36Z</time></trkpt>
			<trkpt lat="47.292410" lon="-1.209130"><ele>82</ele><time>2026-03-01T11:50:48Z</time></trkpt>
			<trkpt lat="47.292870" lon="-1.208830"><ele>82</ele><time>2026-03-01T11:51:00Z</time></trkpt>
			<trkpt lat="47.293030" lon="-1.208720"><ele>82</ele><time>2026-03-01T11:51:12Z</time></trkpt>
			<trkpt lat="47.293170" lon="-1.208640"><ele>82</ele><time>2026-03-01T11:51:24Z</time></trkpt>
			<trkpt lat="47.293330" lon="-1.208520"><ele>82</ele><time>2026-03-01T11:51:36Z</time></trkpt>
			<trkpt lat="47.294290" lon="-1.207660"><ele>84</ele><time>2026-03-01T11:51:48Z</time></trkpt>
			<trkpt lat="47.294430" lon="-1.207560"><ele>84</ele><time>2026-03-01T11:52:00Z</time></trkpt>
			<trkpt lat="47.294570" lon="-1.207510"><ele>84</ele><time>2026-03-01T11:52:12Z</time></trkpt>
			<trkpt lat="47.294690" lon="-1.207480"><ele>85</ele><time>2026-03-01T11:52:24Z</time></trkpt>
			<trkpt lat="47.295980" lon="-1.207510"><ele>87</ele><time>2026-03-01T11:52:36Z</time></trkpt>
			<trkpt lat="47.296810" lon="-1.207470"><ele>88</ele><time>2026-03-01T11:52:48Z</time></trkpt>
			<trkpt lat="47.297440" lon="-1.207380"><ele>89</ele><time>2026-03-01T11:53:00Z</time></trkpt>
			<trkpt lat="47.297960" lon="-1.207270"><ele>88</ele><time>2026-03-01T11:53:12Z</time></trkpt>
			<trkpt lat="47.299450" lon="-1.206810"><ele>89</ele><time>2026-03-01T11:53:24Z</time></trkpt>
			<trkpt lat="47.299800" lon="-1.206680"><ele>89</ele><time>2026-03-01T11:53:36Z</time></trkpt>
			<trkpt lat="47.299920" lon="-1.206620"><ele>89</ele><time>2026-03-01T11:53:48Z</time></trkpt>
			<trkpt lat="47.299950" lon="-1.206590"><ele>89</ele><time>2026-03-01T11:54:00Z</time></trkpt>
			<trkpt lat="47.300000" lon="-1.206680"><ele>89</ele><time>2026-03-01T11:54:12Z</time></trkpt>
			<trkpt lat="47.300050" lon="-1.206620"><ele>89</ele><time>2026-03-01T11:54:24Z</time></trkpt>
			<trkpt lat="47.300160" lon="-1.206530"><ele>89</ele><time>2026-03-01T11:54:36Z</time></trkpt>
			<trkpt lat="47.300340" lon="-1.206480"><ele>89</ele><time>2026-03-01T11:54:48Z</time></trkpt>
			<trkpt lat="47.301320" lon="-1.206220"><ele>90</ele><time>2026-03-01T11:55:00Z</time></trkpt>
			<trkpt lat="47.301570" lon="-1.206110"><ele>91</ele><time>2026-03-01T11:55:12Z</time></trkpt>
			<trkpt lat="47.301710" lon="-1.206020"><ele>91</ele><time>2026-03-01T11:55:24Z</time></trkpt>
			<trkpt lat="47.302280" lon="-1.205580"><ele>91</ele><time>2026-03-01T11:55:36Z</time></trkpt>
			<trkpt lat="47.302450" lon="-1.205460"><ele>91</ele><time>2026-03-01T11:55:48Z</time></trkpt>
			<trkpt lat="47.302700" lon="-1.205330"><ele>91</ele><time>2026-03-01T11:56:00Z</time></trkpt>
			<trkpt lat="47.304210" lon="-1.204660"><ele>91</ele><time>2026-03-01T11:56:12Z</time></trkpt>
			<trkpt lat="47.304600" lon="-1.204470"><ele>91</ele><time>2026-03-01T11:56:24Z</time></trkpt>
			<trkpt lat="47.305760" lon="-1.203760"><ele>92</ele><time>2026-03-01T11:56:36Z</time></trkpt>
			<trkpt lat="47.306400" lon="-1.203330"><ele>92</ele><time>2026-03-01T11:56:48Z</time></trkpt>
			<trkpt lat="47.307620" lon="-1.202600"><ele>93</ele><time>2026-03-01T11:57:00Z</time></trkpt>
			<trkpt lat="47.308760" lon="-1.201930"><ele>91</ele><time>2026-03-01T11:57:12Z</time></trkpt>
			<trkpt lat="47.310390" lon="-1.200870"><ele>91</ele><time>2026-03-01T11:57:24Z</time></trkpt>
			<trkpt lat="47.310570" lon="-1.200790"><ele>92</ele><time>2026-03-01T11:57:36Z</time></trkpt>
			<trkpt lat="47.310690" lon="-1.200770"><ele>92</ele><time>2026-03-01T11:57:48Z</time></trkpt>
			<trkpt lat="47.310790" lon="-1.200750"><ele>93</ele><time>2026-03-01T11:58:00Z</time></trkpt>
			<trkpt lat="47.310930" lon="-1.200760"><ele>94</ele><time>2026-03-01T11:58:12Z</time></trkpt>
			<trkpt lat="47.311110" lon="-1.200810"><ele>95</ele><time>2026-03-01T11:58:24Z</time></trkpt>
			<trkpt lat="47.313790" lon="-1.201860"><ele>89</ele><time>2026-03-01T11:58:36Z</time></trkpt>
			<trkpt lat="47.317300" lon="-1.203230"><ele>94</ele><time>2026-03-01T11:58:48Z</time></trkpt>
			<trkpt lat="47.317730" lon="-1.203370"><ele>94</ele><time>2026-03-01T11:59:00Z</time></trkpt>
			<trkpt lat="47.318130" lon="-1.203460"><ele>91</ele><time>2026-03-01T11:59:12Z</time></trkpt>
			<trkpt lat="47.320000" lon="-1.203780"><ele>90</ele><time>2026-03-01T11:59:24Z</time></trkpt>
			<trkpt lat="47.321080" lon="-1.203940"><ele>88</ele><time>2026-03-01T11:59:36Z</time></trkpt>
			<trkpt lat="47.322150" lon="-1.204100"><ele>88</ele><time>2026-03-01T11:59:48Z</time></trkpt>
			<trkpt lat="47.323090" lon="-1.204240"><ele>88</ele><time>2026-03-01T12:00:00Z</time></trkpt>
			<trkpt lat="47.323710" lon="-1.204370"><ele>88</ele><time>2026-03-01T12:00:12Z</time></trkpt>
			<trkpt lat="47.324160" lon="-1.204430"><ele>89</ele><time>2026-03-01T12:00:24Z</time></trkpt>
			<trkpt lat="47.324520" lon="-1.204470"><ele>90</ele><time>2026-03-01T12:00:36Z</time></trkpt>
			<trkpt lat="47.324940" lon="-1.204510"><ele>90</ele><time>2026-03-01T12:00:48Z</time></trkpt>
			<trkpt lat="47.325200" lon="-1.204520"><ele>90</ele><time>2026-03-01T12:01:00Z</time></trkpt>
			<trkpt lat="47.325360" lon="-1.204510"><ele>90</ele><time>2026-03-01T12:01:12Z</time></trkpt>
			<trkpt lat="47.325540" lon="-1.204470"><ele>90</ele><time>2026-03-01T12:01:24Z</time></trkpt>
			<trkpt lat="47.325950" lon="-1.204360"><ele>90</ele><time>2026-03-01T12:01:36Z</time></trkpt>
			<trkpt lat="47.326290" lon="-1.204300"><ele>89</ele><time>2026-03-01T12:01:48Z</time></trkpt>
			<trkpt lat="47.326450" lon="-1.204300"><ele>88</ele><time>2026-03-01T12:02:00Z</time></trkpt>
			<trkpt lat="47.326550" lon="-1.204320"><ele>88</ele><time>2026-03-01T12:02:12Z</time></trkpt>
			<trkpt lat="47.326680" lon="-1.204340"><ele>87</ele><time>2026-03-01T12:02:24Z</time></trkpt>
			<trkpt lat="47.327050" lon="-1.204390"><ele>87</ele><time>2026-03-01T12:02:36Z</time></trkpt>
			<trkpt lat="47.327500" lon="-1.204410"><ele>86</ele><time>2026-03-01T12:02:48Z</time></trkpt>
			<trkpt lat="47.328240" lon="-1.204520"><ele>82</ele><time>2026-03-01T12:03:00Z</time></trkpt>
			<trkpt lat="47.328500" lon="-1.204530"><ele>82</ele><time>2026-03-01T12:03:12Z</time></trkpt>
			<trkpt lat="47.329280" lon="-1.204450"><ele>80</ele><time>2026-03-01T12:03:24Z</time></trkpt>
			<trkpt lat="47.329520" lon="-1.204440"><ele>79</ele><time>2026-03-01T12:03:36Z</time></trkpt>
			<trkpt lat="47.329720" lon="-1.204480"><ele>78</ele><time>2026-03-01T12:03:48Z</time></trkpt>
			<trkpt lat="47.329980" lon="-1.204600"><ele>77</ele><time>2026-03-01T12:04:00Z</time></trkpt>
			<trkpt lat="47.330880" lon="-1.205120"><ele>73</ele><time>2026-03-01T12:04:12Z</time></trkpt>
			<trkpt lat="47.331100" lon="-1.205230"><ele>73</ele><time>2026-03-01T12:04:24Z</time></trkpt>
			<trkpt lat="47.331190" lon="-1.205250"><ele>73</ele><time>2026-03-01T12:04:36Z</time></trkpt>
			<trkpt lat="47.331510" lon="-1.205300"><ele>72</ele><time>2026-03-01T12:04:48Z</time></trkpt>
			<trkpt lat="47.331950" lon="-1.205380"><ele>72</ele><time>2026-03-01T12:05:00Z</time></trkpt>
			<trkpt lat="47.332850" lon="-1.205690"><ele>72</ele><time>2026-03-01T12:05:12Z</time></trkpt>
			<trkpt lat="47.332950" lon="-1.205720"><ele>72</ele><time>2026-03-01T12:05:24Z</time></trkpt>
			<trkpt lat="47.333050" lon="-1.205720"><ele>71</ele><time>2026-03-01T12:05:36Z</time></trkpt>
			<trkpt lat="47.333190" lon="-1.205700"><ele>71</ele><time>2026-03-01T12:05:48Z</time></trkpt>
			<trkpt lat="47.333360" lon="-1.205670"><ele>71</ele><time>2026-03-01T12:06:00Z</time></trkpt>
			<trkpt lat="47.333570" lon="-1.205610"><ele>71</ele><time>2026-03-01T12:06:12Z</time></trkpt>
			<trkpt lat="47.334150" lon="-1.205370"><ele>70</ele><time>2026-03-01T12:06:24Z</time></trkpt>
			<trkpt lat="47.334360" lon="-1.205270"><ele>72</ele><time>2026-03-01T12:06:36Z</time></trkpt>
			<trkpt lat="47.334510" lon="-1.205170"><ele>73</ele><time>2026-03-01T12:06:48Z</time></trkpt>
			<trkpt lat="47.334930" lon="-1.204760"><ele>76</ele><time>2026-03-01T12:07:00Z</time></trkpt>
			<trkpt lat="47.335060" lon="-1.204650"><ele>77</ele><time>2026-03-01T12:07:12Z</time></trkpt>
			<trkpt lat="47.335210" lon="-1.204570"><ele>77</ele><time>2026-03-01T12:07:24Z</time></trkpt>
			<trkpt lat="47.335340" lon="-1.204520"><ele>77</ele><time>2026-03-01T12:07:36Z</time></trkpt>
			<trkpt lat="47.335580" lon="-1.204480"><ele>78</ele><time>2026-03-01T12:07:48Z</time></trkpt>
			<trkpt lat="47.335880" lon="-1.204460"><ele>78</ele><time>2026-03-01T12:08:00Z</time></trkpt>
			<trkpt lat="47.336070" lon="-1.204460"><ele>78</ele><time>2026-03-01T12:08:12Z</time></trkpt>
			<trkpt lat="47.336340" lon="-1.204550"><ele>78</ele><time>2026-03-01T12:08:24Z</time></trkpt>
			<trkpt lat="47.337180" lon="-1.204840"><ele>75</ele><time>2026-03-01T12:08:36Z</time></trkpt>
			<trkpt lat="47.337820" lon="-1.204900"><ele>72</ele><time>2026-03-01T12:08:48Z</time></trkpt>
			<trkpt lat="47.337940" lon="-1.204930"><ele>71</ele><time>2026-03-01T12:09:00Z</time></trkpt>
			<trkpt lat="47.338060" lon="-1.204970"><ele>71</ele><time>2026-03-01T12:09:12Z</time></trkpt>
			<trkpt lat="47.338160" lon="-1.205030"><ele>70</ele><time>2026-03-01T12:09:24Z</time></trkpt>
			<trkpt lat="47.338260" lon="-1.205110"><ele>70</ele><time>2026-03-01T12:09:36Z</time></trkpt>
			<trkpt lat="47.338430" lon="-1.205350"><ele>69</ele><time>2026-03-01T12:09:48Z</time></trkpt>
			<trkpt lat="47.338700" lon="-1.205720"><ele>68</ele><time>2026-03-01T12:10:00Z</time></trkpt>
			<trkpt lat="47.338820" lon="-1.205890"><ele>67</ele><time>2026-03-01T12:10:12Z</time></trkpt>
			<trkpt lat="47.339230" lon="-1.206200"><ele>63</ele><time>2026-03-01T12:10:24Z</time></trkpt>
			<trkpt lat="47.339310" lon="-1.206200"><ele>63</ele><time>2026-03-01T12:10:36Z</time></trkpt>
			<trkpt lat="47.339460" lon="-1.206270"><ele>62</ele><time>2026-03-01T12:10:48Z</time></trkpt>
			<trkpt lat="47.339560" lon="-1.206310"><ele>61</ele><time>2026-03-01T12:11:00Z</time></trkpt>
			<trkpt lat="47.339710" lon="-1.206350"><ele>60</ele><time>2026-03-01T12:11:12Z</time></trkpt>
			<trkpt lat="47.339840" lon="-1.206380"><ele>59</ele><time>2026-03-01T12:11:24Z</time></trkpt>
			<trkpt lat="47.340140" lon="-1.206410"><ele>56</ele><time>2026-03-01T12:11:36Z</time></trkpt>
			<trkpt lat="47.340190" lon="-1.206420"><ele>55</ele><time>2026-03-01T12:11:48Z</time></trkpt>
			<trkpt lat="47.340550" lon="-1.206460"><ele>51</ele><time>2026-03-01T12:12:00Z</time></trkpt>
			<trkpt lat="47.340720" lon="-1.206500"><ele>49</ele><time>2026-03-01T12:12:12Z</time></trkpt>
			<trkpt lat="47.340840" lon="-1.206540"><ele>48</ele><time>2026-03-01T12:12:24Z</time></trkpt>
			<trkpt lat="47.341000" lon="-1.206610"><ele>45</ele><time>2026-03-01T12:12:36Z</time></trkpt>
			<trkpt lat="47.341120" lon="-1.206670"><ele>44</ele><time>2026-03-01T12:12:48Z</time></trkpt>
			<trkpt lat="47.341160" lon="-1.206710"><ele>43</ele><time>2026-03-01T12:13:00Z</time></trkpt>
			<trkpt lat="47.341210" lon="-1.206770"><ele>42</ele><time>2026-03-01T12:13:12Z</time></trkpt>
			<trkpt lat="47.341250" lon="-1.206840"><ele>42</ele><time>2026-03-01T12:13:24Z</time></trkpt>
			<trkpt lat="47.341280" lon="-1.206930"><ele>41</ele><time>2026-03-01T12:13:36Z</time></trkpt>
			<trkpt lat="47.341300" lon="-1.207080"><ele>41</ele><time>2026-03-01T12:13:48Z</time></trkpt>
			<trkpt lat="47.341480" lon="-1.208950"><ele>37</ele><time>2026-03-01T12:14:00Z</time></trkpt>
			<trkpt lat="47.341500" lon="-1.209040"><ele>37</ele><time>2026-03-01T12:14:12Z</time></trkpt>
			<trkpt lat="47.341570" lon="-1.209180"><ele>35</ele><time>2026-03-01T12:14:24Z</time></trkpt>
			<trkpt lat="47.341640" lon="-1.209270"><ele>34</ele><time>2026-03-01T12:14:36Z</time></trkpt>
			<trkpt lat="47.341730" lon="-1.209330"><ele>32</ele><time>2026-03-01T12:14:48Z</time></trkpt>
			<trkpt lat="47.341820" lon="-1.209350"><ele>31</ele><time>2026-03-01T12:15:00Z</time></trkpt>
			<trkpt lat="47.341900" lon="-1.209340"><ele>30</ele><time>2026-03-01T12:15:12Z</time></trkpt>
			<trkpt lat="47.342000" lon="-1.209290"><ele>28</ele><time>2026-03-01T12:15:24Z</time></trkpt>
			<trkpt lat="47.342080" lon="-1.209210"><ele>27</ele><time>2026-03-01T12:15:36Z</time></trkpt>
			<trkpt lat="47.342140" lon="-1.209120"><ele>26</ele><time>2026-03-01T12:15:48Z</time></trkpt>
			<trkpt lat="47.342190" lon="-1.208970"><ele>26</ele><time>2026-03-01T12:16:00Z</time></trkpt>
			<trkpt lat="47.342470" lon="-1.207660"><ele>27</ele><time>2026-03-01T12:16:12Z</time></trkpt>
			<trkpt lat="47.342520" lon="-1.207530"><ele>28</ele><time>2026-03-01T12:16:24Z</time></trkpt>
			<trkpt lat="47.342560" lon="-1.207460"><ele>28</ele><time>2026-03-01T12:16:36Z</time></trkpt>
			<trkpt lat="47.342600" lon="-1.207390"><ele>27</ele><time>2026-03-01T12:16:48Z</time></trkpt>
			<trkpt lat="47.342650" lon="-1.207350"><ele>27</ele><time>2026-03-01T12:17:00Z</time></trkpt>
			<trkpt lat="47.342690" lon="-1.207330"><ele>26</ele><time>2026-03-01T12:17:12Z</time></trkpt>
			<trkpt lat="47.342730" lon="-1.207340"><ele>26</ele><time>2026-03-01T12:17:24Z</time></trkpt>
			<trkpt lat="47.342860" lon="-1.206590"><ele>24</ele><time>2026-03-01T12:17:36Z</time></trkpt>
			<trkpt lat="47.342920" lon="-1.206270"><ele>23</ele><time>2026-03-01T12:17:48Z</time></trkpt>
			<trkpt lat="47.342980" lon="-1.206060"><ele>21</ele><time>2026-03-01T12:18:00Z</time></trkpt>
			<trkpt lat="47.343080" lon="-1.205790"><ele>20</ele><time>2026-03-01T12:18:12Z</time></trkpt>
			<trkpt lat="47.343230" lon="-1.205530"><ele>19</ele><time>2026-03-01T12:18:24Z</time></trkpt>
			<trkpt lat="47.343740" lon="-1.204730"><ele>16</ele><time>2026-03-01T12:18:36Z</time></trkpt>
			<trkpt lat="47.343900" lon="-1.204390"><ele>15</ele><time>2026-03-01T12:18:48Z</time></trkpt>
			<trkpt lat="47.343960" lon="-1.204190"><ele>15</ele><time>2026-03-01T12:19:00Z</time></trkpt>
			<trkpt lat="47.344010" lon="-1.204020"><ele>14</ele><time>2026-03-01T12:19:12Z</time></trkpt>
			<trkpt lat="47.344500" lon="-1.204170"><ele>11</ele><time>2026-03-01T12:19:24Z</time></trkpt>
			<trkpt lat="47.344940" lon="-1.204330"><ele>8</ele><time>2026-03-01T12:19:36Z</time></trkpt>
			<trkpt lat="47.345260" lon="-1.204440"><ele>7</ele><time>2026-03-01T12:19:48Z</time></trkpt>
			<trkpt lat="47.345410" lon="-1.204460"><ele>7</ele><time>2026-03-01T12:20:00Z</time></trkpt>
			<trkpt lat="47.345600" lon="-1.204400"><ele>6</ele><time>2026-03-01T12:20:12Z</time></trkpt>
			<trkpt lat="47.345730" lon="-1.204320"><ele>6</ele><time>2026-03-01T12:20:24Z</time></trkpt>
			<trkpt lat="47.346260" lon="-1.203700"><ele>7</ele><time>2026-03-01T12:20:36Z</time></trkpt>
			<trkpt lat="47.346420" lon="-1.203520"><ele>7</ele><time>2026-03-01T12:20:48Z</time></trkpt>
			<trkpt lat="47.346610" lon="-1.203310"><ele>7</ele><time>2026-03-01T12:21:00Z</time></trkpt>
			<trkpt lat="47.346970" lon="-1.202920"><ele>8</ele><time>2026-03-01T12:21:12Z</time></trkpt>
			<trkpt lat="47.347130" lon="-1.202800"><ele>9</ele><time>2026-03-01T12:21:24Z</time></trkpt>
			<trkpt lat="47.347320" lon="-1.202760"><ele>9</ele><time>2026-03-01T12:21:36Z</time></trkpt>
			<trkpt lat="47.347550" lon="-1.202760"><ele>9</ele><time>2026-03-01T12:21:48Z</time></trkpt>
			<trkpt lat="47.348400" lon="-1.202830"><ele>11</ele><time>2026-03-01T12:22:00Z</time></trkpt>
			<trkpt lat="47.348490" lon="-1.202820"><ele>10</ele><time>2026-03-01T12:22:12Z</time></trkpt>
			<trkpt lat="47.348600" lon="-1.202770"><ele>10</ele><time>2026-03-01T12:22:24Z</time></trkpt>
			<trkpt lat="47.348740" lon="-1.202640"><ele>10</ele><time>2026-03-01T12:22:36Z</time></trkpt>
			<trkpt lat="47.349430" lon="-1.200730"><ele>7</ele><time>2026-03-01T12:22:48Z</time></trkpt>
			<trkpt lat="47.349660" lon="-1.200360"><ele>7</ele><time>2026-03-01T12:23:00Z</time></trkpt>
			<trkpt lat="47.349840" lon="-1.200090"><ele>8</ele><time>2026-03-01T12:23:12Z</time></trkpt>
			<trkpt lat="47.349980" lon="-1.199840"><ele>8</ele><time>2026-03-01T12:23:24Z</time></trkpt>
			<trkpt lat="47.350030" lon="-1.199690"><ele>8</ele><time>2026-03-01T12:23:36Z</time></trkpt>
			<trkpt lat="47.350160" lon="-1.198830"><ele>8</ele><time>2026-03-01T12:23:48Z</time></trkpt>
			<trkpt lat="47.350300" lon="-1.197990"><ele>7</ele><time>2026-03-01T12:24:00Z</time></trkpt>
			<trkpt lat="47.350330" lon="-1.197750"><ele>8</ele><time>2026-03-01T12:24:12Z</time></trkpt>
			<trkpt lat="47.350330" lon="-1.197510"><ele>8</ele><time>2026-03-01T12:24:24Z</time></trkpt>
			<trkpt lat="47.350280" lon="-1.197140"><ele>8</ele><time>2026-03-01T12:24:36Z</time></trkpt>
			<trkpt lat="47.350330" lon="-1.196420"><ele>8</ele><time>2026-03-01T12:24:48Z</time></trkpt>
			<trkpt lat="47.350490" lon="-1.195030"><ele>5</ele><time>2026-03-01T12:25:00Z</time></trkpt>
			<trkpt lat="47.350540" lon="-1.194720"><ele>5</ele><time>2026-03-01T12:25:12Z</time></trkpt>
			<trkpt lat="47.350860" lon="-1.193660"><ele>7</ele><time>2026-03-01T12:25:24Z</time></trkpt>
			<trkpt lat="47.351180" lon="-1.192620"><ele>7</ele><time>2026-03-01T12:25:36Z</time></trkpt>
			<trkpt lat="47.351400" lon="-1.191880"><ele>7</ele><time>2026-03-01T12:25:48Z</time></trkpt>
			<trkpt lat="47.351490" lon="-1.191460"><ele>8</ele><time>2026-03-01T12:26:00Z</time></trkpt>
			<trkpt lat="47.351580" lon="-1.190960"><ele>7</ele><time>2026-03-01T12:26:12Z</time></trkpt>
			<trkpt lat="47.351640" lon="-1.190330"><ele>8</ele><time>2026-03-01T12:26:24Z</time></trkpt>
			<trkpt lat="47.351660" lon="-1.189390"><ele>9</ele><time>2026-03-01T12:26:36Z</time></trkpt>
			<trkpt lat="47.351740" lon="-1.188760"><ele>8</ele><time>2026-03-01T12:26:48Z</time></trkpt>
			<trkpt lat="47.351860" lon="-1.188170"><ele>8</ele><time>2026-03-01T12:27:00Z</time></trkpt>
			<trkpt lat="47.352190" lon="-1.186790"><ele>8</ele><time>2026-03-01T12:27:12Z</time></trkpt>
			<trkpt lat="47.352490" lon="-1.185820"><ele>8</ele><time>2026-03-01T12:27:24Z</time></trkpt>
			<trkpt lat="47.352640" lon="-1.185440"><ele>9</ele><time>2026-03-01T12:27:36Z</time></trkpt>
			<trkpt lat="47.352840" lon="-1.185050"><ele>10</ele><time>2026-03-01T12:27:48Z</time></trkpt>
			<trkpt lat="47.353000" lon="-1.184800"><ele>10</ele><time>2026-03-01T12:28:00Z</time></trkpt>
			<trkpt lat="47.353450" lon="-1.184290"><ele>9</ele><time>2026-03-01T12:28:12Z</time></trkpt>
			<trkpt lat="47.353590" lon="-1.184120"><ele>9</ele><time>2026-03-01T12:28:24Z</time></trkpt>
			<trkpt lat="47.353660" lon="-1.183960"><ele>9</ele><time>2026-03-01T12:28:36Z</time></trkpt>
			<trkpt lat="47.353900" lon="-1.183230"><ele>8</ele><time>2026-03-01T12:28:48Z</time></trkpt>
			<trkpt lat="47.353930" lon="-1.183180"><ele>8</ele><time>2026-03-01T12:29:00Z</time></trkpt>
			<trkpt lat="47.354470" lon="-1.182200"><ele>8</ele><time>2026-03-01T12:29:12Z</time></trkpt>
			<trkpt lat="47.354480" lon="-1.182180"><ele>8</ele><time>2026-03-01T12:29:24Z</time></trkpt>
			<trkpt lat="47.355010" lon="-1.181080"><ele>8</ele><time>2026-03-01T12:29:36Z</time></trkpt>
			<trkpt lat="47.355740" lon="-1.179400"><ele>10</ele><time>2026-03-01T12:29:48Z</time></trkpt>
			<trkpt lat="47.356440" lon="-1.177870"><ele>8</ele><time>2026-03-01T12:30:00Z</time></trkpt>
			<trkpt lat="47.356530" lon="-1.177630"><ele>9</ele><time>2026-03-01T12:30:12Z</time></trkpt>
			<trkpt lat="47.356590" lon="-1.177390"><ele>9</ele><time>2026-03-01T12:30:24Z</time></trkpt>
			<trkpt lat="47.356990" lon="-1.176010"><ele>9</ele><time>2026-03-01T12:30:36Z</time></trkpt>
			<trkpt lat="47.357040" lon="-1.175780"><ele>9</ele><time>2026-03-01T12:30:48Z</time></trkpt>
			<trkpt lat="47.357090" lon="-1.175500"><ele>9</ele><time>2026-03-01T12:31:00Z</time></trkpt>
			<trkpt lat="47.357150" lon="-1.175170"><ele>10</ele><time>2026-03-01T12:31:12Z</time></trkpt>
			<trkpt lat="47.357280" lon="-1.174730"><ele>11</ele><time>2026-03-01T12:31:24Z</time></trkpt>
			<trkpt lat="47.357390" lon="-1.174460"><ele>11</ele><time>2026-03-01T12:31:36Z</time></trkpt>
			<trkpt lat="47.357510" lon="-1.174140"><ele>12</ele><time>2026-03-01T12:31:48Z</time></trkpt>
			<trkpt lat="47.358740" lon="-1.174790"><ele>10</ele><time>2026-03-01T12:32:00Z</time></trkpt>
			<trkpt lat="47.359110" lon="-1.174980"><ele>10</ele><time>2026-03-01T12:32:12Z</time></trkpt>
			<trkpt lat="47.359640" lon="-1.175260"><ele>10</ele><time>2026-03-01T12:32:24Z</time></trkpt>
			<trkpt lat="47.359860" lon="-1.175380"><ele>10</ele><time>2026-03-01T12:32:36Z</time></trkpt>
			<trkpt lat="47.363510" lon="-1.177280"><ele>10</ele><time>2026-03-01T12:32:48Z</time></trkpt>
			<trkpt lat="47.363610" lon="-1.177330"><ele>11</ele><time>2026-03-01T12:33:00Z</time></trkpt>
			<trkpt lat="47.363620" lon="-1.177290"><ele>11</ele><time>2026-03-01T12:33:12Z</time></trkpt>
			<trkpt lat="47.363650" lon="-1.177260"><ele>11</ele><time>2026-03-01T12:33:24Z</time></trkpt>
			<trkpt lat="47.363680" lon="-1.177250"><ele>11</ele><time>2026-03-01T12:33:36Z</time></trkpt>
			<trkpt lat="47.363710" lon="-1.177260"><ele>12</ele><time>2026-03-01T12:33:48Z</time></trkpt>
			<trkpt lat="47.363740" lon="-1.177320"><ele>12</ele><time>2026-03-01T12:34:00Z</time></trkpt>
			<trkpt lat="47.363740" lon="-1.177390"><ele>12</ele><time>2026-03-01T12:34:12Z</time></trkpt>
			<trkpt lat="47.363720" lon="-1.177430"><ele>12</ele><time>2026-03-01T12:34:24Z</time></trkpt>
			<trkpt lat="47.363700" lon="-1.177460"><ele>12</ele><time>2026-03-01T12:34:36Z</time></trkpt>
			<trkpt lat="47.363660" lon="-1.177460"><ele>12</ele><time>2026-03-01T12:34:48Z</time></trkpt>
			<trkpt lat="47.363630" lon="-1.177440"><ele>11</ele><time>2026-03-01T12:35:00Z</time></trkpt>
			<trkpt lat="47.363590" lon="-1.177480"><ele>11</ele><time>2026-03-01T12:35:12Z</time></trkpt>
			<trkpt lat="47.363530" lon="-1.177600"><ele>11</ele><time>2026-03-01T12:35:24Z</time></trkpt>
			<trkpt lat="47.363470" lon="-1.177850"><ele>11</ele><time>2026-03-01T12:35:36Z</time></trkpt>
			<trkpt lat="47.363450" lon="-1.177940"><ele>11</ele><time>2026-03-01T12:35:48Z</time></trkpt>
			<trkpt lat="47.363430" lon="-1.177990"><ele>11</ele><time>2026-03-01T12:36:00Z</time></trkpt>
			<trkpt lat="47.363370" lon="-1.178230"><ele>11</ele><time>2026-03-01T12:36:12Z</time></trkpt>
			<trkpt lat="47.363320" lon="-1.178440"><ele>11</ele><time>2026-03-01T12:36:24Z</time></trkpt>
			<trkpt lat="47.363240" lon="-1.178730"><ele>11</ele><time>2026-03-01T12:36:36Z</time></trkpt>
			<trkpt lat="47.363230" lon="-1.178900"><ele>11</ele><time>2026-03-01T12:36:48Z</time></trkpt>
			<trkpt lat="47.363230" lon="-1.179150"><ele>11</ele><time>2026-03-01T12:37:00Z</time></trkpt>
			<trkpt lat="47.363340" lon="-1.180250"><ele>12</ele><time>2026-03-01T12:37:12Z</time></trkpt>
			<trkpt lat="47.363410" lon="-1.181040"><ele>13</ele><time>2026-03-01T12:37:24Z</time></trkpt>
			<trkpt lat="47.363450" lon="-1.181510"><ele>14</ele><time>2026-03-01T12:37:36Z</time></trkpt>
			<trkpt lat="47.363460" lon="-1.181720"><ele>14</ele><time>2026-03-01T12:37:48Z</time></trkpt>
			<trkpt lat="47.363530" lon="-1.182510"><ele>13</ele><time>2026-03-01T12:38:00Z</time></trkpt>
			<trkpt lat="47.363530" lon="-1.182780"><ele>13</ele><time>2026-03-01T12:38:12Z</time></trkpt>
			<trkpt lat="47.363570" lon="-1.182790"><ele>13</ele><time>2026-03-01T12:38:24Z</time></trkpt>
			<trkpt lat="47.363600" lon="-1.182810"><ele>13</ele><time>2026-03-01T12:38:36Z</time></trkpt>
			<trkpt lat="47.363630" lon="-1.182850"><ele>13</ele><time>2026-03-01T12:38:48Z</time></trkpt>
			<trkpt lat="47.363640" lon="-1.182900"><ele>13</ele><time>2026-03-01T12:39:00Z</time></trkpt>
			<trkpt lat="47.363650" lon="-1.182950"><ele>13</ele><time>2026-03-01T12:39:12Z</time></trkpt>
			<trkpt lat="47.363640" lon="-1.183010"><ele>13</ele><time>2026-03-01T12:39:24Z</time></trkpt>
			<trkpt lat="47.363630" lon="-1.183050"><ele>13</ele><time>2026-03-01T12:39:36Z</time></trkpt>
			<trkpt lat="47.363600" lon="-1.183090"><ele>13</ele><time>2026-03-01T12:39:48Z</time></trkpt>
			<trkpt lat="47.363570" lon="-1.183120"><ele>13</ele><time>2026-03-01T12:40:00Z</time></trkpt>
			<trkpt lat="47.363540" lon="-1.183120"><ele>13</ele><time>2026-03-01T12:40:12Z</time></trkpt>
			<trkpt lat="47.363530" lon="-1.183680"><ele>12</ele><time>2026-03-01T12:40:24Z</time></trkpt>
			<trkpt lat="47.363530" lon="-1.183840"><ele>12</ele><time>2026-03-01T12:40:36Z</time></trkpt>
			<trkpt lat="47.363520" lon="-1.184670"><ele>12</ele><time>2026-03-01T12:40:48Z</time></trkpt>
			<trkpt lat="47.363520" lon="-1.185920"><ele>13</ele><time>2026-03-01T12:41:00Z</time></trkpt>
			<trkpt lat="47.363520" lon="-1.186200"><ele>13</ele><time>2026-03-01T12:41:12Z</time></trkpt>
			<trkpt lat="47.363520" lon="-1.186600"><ele>13</ele><time>2026-03-01T12:41:24Z</time></trkpt>
			<trkpt lat="47.363540" lon="-1.186780"><ele>13</ele><time>2026-03-01T12:41:36Z</time></trkpt>
			<trkpt lat="47.363590" lon="-1.186980"><ele>12</ele><time>2026-03-01T12:41:48Z</time></trkpt>
			<trkpt lat="47.363610" lon="-1.187070"><ele>12</ele><time>2026-03-01T12:42:00Z</time></trkpt>
			<trkpt lat="47.363690" lon="-1.187260"><ele>12</ele><time>2026-03-01T12:42:12Z</time></trkpt>
			<trkpt lat="47.363830" lon="-1.187390"><ele>12</ele><time>2026-03-01T12:42:24Z</time></trkpt>
			<trkpt lat="47.363980" lon="-1.187330"><ele>13</ele><time>2026-03-01T12:42:36Z</time></trkpt>
			<trkpt lat="47.364070" lon="-1.187290"><ele>13</ele><time>2026-03-01T12:42:48Z</time></trkpt>
			<trkpt lat="47.364110" lon="-1.187210"><ele>13</ele><time>2026-03-01T12:43:00Z</time></trkpt>
			<trkpt lat="47.364140" lon="-1.187160"><ele>13</ele><time>2026-03-01T12:43:12Z</time></trkpt>
			<trkpt lat="47.364200" lon="-1.187140"><ele>13</ele><time>2026-03-01T12:43:24Z</time></trkpt>
			<trkpt lat="47.364260" lon="-1.187150"><ele>13</ele><time>2026-03-01T12:43:36Z</time></trkpt>
			<trkpt lat="47.364300" lon="-1.187180"><ele>13</ele><time>2026-03-01T12:43:48Z</time></trkpt>
			<trkpt lat="47.364430" lon="-1.187180"><ele>13</ele><time>2026-03-01T12:44:00Z</time></trkpt>
			<trkpt lat="47.364480" lon="-1.187140"><ele>13</ele><time>2026-03-01T12:44:12Z</time></trkpt>
			<trkpt lat="47.364520" lon="-1.187080"><ele>13</ele><time>2026-03-01T12:44:24Z</time></trkpt>
			<trkpt lat="47.364720" lon="-1.186910"><ele>13</ele><time>2026-03-01T12:44:36Z</time></trkpt>
			<trkpt lat="47.364870" lon="-1.186790"><ele>12</ele><time>2026-03-01T12:44:48Z</time></trkpt>
			<trkpt lat="47.365090" lon="-1.186600"><ele>12</ele><time>2026-03-01T12:45:00Z</time></trkpt>
			<trkpt lat="47.365400" lon="-1.186340"><ele>11</ele><time>2026-03-01T12:45:12Z</time></trkpt>
			<trkpt lat="47.365560" lon="-1.186210"><ele>11</ele><time>2026-03-01T12:45:24Z</time></trkpt>
			<trkpt lat="47.366170" lon="-1.185690"><ele>10</ele><time>2026-03-01T12:45:36Z</time></trkpt>
			<trkpt lat="47.366290" lon="-1.185610"><ele>10</ele><time>2026-03-01T12:45:48Z</time></trkpt>
			<trkpt lat="47.366360" lon="-1.185560"><ele>10</ele><time>2026-03-01T12:46:00Z</time></trkpt>
			<trkpt lat="47.366390" lon="-1.185600"><ele>10</ele><time>2026-03-01T12:46:12Z</time></trkpt>
			<trkpt lat="47.366440" lon="-1.185600"><ele>10</ele><time>2026-03-01T12:46:24Z</time></trkpt>
			<trkpt lat="47.366470" lon="-1.185550"><ele>9</ele><time>2026-03-01T12:46:36Z</time></trkpt>
			<trkpt lat="47.366470" lon="-1.185530"><ele>9</ele><time>2026-03-01T12:46:48Z</time></trkpt>
			<trkpt lat="47.366470" lon="-1.185460"><ele>10</ele><time>2026-03-01T12:47:00Z</time></trkpt>
			<trkpt lat="47.366790" lon="-1.185020"><ele>9</ele><time>2026-03-01T12:47:12Z</time></trkpt>
			<trkpt lat="47.366870" lon="-1.184870"><ele>9</ele><time>2026-03-01T12:47:24Z</time></trkpt>
			<trkpt lat="47.366900" lon="-1.184820"><ele>9</ele><time>2026-03-01T12:47:36Z</time></trkpt>
			<trkpt lat="47.367080" lon="-1.184370"><ele>10</ele><time>2026-03-01T12:47:48Z</time></trkpt>
			<trkpt lat="47.367110" lon="-1.184230"><ele>10</ele><time>2026-03-01T12:48:00Z</time></trkpt>
			<trkpt lat="47.367130" lon="-1.184240"><ele>10</ele><time>2026-03-01T12:48:12Z</time></trkpt>
			<trkpt lat="47.367170" lon="-1.184220"><ele>10</ele><time>2026-03-01T12:48:24Z</time></trkpt>
			<trkpt lat="47.367190" lon="-1.184170"><ele>10</ele><time>2026-03-01T12:48:36Z</time></trkpt>
			<trkpt lat="47.367190" lon="-1.184110"><ele>10</ele><time>2026-03-01T12:48:48Z</time></trkpt>
			<trkpt lat="47.367160" lon="-1.184060"><ele>11</ele><time>2026-03-01T12:49:00Z</time></trkpt>
			<trkpt lat="47.367200" lon="-1.183970"><ele>11</ele><time>2026-03-01T12:49:12Z</time></trkpt>
			<trkpt lat="47.367300" lon="-1.183780"><ele>11</ele><time>2026-03-01T12:49:24Z</time></trkpt>
			<trkpt lat="47.367400" lon="-1.183450"><ele>11</ele><time>2026-03-01T12:49:36Z</time></trkpt>
			<trkpt lat="47.367470" lon="-1.183260"><ele>11</ele><time>2026-03-01T12:49:48Z</time></trkpt>
			<trkpt lat="47.367550" lon="-1.183000"><ele>11</ele><time>2026-03-01T12:50:00Z</time></trkpt>
			<trkpt lat="47.367570" lon="-1.182900"><ele>10</ele><time>2026-03-01T12:50:12Z</time></trkpt>
			<trkpt lat="47.367610" lon="-1.182900"><ele>10</ele><time>2026-03-01T12:50:24Z</time></trkpt>
			<trkpt lat="47.367640" lon="-1.182870"><ele>10</ele><time>2026-03-01T12:50:36Z</time></trkpt>
			<trkpt lat="47.367640" lon="-1.182850"><ele>10</ele><time>2026-03-01T12:50:48Z</time></trkpt>
			<trkpt lat="47.367640" lon="-1.182800"><ele>10</ele><time>2026-03-01T12:51:00Z</time></trkpt>
			<trkpt lat="47.367620" lon="-1.182760"><ele>10</ele><time>2026-03-01T12:51:12Z</time></trkpt>
			<trkpt lat="47.367870" lon="-1.181990"><ele>10</ele><time>2026-03-01T12:51:24Z</time></trkpt>
			<trkpt lat="47.367940" lon="-1.181760"><ele>10</ele><time>2026-03-01T12:51:36Z</time></trkpt>
			<trkpt lat="47.368000" lon="-1.181590"><ele>10</ele><time>2026-03-01T12:51:48Z</time></trkpt>
			<trkpt lat="47.368060" lon="-1.181380"><ele>10</ele><time>2026-03-01T12:52:00Z</time></trkpt>
			<trkpt lat="47.368090" lon="-1.181210"><ele>10</ele><time>2026-03-01T12:52:12Z</time></trkpt>
			<trkpt lat="47.368110" lon="-1.181110"><ele>10</ele><time>2026-03-01T12:52:24Z</time></trkpt>
			<trkpt lat="47.368140" lon="-1.181120"><ele>10</ele><time>2026-03-01T12:52:36Z</time></trkpt>
			<trkpt lat="47.368170" lon="-1.181090"><ele>10</ele><time>2026-03-01T12:52:48Z</time></trkpt>
			<trkpt lat="47.368180" lon="-1.181070"><ele>10</ele><time>2026-03-01T12:53:00Z</time></trkpt>
			<trkpt lat="47.368240" lon="-1.181100"><ele>10</ele><time>2026-03-01T12:53:12Z</time></trkpt>
			<trkpt lat="47.368460" lon="-1.181260"><ele>10</ele><time>2026-03-01T12:53:24Z</time></trkpt>
			<trkpt lat="47.368670" lon="-1.181420"><ele>11</ele><time>2026-03-01T12:53:36Z</time></trkpt>
			<trkpt lat="47.368700" lon="-1.181480"><ele>11</ele><time>2026-03-01T12:53:48Z</time></trkpt>
			<trkpt lat="47.368730" lon="-1.181560"><ele>11</ele><time>2026-03-01T12:54:00Z</time></trkpt>
			<trkpt lat="47.368774" lon="-1.181604"><ele>11</ele><time>2026-03-01T12:54:12Z</time></trkpt>
			<trkpt lat="47.367661" lon="-1.181611"><ele>11</ele><time>2026-03-01T12:54:24Z</time></trkpt>
			<trkpt lat="47.366548" lon="-1.181618"><ele>11</ele><time>2026-03-01T12:54:36Z</time></trkpt>
			<trkpt lat="47.365436" lon="-1.181626"><ele>11</ele><time>2026-03-01T12:54:48Z</time></trkpt>
			<trkpt lat="47.364323" lon="-1.181633"><ele>11</ele><time>2026-03-01T12:55:00Z</time></trkpt>
			<trkpt lat="47.363210" lon="-1.181640"><ele>11</ele><time>2026-03-01T12:55:12Z</time></trkpt>
		</trkseg>
	</trk>
</gpx>
