<?xml version="1.0" encoding="UTF-8" ?>
<gpx version="1.1" xmlns:xsi="http://www.w3.org/2001/XMLSchema-instance"
    xmlns="http://www.topografix.com/GPX/1/1"
    xsi:schemaLocation="http://www.topografix.com/GPX/1/1 http://www.topografix.com/GPX/1/1/gpx.xsd"
    creator="Club'O'Clock — jeu de démonstration">
	<trk>
		<name>Sud-Ouest 75 km</name>
		<trkseg>
			<trkpt lat="47.363210" lon="-1.181640"><ele>20</ele><time>2026-03-01T08:00:00Z</time></trkpt>
			<trkpt lat="47.364150" lon="-1.182642"><ele>20</ele><time>2026-03-01T08:00:12Z</time></trkpt>
			<trkpt lat="47.365089" lon="-1.183643"><ele>20</ele><time>2026-03-01T08:00:24Z</time></trkpt>
			<trkpt lat="47.366029" lon="-1.184645"><ele>20</ele><time>2026-03-01T08:00:36Z</time></trkpt>
			<trkpt lat="47.366969" lon="-1.185646"><ele>20</ele><time>2026-03-01T08:00:48Z</time></trkpt>
			<trkpt lat="47.367908" lon="-1.186648"><ele>20</ele><time>2026-03-01T08:01:00Z</time></trkpt>
			<trkpt lat="47.368848" lon="-1.187650"><ele>20</ele><time>2026-03-01T08:01:12Z</time></trkpt>
			<trkpt lat="47.369788" lon="-1.188651"><ele>20</ele><time>2026-03-01T08:01:24Z</time></trkpt>
			<trkpt lat="47.370727" lon="-1.189653"><ele>20</ele><time>2026-03-01T08:01:36Z</time></trkpt>
			<trkpt lat="47.370730" lon="-1.189740"><ele>20</ele><time>2026-03-01T08:01:48Z</time></trkpt>
			<trkpt lat="47.370780" lon="-1.191320"><ele>23</ele><time>2026-03-01T08:02:00Z</time></trkpt>
			<trkpt lat="47.370780" lon="-1.191570"><ele>23</ele><time>2026-03-01T08:02:12Z</time></trkpt>
			<trkpt lat="47.370780" lon="-1.191680"><ele>23</ele><time>2026-03-01T08:02:24Z</time></trkpt>
			<trkpt lat="47.370750" lon="-1.192000"><ele>24</ele><time>2026-03-01T08:02:36Z</time></trkpt>
			<trkpt lat="47.370700" lon="-1.192490"><ele>25</ele><time>2026-03-01T08:02:48Z</time></trkpt>
			<trkpt lat="47.370620" lon="-1.193350"><ele>27</ele><time>2026-03-01T08:03:00Z</time></trkpt>
			<trkpt lat="47.370530" lon="-1.194190"><ele>30</ele><time>2026-03-01T08:03:12Z</time></trkpt>
			<trkpt lat="47.370450" lon="-1.194910"><ele>30</ele><time>2026-03-01T08:03:24Z</time></trkpt>
			<trkpt lat="47.370450" lon="-1.195080"><ele>30</ele><time>2026-03-01T08:03:36Z</time></trkpt>
			<trkpt lat="47.370410" lon="-1.195420"><ele>31</ele><time>2026-03-01T08:03:48Z</time></trkpt>
			<trkpt lat="47.370360" lon="-1.195620"><ele>31</ele><time>2026-03-01T08:04:00Z</time></trkpt>
			<trkpt lat="47.370300" lon="-1.196040"><ele>32</ele><time>2026-03-01T08:04:12Z</time></trkpt>
			<trkpt lat="47.370270" lon="-1.196200"><ele>32</ele><time>2026-03-01T08:04:24Z</time></trkpt>
			<trkpt lat="47.370220" lon="-1.196460"><ele>33</ele><time>2026-03-01T08:04:36Z</time></trkpt>
			<trkpt lat="47.370140" lon="-1.196830"><ele>34</ele><time>2026-03-01T08:04:48Z</time></trkpt>
			<trkpt lat="47.370090" lon="-1.197100"><ele>34</ele><time>2026-03-01T08:05:00Z</time></trkpt>
			<trkpt lat="47.370070" lon="-1.197210"><ele>34</ele><time>2026-03-01T08:05:12Z</time></trkpt>
			<trkpt lat="47.370010" lon="-1.197470"><ele>35</ele><time>2026-03-01T08:05:24Z</time></trkpt>
			<trkpt lat="47.369950" lon="-1.197660"><ele>35</ele><time>2026-03-01T08:05:36Z</time></trkpt>
			<trkpt lat="47.369920" lon="-1.197740"><ele>35</ele><time>2026-03-01T08:05:48Z</time></trkpt>
			<trkpt lat="47.369790" lon="-1.197970"><ele>36</ele><time>2026-03-01T08:06:00Z</time></trkpt>
			<trkpt lat="47.369730" lon="-1.198090"><ele>36</ele><time>2026-03-01T08:06:12Z</time></trkpt>
			<trkpt lat="47.369660" lon="-1.198300"><ele>36</ele><time>2026-03-01T08:06:24Z</time></trkpt>
			<trkpt lat="47.369620" lon="-1.198420"><ele>37</ele><time>2026-03-01T08:06:36Z</time></trkpt>
			<trkpt lat="47.369590" lon="-1.198560"><ele>37</ele><time>2026-03-01T08:06:48Z</time></trkpt>
			<trkpt lat="47.369530" lon="-1.198870"><ele>37</ele><time>2026-03-01T08:07:00Z</time></trkpt>
			<trkpt lat="47.369540" lon="-1.199210"><ele>37</ele><time>2026-03-01T08:07:12Z</time></trkpt>
			<trkpt lat="47.369310" lon="-1.200290"><ele>35</ele><time>2026-03-01T08:07:24Z</time></trkpt>
			<trkpt lat="47.369260" lon="-1.200510"><ele>34</ele><time>2026-03-01T08:07:36Z</time></trkpt>
			<trkpt lat="47.369140" lon="-1.201100"><ele>34</ele><time>2026-03-01T08:07:48Z</time></trkpt>
			<trkpt lat="47.369110" lon="-1.201250"><ele>34</ele><time>2026-03-01T08:08:00Z</time></trkpt>
			<trkpt lat="47.369050" lon="-1.201530"><ele>33</ele><time>2026-03-01T08:08:12Z</time></trkpt>
			<trkpt lat="47.368770" lon="-1.202950"><ele>35</ele><time>2026-03-01T08:08:24Z</time></trkpt>
			<trkpt lat="47.368740" lon="-1.203080"><ele>36</ele><time>2026-03-01T08:08:36Z</time></trkpt>
			<trkpt lat="47.368620" lon="-1.203690"><ele>37</ele><time>2026-03-01T08:08:48Z</time></trkpt>
			<trkpt lat="47.368600" lon="-1.203770"><ele>37</ele><time>2026-03-01T08:09:00Z</time></trkpt>
			<trkpt lat="47.368530" lon="-1.204150"><ele>38</ele><time>2026-03-01T08:09:12Z</time></trkpt>
			<trkpt lat="47.368440" lon="-1.204630"><ele>38</ele><time>2026-03-01T08:09:24Z</time></trkpt>
			<trkpt lat="47.368390" lon="-1.204940"><ele>38</ele><time>2026-03-01T08:09:36Z</time></trkpt>
			<trkpt lat="47.368390" lon="-1.205070"><ele>38</ele><time>2026-03-01T08:09:48Z</time></trkpt>
			<trkpt lat="47.368370" lon="-1.205330"><ele>38</ele><time>2026-03-01T08:10:00Z</time></trkpt>
			<trkpt lat="47.368350" lon="-1.205850"><ele>39</ele><time>2026-03-01T08:10:12Z</time></trkpt>
			<trkpt lat="47.368310" lon="-1.206560"><ele>39</ele><time>2026-03-01T08:10:24Z</time></trkpt>
			<trkpt lat="47.368300" lon="-1.207030"><ele>39</ele><time>2026-03-01T08:10:36Z</time></trkpt>
			<trkpt lat="47.368300" lon="-1.207210"><ele>40</ele><time>2026-03-01T08:10:48Z</time></trkpt>
			<trkpt lat="47.368330" lon="-1.207440"><ele>40</ele><time>2026-03-01T08:11:00Z</time></trkpt>
			<trkpt lat="47.368440" lon="-1.208000"><ele>40</ele><time>2026-03-01T08:11:12Z</time></trkpt>
			<trkpt lat="47.368450" lon="-1.208050"><ele>40</ele><time>2026-03-01T08:11:24Z</time></trkpt>
			<trkpt lat="47.368490" lon="-1.208270"><ele>40</ele><time>2026-03-01T08:11:36Z</time></trkpt>
			<trkpt lat="47.368600" lon="-1.209040"><ele>40</ele><time>2026-03-01T08:11:48Z</time></trkpt>
			<trkpt lat="47.368670" lon="-1.209560"><ele>41</ele><time>2026-03-01T08:12:00Z</time></trkpt>
			<trkpt lat="47.368730" lon="-1.210050"><ele>42</ele><time>2026-03-01T08:12:12Z</time></trkpt>
			<trkpt lat="47.368780" lon="-1.210520"><ele>42</ele><time>2026-03-01T08:12:24Z</time></trkpt>
			<trkpt lat="47.368790" lon="-1.210670"><ele>43</ele><time>2026-03-01T08:12:36Z</time></trkpt>
			<trkpt lat="47.368790" lon="-1.210940"><ele>43</ele><time>2026-03-01T08:12:48Z</time></trkpt>
			<trkpt lat="47.368780" lon="-1.211060"><ele>43</ele><time>2026-03-01T08:13:00Z</time></trkpt>
			<trkpt lat="47.368750" lon="-1.211300"><ele>43</ele><time>2026-03-01T08:13:12Z</time></trkpt>
			<trkpt lat="47.368670" lon="-1.211680"><ele>43</ele><time>2026-03-01T08:13:24Z</time></trkpt>
			<trkpt lat="47.368630" lon="-1.211820"><ele>43</ele><time>2026-03-01T08:13:36Z</time></trkpt>
			<trkpt lat="47.368590" lon="-1.211920"><ele>43</ele><time>2026-03-01T08:13:48Z</time></trkpt>
			<trkpt lat="47.368510" lon="-1.212040"><ele>42</ele><time>2026-03-01T08:14:00Z</time></trkpt>
			<trkpt lat="47.368420" lon="-1.212130"><ele>42</ele><time>2026-03-01T08:14:12Z</time></trkpt>
			<trkpt lat="47.368340" lon="-1.212190"><ele>42</ele><time>2026-03-01T08:14:24Z</time></trkpt>
			<trkpt lat="47.368160" lon="-1.212290"><ele>42</ele><time>2026-03-01T08:14:36Z</time></trkpt>
			<trkpt lat="47.368200" lon="-1.212500"><ele>42</ele><time>2026-03-01T08:14:48Z</time></trkpt>
			<trkpt lat="47.368190" lon="-1.212870"><ele>43</ele><time>2026-03-01T08:15:00Z</time></trkpt>
			<trkpt lat="47.368240" lon="-1.213050"><ele>43</ele><time>2026-03-01T08:15:12Z</time></trkpt>
			<trkpt lat="47.368390" lon="-1.213150"><ele>44</ele><time>2026-03-01T08:15:24Z</time></trkpt>
			<trkpt lat="47.368420" lon="-1.213120"><ele>44</ele><time>2026-03-01T08:15:36Z</time></trkpt>
			<trkpt lat="47.368470" lon="-1.213080"><ele>44</ele><time>2026-03-01T08:15:48Z</time></trkpt>
			<trkpt lat="47.368500" lon="-1.213070"><ele>44</ele><time>2026-03-01T08:16:00Z</time></trkpt>
			<trkpt lat="47.368570" lon="-1.213060"><ele>44</ele><time>2026-03-01T08:16:12Z</time></trkpt>
			<trkpt lat="47.368650" lon="-1.213100"><ele>44</ele><time>2026-03-01T08:16:24Z</time></trkpt>
			<trkpt lat="47.368730" lon="-1.213180"><ele>44</ele><time>2026-03-01T08:16:36Z</time></trkpt>
			<trkpt lat="47.368760" lon="-1.213240"><ele>44</ele><time>2026-03-01T08:16:48Z</time></trkpt>
			<trkpt lat="47.368790" lon="-1.213320"><ele>45</ele><time>2026-03-01T08:17:00Z</time></trkpt>
			<trkpt lat="47.368800" lon="-1.213440"><ele>45</ele><time>2026-03-01T08:17:12Z</time></trkpt>
			<trkpt lat="47.368790" lon="-1.213570"><ele>45</ele><time>2026-03-01T08:17:24Z</time></trkpt>
			<trkpt lat="47.368770" lon="-1.213630"><ele>45</ele><time>2026-03-01T08:17:36Z</time></trkpt>
			<trkpt lat="47.368770" lon="-1.213780"><ele>45</ele><time>2026-03-01T08:17:48Z</time></trkpt>
			<trkpt lat="47.368810" lon="-1.214120"><ele>45</ele><time>2026-03-01T08:18:00Z</time></trkpt>
			<trkpt lat="47.368860" lon="-1.214250"><ele>45</ele><time>2026-03-01T08:18:12Z</time></trkpt>
			<trkpt lat="47.369350" lon="-1.216170"><ele>45</ele><time>2026-03-01T08:18:24Z</time></trkpt>
			<trkpt lat="47.369410" lon="-1.216430"><ele>45</ele><time>2026-03-01T08:18:36Z</time></trkpt>
			<trkpt lat="47.369490" lon="-1.216900"><ele>46</ele><time>2026-03-01T08:18:48Z</time></trkpt>
			<trkpt lat="47.369710" lon="-1.218420"><ele>47</ele><time>2026-03-01T08:19:00Z</time></trkpt>
			<trkpt lat="47.369770" lon="-1.218870"><ele>47</ele><time>2026-03-01T08:19:12Z</time></trkpt>
			<trkpt lat="47.369940" lon="-1.220180"><ele>47</ele><time>2026-03-01T08:19:24Z</time></trkpt>
			<trkpt lat="47.370020" lon="-1.220730"><ele>48</ele><time>2026-03-01T08:19:36Z</time></trkpt>
			<trkpt lat="47.370060" lon="-1.220970"><ele>48</ele><time>2026-03-01T08:19:48Z</time></trkpt>
			<trkpt lat="47.370260" lon="-1.221760"><ele>47</ele><time>2026-03-01T08:20:00Z</time></trkpt>
			<trkpt lat="47.370900" lon="-1.224370"><ele>44</ele><time>2026-03-01T08:20:12Z</time></trkpt>
			<trkpt lat="47.371290" lon="-1.225980"><ele>44</ele><time>2026-03-01T08:20:24Z</time></trkpt>
			<trkpt lat="47.373090" lon="-1.233310"><ele>46</ele><time>2026-03-01T08:20:36Z</time></trkpt>
			<trkpt lat="47.373490" lon="-1.234930"><ele>47</ele><time>2026-03-01T08:20:48Z</time></trkpt>
			<trkpt lat="47.374230" lon="-1.237980"><ele>47</ele><time>2026-03-01T08:21:00Z</time></trkpt>
			<trkpt lat="47.375260" lon="-1.242200"><ele>47</ele><time>2026-03-01T08:21:12Z</time></trkpt>
			<trkpt lat="47.375460" lon="-1.242960"><ele>46</ele><time>2026-03-01T08:21:24Z</time></trkpt>
			<trkpt lat="47.375750" lon="-1.243940"><ele>45</ele><time>2026-03-01T08:21:36Z</time></trkpt>
			<trkpt lat="47.376200" lon="-1.245420"><ele>43</ele><time>2026-03-01T08:21:48Z</time></trkpt>
			<trkpt lat="47.376680" lon="-1.247050"><ele>41</ele><time>2026-03-01T08:22:00Z</time></trkpt>
			<trkpt lat="47.377370" lon="-1.249300"><ele>40</ele><time>2026-03-01T08:22:12Z</time></trkpt>
			<trkpt lat="47.377790" lon="-1.250720"><ele>40</ele><time>2026-03-01T08:22:24Z</time></trkpt>
			<trkpt lat="47.379070" lon="-1.254990"><ele>39</ele><time>2026-03-01T08:22:36Z</time></trkpt>
			<trkpt lat="47.379330" lon="-1.255870"><ele>39</ele><time>2026-03-01T08:22:48Z</time></trkpt>
			<trkpt lat="47.379520" lon="-1.256500"><ele>37</ele><time>2026-03-01T08:23:00Z</time></trkpt>
			<trkpt lat="47.379700" lon="-1.257050"><ele>36</ele><time>2026-03-01T08:23:12Z</time></trkpt>
			<trkpt lat="47.379990" lon="-1.257790"><ele>36</ele><time>2026-03-01T08:23:24Z</time></trkpt>
			<trkpt lat="47.380060" lon="-1.257970"><ele>36</ele><time>2026-03-01T08:23:36Z</time></trkpt>
			<trkpt lat="47.380940" lon="-1.259930"><ele>38</ele><time>2026-03-01T08:23:48Z</time></trkpt>
			<trkpt lat="47.381180" lon="-1.260460"><ele>38</ele><time>2026-03-01T08:24:00Z</time></trkpt>
			<trkpt lat="47.381420" lon="-1.261040"><ele>38</ele><time>2026-03-01T08:24:12Z</time></trkpt>
			<trkpt lat="47.381540" lon="-1.261380"><ele>37</ele><time>2026-03-01T08:24:24Z</time></trkpt>
			<trkpt lat="47.381620" lon="-1.261660"><ele>37</ele><time>2026-03-01T08:24:36Z</time></trkpt>
			<trkpt lat="47.381710" lon="-1.262000"><ele>36</ele><time>2026-03-01T08:24:48Z</time></trkpt>
			<trkpt lat="47.381780" lon="-1.262350"><ele>36</ele><time>2026-03-01T08:25:00Z</time></trkpt>
			<trkpt lat="47.381830" lon="-1.262640"><ele>35</ele><time>2026-03-01T08:25:12Z</time></trkpt>
			<trkpt lat="47.381880" lon="-1.263060"><ele>35</ele><time>2026-03-01T08:25:24Z</time></trkpt>
			<trkpt lat="47.381960" lon="-1.264020"><ele>36</ele><time>2026-03-01T08:25:36Z</time></trkpt>
			<trkpt lat="47.382030" lon="-1.264680"><ele>37</ele><time>2026-03-01T08:25:48Z</time></trkpt>
			<trkpt lat="47.382060" lon="-1.264930"><ele>37</ele><time>2026-03-01T08:26:00Z</time></trkpt>
			<trkpt lat="47.382160" lon="-1.265410"><ele>36</ele><time>2026-03-01T08:26:12Z</time></trkpt>
			<trkpt lat="47.382260" lon="-1.265780"><ele>35</ele><time>2026-03-01T08:26:24Z</time></trkpt>
			<trkpt lat="47.382490" lon="-1.266580"><ele>34</ele><time>2026-03-01T08:26:36Z</time></trkpt>
			<trkpt lat="47.383150" lon="-1.268810"><ele>37</ele><time>2026-03-01T08:26:48Z</time></trkpt>
			<trkpt lat="47.383880" lon="-1.271370"><ele>35</ele><time>2026-03-01T08:27:00Z</time></trkpt>
			<trkpt lat="47.384220" lon="-1.272560"><ele>36</ele><time>2026-03-01T08:27:12Z</time></trkpt>
			<trkpt lat="47.384310" lon="-1.272860"><ele>36</ele><time>2026-03-01T08:27:24Z</time></trkpt>
			<trkpt lat="47.384380" lon="-1.273150"><ele>37</ele><time>2026-03-01T08:27:36Z</time></trkpt>
			<trkpt lat="47.384450" lon="-1.273610"><ele>38</ele><time>2026-03-01T08:27:48Z</time></trkpt>
			<trkpt lat="47.384510" lon="-1.274060"><ele>38</ele><time>2026-03-01T08:28:00Z</time></trkpt>
			<trkpt lat="47.384570" lon="-1.274760"><ele>39</ele><time>2026-03-01T08:28:12Z</time></trkpt>
			<trkpt lat="47.384990" lon="-1.279470"><ele>46</ele><time>2026-03-01T08:28:24Z</time></trkpt>
			<trkpt lat="47.385100" lon="-1.280590"><ele>45</ele><time>2026-03-01T08:28:36Z</time></trkpt>
			<trkpt lat="47.385140" lon="-1.280890"><ele>45</ele><time>2026-03-01T08:28:48Z</time></trkpt>
			<trkpt lat="47.385220" lon="-1.281340"><ele>45</ele><time>2026-03-01T08:29:00Z</time></trkpt>
			<trkpt lat="47.385320" lon="-1.281680"><ele>45</ele><time>2026-03-01T08:29:12Z</time></trkpt>
			<trkpt lat="47.385750" lon="-1.282930"><ele>42</ele><time>2026-03-01T08:29:24Z</time></trkpt>
			<trkpt lat="47.386260" lon="-1.284360"><ele>40</ele><time>2026-03-01T08:29:36Z</time></trkpt>
			<trkpt lat="47.386300" lon="-1.284520"><ele>40</ele><time>2026-03-01T08:29:48Z</time></trkpt>
			<trkpt lat="47.386350" lon="-1.284700"><ele>40</ele><time>2026-03-01T08:30:00Z</time></trkpt>
			<trkpt lat="47.386380" lon="-1.284900"><ele>39</ele><time>2026-03-01T08:30:12Z</time></trkpt>
			<trkpt lat="47.386390" lon="-1.285080"><ele>39</ele><time>2026-03-01T08:30:24Z</time></trkpt>
			<trkpt lat="47.386400" lon="-1.285280"><ele>38</ele><time>2026-03-01T08:30:36Z</time></trkpt>
			<trkpt lat="47.386390" lon="-1.285500"><ele>38</ele><time>2026-03-01T08:30:48Z</time></trkpt>
			<trkpt lat="47.386250" lon="-1.287230"><ele>34</ele><time>2026-03-01T08:31:00Z</time></trkpt>
			<trkpt lat="47.386250" lon="-1.287390"><ele>33</ele><time>2026-03-01T08:31:12Z</time></trkpt>
			<trkpt lat="47.386270" lon="-1.287710"><ele>33</ele><time>2026-03-01T08:31:24Z</time></trkpt>
			<trkpt lat="47.386300" lon="-1.287880"><ele>33</ele><time>2026-03-01T08:31:36Z</time></trkpt>
			<trkpt lat="47.386220" lon="-1.287890"><ele>34</ele><time>2026-03-01T08:31:48Z</time></trkpt>
			<trkpt lat="47.386120" lon="-1.287860"><ele>34</ele><time>2026-03-01T08:32:00Z</time></trkpt>
			<trkpt lat="47.386050" lon="-1.287760"><ele>34</ele><time>2026-03-01T08:32:12Z</time></trkpt>
			<trkpt lat="47.385380" lon="-1.286810"><ele>38</ele><time>2026-03-01T08:32:24Z</time></trkpt>
			<trkpt lat="47.384630" lon="-1.285700"><ele>43</ele><time>2026-03-01T08:32:36Z</time></trkpt>
			<trkpt lat="47.384020" lon="-1.284820"><ele>46</ele><time>2026-03-01T08:32:48Z</time></trkpt>
			<trkpt lat="47.383730" lon="-1.284490"><ele>47</ele><time>2026-03-01T08:33:00Z</time></trkpt>
			<trkpt lat="47.383330" lon="-1.284030"><ele>48</ele><time>2026-03-01T08:33:12Z</time></trkpt>
			<trkpt lat="47.383100" lon="-1.283800"><ele>49</ele><time>2026-03-01T08:33:24Z</time></trkpt>
			<trkpt lat="47.382370" lon="-1.283000"><ele>53</ele><time>2026-03-01T08:33:36Z</time></trkpt>
			<trkpt lat="47.382000" lon="-1.282620"><ele>56</ele><time>2026-03-01T08:33:48Z</time></trkpt>
			<trkpt lat="47.378950" lon="-1.280140"><ele>60</ele><time>2026-03-01T08:34:00Z</time></trkpt>
			<trkpt lat="47.378830" lon="-1.280030"><ele>59</ele><time>2026-03-01T08:34:12Z</time></trkpt>
			<trkpt lat="47.377100" lon="-1.278700"><ele>57</ele><time>2026-03-01T08:34:24Z</time></trkpt>
			<trkpt lat="47.376130" lon="-1.277730"><ele>55</ele><time>2026-03-01T08:34:36Z</time></trkpt>
			<trkpt lat="47.373880" lon="-1.275570"><ele>54</ele><time>2026-03-01T08:34:48Z</time></trkpt>
			<trkpt lat="47.373260" lon="-1.274950"><ele>53</ele><time>2026-03-01T08:35:00Z</time></trkpt>
			<trkpt lat="47.372890" lon="-1.274590"><ele>54</ele><time>2026-03-01T08:35:12Z</time></trkpt>
			<trkpt lat="47.372820" lon="-1.274520"><ele>54</ele><time>2026-03-01T08:35:24Z</time></trkpt>
			<trkpt lat="47.372600" lon="-1.274310"><ele>55</ele><time>2026-03-01T08:35:36Z</time></trkpt>
			<trkpt lat="47.372360" lon="-1.274070"><ele>54</ele><time>2026-03-01T08:35:48Z</time></trkpt>
			<trkpt lat="47.371920" lon="-1.273640"><ele>53</ele><time>2026-03-01T08:36:00Z</time></trkpt>
			<trkpt lat="47.371700" lon="-1.273400"><ele>52</ele><time>2026-03-01T08:36:12Z</time></trkpt>
			<trkpt lat="47.369050" lon="-1.270420"><ele>54</ele><time>2026-03-01T08:36:24Z</time></trkpt>
			<trkpt lat="47.368960" lon="-1.270310"><ele>54</ele><time>2026-03-01T08:36:36Z</time></trkpt>
			<trkpt lat="47.368800" lon="-1.270210"><ele>54</ele><time>2026-03-01T08:36:48Z</time></trkpt>
			<trkpt lat="47.368730" lon="-1.270180"><ele>54</ele><time>2026-03-01T08:37:00Z</time></trkpt>
			<trkpt lat="47.368600" lon="-1.270160"><ele>54</ele><time>2026-03-01T08:37:12Z</time></trkpt>
			<trkpt lat="47.368490" lon="-1.270180"><ele>55</ele><time>2026-03-01T08:37:24Z</time></trkpt>
			<trkpt lat="47.368370" lon="-1.270240"><ele>55</ele><time>2026-03-01T08:37:36Z</time></trkpt>
			<trkpt lat="47.367930" lon="-1.270500"><ele>57</ele><time>2026-03-01T08:37:48Z</time></trkpt>
			<trkpt lat="47.367070" lon="-1.271010"><ele>59</ele><time>2026-03-01T08:38:00Z</time></trkpt>
			<trkpt lat="47.366530" lon="-1.271340"><ele>61</ele><time>2026-03-01T08:38:12Z</time></trkpt>
			<trkpt lat="47.366250" lon="-1.271510"><ele>61</ele><time>2026-03-01T08:38:24Z</time></trkpt>
			<trkpt lat="47.365190" lon="-1.272150"><ele>62</ele><time>2026-03-01T08:38:36Z</time></trkpt>
			<trkpt lat="47.364580" lon="-1.272510"><ele>60</ele><time>2026-03-01T08:38:48Z</time></trkpt>
			<trkpt lat="47.364220" lon="-1.272700"><ele>60</ele><time>2026-03-01T08:39:00Z</time></trkpt>
			<trkpt lat="47.363840" lon="-1.272860"><ele>59</ele><time>2026-03-01T08:39:12Z</time></trkpt>
			<trkpt lat="47.363520" lon="-1.272940"><ele>58</ele><time>2026-03-01T08:39:24Z</time></trkpt>
			<trkpt lat="47.363150" lon="-1.272990"><ele>57</ele><time>2026-03-01T08:39:36Z</time></trkpt>
			<trkpt lat="47.362020" lon="-1.273090"><ele>54</ele><time>2026-03-01T08:39:48Z</time></trkpt>
			<trkpt lat="47.361850" lon="-1.273150"><ele>54</ele><time>2026-03-01T08:40:00Z</time></trkpt>
			<trkpt lat="47.361750" lon="-1.273200"><ele>53</ele><time>2026-03-01T08:40:12Z</time></trkpt>
			<trkpt lat="47.361650" lon="-1.273270"><ele>53</ele><time>2026-03-01T08:40:24Z</time></trkpt>
			<trkpt lat="47.361550" lon="-1.273350"><ele>54</ele><time>2026-03-01T08:40:36Z</time></trkpt>
			<trkpt lat="47.361450" lon="-1.273480"><ele>54</ele><time>2026-03-01T08:40:48Z</time></trkpt>
			<trkpt lat="47.361180" lon="-1.273860"><ele>54</ele><time>2026-03-01T08:41:00Z</time></trkpt>
			<trkpt lat="47.360470" lon="-1.274930"><ele>58</ele><time>2026-03-01T08:41:12Z</time></trkpt>
			<trkpt lat="47.360370" lon="-1.275070"><ele>59</ele><time>2026-03-01T08:41:24Z</time></trkpt>
			<trkpt lat="47.360290" lon="-1.275210"><ele>60</ele><time>2026-03-01T08:41:36Z</time></trkpt>
			<trkpt lat="47.360200" lon="-1.275410"><ele>61</ele><time>2026-03-01T08:41:48Z</time></trkpt>
			<trkpt lat="47.360100" lon="-1.275650"><ele>61</ele><time>2026-03-01T08:42:00Z</time></trkpt>
			<trkpt lat="47.360030" lon="-1.275880"><ele>62</ele><time>2026-03-01T08:42:12Z</time></trkpt>
			<trkpt lat="47.359700" lon="-1.277130"><ele>66</ele><time>2026-03-01T08:42:24Z</time></trkpt>
			<trkpt lat="47.359510" lon="-1.277900"><ele>69</ele><time>2026-03-01T08:42:36Z</time></trkpt>
			<trkpt lat="47.359400" lon="-1.278330"><ele>71</ele><time>2026-03-01T08:42:48Z</time></trkpt>
			<trkpt lat="47.359280" lon="-1.278800"><ele>71</ele><time>2026-03-01T08:43:00Z</time></trkpt>
			<trkpt lat="47.358980" lon="-1.279960"><ele>70</ele><time>2026-03-01T08:43:12Z</time></trkpt>
			<trkpt lat="47.358880" lon="-1.280340"><ele>70</ele><time>2026-03-01T08:43:24Z</time></trkpt>
			<trkpt lat="47.358760" lon="-1.280880"><ele>69</ele><time>2026-03-01T08:43:36Z</time></trkpt>
			<trkpt lat="47.358730" lon="-1.281230"><ele>70</ele><time>2026-03-01T08:43:48Z</time></trkpt>
			<trkpt lat="47.358740" lon="-1.281780"><ele>69</ele><time>2026-03-01T08:44:00Z</time></trkpt>
			<trkpt lat="47.358750" lon="-1.282450"><ele>69</ele><time>2026-03-01T08:44:12Z</time></trkpt>
			<trkpt lat="47.358740" lon="-1.282650"><ele>68</ele><time>2026-03-01T08:44:24Z</time></trkpt>
			<trkpt lat="47.358730" lon="-1.282730"><ele>68</ele><time>2026-03-01T08:44:36Z</time></trkpt>
			<trkpt lat="47.358680" lon="-1.282890"><ele>68</ele><time>2026-03-01T08:44:48Z</time></trkpt>
			<trkpt lat="47.358620" lon="-1.283000"><ele>68</ele><time>2026-03-01T08:45:00Z</time></trkpt>
			<trkpt lat="47.358550" lon="-1.283070"><ele>68</ele><time>2026-03-01T08:45:12Z</time></trkpt>
			<trkpt lat="47.358510" lon="-1.283120"><ele>68</ele><time>2026-03-01T08:45:24Z</time></trkpt>
			<trkpt lat="47.358440" lon="-1.283160"><ele>68</ele><time>2026-03-01T08:45:36Z</time></trkpt>
			<trkpt lat="47.358300" lon="-1.283230"><ele>68</ele><time>2026-03-01T08:45:48Z</time></trkpt>
			<trkpt lat="47.358140" lon="-1.283280"><ele>68</ele><time>2026-03-01T08:46:00Z</time></trkpt>
			<trkpt lat="47.358120" lon="-1.283290"><ele>68</ele><time>2026-03-01T08:46:12Z</time></trkpt>
			<trkpt lat="47.356200" lon="-1.283850"><ele>64</ele><time>2026-03-01T08:46:24Z</time></trkpt>
			<trkpt lat="47.355290" lon="-1.284100"><ele>59</ele><time>2026-03-01T08:46:36Z</time></trkpt>
			<trkpt lat="47.354590" lon="-1.284310"><ele>56</ele><time>2026-03-01T08:46:48Z</time></trkpt>
			<trkpt lat="47.354340" lon="-1.284390"><ele>54</ele><time>2026-03-01T08:47:00Z</time></trkpt>
			<trkpt lat="47.354220" lon="-1.284490"><ele>53</ele><time>2026-03-01T08:47:12Z</time></trkpt>
			<trkpt lat="47.354230" lon="-1.284520"><ele>52</ele><time>2026-03-01T08:47:24Z</time></trkpt>
			<trkpt lat="47.354250" lon="-1.284600"><ele>52</ele><time>2026-03-01T08:47:36Z</time></trkpt>
			<trkpt lat="47.354240" lon="-1.284660"><ele>51</ele><time>2026-03-01T08:47:48Z</time></trkpt>
			<trkpt lat="47.354220" lon="-1.284710"><ele>50</ele><time>2026-03-01T08:48:00Z</time></trkpt>
			<trkpt lat="47.354200" lon="-1.284730"><ele>50</ele><time>2026-03-01T08:48:12Z</time></trkpt>
			<trkpt lat="47.354160" lon="-1.284750"><ele>50</ele><time>2026-03-01T08:48:24Z</time></trkpt>
			<trkpt lat="47.354110" lon="-1.284740"><ele>50</ele><time>2026-03-01T08:48:36Z</time></trkpt>
			<trkpt lat="47.354090" lon="-1.284720"><ele>50</ele><time>2026-03-01T08:48:48Z</time></trkpt>
			<trkpt lat="47.354060" lon="-1.284690"><ele>50</ele><time>2026-03-01T08:49:00Z</time></trkpt>
			<trkpt lat="47.354050" lon="-1.284650"><ele>51</ele><time>2026-03-01T08:49:12Z</time></trkpt>
			<trkpt lat="47.354050" lon="-1.284600"><ele>51</ele><time>2026-03-01T08:49:24Z</time></trkpt>
			<trkpt lat="47.353810" lon="-1.284590"><ele>51</ele><time>2026-03-01T08:49:36Z</time></trkpt>
			<trkpt lat="47.353650" lon="-1.284590"><ele>50</ele><time>2026-03-01T08:49:48Z</time></trkpt>
			<trkpt lat="47.353160" lon="-1.284720"><ele>49</ele><time>2026-03-01T08:50:00Z</time></trkpt>
			<trkpt lat="47.353010" lon="-1.284770"><ele>49</ele><time>2026-03-01T08:50:12Z</time></trkpt>
			<trkpt lat="47.352660" lon="-1.284910"><ele>50</ele><time>2026-03-01T08:50:24Z</time></trkpt>
			<trkpt lat="47.352520" lon="-1.285000"><ele>50</ele><time>2026-03-01T08:50:36Z</time></trkpt>
			<trkpt lat="47.352380" lon="-1.285120"><ele>49</ele><time>2026-03-01T08:50:48Z</time></trkpt>
			<trkpt lat="47.352240" lon="-1.285260"><ele>49</ele><time>2026-03-01T08:51:00Z</time></trkpt>
			<trkpt lat="47.352090" lon="-1.285440"><ele>48</ele><time>2026-03-01T08:51:12Z</time></trkpt>
			<trkpt lat="47.351830" lon="-1.285840"><ele>46</ele><time>2026-03-01T08:51:24Z</time></trkpt>
			<trkpt lat="47.351690" lon="-1.286050"><ele>45</ele><time>2026-03-01T08:51:36Z</time></trkpt>
			<trkpt lat="47.351440" lon="-1.286460"><ele>45</ele><time>2026-03-01T08:51:48Z</time></trkpt>
			<trkpt lat="47.351300" lon="-1.286750"><ele>44</ele><time>2026-03-01T08:52:00Z</time></trkpt>
			<trkpt lat="47.351060" lon="-1.287320"><ele>39</ele><time>2026-03-01T08:52:12Z</time></trkpt>
			<trkpt lat="47.350980" lon="-1.287470"><ele>38</ele><time>2026-03-01T08:52:24Z</time></trkpt>
			<trkpt lat="47.350900" lon="-1.287570"><ele>37</ele><time>2026-03-01T08:52:36Z</time></trkpt>
			<trkpt lat="47.350770" lon="-1.287700"><ele>35</ele><time>2026-03-01T08:52:48Z</time></trkpt>
			<trkpt lat="47.350640" lon="-1.287790"><ele>34</ele><time>2026-03-01T08:53:00Z</time></trkpt>
			<trkpt lat="47.350350" lon="-1.287920"><ele>32</ele><time>2026-03-01T08:53:12Z</time></trkpt>
			<trkpt lat="47.350180" lon="-1.287990"><ele>31</ele><time>2026-03-01T08:53:24Z</time></trkpt>
			<trkpt lat="47.350030" lon="-1.288040"><ele>31</ele><time>2026-03-01T08:53:36Z</time></trkpt>
			<trkpt lat="47.349790" lon="-1.288080"><ele>29</ele><time>2026-03-01T08:53:48Z</time></trkpt>
			<trkpt lat="47.349430" lon="-1.288050"><ele>27</ele><time>2026-03-01T08:54:00Z</time></trkpt>
			<trkpt lat="47.349290" lon="-1.288030"><ele>27</ele><time>2026-03-01T08:54:12Z</time></trkpt>
			<trkpt lat="47.349030" lon="-1.287960"><ele>27</ele><time>2026-03-01T08:54:24Z</time></trkpt>
			<trkpt lat="47.348690" lon="-1.287860"><ele>26</ele><time>2026-03-01T08:54:36Z</time></trkpt>
			<trkpt lat="47.348100" lon="-1.287660"><ele>23</ele><time>2026-03-01T08:54:48Z</time></trkpt>
			<trkpt lat="47.347830" lon="-1.287580"><ele>21</ele><time>2026-03-01T08:55:00Z</time></trkpt>
			<trkpt lat="47.347710" lon="-1.287510"><ele>20</ele><time>2026-03-01T08:55:12Z</time></trkpt>
			<trkpt lat="47.347590" lon="-1.287420"><ele>19</ele><time>2026-03-01T08:55:24Z</time></trkpt>
			<trkpt lat="47.347460" lon="-1.287280"><ele>18</ele><time>2026-03-01T08:55:36Z</time></trkpt>
			<trkpt lat="47.347090" lon="-1.286830"><ele>17</ele><time>2026-03-01T08:55:48Z</time></trkpt>
			<trkpt lat="47.346790" lon="-1.286450"><ele>16</ele><time>2026-03-01T08:56:00Z</time></trkpt>
			<trkpt lat="47.346560" lon="-1.286110"><ele>15</ele><time>2026-03-01T08:56:12Z</time></trkpt>
			<trkpt lat="47.346530" lon="-1.286080"><ele>15</ele><time>2026-03-01T08:56:24Z</time></trkpt>
			<trkpt lat="47.346500" lon="-1.285990"><ele>14</ele><time>2026-03-01T08:56:36Z</time></trkpt>
			<trkpt lat="47.346460" lon="-1.286060"><ele>14</ele><time>2026-03-01T08:56:48Z</time></trkpt>
			<trkpt lat="47.346330" lon="-1.286280"><ele>13</ele><time>2026-03-01T08:57:00Z</time></trkpt>
			<trkpt lat="47.346220" lon="-1.286460"><ele>12</ele><time>2026-03-01T08:57:12Z</time></trkpt>
			<trkpt lat="47.346100" lon="-1.286720"><ele>11</ele><time>2026-03-01T08:57:24Z</time></trkpt>
			<trkpt lat="47.345990" lon="-1.286950"><ele>10</ele><time>2026-03-01T08:57:36Z</time></trkpt>
			<trkpt lat="47.345940" lon="-1.287060"><ele>10</ele><time>2026-03-01T08:57:48Z</time></trkpt>
			<trkpt lat="47.345840" lon="-1.287380"><ele>9</ele><time>2026-03-01T08:58:00Z</time></trkpt>
			<trkpt lat="47.345750" lon="-1.287690"><ele>9</ele><time>2026-03-01T08:58:12Z</time></trkpt>
			<trkpt lat="47.345640" lon="-1.288070"><ele>9</ele><time>2026-03-01T08:58:24Z</time></trkpt>
			<trkpt lat="47.345630" lon="-1.288130"><ele>9</ele><time>2026-03-01T08:58:36Z</time></trkpt>
			<trkpt lat="47.345550" lon="-1.288490"><ele>10</ele><time>2026-03-01T08:58:48Z</time></trkpt>
			<trkpt lat="47.345530" lon="-1.288590"><ele>11</ele><time>2026-03-01T08:59:00Z</time></trkpt>
			<trkpt lat="47.345500" lon="-1.288670"><ele>12</ele><time>2026-03-01T08:59:12Z</time></trkpt>
			<trkpt lat="47.345490" lon="-1.288720"><ele>12</ele><time>2026-03-01T08:59:24Z</time></trkpt>
			<trkpt lat="47.345480" lon="-1.288760"><ele>12</ele><time>2026-03-01T08:59:36Z</time></trkpt>
			<trkpt lat="47.345450" lon="-1.288820"><ele>13</ele><time>2026-03-01T08:59:48Z</time></trkpt>
			<trkpt lat="47.345390" lon="-1.288980"><ele>14</ele><time>2026-03-01T09:00:00Z</time></trkpt>
			<trkpt lat="47.345100" lon="-1.289540"><ele>16</ele><time>2026-03-01T09:00:12Z</time></trkpt>
			<trkpt lat="47.344990" lon="-1.289760"><ele>16</ele><time>2026-03-01T09:00:24Z</time></trkpt>
			<trkpt lat="47.344880" lon="-1.290010"><ele>16</ele><time>2026-03-01T09:00:36Z</time></trkpt>
			<trkpt lat="47.344770" lon="-1.290330"><ele>15</ele><time>2026-03-01T09:00:48Z</time></trkpt>
			<trkpt lat="47.344730" lon="-1.290470"><ele>15</ele><time>2026-03-01T09:01:00Z</time></trkpt>
			<trkpt lat="47.344600" lon="-1.290970"><ele>14</ele><time>2026-03-01T09:01:12Z</time></trkpt>
			<trkpt lat="47.344580" lon="-1.291060"><ele>13</ele><time>2026-03-01T09:01:24Z</time></trkpt>
			<trkpt lat="47.344570" lon="-1.291130"><ele>13</ele><time>2026-03-01T09:01:36Z</time></trkpt>
			<trkpt lat="47.344570" lon="-1.291220"><ele>13</ele><time>2026-03-01T09:01:48Z</time></trkpt>
			<trkpt lat="47.344590" lon="-1.291300"><ele>13</ele><time>2026-03-01T09:02:00Z</time></trkpt>
			<trkpt lat="47.344430" lon="-1.291270"><ele>11</ele><time>2026-03-01T09:02:12Z</time></trkpt>
			<trkpt lat="47.344380" lon="-1.291260"><ele>11</ele><time>2026-03-01T09:02:24Z</time></trkpt>
			<trkpt lat="47.344380" lon="-1.291440"><ele>11</ele><time>2026-03-01T09:02:36Z</time></trkpt>
			<trkpt lat="47.344390" lon="-1.291920"><ele>10</ele><time>2026-03-01T09:02:48Z</time></trkpt>
			<trkpt lat="47.344410" lon="-1.294050"><ele>9</ele><time>2026-03-01T09:03:00Z</time></trkpt>
			<trkpt lat="47.344400" lon="-1.294260"><ele>9</ele><time>2026-03-01T09:03:12Z</time></trkpt>
			<trkpt lat="47.344390" lon="-1.294490"><ele>10</ele><time>2026-03-01T09:03:24Z</time></trkpt>
			<trkpt lat="47.344260" lon="-1.295440"><ele>10</ele><time>2026-03-01T09:03:36Z</time></trkpt>
			<trkpt lat="47.344160" lon="-1.296090"><ele>10</ele><time>2026-03-01T09:03:48Z</time></trkpt>
			<trkpt lat="47.344110" lon="-1.296340"><ele>10</ele><time>2026-03-01T09:04:00Z</time></trkpt>
			<trkpt lat="47.344030" lon="-1.296560"><ele>10</ele><time>2026-03-01T09:04:12Z</time></trkpt>
			<trkpt lat="47.343680" lon="-1.297240"><ele>10</ele><time>2026-03-01T09:04:24Z</time></trkpt>
			<trkpt lat="47.343210" lon="-1.298260"><ele>10</ele><time>2026-03-01T09:04:36Z</time></trkpt>
			<trkpt lat="47.342790" lon="-1.299540"><ele>10</ele><time>2026-03-01T09:04:48Z</time></trkpt>
			<trkpt lat="47.342750" lon="-1.299730"><ele>10</ele><time>2026-03-01T09:05:00Z</time></trkpt>
			<trkpt lat="47.342730" lon="-1.299880"><ele>10</ele><time>2026-03-01T09:05:12Z</time></trkpt>
			<trkpt lat="47.342740" lon="-1.300090"><ele>11</ele><time>2026-03-01T09:05:24Z</time></trkpt>
			<trkpt lat="47.342760" lon="-1.300220"><ele>11</ele><time>2026-03-01T09:05:36Z</time></trkpt>
			<trkpt lat="47.342920" lon="-1.300760"><ele>12</ele><time>2026-03-01T09:05:48Z</time></trkpt>
			<trkpt lat="47.343030" lon="-1.301080"><ele>14</ele><time>2026-03-01T09:06:00Z</time></trkpt>
			<trkpt lat="47.343050" lon="-1.301300"><ele>16</ele><time>2026-03-01T09:06:12Z</time></trkpt>
			<trkpt lat="47.343060" lon="-1.301490"><ele>18</ele><time>2026-03-01T09:06:24Z</time></trkpt>
			<trkpt lat="47.343020" lon="-1.301640"><ele>19</ele><time>2026-03-01T09:06:36Z</time></trkpt>
			<trkpt lat="47.342970" lon="-1.301740"><ele>19</ele><time>2026-03-01T09:06:48Z</time></trkpt>
			<trkpt lat="47.342950" lon="-1.301800"><ele>19</ele><time>2026-03-01T09:07:00Z</time></trkpt>
			<trkpt lat="47.342840" lon="-1.301950"><ele>20</ele><time>2026-03-01T09:07:12Z</time></trkpt>
			<trkpt lat="47.342470" lon="-1.302320"><ele>19</ele><time>2026-03-01T09:07:24Z</time></trkpt>
			<trkpt lat="47.342350" lon="-1.302500"><ele>19</ele><time>2026-03-01T09:07:36Z</time></trkpt>
			<trkpt lat="47.342290" lon="-1.302680"><ele>20</ele><time>2026-03-01T09:07:48Z</time></trkpt>
			<trkpt lat="47.342150" lon="-1.303240"><ele>22</ele><time>2026-03-01T09:08:00Z</time></trkpt>
			<trkpt lat="47.342130" lon="-1.303490"><ele>23</ele><time>2026-03-01T09:08:12Z</time></trkpt>
			<trkpt lat="47.342120" lon="-1.303740"><ele>25</ele><time>2026-03-01T09:08:24Z</time></trkpt>
			<trkpt lat="47.342140" lon="-1.303970"><ele>27</ele><time>2026-03-01T09:08:36Z</time></trkpt>
			<trkpt lat="47.342170" lon="-1.304270"><ele>29</ele><time>2026-03-01T09:08:48Z</time></trkpt>
			<trkpt lat="47.342330" lon="-1.305610"><ele>32</ele><time>2026-03-01T09:09:00Z</time></trkpt>
			<trkpt lat="47.342370" lon="-1.305740"><ele>33</ele><time>2026-03-01T09:09:12Z</time></trkpt>
			<trkpt lat="47.342420" lon="-1.305840"><ele>33</ele><time>2026-03-01T09:09:24Z</time></trkpt>
			<trkpt lat="47.342490" lon="-1.305920"><ele>34</ele><time>2026-03-01T09:09:36Z</time></trkpt>
			<trkpt lat="47.342830" lon="-1.306190"><ele>39</ele><time>2026-03-01T09:09:48Z</time></trkpt>
			<trkpt lat="47.342920" lon="-1.306290"><ele>41</ele><time>2026-03-01T09:10:00Z</time></trkpt>
			<trkpt lat="47.343010" lon="-1.306410"><ele>42</ele><time>2026-03-01T09:10:12Z</time></trkpt>
			<trkpt lat="47.343180" lon="-1.306690"><ele>45</ele><time>2026-03-01T09:10:24Z</time></trkpt>
			<trkpt lat="47.343250" lon="-1.306780"><ele>47</ele><time>2026-03-01T09:10:36Z</time></trkpt>
			<trkpt lat="47.343340" lon="-1.306840"><ele>48</ele><time>2026-03-01T09:10:48Z</time></trkpt>
			<trkpt lat="47.343430" lon="-1.306860"><ele>48</ele><time>2026-03-01T09:11:00Z</time></trkpt>
			<trkpt lat="47.343770" lon="-1.306760"><ele>48</ele><time>2026-03-01T09:11:12Z</time></trkpt>
			<trkpt lat="47.343810" lon="-1.306760"><ele>48</ele><time>2026-03-01T09:11:24Z</time></trkpt>
			<trkpt lat="47.343880" lon="-1.306770"><ele>48</ele><time>2026-03-01T09:11:36Z</time></trkpt>
			<trkpt lat="47.343980" lon="-1.306800"><ele>48</ele><time>2026-03-01T09:11:48Z</time></trkpt>
			<trkpt lat="47.344090" lon="-1.306860"><ele>49</ele><time>2026-03-01T09:12:00Z</time></trkpt>
			<trkpt lat="47.344250" lon="-1.306970"><ele>49</ele><time>2026-03-01T09:12:12Z</time></trkpt>
			<trkpt lat="47.344290" lon="-1.307020"><ele>49</ele><time>2026-03-01T09:12:24Z</time></trkpt>
			<trkpt lat="47.344330" lon="-1.307070"><ele>49</ele><time>2026-03-01T09:12:36Z</time></trkpt>
			<trkpt lat="47.344370" lon="-1.307200"><ele>50</ele><time>2026-03-01T09:12:48Z</time></trkpt>
			<trkpt lat="47.344390" lon="-1.307340"><ele>50</ele><time>2026-03-01T09:13:00Z</time></trkpt>
			<trkpt lat="47.344370" lon="-1.307530"><ele>51</ele><time>2026-03-01T09:13:12Z</time></trkpt>
			<trkpt lat="47.344320" lon="-1.307800"><ele>52</ele><time>2026-03-01T09:13:24Z</time></trkpt>
			<trkpt lat="47.344240" lon="-1.308100"><ele>54</ele><time>2026-03-01T09:13:36Z</time></trkpt>
			<trkpt lat="47.344110" lon="-1.308510"><ele>56</ele><time>2026-03-01T09:13:48Z</time></trkpt>
			<trkpt lat="47.343790" lon="-1.309320"><ele>59</ele><time>2026-03-01T09:14:00Z</time></trkpt>
			<trkpt lat="47.343770" lon="-1.309440"><ele>60</ele><time>2026-03-01T09:14:12Z</time></trkpt>
			<trkpt lat="47.343770" lon="-1.309560"><ele>60</ele><time>2026-03-01T09:14:24Z</time></trkpt>
			<trkpt lat="47.343790" lon="-1.309770"><ele>61</ele><time>2026-03-01T09:14:36Z</time></trkpt>
			<trkpt lat="47.344110" lon="-1.310970"><ele>66</ele><time>2026-03-01T09:14:48Z</time></trkpt>
			<trkpt lat="47.344170" lon="-1.311240"><ele>67</ele><time>2026-03-01T09:15:00Z</time></trkpt>
			<trkpt lat="47.344200" lon="-1.311520"><ele>68</ele><time>2026-03-01T09:15:12Z</time></trkpt>
			<trkpt lat="47.344220" lon="-1.311810"><ele>69</ele><time>2026-03-01T09:15:24Z</time></trkpt>
			<trkpt lat="47.344230" lon="-1.312050"><ele>69</ele><time>2026-03-01T09:15:36Z</time></trkpt>
			<trkpt lat="47.344200" lon="-1.312890"><ele>72</ele><time>2026-03-01T09:15:48Z</time></trkpt>
			<trkpt lat="47.344160" lon="-1.313510"><ele>73</ele><time>2026-03-01T09:16:00Z</time></trkpt>
			<trkpt lat="47.344130" lon="-1.313710"><ele>73</ele><time>2026-03-01T09:16:12Z</time></trkpt>
			<trkpt lat="47.344100" lon="-1.313910"><ele>73</ele><time>2026-03-01T09:16:24Z</time></trkpt>
			<trkpt lat="47.344050" lon="-1.314060"><ele>73</ele><time>2026-03-01T09:16:36Z</time></trkpt>
			<trkpt lat="47.343900" lon="-1.314440"><ele>74</ele><time>2026-03-01T09:16:48Z</time></trkpt>
			<trkpt lat="47.343740" lon="-1.314800"><ele>74</ele><time>2026-03-01T09:17:00Z</time></trkpt>
			<trkpt lat="47.343690" lon="-1.314960"><ele>75</ele><time>2026-03-01T09:17:12Z</time></trkpt>
			<trkpt lat="47.343680" lon="-1.315110"><ele>75</ele><time>2026-03-01T09:17:24Z</time></trkpt>
			<trkpt lat="47.343690" lon="-1.315280"><ele>74</ele><time>2026-03-01T09:17:36Z</time></trkpt>
			<trkpt lat="47.343800" lon="-1.315750"><ele>74</ele><time>2026-03-01T09:17:48Z</time></trkpt>
			<trkpt lat="47.343830" lon="-1.315950"><ele>74</ele><time>2026-03-01T09:18:00Z</time></trkpt>
			<trkpt lat="47.343850" lon="-1.316170"><ele>74</ele><time>2026-03-01T09:18:12Z</time></trkpt>
			<trkpt lat="47.343850" lon="-1.316640"><ele>75</ele><time>2026-03-01T09:18:24Z</time></trkpt>
			<trkpt lat="47.343810" lon="-1.316840"><ele>75</ele><time>2026-03-01T09:18:36Z</time></trkpt>
			<trkpt lat="47.343740" lon="-1.317030"><ele>75</ele><time>2026-03-01T09:18:48Z</time></trkpt>
			<trkpt lat="47.343600" lon="-1.317320"><ele>75</ele><time>2026-03-01T09:19:00Z</time></trkpt>
			<trkpt lat="47.343520" lon="-1.317450"><ele>76</ele><time>2026-03-01T09:19:12Z</time></trkpt>
			<trkpt lat="47.343930" lon="-1.317990"><ele>74</ele><time>2026-03-01T09:19:24Z</time></trkpt>
			<trkpt lat="47.344080" lon="-1.318200"><ele>74</ele><time>2026-03-01T09:19:36Z</time></trkpt>
			<trkpt lat="47.344750" lon="-1.319180"><ele>72</ele><time>2026-03-01T09:19:48Z</time></trkpt>
			<trkpt lat="47.345000" lon="-1.319580"><ele>71</ele><time>2026-03-01T09:20:00Z</time></trkpt>
			<trkpt lat="47.345370" lon="-1.320160"><ele>69</ele><time>2026-03-01T09:20:12Z</time></trkpt>
			<trkpt lat="47.345630" lon="-1.320490"><ele>68</ele><time>2026-03-01T09:20:24Z</time></trkpt>
			<trkpt lat="47.345880" lon="-1.320760"><ele>68</ele><time>2026-03-01T09:20:36Z</time></trkpt>
			<trkpt lat="47.346260" lon="-1.321060"><ele>67</ele><time>2026-03-01T09:20:48Z</time></trkpt>
			<trkpt lat="47.346380" lon="-1.321180"><ele>67</ele><time>2026-03-01T09:21:00Z</time></trkpt>
			<trkpt lat="47.346550" lon="-1.321430"><ele>67</ele><time>2026-03-01T09:21:12Z</time></trkpt>
			<trkpt lat="47.346620" lon="-1.321560"><ele>67</ele><time>2026-03-01T09:21:24Z</time></trkpt>
			<trkpt lat="47.347090" lon="-1.322650"><ele>68</ele><time>2026-03-01T09:21:36Z</time></trkpt>
			<trkpt lat="47.347290" lon="-1.323140"><ele>69</ele><time>2026-03-01T09:21:48Z</time></trkpt>
			<trkpt lat="47.347610" lon="-1.324000"><ele>70</ele><time>2026-03-01T09:22:00Z</time></trkpt>
			<trkpt lat="47.348110" lon="-1.325080"><ele>71</ele><time>2026-03-01T09:22:12Z</time></trkpt>
			<trkpt lat="47.348260" lon="-1.325380"><ele>71</ele><time>2026-03-01T09:22:24Z</time></trkpt>
			<trkpt lat="47.348370" lon="-1.325570"><ele>71</ele><time>2026-03-01T09:22:36Z</time></trkpt>
			<trkpt lat="47.348420" lon="-1.325640"><ele>71</ele><time>2026-03-01T09:22:48Z</time></trkpt>
			<trkpt lat="47.348390" lon="-1.325750"><ele>71</ele><time>2026-03-01T09:23:00Z</time></trkpt>
			<trkpt lat="47.348390" lon="-1.325900"><ele>71</ele><time>2026-03-01T09:23:12Z</time></trkpt>
			<trkpt lat="47.348400" lon="-1.326100"><ele>71</ele><time>2026-03-01T09:23:24Z</time></trkpt>
			<trkpt lat="47.348380" lon="-1.326350"><ele>70</ele><time>2026-03-01T09:23:36Z</time></trkpt>
			<trkpt lat="47.348350" lon="-1.326500"><ele>70</ele><time>2026-03-01T09:23:48Z</time></trkpt>
			<trkpt lat="47.348200" lon="-1.326980"><ele>70</ele><time>2026-03-01T09:24:00Z</time></trkpt>
			<trkpt lat="47.348050" lon="-1.327330"><ele>71</ele><time>2026-03-01T09:24:12Z</time></trkpt>
			<trkpt lat="47.348000" lon="-1.327420"><ele>71</ele><time>2026-03-01T09:24:24Z</time></trkpt>
			<trkpt lat="47.347940" lon="-1.327500"><ele>71</ele><time>2026-03-01T09:24:36Z</time></trkpt>
			<trkpt lat="47.347920" lon="-1.327510"><ele>70</ele><time>2026-03-01T09:24:48Z</time></trkpt>
			<trkpt lat="47.347850" lon="-1.327510"><ele>70</ele><time>2026-03-01T09:25:00Z</time></trkpt>
			<trkpt lat="47.347670" lon="-1.327460"><ele>70</ele><time>2026-03-01T09:25:12Z</time></trkpt>
			<trkpt lat="47.347500" lon="-1.327390"><ele>70</ele><time>2026-03-01T09:25:24Z</time></trkpt>
			<trkpt lat="47.347390" lon="-1.327310"><ele>70</ele><time>2026-03-01T09:25:36Z</time></trkpt>
			<trkpt lat="47.347200" lon="-1.327150"><ele>70</ele><time>2026-03-01T09:25:48Z</time></trkpt>
			<trkpt lat="47.347100" lon="-1.327100"><ele>70</ele><time>2026-03-01T09:26:00Z</time></trkpt>
			<trkpt lat="47.347040" lon="-1.327090"><ele>70</ele><time>2026-03-01T09:26:12Z</time></trkpt>
			<trkpt lat="47.346950" lon="-1.327090"><ele>69</ele><time>2026-03-01T09:26:24Z</time></trkpt>
			<trkpt lat="47.346640" lon="-1.327190"><ele>69</ele><time>2026-03-01T09:26:36Z</time></trkpt>
			<trkpt lat="47.346460" lon="-1.327310"><ele>68</ele><time>2026-03-01T09:26:48Z</time></trkpt>
			<trkpt lat="47.346380" lon="-1.327410"><ele>67</ele><time>2026-03-01T09:27:00Z</time></trkpt>
			<trkpt lat="47.346320" lon="-1.327530"><ele>67</ele><time>2026-03-01T09:27:12Z</time></trkpt>
			<trkpt lat="47.346170" lon="-1.327900"><ele>65</ele><time>2026-03-01T09:27:24Z</time></trkpt>
			<trkpt lat="47.346070" lon="-1.328300"><ele>64</ele><time>2026-03-01T09:27:36Z</time></trkpt>
			<trkpt lat="47.345980" lon="-1.329280"><ele>63</ele><time>2026-03-01T09:27:48Z</time></trkpt>
			<trkpt lat="47.345990" lon="-1.329420"><ele>64</ele><time>2026-03-01T09:28:00Z</time></trkpt>
			<trkpt lat="47.346010" lon="-1.329530"><ele>64</ele><time>2026-03-01T09:28:12Z</time></trkpt>
			<trkpt lat="47.346090" lon="-1.329670"><ele>64</ele><time>2026-03-01T09:28:24Z</time></trkpt>
			<trkpt lat="47.346210" lon="-1.329820"><ele>65</ele><time>2026-03-01T09:28:36Z</time></trkpt>
			<trkpt lat="47.346320" lon="-1.330020"><ele>65</ele><time>2026-03-01T09:28:48Z</time></trkpt>
			<trkpt lat="47.346360" lon="-1.330150"><ele>65</ele><time>2026-03-01T09:29:00Z</time></trkpt>
			<trkpt lat="47.346430" lon="-1.330340"><ele>66</ele><time>2026-03-01T09:29:12Z</time></trkpt>
			<trkpt lat="47.346530" lon="-1.330700"><ele>67</ele><time>2026-03-01T09:29:24Z</time></trkpt>
			<trkpt lat="47.346560" lon="-1.331050"><ele>68</ele><time>2026-03-01T09:29:36Z</time></trkpt>
			<trkpt lat="47.346570" lon="-1.331870"><ele>71</ele><time>2026-03-01T09:29:48Z</time></trkpt>
			<trkpt lat="47.346610" lon="-1.332140"><ele>71</ele><time>2026-03-01T09:30:00Z</time></trkpt>
			<trkpt lat="47.346640" lon="-1.332210"><ele>72</ele><time>2026-03-01T09:30:12Z</time></trkpt>
			<trkpt lat="47.346550" lon="-1.332340"><ele>72</ele><time>2026-03-01T09:30:24Z</time></trkpt>
			<trkpt lat="47.346040" lon="-1.333310"><ele>72</ele><time>2026-03-01T09:30:36Z</time></trkpt>
			<trkpt lat="47.345920" lon="-1.333500"><ele>72</ele><time>2026-03-01T09:30:48Z</time></trkpt>
			<trkpt lat="47.345840" lon="-1.333600"><ele>72</ele><time>2026-03-01T09:31:00Z</time></trkpt>
			<trkpt lat="47.345770" lon="-1.333670"><ele>72</ele><time>2026-03-01T09:31:12Z</time></trkpt>
			<trkpt lat="47.345690" lon="-1.333700"><ele>72</ele><time>2026-03-01T09:31:24Z</time></trkpt>
			<trkpt lat="47.345560" lon="-1.333730"><ele>71</ele><time>2026-03-01T09:31:36Z</time></trkpt>
			<trkpt lat="47.345510" lon="-1.333760"><ele>71</ele><time>2026-03-01T09:31:48Z</time></trkpt>
			<trkpt lat="47.345480" lon="-1.333810"><ele>71</ele><time>2026-03-01T09:32:00Z</time></trkpt>
			<trkpt lat="47.345480" lon="-1.333860"><ele>71</ele><time>2026-03-01T09:32:12Z</time></trkpt>
			<trkpt lat="47.345540" lon="-1.333980"><ele>71</ele><time>2026-03-01T09:32:24Z</time></trkpt>
			<trkpt lat="47.346350" lon="-1.334910"><ele>74</ele><time>2026-03-01T09:32:36Z</time></trkpt>
			<trkpt lat="47.346390" lon="-1.334990"><ele>74</ele><time>2026-03-01T09:32:48Z</time></trkpt>
			<trkpt lat="47.346400" lon="-1.335120"><ele>74</ele><time>2026-03-01T09:33:00Z</time></trkpt>
			<trkpt lat="47.346420" lon="-1.336920"><ele>71</ele><time>2026-03-01T09:33:12Z</time></trkpt>
			<trkpt lat="47.346390" lon="-1.337290"><ele>70</ele><time>2026-03-01T09:33:24Z</time></trkpt>
			<trkpt lat="47.346400" lon="-1.337460"><ele>70</ele><time>2026-03-01T09:33:36Z</time></trkpt>
			<trkpt lat="47.346410" lon="-1.337640"><ele>69</ele><time>2026-03-01T09:33:48Z</time></trkpt>
			<trkpt lat="47.346500" lon="-1.338090"><ele>68</ele><time>2026-03-01T09:34:00Z</time></trkpt>
			<trkpt lat="47.346500" lon="-1.338240"><ele>68</ele><time>2026-03-01T09:34:12Z</time></trkpt>
			<trkpt lat="47.346470" lon="-1.338360"><ele>67</ele><time>2026-03-01T09:34:24Z</time></trkpt>
			<trkpt lat="47.346430" lon="-1.338450"><ele>67</ele><time>2026-03-01T09:34:36Z</time></trkpt>
			<trkpt lat="47.346350" lon="-1.338560"><ele>67</ele><time>2026-03-01T09:34:48Z</time></trkpt>
			<trkpt lat="47.346040" lon="-1.338890"><ele>65</ele><time>2026-03-01T09:35:00Z</time></trkpt>
			<trkpt lat="47.345330" lon="-1.339400"><ele>65</ele><time>2026-03-01T09:35:12Z</time></trkpt>
			<trkpt lat="47.344950" lon="-1.339810"><ele>66</ele><time>2026-03-01T09:35:24Z</time></trkpt>
			<trkpt lat="47.344540" lon="-1.340410"><ele>69</ele><time>2026-03-01T09:35:36Z</time></trkpt>
			<trkpt lat="47.344430" lon="-1.340510"><ele>70</ele><time>2026-03-01T09:35:48Z</time></trkpt>
			<trkpt lat="47.343720" lon="-1.340950"><ele>71</ele><time>2026-03-01T09:36:00Z</time></trkpt>
			<trkpt lat="47.343570" lon="-1.341090"><ele>71</ele><time>2026-03-01T09:36:12Z</time></trkpt>
			<trkpt lat="47.343440" lon="-1.341280"><ele>71</ele><time>2026-03-01T09:36:24Z</time></trkpt>
			<trkpt lat="47.343350" lon="-1.341480"><ele>72</ele><time>2026-03-01T09:36:36Z</time></trkpt>
			<trkpt lat="47.343300" lon="-1.341680"><ele>72</ele><time>2026-03-01T09:36:48Z</time></trkpt>
			<trkpt lat="47.343170" lon="-1.342400"><ele>75</ele><time>2026-03-01T09:37:00Z</time></trkpt>
			<trkpt lat="47.342970" lon="-1.343030"><ele>77</ele><time>2026-03-01T09:37:12Z</time></trkpt>
			<trkpt lat="47.342940" lon="-1.343160"><ele>78</ele><time>2026-03-01T09:37:24Z</time></trkpt>
			<trkpt lat="47.342930" lon="-1.343260"><ele>78</ele><time>2026-03-01T09:37:36Z</time></trkpt>
			<trkpt lat="47.342840" lon="-1.343420"><ele>78</ele><time>2026-03-01T09:37:48Z</time></trkpt>
			<trkpt lat="47.341860" lon="-1.344740"><ele>81</ele><time>2026-03-01T09:38:00Z</time></trkpt>
			<trkpt lat="47.341760" lon="-1.344850"><ele>81</ele><time>2026-03-01T09:38:12Z</time></trkpt>
			<trkpt lat="47.341670" lon="-1.344910"><ele>81</ele><time>2026-03-01T09:38:24Z</time></trkpt>
			<trkpt lat="47.341540" lon="-1.344980"><ele>81</ele><time>2026-03-01T09:38:36Z</time></trkpt>
			<trkpt lat="47.341400" lon="-1.345080"><ele>80</ele><time>2026-03-01T09:38:48Z</time></trkpt>
			<trkpt lat="47.341280" lon="-1.345190"><ele>80</ele><time>2026-03-01T09:39:00Z</time></trkpt>
			<trkpt lat="47.340890" lon="-1.345660"><ele>78</ele><time>2026-03-01T09:39:12Z</time></trkpt>
			<trkpt lat="47.340840" lon="-1.345760"><ele>78</ele><time>2026-03-01T09:39:24Z</time></trkpt>
			<trkpt lat="47.340780" lon="-1.345900"><ele>78</ele><time>2026-03-01T09:39:36Z</time></trkpt>
			<trkpt lat="47.340790" lon="-1.345900"><ele>78</ele><time>2026-03-01T09:39:48Z</time></trkpt>
			<trkpt lat="47.340780" lon="-1.345900"><ele>78</ele><time>2026-03-01T09:40:00Z</time></trkpt>
			<trkpt lat="47.340680" lon="-1.345790"><ele>78</ele><time>2026-03-01T09:40:12Z</time></trkpt>
			<trkpt lat="47.340440" lon="-1.345500"><ele>79</ele><time>2026-03-01T09:40:24Z</time></trkpt>
			<trkpt lat="47.340190" lon="-1.345120"><ele>80</ele><time>2026-03-01T09:40:36Z</time></trkpt>
			<trkpt lat="47.339010" lon="-1.343260"><ele>77</ele><time>2026-03-01T09:40:48Z</time></trkpt>
			<trkpt lat="47.338550" lon="-1.342460"><ele>76</ele><time>2026-03-01T09:41:00Z</time></trkpt>
			<trkpt lat="47.338070" lon="-1.341590"><ele>77</ele><time>2026-03-01T09:41:12Z</time></trkpt>
			<trkpt lat="47.337830" lon="-1.342080"><ele>78</ele><time>2026-03-01T09:41:24Z</time></trkpt>
			<trkpt lat="47.336840" lon="-1.343950"><ele>78</ele><time>2026-03-01T09:41:36Z</time></trkpt>
			<trkpt lat="47.336390" lon="-1.344800"><ele>79</ele><time>2026-03-01T09:41:48Z</time></trkpt>
			<trkpt lat="47.336320" lon="-1.344730"><ele>79</ele><time>2026-03-01T09:42:00Z</time></trkpt>
			<trkpt lat="47.336140" lon="-1.344590"><ele>79</ele><time>2026-03-01T09:42:12Z</time></trkpt>
			<trkpt lat="47.336080" lon="-1.344560"><ele>79</ele><time>2026-03-01T09:42:24Z</time></trkpt>
			<trkpt lat="47.335320" lon="-1.344180"><ele>78</ele><time>2026-03-01T09:42:36Z</time></trkpt>
			<trkpt lat="47.334550" lon="-1.343800"><ele>78</ele><time>2026-03-01T09:42:48Z</time></trkpt>
			<trkpt lat="47.333570" lon="-1.343320"><ele>76</ele><time>2026-03-01T09:43:00Z</time></trkpt>
			<trkpt lat="47.333060" lon="-1.343090"><ele>75</ele><time>2026-03-01T09:43:12Z</time></trkpt>
			<trkpt lat="47.332850" lon="-1.343040"><ele>75</ele><time>2026-03-01T09:43:24Z</time></trkpt>
			<trkpt lat="47.331860" lon="-1.342910"><ele>73</ele><time>2026-03-01T09:43:36Z</time></trkpt>
			<trkpt lat="47.331720" lon="-1.342890"><ele>73</ele><time>2026-03-01T09:43:48Z</time></trkpt>
			<trkpt lat="47.331520" lon="-1.342810"><ele>72</ele><time>2026-03-01T09:44:00Z</time></trkpt>
			<trkpt lat="47.331200" lon="-1.342630"><ele>71</ele><time>2026-03-01T09:44:12Z</time></trkpt>
			<trkpt lat="47.329940" lon="-1.341760"><ele>63</ele><time>2026-03-01T09:44:24Z</time></trkpt>
			<trkpt lat="47.329780" lon="-1.341640"><ele>63</ele><time>2026-03-01T09:44:36Z</time></trkpt>
			<trkpt lat="47.329630" lon="-1.341450"><ele>62</ele><time>2026-03-01T09:44:48Z</time></trkpt>
			<trkpt lat="47.329520" lon="-1.341260"><ele>61</ele><time>2026-03-01T09:45:00Z</time></trkpt>
			<trkpt lat="47.329440" lon="-1.341030"><ele>61</ele><time>2026-03-01T09:45:12Z</time></trkpt>
			<trkpt lat="47.329390" lon="-1.340750"><ele>60</ele><time>2026-03-01T09:45:24Z</time></trkpt>
			<trkpt lat="47.329340" lon="-1.340760"><ele>61</ele><time>2026-03-01T09:45:36Z</time></trkpt>
			<trkpt lat="47.329160" lon="-1.340830"><ele>65</ele><time>2026-03-01T09:45:48Z</time></trkpt>
			<trkpt lat="47.329060" lon="-1.340860"><ele>65</ele><time>2026-03-01T09:46:00Z</time></trkpt>
			<trkpt lat="47.327380" lon="-1.341550"><ele>73</ele><time>2026-03-01T09:46:12Z</time></trkpt>
			<trkpt lat="47.326270" lon="-1.342020"><ele>72</ele><time>2026-03-01T09:46:24Z</time></trkpt>
			<trkpt lat="47.326240" lon="-1.342040"><ele>72</ele><time>2026-03-01T09:46:36Z</time></trkpt>
			<trkpt lat="47.323580" lon="-1.343140"><ele>70</ele><time>2026-03-01T09:46:48Z</time></trkpt>
			<trkpt lat="47.323550" lon="-1.343160"><ele>70</ele><time>2026-03-01T09:47:00Z</time></trkpt>
			<trkpt lat="47.323200" lon="-1.343310"><ele>71</ele><time>2026-03-01T09:47:12Z</time></trkpt>
			<trkpt lat="47.322410" lon="-1.343660"><ele>72</ele><time>2026-03-01T09:47:24Z</time></trkpt>
			<trkpt lat="47.321790" lon="-1.343880"><ele>72</ele><time>2026-03-01T09:47:36Z</time></trkpt>
			<trkpt lat="47.321650" lon="-1.343940"><ele>72</ele><time>2026-03-01T09:47:48Z</time></trkpt>
			<trkpt lat="47.321540" lon="-1.344010"><ele>72</ele><time>2026-03-01T09:48:00Z</time></trkpt>
			<trkpt lat="47.321230" lon="-1.344280"><ele>70</ele><time>2026-03-01T09:48:12Z</time></trkpt>
			<trkpt lat="47.320850" lon="-1.344630"><ele>69</ele><time>2026-03-01T09:48:24Z</time></trkpt>
			<trkpt lat="47.319980" lon="-1.345410"><ele>61</ele><time>2026-03-01T09:48:36Z</time></trkpt>
			<trkpt lat="47.319810" lon="-1.345560"><ele>60</ele><time>2026-03-01T09:48:48Z</time></trkpt>
			<trkpt lat="47.319690" lon="-1.345690"><ele>59</ele><time>2026-03-01T09:49:00Z</time></trkpt>
			<trkpt lat="47.319360" lon="-1.345930"><ele>57</ele><time>2026-03-01T09:49:12Z</time></trkpt>
			<trkpt lat="47.318820" lon="-1.346310"><ele>53</ele><time>2026-03-01T09:49:24Z</time></trkpt>
			<trkpt lat="47.318740" lon="-1.346370"><ele>52</ele><time>2026-03-01T09:49:36Z</time></trkpt>
			<trkpt lat="47.318590" lon="-1.346490"><ele>51</ele><time>2026-03-01T09:49:48Z</time></trkpt>
			<trkpt lat="47.318520" lon="-1.346570"><ele>51</ele><time>2026-03-01T09:50:00Z</time></trkpt>
			<trkpt lat="47.318490" lon="-1.346600"><ele>51</ele><time>2026-03-01T09:50:12Z</time></trkpt>
			<trkpt lat="47.318260" lon="-1.346860"><ele>50</ele><time>2026-03-01T09:50:24Z</time></trkpt>
			<trkpt lat="47.318170" lon="-1.346940"><ele>50</ele><time>2026-03-01T09:50:36Z</time></trkpt>
			<trkpt lat="47.318070" lon="-1.347000"><ele>49</ele><time>2026-03-01T09:50:48Z</time></trkpt>
			<trkpt lat="47.317240" lon="-1.347260"><ele>43</ele><time>2026-03-01T09:51:00Z</time></trkpt>
			<trkpt lat="47.316920" lon="-1.347380"><ele>40</ele><time>2026-03-01T09:51:12Z</time></trkpt>
			<trkpt lat="47.316610" lon="-1.347480"><ele>37</ele><time>2026-03-01T09:51:24Z</time></trkpt>
			<trkpt lat="47.316400" lon="-1.347560"><ele>33</ele><time>2026-03-01T09:51:36Z</time></trkpt>
			<trkpt lat="47.316080" lon="-1.347770"><ele>30</ele><time>2026-03-01T09:51:48Z</time></trkpt>
			<trkpt lat="47.315880" lon="-1.347950"><ele>28</ele><time>2026-03-01T09:52:00Z</time></trkpt>
			<trkpt lat="47.315470" lon="-1.348380"><ele>26</ele><time>2026-03-01T09:52:12Z</time></trkpt>
			<trkpt lat="47.314240" lon="-1.349760"><ele>15</ele><time>2026-03-01T09:52:24Z</time></trkpt>
			<trkpt lat="47.314080" lon="-1.349940"><ele>14</ele><time>2026-03-01T09:52:36Z</time></trkpt>
			<trkpt lat="47.313900" lon="-1.350180"><ele>13</ele><time>2026-03-01T09:52:48Z</time></trkpt>
			<trkpt lat="47.313810" lon="-1.350330"><ele>12</ele><time>2026-03-01T09:53:00Z</time></trkpt>
			<trkpt lat="47.313550" lon="-1.350700"><ele>10</ele><time>2026-03-01T09:53:12Z</time></trkpt>
			<trkpt lat="47.313510" lon="-1.350760"><ele>10</ele><time>2026-03-01T09:53:24Z</time></trkpt>
			<trkpt lat="47.313490" lon="-1.350790"><ele>9</ele><time>2026-03-01T09:53:36Z</time></trkpt>
			<trkpt lat="47.313330" lon="-1.351050"><ele>9</ele><time>2026-03-01T09:53:48Z</time></trkpt>
			<trkpt lat="47.313280" lon="-1.351120"><ele>9</ele><time>2026-03-01T09:54:00Z</time></trkpt>
			<trkpt lat="47.313270" lon="-1.351140"><ele>9</ele><time>2026-03-01T09:54:12Z</time></trkpt>
			<trkpt lat="47.313120" lon="-1.351370"><ele>10</ele><time>2026-03-01T09:54:24Z</time></trkpt>
			<trkpt lat="47.312780" lon="-1.351970"><ele>13</ele><time>2026-03-01T09:54:36Z</time></trkpt>
			<trkpt lat="47.312670" lon="-1.352270"><ele>14</ele><time>2026-03-01T09:54:48Z</time></trkpt>
			<trkpt lat="47.312630" lon="-1.352490"><ele>15</ele><time>2026-03-01T09:55:00Z</time></trkpt>
			<trkpt lat="47.312570" lon="-1.352710"><ele>17</ele><time>2026-03-01T09:55:12Z</time></trkpt>
			<trkpt lat="47.312530" lon="-1.352780"><ele>18</ele><time>2026-03-01T09:55:24Z</time></trkpt>
			<trkpt lat="47.312390" lon="-1.353030"><ele>20</ele><time>2026-03-01T09:55:36Z</time></trkpt>
			<trkpt lat="47.312350" lon="-1.353120"><ele>20</ele><time>2026-03-01T09:55:48Z</time></trkpt>
			<trkpt lat="47.312340" lon="-1.353200"><ele>21</ele><time>2026-03-01T09:56:00Z</time></trkpt>
			<trkpt lat="47.312330" lon="-1.353260"><ele>22</ele><time>2026-03-01T09:56:12Z</time></trkpt>
			<trkpt lat="47.312340" lon="-1.353340"><ele>23</ele><time>2026-03-01T09:56:24Z</time></trkpt>
			<trkpt lat="47.312370" lon="-1.353400"><ele>24</ele><time>2026-03-01T09:56:36Z</time></trkpt>
			<trkpt lat="47.312430" lon="-1.353450"><ele>26</ele><time>2026-03-01T09:56:48Z</time></trkpt>
			<trkpt lat="47.312480" lon="-1.353470"><ele>27</ele><time>2026-03-01T09:57:00Z</time></trkpt>
			<trkpt lat="47.312530" lon="-1.353470"><ele>28</ele><time>2026-03-01T09:57:12Z</time></trkpt>
			<trkpt lat="47.312590" lon="-1.353430"><ele>28</ele><time>2026-03-01T09:57:24Z</time></trkpt>
			<trkpt lat="47.312660" lon="-1.353360"><ele>27</ele><time>2026-03-01T09:57:36Z</time></trkpt>
			<trkpt lat="47.312880" lon="-1.352970"><ele>24</ele><time>2026-03-01T09:57:48Z</time></trkpt>
			<trkpt lat="47.312930" lon="-1.352910"><ele>24</ele><time>2026-03-01T09:58:00Z</time></trkpt>
			<trkpt lat="47.312990" lon="-1.352880"><ele>24</ele><time>2026-03-01T09:58:12Z</time></trkpt>
			<trkpt lat="47.313050" lon="-1.352870"><ele>24</ele><time>2026-03-01T09:58:24Z</time></trkpt>
			<trkpt lat="47.313110" lon="-1.352880"><ele>25</ele><time>2026-03-01T09:58:36Z</time></trkpt>
			<trkpt lat="47.313160" lon="-1.352920"><ele>26</ele><time>2026-03-01T09:58:48Z</time></trkpt>
			<trkpt lat="47.313200" lon="-1.352960"><ele>27</ele><time>2026-03-01T09:59:00Z</time></trkpt>
			<trkpt lat="47.313250" lon="-1.353100"><ele>30</ele><time>2026-03-01T09:59:12Z</time></trkpt>
			<trkpt lat="47.313260" lon="-1.353190"><ele>31</ele><time>2026-03-01T09:59:24Z</time></trkpt>
			<trkpt lat="47.313250" lon="-1.353260"><ele>32</ele><time>2026-03-01T09:59:36Z</time></trkpt>
			<trkpt lat="47.313220" lon="-1.353340"><ele>33</ele><time>2026-03-01T09:59:48Z</time></trkpt>
			<trkpt lat="47.313180" lon="-1.353400"><ele>33</ele><time>2026-03-01T10:00:00Z</time></trkpt>
			<trkpt lat="47.313120" lon="-1.353470"><ele>34</ele><time>2026-03-01T10:00:12Z</time></trkpt>
			<trkpt lat="47.312720" lon="-1.353750"><ele>34</ele><time>2026-03-01T10:00:24Z</time></trkpt>
			<trkpt lat="47.312530" lon="-1.353930"><ele>35</ele><time>2026-03-01T10:00:36Z</time></trkpt>
			<trkpt lat="47.312330" lon="-1.354150"><ele>35</ele><time>2026-03-01T10:00:48Z</time></trkpt>
			<trkpt lat="47.312170" lon="-1.354380"><ele>36</ele><time>2026-03-01T10:01:00Z</time></trkpt>
			<trkpt lat="47.312060" lon="-1.354590"><ele>37</ele><time>2026-03-01T10:01:12Z</time></trkpt>
			<trkpt lat="47.311970" lon="-1.354880"><ele>41</ele><time>2026-03-01T10:01:24Z</time></trkpt>
			<trkpt lat="47.311900" lon="-1.355040"><ele>43</ele><time>2026-03-01T10:01:36Z</time></trkpt>
			<trkpt lat="47.311730" lon="-1.355320"><ele>45</ele><time>2026-03-01T10:01:48Z</time></trkpt>
			<trkpt lat="47.311590" lon="-1.355500"><ele>46</ele><time>2026-03-01T10:02:00Z</time></trkpt>
			<trkpt lat="47.311450" lon="-1.355650"><ele>47</ele><time>2026-03-01T10:02:12Z</time></trkpt>
			<trkpt lat="47.311320" lon="-1.355760"><ele>47</ele><time>2026-03-01T10:02:24Z</time></trkpt>
			<trkpt lat="47.311230" lon="-1.355870"><ele>48</ele><time>2026-03-01T10:02:36Z</time></trkpt>
			<trkpt lat="47.311000" lon="-1.356230"><ele>50</ele><time>2026-03-01T10:02:48Z</time></trkpt>
			<trkpt lat="47.310950" lon="-1.356320"><ele>51</ele><time>2026-03-01T10:03:00Z</time></trkpt>
			<trkpt lat="47.310790" lon="-1.356590"><ele>53</ele><time>2026-03-01T10:03:12Z</time></trkpt>
			<trkpt lat="47.310640" lon="-1.356860"><ele>54</ele><time>2026-03-01T10:03:24Z</time></trkpt>
			<trkpt lat="47.310400" lon="-1.357170"><ele>55</ele><time>2026-03-01T10:03:36Z</time></trkpt>
			<trkpt lat="47.310320" lon="-1.357320"><ele>56</ele><time>2026-03-01T10:03:48Z</time></trkpt>
			<trkpt lat="47.310290" lon="-1.357410"><ele>57</ele><time>2026-03-01T10:04:00Z</time></trkpt>
			<trkpt lat="47.310250" lon="-1.357520"><ele>59</ele><time>2026-03-01T10:04:12Z</time></trkpt>
			<trkpt lat="47.310210" lon="-1.357760"><ele>60</ele><time>2026-03-01T10:04:24Z</time></trkpt>
			<trkpt lat="47.310200" lon="-1.358020"><ele>62</ele><time>2026-03-01T10:04:36Z</time></trkpt>
			<trkpt lat="47.310220" lon="-1.358160"><ele>63</ele><time>2026-03-01T10:04:48Z</time></trkpt>
			<trkpt lat="47.310270" lon="-1.358340"><ele>64</ele><time>2026-03-01T10:05:00Z</time></trkpt>
			<trkpt lat="47.310420" lon="-1.358670"><ele>65</ele><time>2026-03-01T10:05:12Z</time></trkpt>
			<trkpt lat="47.310750" lon="-1.359340"><ele>66</ele><time>2026-03-01T10:05:24Z</time></trkpt>
			<trkpt lat="47.310780" lon="-1.359430"><ele>66</ele><time>2026-03-01T10:05:36Z</time></trkpt>
			<trkpt lat="47.310800" lon="-1.359600"><ele>65</ele><time>2026-03-01T10:05:48Z</time></trkpt>
			<trkpt lat="47.310720" lon="-1.360140"><ele>65</ele><time>2026-03-01T10:06:00Z</time></trkpt>
			<trkpt lat="47.310680" lon="-1.360400"><ele>64</ele><time>2026-03-01T10:06:12Z</time></trkpt>
			<trkpt lat="47.310500" lon="-1.361380"><ele>62</ele><time>2026-03-01T10:06:24Z</time></trkpt>
			<trkpt lat="47.310480" lon="-1.361580"><ele>62</ele><time>2026-03-01T10:06:36Z</time></trkpt>
			<trkpt lat="47.310490" lon="-1.361800"><ele>62</ele><time>2026-03-01T10:06:48Z</time></trkpt>
			<trkpt lat="47.310540" lon="-1.362060"><ele>62</ele><time>2026-03-01T10:07:00Z</time></trkpt>
			<trkpt lat="47.311800" lon="-1.366140"><ele>67</ele><time>2026-03-01T10:07:12Z</time></trkpt>
			<trkpt lat="47.312050" lon="-1.366950"><ele>66</ele><time>2026-03-01T10:07:24Z</time></trkpt>
			<trkpt lat="47.312130" lon="-1.367250"><ele>66</ele><time>2026-03-01T10:07:36Z</time></trkpt>
			<trkpt lat="47.312170" lon="-1.367500"><ele>65</ele><time>2026-03-01T10:07:48Z</time></trkpt>
			<trkpt lat="47.312160" lon="-1.367760"><ele>65</ele><time>2026-03-01T10:08:00Z</time></trkpt>
			<trkpt lat="47.312130" lon="-1.367970"><ele>65</ele><time>2026-03-01T10:08:12Z</time></trkpt>
			<trkpt lat="47.312060" lon="-1.368300"><ele>64</ele><time>2026-03-01T10:08:24Z</time></trkpt>
			<trkpt lat="47.311940" lon="-1.368830"><ele>63</ele><time>2026-03-01T10:08:36Z</time></trkpt>
			<trkpt lat="47.311670" lon="-1.370140"><ele>61</ele><time>2026-03-01T10:08:48Z</time></trkpt>
			<trkpt lat="47.311530" lon="-1.370760"><ele>63</ele><time>2026-03-01T10:09:00Z</time></trkpt>
			<trkpt lat="47.311340" lon="-1.371740"><ele>65</ele><time>2026-03-01T10:09:12Z</time></trkpt>
			<trkpt lat="47.311320" lon="-1.371940"><ele>65</ele><time>2026-03-01T10:09:24Z</time></trkpt>
			<trkpt lat="47.311330" lon="-1.372100"><ele>65</ele><time>2026-03-01T10:09:36Z</time></trkpt>
			<trkpt lat="47.311360" lon="-1.372260"><ele>65</ele><time>2026-03-01T10:09:48Z</time></trkpt>
			<trkpt lat="47.311420" lon="-1.372490"><ele>65</ele><time>2026-03-01T10:10:00Z</time></trkpt>
			<trkpt lat="47.311590" lon="-1.373030"><ele>65</ele><time>2026-03-01T10:10:12Z</time></trkpt>
			<trkpt lat="47.311640" lon="-1.373270"><ele>65</ele><time>2026-03-01T10:10:24Z</time></trkpt>
			<trkpt lat="47.311640" lon="-1.373420"><ele>65</ele><time>2026-03-01T10:10:36Z</time></trkpt>
			<trkpt lat="47.311610" lon="-1.373590"><ele>65</ele><time>2026-03-01T10:10:48Z</time></trkpt>
			<trkpt lat="47.311540" lon="-1.373770"><ele>66</ele><time>2026-03-01T10:11:00Z</time></trkpt>
			<trkpt lat="47.311470" lon="-1.373890"><ele>66</ele><time>2026-03-01T10:11:12Z</time></trkpt>
			<trkpt lat="47.311190" lon="-1.374310"><ele>68</ele><time>2026-03-01T10:11:24Z</time></trkpt>
			<trkpt lat="47.311000" lon="-1.374520"><ele>69</ele><time>2026-03-01T10:11:36Z</time></trkpt>
			<trkpt lat="47.310250" lon="-1.375150"><ele>72</ele><time>2026-03-01T10:11:48Z</time></trkpt>
			<trkpt lat="47.310150" lon="-1.375310"><ele>73</ele><time>2026-03-01T10:12:00Z</time></trkpt>
			<trkpt lat="47.310040" lon="-1.375520"><ele>73</ele><time>2026-03-01T10:12:12Z</time></trkpt>
			<trkpt lat="47.309880" lon="-1.376080"><ele>74</ele><time>2026-03-01T10:12:24Z</time></trkpt>
			<trkpt lat="47.309540" lon="-1.377230"><ele>76</ele><time>2026-03-01T10:12:36Z</time></trkpt>
			<trkpt lat="47.309470" lon="-1.377500"><ele>77</ele><time>2026-03-01T10:12:48Z</time></trkpt>
			<trkpt lat="47.309300" lon="-1.378310"><ele>77</ele><time>2026-03-01T10:13:00Z</time></trkpt>
			<trkpt lat="47.309220" lon="-1.379000"><ele>79</ele><time>2026-03-01T10:13:12Z</time></trkpt>
			<trkpt lat="47.309190" lon="-1.379180"><ele>79</ele><time>2026-03-01T10:13:24Z</time></trkpt>
			<trkpt lat="47.309090" lon="-1.379720"><ele>80</ele><time>2026-03-01T10:13:36Z</time></trkpt>
			<trkpt lat="47.308960" lon="-1.380250"><ele>80</ele><time>2026-03-01T10:13:48Z</time></trkpt>
			<trkpt lat="47.308830" lon="-1.380910"><ele>80</ele><time>2026-03-01T10:14:00Z</time></trkpt>
			<trkpt lat="47.308790" lon="-1.381170"><ele>81</ele><time>2026-03-01T10:14:12Z</time></trkpt>
			<trkpt lat="47.308770" lon="-1.381320"><ele>81</ele><time>2026-03-01T10:14:24Z</time></trkpt>
			<trkpt lat="47.308750" lon="-1.381820"><ele>81</ele><time>2026-03-01T10:14:36Z</time></trkpt>
			<trkpt lat="47.308780" lon="-1.382530"><ele>81</ele><time>2026-03-01T10:14:48Z</time></trkpt>
			<trkpt lat="47.308750" lon="-1.382610"><ele>81</ele><time>2026-03-01T10:15:00Z</time></trkpt>
			<trkpt lat="47.308680" lon="-1.382720"><ele>80</ele><time>2026-03-01T10:15:12Z</time></trkpt>
			<trkpt lat="47.308550" lon="-1.382840"><ele>80</ele><time>2026-03-01T10:15:24Z</time></trkpt>
			<trkpt lat="47.307450" lon="-1.384360"><ele>78</ele><time>2026-03-01T10:15:36Z</time></trkpt>
			<trkpt lat="47.307170" lon="-1.384680"><ele>77</ele><time>2026-03-01T10:15:48Z</time></trkpt>
			<trkpt lat="47.306710" lon="-1.385060"><ele>76</ele><time>2026-03-01T10:16:00Z</time></trkpt>
			<trkpt lat="47.305220" lon="-1.386050"><ele>76</ele><time>2026-03-01T10:16:12Z</time></trkpt>
			<trkpt lat="47.305110" lon="-1.386110"><ele>76</ele><time>2026-03-01T10:16:24Z</time></trkpt>
			<trkpt lat="47.304960" lon="-1.386190"><ele>76</ele><time>2026-03-01T10:16:36Z</time></trkpt>
			<trkpt lat="47.304860" lon="-1.386220"><ele>76</ele><time>2026-03-01T10:16:48Z</time></trkpt>
			<trkpt lat="47.304720" lon="-1.386250"><ele>76</ele><time>2026-03-01T10:17:00Z</time></trkpt>
			<trkpt lat="47.304570" lon="-1.386250"><ele>76</ele><time>2026-03-01T10:17:12Z</time></trkpt>
			<trkpt lat="47.304350" lon="-1.386230"><ele>76</ele><time>2026-03-01T10:17:24Z</time></trkpt>
			<trkpt lat="47.304340" lon="-1.386270"><ele>76</ele><time>2026-03-01T10:17:36Z</time></trkpt>
			<trkpt lat="47.304330" lon="-1.386290"><ele>76</ele><time>2026-03-01T10:17:48Z</time></trkpt>
			<trkpt lat="47.304290" lon="-1.386310"><ele>76</ele><time>2026-03-01T10:18:00Z</time></trkpt>
			<trkpt lat="47.304270" lon="-1.386310"><ele>76</ele><time>2026-03-01T10:18:12Z</time></trkpt>
			<trkpt lat="47.304240" lon="-1.386270"><ele>76</ele><time>2026-03-01T10:18:24Z</time></trkpt>
			<trkpt lat="47.304230" lon="-1.386220"><ele>76</ele><time>2026-03-01T10:18:36Z</time></trkpt>
			<trkpt lat="47.304120" lon="-1.386210"><ele>77</ele><time>2026-03-01T10:18:48Z</time></trkpt>
			<trkpt lat="47.304010" lon="-1.386180"><ele>77</ele><time>2026-03-01T10:19:00Z</time></trkpt>
			<trkpt lat="47.303880" lon="-1.386120"><ele>77</ele><time>2026-03-01T10:19:12Z</time></trkpt>
			<trkpt lat="47.303680" lon="-1.385970"><ele>78</ele><time>2026-03-01T10:19:24Z</time></trkpt>
			<trkpt lat="47.303590" lon="-1.385910"><ele>78</ele><time>2026-03-01T10:19:36Z</time></trkpt>
			<trkpt lat="47.303510" lon="-1.385880"><ele>78</ele><time>2026-03-01T10:19:48Z</time></trkpt>
			<trkpt lat="47.303380" lon="-1.385840"><ele>78</ele><time>2026-03-01T10:20:00Z</time></trkpt>
			<trkpt lat="47.303250" lon="-1.385840"><ele>78</ele><time>2026-03-01T10:20:12Z</time></trkpt>
			<trkpt lat="47.303100" lon="-1.385850"><ele>77</ele><time>2026-03-01T10:20:24Z</time></trkpt>
			<trkpt lat="47.302370" lon="-1.385990"><ele>73</ele><time>2026-03-01T10:20:36Z</time></trkpt>
			<trkpt lat="47.302320" lon="-1.386000"><ele>73</ele><time>2026-03-01T10:20:48Z</time></trkpt>
			<trkpt lat="47.302160" lon="-1.386020"><ele>72</ele><time>2026-03-01T10:21:00Z</time></trkpt>
			<trkpt lat="47.302050" lon="-1.386010"><ele>72</ele><time>2026-03-01T10:21:12Z</time></trkpt>
			<trkpt lat="47.301960" lon="-1.386050"><ele>71</ele><time>2026-03-01T10:21:24Z</time></trkpt>
			<trkpt lat="47.301760" lon="-1.386240"><ele>71</ele><time>2026-03-01T10:21:36Z</time></trkpt>
			<trkpt lat="47.301550" lon="-1.386380"><ele>70</ele><time>2026-03-01T10:21:48Z</time></trkpt>
			<trkpt lat="47.301210" lon="-1.386620"><ele>69</ele><time>2026-03-01T10:22:00Z</time></trkpt>
			<trkpt lat="47.300120" lon="-1.387360"><ele>65</ele><time>2026-03-01T10:22:12Z</time></trkpt>
			<trkpt lat="47.299860" lon="-1.387590"><ele>65</ele><time>2026-03-01T10:22:24Z</time></trkpt>
			<trkpt lat="47.299680" lon="-1.387740"><ele>64</ele><time>2026-03-01T10:22:36Z</time></trkpt>
			<trkpt lat="47.299340" lon="-1.388080"><ele>62</ele><time>2026-03-01T10:22:48Z</time></trkpt>
			<trkpt lat="47.298970" lon="-1.388430"><ele>58</ele><time>2026-03-01T10:23:00Z</time></trkpt>
			<trkpt lat="47.298950" lon="-1.388400"><ele>58</ele><time>2026-03-01T10:23:12Z</time></trkpt>
			<trkpt lat="47.298910" lon="-1.388390"><ele>58</ele><time>2026-03-01T10:23:24Z</time></trkpt>
			<trkpt lat="47.298170" lon="-1.388420"><ele>52</ele><time>2026-03-01T10:23:36Z</time></trkpt>
			<trkpt lat="47.298090" lon="-1.388430"><ele>51</ele><time>2026-03-01T10:23:48Z</time></trkpt>
			<trkpt lat="47.298000" lon="-1.388460"><ele>50</ele><time>2026-03-01T10:24:00Z</time></trkpt>
			<trkpt lat="47.297580" lon="-1.388730"><ele>46</ele><time>2026-03-01T10:24:12Z</time></trkpt>
			<trkpt lat="47.297260" lon="-1.389000"><ele>43</ele><time>2026-03-01T10:24:24Z</time></trkpt>
			<trkpt lat="47.297100" lon="-1.389080"><ele>41</ele><time>2026-03-01T10:24:36Z</time></trkpt>
			<trkpt lat="47.296860" lon="-1.389150"><ele>37</ele><time>2026-03-01T10:24:48Z</time></trkpt>
			<trkpt lat="47.296680" lon="-1.389200"><ele>35</ele><time>2026-03-01T10:25:00Z</time></trkpt>
			<trkpt lat="47.296440" lon="-1.389260"><ele>32</ele><time>2026-03-01T10:25:12Z</time></trkpt>
			<trkpt lat="47.296120" lon="-1.389230"><ele>28</ele><time>2026-03-01T10:25:24Z</time></trkpt>
			<trkpt lat="47.295790" lon="-1.389120"><ele>24</ele><time>2026-03-01T10:25:36Z</time></trkpt>
			<trkpt lat="47.295060" lon="-1.388770"><ele>19</ele><time>2026-03-01T10:25:48Z</time></trkpt>
			<trkpt lat="47.294830" lon="-1.388710"><ele>16</ele><time>2026-03-01T10:26:00Z</time></trkpt>
			<trkpt lat="47.294520" lon="-1.388620"><ele>13</ele><time>2026-03-01T10:26:12Z</time></trkpt>
			<trkpt lat="47.294380" lon="-1.388620"><ele>11</ele><time>2026-03-01T10:26:24Z</time></trkpt>
			<trkpt lat="47.294400" lon="-1.388750"><ele>12</ele><time>2026-03-01T10:26:36Z</time></trkpt>
			<trkpt lat="47.294440" lon="-1.389250"><ele>12</ele><time>2026-03-01T10:26:48Z</time></trkpt>
			<trkpt lat="47.294440" lon="-1.389470"><ele>12</ele><time>2026-03-01T10:27:00Z</time></trkpt>
			<trkpt lat="47.294360" lon="-1.390090"><ele>13</ele><time>2026-03-01T10:27:12Z</time></trkpt>
			<trkpt lat="47.294320" lon="-1.390420"><ele>12</ele><time>2026-03-01T10:27:24Z</time></trkpt>
			<trkpt lat="47.294260" lon="-1.390790"><ele>11</ele><time>2026-03-01T10:27:36Z</time></trkpt>
			<trkpt lat="47.294220" lon="-1.391030"><ele>11</ele><time>2026-03-01T10:27:48Z</time></trkpt>
			<trkpt lat="47.294130" lon="-1.391470"><ele>12</ele><time>2026-03-01T10:28:00Z</time></trkpt>
			<trkpt lat="47.294090" lon="-1.391590"><ele>12</ele><time>2026-03-01T10:28:12Z</time></trkpt>
			<trkpt lat="47.293970" lon="-1.391590"><ele>11</ele><time>2026-03-01T10:28:24Z</time></trkpt>
			<trkpt lat="47.293890" lon="-1.391650"><ele>11</ele><time>2026-03-01T10:28:36Z</time></trkpt>
			<trkpt lat="47.293860" lon="-1.391730"><ele>11</ele><time>2026-03-01T10:28:48Z</time></trkpt>
			<trkpt lat="47.293850" lon="-1.391770"><ele>11</ele><time>2026-03-01T10:29:00Z</time></trkpt>
			<trkpt lat="47.293860" lon="-1.392240"><ele>12</ele><time>2026-03-01T10:29:12Z</time></trkpt>
			<trkpt lat="47.293780" lon="-1.392860"><ele>14</ele><time>2026-03-01T10:29:24Z</time></trkpt>
			<trkpt lat="47.293720" lon="-1.393180"><ele>15</ele><time>2026-03-01T10:29:36Z</time></trkpt>
			<trkpt lat="47.293650" lon="-1.393440"><ele>14</ele><time>2026-03-01T10:29:48Z</time></trkpt>
			<trkpt lat="47.293640" lon="-1.393510"><ele>14</ele><time>2026-03-01T10:30:00Z</time></trkpt>
			<trkpt lat="47.293620" lon="-1.393590"><ele>14</ele><time>2026-03-01T10:30:12Z</time></trkpt>
			<trkpt lat="47.293460" lon="-1.394070"><ele>11</ele><time>2026-03-01T10:30:24Z</time></trkpt>
			<trkpt lat="47.293450" lon="-1.394100"><ele>11</ele><time>2026-03-01T10:30:36Z</time></trkpt>
			<trkpt lat="47.293180" lon="-1.394890"><ele>10</ele><time>2026-03-01T10:30:48Z</time></trkpt>
			<trkpt lat="47.293110" lon="-1.395100"><ele>10</ele><time>2026-03-01T10:31:00Z</time></trkpt>
			<trkpt lat="47.293040" lon="-1.395310"><ele>11</ele><time>2026-03-01T10:31:12Z</time></trkpt>
			<trkpt lat="47.292880" lon="-1.395800"><ele>12</ele><time>2026-03-01T10:31:24Z</time></trkpt>
			<trkpt lat="47.292800" lon="-1.396030"><ele>12</ele><time>2026-03-01T10:31:36Z</time></trkpt>
			<trkpt lat="47.292790" lon="-1.396050"><ele>12</ele><time>2026-03-01T10:31:48Z</time></trkpt>
			<trkpt lat="47.292740" lon="-1.396200"><ele>12</ele><time>2026-03-01T10:32:00Z</time></trkpt>
			<trkpt lat="47.292660" lon="-1.396360"><ele>11</ele><time>2026-03-01T10:32:12Z</time></trkpt>
			<trkpt lat="47.292580" lon="-1.396560"><ele>11</ele><time>2026-03-01T10:32:24Z</time></trkpt>
			<trkpt lat="47.292570" lon="-1.396650"><ele>11</ele><time>2026-03-01T10:32:36Z</time></trkpt>
			<trkpt lat="47.292550" lon="-1.396700"><ele>11</ele><time>2026-03-01T10:32:48Z</time></trkpt>
			<trkpt lat="47.292530" lon="-1.396730"><ele>11</ele><time>2026-03-01T10:33:00Z</time></trkpt>
			<trkpt lat="47.292480" lon="-1.396770"><ele>10</ele><time>2026-03-01T10:33:12Z</time></trkpt>
			<trkpt lat="47.292420" lon="-1.397110"><ele>12</ele><time>2026-03-01T10:33:24Z</time></trkpt>
			<trkpt lat="47.292380" lon="-1.397230"><ele>12</ele><time>2026-03-01T10:33:36Z</time></trkpt>
			<trkpt lat="47.292340" lon="-1.397320"><ele>12</ele><time>2026-03-01T10:33:48Z</time></trkpt>
			<trkpt lat="47.292240" lon="-1.397680"><ele>12</ele><time>2026-03-01T10:34:00Z</time></trkpt>
			<trkpt lat="47.292110" lon="-1.398060"><ele>12</ele><time>2026-03-01T10:34:12Z</time></trkpt>
			<trkpt lat="47.291990" lon="-1.398400"><ele>12</ele><time>2026-03-01T10:34:24Z</time></trkpt>
			<trkpt lat="47.291840" lon="-1.398900"><ele>12</ele><time>2026-03-01T10:34:36Z</time></trkpt>
			<trkpt lat="47.291770" lon="-1.399160"><ele>11</ele><time>2026-03-01T10:34:48Z</time></trkpt>
			<trkpt lat="47.291720" lon="-1.399430"><ele>11</ele><time>2026-03-01T10:35:00Z</time></trkpt>
			<trkpt lat="47.291660" lon="-1.399810"><ele>12</ele><time>2026-03-01T10:35:12Z</time></trkpt>
			<trkpt lat="47.291630" lon="-1.399960"><ele>12</ele><time>2026-03-01T10:35:24Z</time></trkpt>
			<trkpt lat="47.291550" lon="-1.400440"><ele>13</ele><time>2026-03-01T10:35:36Z</time></trkpt>
			<trkpt lat="47.291510" lon="-1.400640"><ele>14</ele><time>2026-03-01T10:35:48Z</time></trkpt>
			<trkpt lat="47.291460" lon="-1.400810"><ele>14</ele><time>2026-03-01T10:36:00Z</time></trkpt>
			<trkpt lat="47.291350" lon="-1.401080"><ele>12</ele><time>2026-03-01T10:36:12Z</time></trkpt>
			<trkpt lat="47.291140" lon="-1.401480"><ele>10</ele><time>2026-03-01T10:36:24Z</time></trkpt>
			<trkpt lat="47.290710" lon="-1.402200"><ele>6</ele><time>2026-03-01T10:36:36Z</time></trkpt>
			<trkpt lat="47.290650" lon="-1.402300"><ele>6</ele><time>2026-03-01T10:36:48Z</time></trkpt>
			<trkpt lat="47.290250" lon="-1.402960"><ele>7</ele><time>2026-03-01T10:37:00Z</time></trkpt>
			<trkpt lat="47.290160" lon="-1.403100"><ele>7</ele><time>2026-03-01T10:37:12Z</time></trkpt>
			<trkpt lat="47.289910" lon="-1.403520"><ele>8</ele><time>2026-03-01T10:37:24Z</time></trkpt>
			<trkpt lat="47.289780" lon="-1.403730"><ele>9</ele><time>2026-03-01T10:37:36Z</time></trkpt>
			<trkpt lat="47.289600" lon="-1.404050"><ele>9</ele><time>2026-03-01T10:37:48Z</time></trkpt>
			<trkpt lat="47.289530" lon="-1.404210"><ele>9</ele><time>2026-03-01T10:38:00Z</time></trkpt>
			<trkpt lat="47.289470" lon="-1.404370"><ele>9</ele><time>2026-03-01T10:38:12Z</time></trkpt>
			<trkpt lat="47.289390" lon="-1.404620"><ele>9</ele><time>2026-03-01T10:38:24Z</time></trkpt>
			<trkpt lat="47.288820" lon="-1.407040"><ele>7</ele><time>2026-03-01T10:38:36Z</time></trkpt>
			<trkpt lat="47.288560" lon="-1.408120"><ele>8</ele><time>2026-03-01T10:38:48Z</time></trkpt>
			<trkpt lat="47.288470" lon="-1.408490"><ele>9</ele><time>2026-03-01T10:39:00Z</time></trkpt>
			<trkpt lat="47.288400" lon="-1.408780"><ele>10</ele><time>2026-03-01T10:39:12Z</time></trkpt>
			<trkpt lat="47.288280" lon="-1.409150"><ele>11</ele><time>2026-03-01T10:39:24Z</time></trkpt>
			<trkpt lat="47.287990" lon="-1.410010"><ele>12</ele><time>2026-03-01T10:39:36Z</time></trkpt>
			<trkpt lat="47.287710" lon="-1.410780"><ele>11</ele><time>2026-03-01T10:39:48Z</time></trkpt>
			<trkpt lat="47.287630" lon="-1.410970"><ele>11</ele><time>2026-03-01T10:40:00Z</time></trkpt>
			<trkpt lat="47.287540" lon="-1.411170"><ele>11</ele><time>2026-03-01T10:40:12Z</time></trkpt>
			<trkpt lat="47.287340" lon="-1.411490"><ele>11</ele><time>2026-03-01T10:40:24Z</time></trkpt>
			<trkpt lat="47.286820" lon="-1.412190"><ele>12</ele><time>2026-03-01T10:40:36Z</time></trkpt>
			<trkpt lat="47.286730" lon="-1.412330"><ele>12</ele><time>2026-03-01T10:40:48Z</time></trkpt>
			<trkpt lat="47.286630" lon="-1.412490"><ele>12</ele><time>2026-03-01T10:41:00Z</time></trkpt>
			<trkpt lat="47.286370" lon="-1.413010"><ele>12</ele><time>2026-03-01T10:41:12Z</time></trkpt>
			<trkpt lat="47.285810" lon="-1.414210"><ele>10</ele><time>2026-03-01T10:41:24Z</time></trkpt>
			<trkpt lat="47.285640" lon="-1.414540"><ele>10</ele><time>2026-03-01T10:41:36Z</time></trkpt>
			<trkpt lat="47.285420" lon="-1.414910"><ele>10</ele><time>2026-03-01T10:41:48Z</time></trkpt>
			<trkpt lat="47.285080" lon="-1.415460"><ele>13</ele><time>2026-03-01T10:42:00Z</time></trkpt>
			<trkpt lat="47.284940" lon="-1.415650"><ele>13</ele><time>2026-03-01T10:42:12Z</time></trkpt>
			<trkpt lat="47.284170" lon="-1.416550"><ele>12</ele><time>2026-03-01T10:42:24Z</time></trkpt>
			<trkpt lat="47.283540" lon="-1.417410"><ele>13</ele><time>2026-03-01T10:42:36Z</time></trkpt>
			<trkpt lat="47.282600" lon="-1.418730"><ele>11</ele><time>2026-03-01T10:42:48Z</time></trkpt>
			<trkpt lat="47.282240" lon="-1.419210"><ele>11</ele><time>2026-03-01T10:43:00Z</time></trkpt>
			<trkpt lat="47.282050" lon="-1.419390"><ele>11</ele><time>2026-03-01T10:43:12Z</time></trkpt>
			<trkpt lat="47.281900" lon="-1.419500"><ele>11</ele><time>2026-03-01T10:43:24Z</time></trkpt>
			<trkpt lat="47.281640" lon="-1.419640"><ele>10</ele><time>2026-03-01T10:43:36Z</time></trkpt>
			<trkpt lat="47.281030" lon="-1.419950"><ele>9</ele><time>2026-03-01T10:43:48Z</time></trkpt>
			<trkpt lat="47.280680" lon="-1.420120"><ele>8</ele><time>2026-03-01T10:44:00Z</time></trkpt>
			<trkpt lat="47.280380" lon="-1.420270"><ele>7</ele><time>2026-03-01T10:44:12Z</time></trkpt>
			<trkpt lat="47.280270" lon="-1.420340"><ele>7</ele><time>2026-03-01T10:44:24Z</time></trkpt>
			<trkpt lat="47.280050" lon="-1.420530"><ele>7</ele><time>2026-03-01T10:44:36Z</time></trkpt>
			<trkpt lat="47.279910" lon="-1.420690"><ele>6</ele><time>2026-03-01T10:44:48Z</time></trkpt>
			<trkpt lat="47.278970" lon="-1.421940"><ele>8</ele><time>2026-03-01T10:45:00Z</time></trkpt>
			<trkpt lat="47.278760" lon="-1.422130"><ele>8</ele><time>2026-03-01T10:45:12Z</time></trkpt>
			<trkpt lat="47.278430" lon="-1.422420"><ele>8</ele><time>2026-03-01T10:45:24Z</time></trkpt>
			<trkpt lat="47.278280" lon="-1.422530"><ele>8</ele><time>2026-03-01T10:45:36Z</time></trkpt>
			<trkpt lat="47.277690" lon="-1.422830"><ele>9</ele><time>2026-03-01T10:45:48Z</time></trkpt>
			<trkpt lat="47.277570" lon="-1.422910"><ele>9</ele><time>2026-03-01T10:46:00Z</time></trkpt>
			<trkpt lat="47.277450" lon="-1.423010"><ele>9</ele><time>2026-03-01T10:46:12Z</time></trkpt>
			<trkpt lat="47.277330" lon="-1.423150"><ele>9</ele><time>2026-03-01T10:46:24Z</time></trkpt>
			<trkpt lat="47.277180" lon="-1.423370"><ele>9</ele><time>2026-03-01T10:46:36Z</time></trkpt>
			<trkpt lat="47.277090" lon="-1.423530"><ele>9</ele><time>2026-03-01T10:46:48Z</time></trkpt>
			<trkpt lat="47.276080" lon="-1.425750"><ele>8</ele><time>2026-03-01T10:47:00Z</time></trkpt>
			<trkpt lat="47.275920" lon="-1.426080"><ele>8</ele><time>2026-03-01T10:47:12Z</time></trkpt>
			<trkpt lat="47.275420" lon="-1.427160"><ele>11</ele><time>2026-03-01T10:47:24Z</time></trkpt>
			<trkpt lat="47.275320" lon="-1.427330"><ele>11</ele><time>2026-03-01T10:47:36Z</time></trkpt>
			<trkpt lat="47.275220" lon="-1.427460"><ele>12</ele><time>2026-03-01T10:47:48Z</time></trkpt>
			<trkpt lat="47.274930" lon="-1.427880"><ele>12</ele><time>2026-03-01T10:48:00Z</time></trkpt>
			<trkpt lat="47.274600" lon="-1.428350"><ele>13</ele><time>2026-03-01T10:48:12Z</time></trkpt>
			<trkpt lat="47.274440" lon="-1.428560"><ele>12</ele><time>2026-03-01T10:48:24Z</time></trkpt>
			<trkpt lat="47.274230" lon="-1.428880"><ele>12</ele><time>2026-03-01T10:48:36Z</time></trkpt>
			<trkpt lat="47.274050" lon="-1.429340"><ele>13</ele><time>2026-03-01T10:48:48Z</time></trkpt>
			<trkpt lat="47.274080" lon="-1.429380"><ele>13</ele><time>2026-03-01T10:49:00Z</time></trkpt>
			<trkpt lat="47.274090" lon="-1.429430"><ele>13</ele><time>2026-03-01T10:49:12Z</time></trkpt>
			<trkpt lat="47.274100" lon="-1.429480"><ele>14</ele><time>2026-03-01T10:49:24Z</time></trkpt>
			<trkpt lat="47.274090" lon="-1.429540"><ele>14</ele><time>2026-03-01T10:49:36Z</time></trkpt>
			<trkpt lat="47.274080" lon="-1.429580"><ele>14</ele><time>2026-03-01T10:49:48Z</time></trkpt>
			<trkpt lat="47.274050" lon="-1.429620"><ele>14</ele><time>2026-03-01T10:50:00Z</time></trkpt>
			<trkpt lat="47.274020" lon="-1.429640"><ele>14</ele><time>2026-03-01T10:50:12Z</time></trkpt>
			<trkpt lat="47.273980" lon="-1.429640"><ele>14</ele><time>2026-03-01T10:50:24Z</time></trkpt>
			<trkpt lat="47.273950" lon="-1.429630"><ele>14</ele><time>2026-03-01T10:50:36Z</time></trkpt>
			<trkpt lat="47.273920" lon="-1.429610"><ele>13</ele><time>2026-03-01T10:50:48Z</time></trkpt>
			<trkpt lat="47.273900" lon="-1.429570"><ele>13</ele><time>2026-03-01T10:51:00Z</time></trkpt>
			<trkpt lat="47.273730" lon="-1.429680"><ele>13</ele><time>2026-03-01T10:51:12Z</time></trkpt>
			<trkpt lat="47.273440" lon="-1.430050"><ele>13</ele><time>2026-03-01T10:51:24Z</time></trkpt>
			<trkpt lat="47.273290" lon="-1.430250"><ele>13</ele><time>2026-03-01T10:51:36Z</time></trkpt>
			<trkpt lat="47.273210" lon="-1.430370"><ele>14</ele><time>2026-03-01T10:51:48Z</time></trkpt>
			<trkpt lat="47.273060" lon="-1.430620"><ele>14</ele><time>2026-03-01T10:52:00Z</time></trkpt>
			<trkpt lat="47.272490" lon="-1.431460"><ele>14</ele><time>2026-03-01T10:52:12Z</time></trkpt>
			<trkpt lat="47.272120" lon="-1.431990"><ele>14</ele><time>2026-03-01T10:52:24Z</time></trkpt>
			<trkpt lat="47.271900" lon="-1.432260"><ele>13</ele><time>2026-03-01T10:52:36Z</time></trkpt>
			<trkpt lat="47.271690" lon="-1.432490"><ele>13</ele><time>2026-03-01T10:52:48Z</time></trkpt>
			<trkpt lat="47.270960" lon="-1.433300"><ele>12</ele><time>2026-03-01T10:53:00Z</time></trkpt>
			<trkpt lat="47.270470" lon="-1.433890"><ele>13</ele><time>2026-03-01T10:53:12Z</time></trkpt>
			<trkpt lat="47.270380" lon="-1.434010"><ele>13</ele><time>2026-03-01T10:53:24Z</time></trkpt>
			<trkpt lat="47.270340" lon="-1.434090"><ele>13</ele><time>2026-03-01T10:53:36Z</time></trkpt>
			<trkpt lat="47.269960" lon="-1.434970"><ele>13</ele><time>2026-03-01T10:53:48Z</time></trkpt>
			<trkpt lat="47.269850" lon="-1.435100"><ele>13</ele><time>2026-03-01T10:54:00Z</time></trkpt>
			<trkpt lat="47.269790" lon="-1.435190"><ele>13</ele><time>2026-03-01T10:54:12Z</time></trkpt>
			<trkpt lat="47.269730" lon="-1.435310"><ele>13</ele><time>2026-03-01T10:54:24Z</time></trkpt>
			<trkpt lat="47.269580" lon="-1.435510"><ele>13</ele><time>2026-03-01T10:54:36Z</time></trkpt>
			<trkpt lat="47.269320" lon="-1.435860"><ele>12</ele><time>2026-03-01T10:54:48Z</time></trkpt>
			<trkpt lat="47.268880" lon="-1.435260"><ele>12</ele><time>2026-03-01T10:55:00Z</time></trkpt>
			<trkpt lat="47.268710" lon="-1.435030"><ele>12</ele><time>2026-03-01T10:55:12Z</time></trkpt>
			<trkpt lat="47.268450" lon="-1.434690"><ele>12</ele><time>2026-03-01T10:55:24Z</time></trkpt>
			<trkpt lat="47.268050" lon="-1.434170"><ele>11</ele><time>2026-03-01T10:55:36Z</time></trkpt>
			<trkpt lat="47.267880" lon="-1.433990"><ele>10</ele><time>2026-03-01T10:55:48Z</time></trkpt>
			<trkpt lat="47.267690" lon="-1.433790"><ele>9</ele><time>2026-03-01T10:56:00Z</time></trkpt>
			<trkpt lat="47.267230" lon="-1.433540"><ele>8</ele><time>2026-03-01T10:56:12Z</time></trkpt>
			<trkpt lat="47.266350" lon="-1.432600"><ele>7</ele><time>2026-03-01T10:56:24Z</time></trkpt>
			<trkpt lat="47.266170" lon="-1.432470"><ele>7</ele><time>2026-03-01T10:56:36Z</time></trkpt>
			<trkpt lat="47.265990" lon="-1.432550"><ele>7</ele><time>2026-03-01T10:56:48Z</time></trkpt>
			<trkpt lat="47.265790" lon="-1.432750"><ele>7</ele><time>2026-03-01T10:57:00Z</time></trkpt>
			<trkpt lat="47.265490" lon="-1.433110"><ele>6</ele><time>2026-03-01T10:57:12Z</time></trkpt>
			<trkpt lat="47.265230" lon="-1.433340"><ele>6</ele><time>2026-03-01T10:57:24Z</time></trkpt>
			<trkpt lat="47.265080" lon="-1.433440"><ele>6</ele><time>2026-03-01T10:57:36Z</time></trkpt>
			<trkpt lat="47.264970" lon="-1.433460"><ele>6</ele><time>2026-03-01T10:57:48Z</time></trkpt>
			<trkpt lat="47.264880" lon="-1.433430"><ele>6</ele><time>2026-03-01T10:58:00Z</time></trkpt>
			<trkpt lat="47.264800" lon="-1.433360"><ele>6</ele><time>2026-03-01T10:58:12Z</time></trkpt>
			<trkpt lat="47.264540" lon="-1.433000"><ele>4</ele><time>2026-03-01T10:58:24Z</time></trkpt>
			<trkpt lat="47.264210" lon="-1.433470"><ele>4</ele><time>2026-03-01T10:58:36Z</time></trkpt>
			<trkpt lat="47.263960" lon="-1.433770"><ele>5</ele><time>2026-03-01T10:58:48Z</time></trkpt>
			<trkpt lat="47.263690" lon="-1.434060"><ele>5</ele><time>2026-03-01T10:59:00Z</time></trkpt>
			<trkpt lat="47.263300" lon="-1.434510"><ele>4</ele><time>2026-03-01T10:59:12Z</time></trkpt>
			<trkpt lat="47.262920" lon="-1.434900"><ele>4</ele><time>2026-03-01T10:59:24Z</time></trkpt>
			<trkpt lat="47.262620" lon="-1.435260"><ele>5</ele><time>2026-03-01T10:59:36Z</time></trkpt>
			<trkpt lat="47.262370" lon="-1.435590"><ele>5</ele><time>2026-03-01T10:59:48Z</time></trkpt>
			<trkpt lat="47.262280" lon="-1.435450"><ele>5</ele><time>2026-03-01T11:00:00Z</time></trkpt>
			<trkpt lat="47.261180" lon="-1.433830"><ele>4</ele><time>2026-03-01T11:00:12Z</time></trkpt>
			<trkpt lat="47.259690" lon="-1.431740"><ele>4</ele><time>2026-03-01T11:00:24Z</time></trkpt>
			<trkpt lat="47.259370" lon="-1.431280"><ele>6</ele><time>2026-03-01T11:00:36Z</time></trkpt>
			<trkpt lat="47.259280" lon="-1.431120"><ele>6</ele><time>2026-03-01T11:00:48Z</time></trkpt>
			<trkpt lat="47.259180" lon="-1.430910"><ele>7</ele><time>2026-03-01T11:01:00Z</time></trkpt>
			<trkpt lat="47.258940" lon="-1.430300"><ele>6</ele><time>2026-03-01T11:01:12Z</time></trkpt>
			<trkpt lat="47.258410" lon="-1.428970"><ele>3</ele><time>2026-03-01T11:01:24Z</time></trkpt>
			<trkpt lat="47.257330" lon="-1.426340"><ele>5</ele><time>2026-03-01T11:01:36Z</time></trkpt>
			<trkpt lat="47.257280" lon="-1.426240"><ele>6</ele><time>2026-03-01T11:01:48Z</time></trkpt>
			<trkpt lat="47.257240" lon="-1.426290"><ele>6</ele><time>2026-03-01T11:02:00Z</time></trkpt>
			<trkpt lat="47.257210" lon="-1.426290"><ele>6</ele><time>2026-03-01T11:02:12Z</time></trkpt>
			<trkpt lat="47.257190" lon="-1.426290"><ele>6</ele><time>2026-03-01T11:02:24Z</time></trkpt>
			<trkpt lat="47.257150" lon="-1.426240"><ele>6</ele><time>2026-03-01T11:02:36Z</time></trkpt>
			<trkpt lat="47.257130" lon="-1.426160"><ele>6</ele><time>2026-03-01T11:02:48Z</time></trkpt>
			<trkpt lat="47.257150" lon="-1.426090"><ele>7</ele><time>2026-03-01T11:03:00Z</time></trkpt>
			<trkpt lat="47.257170" lon="-1.426070"><ele>7</ele><time>2026-03-01T11:03:12Z</time></trkpt>
			<trkpt lat="47.257200" lon="-1.426050"><ele>7</ele><time>2026-03-01T11:03:24Z</time></trkpt>
			<trkpt lat="47.257230" lon="-1.426050"><ele>7</ele><time>2026-03-01T11:03:36Z</time></trkpt>
			<trkpt lat="47.257250" lon="-1.426060"><ele>7</ele><time>2026-03-01T11:03:48Z</time></trkpt>
			<trkpt lat="47.257290" lon="-1.426110"><ele>7</ele><time>2026-03-01T11:04:00Z</time></trkpt>
			<trkpt lat="47.257330" lon="-1.426050"><ele>7</ele><time>2026-03-01T11:04:12Z</time></trkpt>
			<trkpt lat="47.257630" lon="-1.425790"><ele>7</ele><time>2026-03-01T11:04:24Z</time></trkpt>
			<trkpt lat="47.257670" lon="-1.425750"><ele>7</ele><time>2026-03-01T11:04:36Z</time></trkpt>
			<trkpt lat="47.258590" lon="-1.425020"><ele>6</ele><time>2026-03-01T11:04:48Z</time></trkpt>
			<trkpt lat="47.258790" lon="-1.424840"><ele>5</ele><time>2026-03-01T11:05:00Z</time></trkpt>
			<trkpt lat="47.259000" lon="-1.424640"><ele>5</ele><time>2026-03-01T11:05:12Z</time></trkpt>
			<trkpt lat="47.259170" lon="-1.424440"><ele>5</ele><time>2026-03-01T11:05:24Z</time></trkpt>
			<trkpt lat="47.260200" lon="-1.423110"><ele>6</ele><time>2026-03-01T11:05:36Z</time></trkpt>
			<trkpt lat="47.260820" lon="-1.422310"><ele>5</ele><time>2026-03-01T11:05:48Z</time></trkpt>
			<trkpt lat="47.261120" lon="-1.421920"><ele>4</ele><time>2026-03-01T11:06:00Z</time></trkpt>
			<trkpt lat="47.261260" lon="-1.421730"><ele>4</ele><time>2026-03-01T11:06:12Z</time></trkpt>
			<trkpt lat="47.261790" lon="-1.420850"><ele>5</ele><time>2026-03-01T11:06:24Z</time></trkpt>
			<trkpt lat="47.262060" lon="-1.420380"><ele>4</ele><time>2026-03-01T11:06:36Z</time></trkpt>
			<trkpt lat="47.262680" lon="-1.419320"><ele>5</ele><time>2026-03-01T11:06:48Z</time></trkpt>
			<trkpt lat="47.265520" lon="-1.414440"><ele>5</ele><time>2026-03-01T11:07:00Z</time></trkpt>
			<trkpt lat="47.265550" lon="-1.414370"><ele>5</ele><time>2026-03-01T11:07:12Z</time></trkpt>
			<trkpt lat="47.265620" lon="-1.414260"><ele>5</ele><time>2026-03-01T11:07:24Z</time></trkpt>
			<trkpt lat="47.265680" lon="-1.414120"><ele>5</ele><time>2026-03-01T11:07:36Z</time></trkpt>
			<trkpt lat="47.265970" lon="-1.413410"><ele>5</ele><time>2026-03-01T11:07:48Z</time></trkpt>
			<trkpt lat="47.266100" lon="-1.413160"><ele>5</ele><time>2026-03-01T11:08:00Z</time></trkpt>
			<trkpt lat="47.266360" lon="-1.412700"><ele>7</ele><time>2026-03-01T11:08:12Z</time></trkpt>
			<trkpt lat="47.266470" lon="-1.412540"><ele>7</ele><time>2026-03-01T11:08:24Z</time></trkpt>
			<trkpt lat="47.266510" lon="-1.412470"><ele>8</ele><time>2026-03-01T11:08:36Z</time></trkpt>
			<trkpt lat="47.266560" lon="-1.412390"><ele>8</ele><time>2026-03-01T11:08:48Z</time></trkpt>
			<trkpt lat="47.266910" lon="-1.411940"><ele>7</ele><time>2026-03-01T11:09:00Z</time></trkpt>
			<trkpt lat="47.267300" lon="-1.411490"><ele>6</ele><time>2026-03-01T11:09:12Z</time></trkpt>
			<trkpt lat="47.267520" lon="-1.411220"><ele>6</ele><time>2026-03-01T11:09:24Z</time></trkpt>
			<trkpt lat="47.267590" lon="-1.411090"><ele>6</ele><time>2026-03-01T11:09:36Z</time></trkpt>
			<trkpt lat="47.267690" lon="-1.410840"><ele>5</ele><time>2026-03-01T11:09:48Z</time></trkpt>
			<trkpt lat="47.267730" lon="-1.410720"><ele>5</ele><time>2026-03-01T11:10:00Z</time></trkpt>
			<trkpt lat="47.268000" lon="-1.409960"><ele>5</ele><time>2026-03-01T11:10:12Z</time></trkpt>
			<trkpt lat="47.268100" lon="-1.409710"><ele>5</ele><time>2026-03-01T11:10:24Z</time></trkpt>
			<trkpt lat="47.268190" lon="-1.409560"><ele>5</ele><time>2026-03-01T11:10:36Z</time></trkpt>
			<trkpt lat="47.268370" lon="-1.409220"><ele>6</ele><time>2026-03-01T11:10:48Z</time></trkpt>
			<trkpt lat="47.268530" lon="-1.408970"><ele>5</ele><time>2026-03-01T11:11:00Z</time></trkpt>
			<trkpt lat="47.269050" lon="-1.408130"><ele>6</ele><time>2026-03-01T11:11:12Z</time></trkpt>
			<trkpt lat="47.269140" lon="-1.407970"><ele>6</ele><time>2026-03-01T11:11:24Z</time></trkpt>
			<trkpt lat="47.269180" lon="-1.407870"><ele>6</ele><time>2026-03-01T11:11:36Z</time></trkpt>
			<trkpt lat="47.269210" lon="-1.407700"><ele>6</ele><time>2026-03-01T11:11:48Z</time></trkpt>
			<trkpt lat="47.269220" lon="-1.407580"><ele>6</ele><time>2026-03-01T11:12:00Z</time></trkpt>
			<trkpt lat="47.269200" lon="-1.407050"><ele>6</ele><time>2026-03-01T11:12:12Z</time></trkpt>
			<trkpt lat="47.269210" lon="-1.406930"><ele>6</ele><time>2026-03-01T11:12:24Z</time></trkpt>
			<trkpt lat="47.269230" lon="-1.406750"><ele>6</ele><time>2026-03-01T11:12:36Z</time></trkpt>
			<trkpt lat="47.269330" lon="-1.406200"><ele>5</ele><time>2026-03-01T11:12:48Z</time></trkpt>
			<trkpt lat="47.269420" lon="-1.405800"><ele>5</ele><time>2026-03-01T11:13:00Z</time></trkpt>
			<trkpt lat="47.269540" lon="-1.405500"><ele>5</ele><time>2026-03-01T11:13:12Z</time></trkpt>
			<trkpt lat="47.269630" lon="-1.405300"><ele>5</ele><time>2026-03-01T11:13:24Z</time></trkpt>
			<trkpt lat="47.269720" lon="-1.405150"><ele>5</ele><time>2026-03-01T11:13:36Z</time></trkpt>
			<trkpt lat="47.270520" lon="-1.403900"><ele>6</ele><time>2026-03-01T11:13:48Z</time></trkpt>
			<trkpt lat="47.271760" lon="-1.401940"><ele>7</ele><time>2026-03-01T11:14:00Z</time></trkpt>
			<trkpt lat="47.272360" lon="-1.400990"><ele>8</ele><time>2026-03-01T11:14:12Z</time></trkpt>
			<trkpt lat="47.272900" lon="-1.400150"><ele>6</ele><time>2026-03-01T11:14:24Z</time></trkpt>
			<trkpt lat="47.273650" lon="-1.398960"><ele>5</ele><time>2026-03-01T11:14:36Z</time></trkpt>
			<trkpt lat="47.274010" lon="-1.398390"><ele>5</ele><time>2026-03-01T11:14:48Z</time></trkpt>
			<trkpt lat="47.274420" lon="-1.397760"><ele>5</ele><time>2026-03-01T11:15:00Z</time></trkpt>
			<trkpt lat="47.274760" lon="-1.397230"><ele>4</ele><time>2026-03-01T11:15:12Z</time></trkpt>
			<trkpt lat="47.276380" lon="-1.394680"><ele>5</ele><time>2026-03-01T11:15:24Z</time></trkpt>
			<trkpt lat="47.276570" lon="-1.394340"><ele>4</ele><time>2026-03-01T11:15:36Z</time></trkpt>
			<trkpt lat="47.276760" lon="-1.394010"><ele>4</ele><time>2026-03-01T11:15:48Z</time></trkpt>
			<trkpt lat="47.276930" lon="-1.393630"><ele>4</ele><time>2026-03-01T11:16:00Z</time></trkpt>
			<trkpt lat="47.277750" lon="-1.391900"><ele>4</ele><time>2026-03-01T11:16:12Z</time></trkpt>
			<trkpt lat="47.278140" lon="-1.391240"><ele>5</ele><time>2026-03-01T11:16:24Z</time></trkpt>
			<trkpt lat="47.278290" lon="-1.390980"><ele>5</ele><time>2026-03-01T11:16:36Z</time></trkpt>
			<trkpt lat="47.279060" lon="-1.389720"><ele>5</ele><time>2026-03-01T11:16:48Z</time></trkpt>
			<trkpt lat="47.279810" lon="-1.388600"><ele>5</ele><time>2026-03-01T11:17:00Z</time></trkpt>
			<trkpt lat="47.280190" lon="-1.388190"><ele>5</ele><time>2026-03-01T11:17:12Z</time></trkpt>
			<trkpt lat="47.280600" lon="-1.387810"><ele>5</ele><time>2026-03-01T11:17:24Z</time></trkpt>
			<trkpt lat="47.280740" lon="-1.387670"><ele>5</ele><time>2026-03-01T11:17:36Z</time></trkpt>
			<trkpt lat="47.281060" lon="-1.387370"><ele>6</ele><time>2026-03-01T11:17:48Z</time></trkpt>
			<trkpt lat="47.281440" lon="-1.386990"><ele>5</ele><time>2026-03-01T11:18:00Z</time></trkpt>
			<trkpt lat="47.281580" lon="-1.386840"><ele>6</ele><time>2026-03-01T11:18:12Z</time></trkpt>
			<trkpt lat="47.281640" lon="-1.386750"><ele>6</ele><time>2026-03-01T11:18:24Z</time></trkpt>
			<trkpt lat="47.281670" lon="-1.386680"><ele>6</ele><time>2026-03-01T11:18:36Z</time></trkpt>
			<trkpt lat="47.281700" lon="-1.386620"><ele>6</ele><time>2026-03-01T11:18:48Z</time></trkpt>
			<trkpt lat="47.281740" lon="-1.386460"><ele>5</ele><time>2026-03-01T11:19:00Z</time></trkpt>
			<trkpt lat="47.281770" lon="-1.386290"><ele>5</ele><time>2026-03-01T11:19:12Z</time></trkpt>
			<trkpt lat="47.281830" lon="-1.385800"><ele>5</ele><time>2026-03-01T11:19:24Z</time></trkpt>
			<trkpt lat="47.281840" lon="-1.385710"><ele>5</ele><time>2026-03-01T11:19:36Z</time></trkpt>
			<trkpt lat="47.281880" lon="-1.385460"><ele>6</ele><time>2026-03-01T11:19:48Z</time></trkpt>
			<trkpt lat="47.281910" lon="-1.385280"><ele>6</ele><time>2026-03-01T11:20:00Z</time></trkpt>
			<trkpt lat="47.281980" lon="-1.385060"><ele>6</ele><time>2026-03-01T11:20:12Z</time></trkpt>
			<trkpt lat="47.282370" lon="-1.384170"><ele>4</ele><time>2026-03-01T11:20:24Z</time></trkpt>
			<trkpt lat="47.282410" lon="-1.384090"><ele>5</ele><time>2026-03-01T11:20:36Z</time></trkpt>
			<trkpt lat="47.282880" lon="-1.383080"><ele>6</ele><time>2026-03-01T11:20:48Z</time></trkpt>
			<trkpt lat="47.282970" lon="-1.382910"><ele>6</ele><time>2026-03-01T11:21:00Z</time></trkpt>
			<trkpt lat="47.283260" lon="-1.382490"><ele>6</ele><time>2026-03-01T11:21:12Z</time></trkpt>
			<trkpt lat="47.283300" lon="-1.382420"><ele>6</ele><time>2026-03-01T11:21:24Z</time></trkpt>
			<trkpt lat="47.283390" lon="-1.382160"><ele>6</ele><time>2026-03-01T11:21:36Z</time></trkpt>
			<trkpt lat="47.283430" lon="-1.382030"><ele>6</ele><time>2026-03-01T11:21:48Z</time></trkpt>
			<trkpt lat="47.283590" lon="-1.381530"><ele>6</ele><time>2026-03-01T11:22:00Z</time></trkpt>
			<trkpt lat="47.283700" lon="-1.381300"><ele>6</ele><time>2026-03-01T11:22:12Z</time></trkpt>
			<trkpt lat="47.283810" lon="-1.381110"><ele>6</ele><time>2026-03-01T11:22:24Z</time></trkpt>
			<trkpt lat="47.284130" lon="-1.380720"><ele>6</ele><time>2026-03-01T11:22:36Z</time></trkpt>
			<trkpt lat="47.284440" lon="-1.380360"><ele>5</ele><time>2026-03-01T11:22:48Z</time></trkpt>
			<trkpt lat="47.284730" lon="-1.380030"><ele>4</ele><time>2026-03-01T11:23:00Z</time></trkpt>
			<trkpt lat="47.285190" lon="-1.379500"><ele>4</ele><time>2026-03-01T11:23:12Z</time></trkpt>
			<trkpt lat="47.286770" lon="-1.377660"><ele>6</ele><time>2026-03-01T11:23:24Z</time></trkpt>
			<trkpt lat="47.287230" lon="-1.377100"><ele>5</ele><time>2026-03-01T11:23:36Z</time></trkpt>
			<trkpt lat="47.287500" lon="-1.376780"><ele>4</ele><time>2026-03-01T11:23:48Z</time></trkpt>
			<trkpt lat="47.287860" lon="-1.376380"><ele>5</ele><time>2026-03-01T11:24:00Z</time></trkpt>
			<trkpt lat="47.287990" lon="-1.376210"><ele>5</ele><time>2026-03-01T11:24:12Z</time></trkpt>
			<trkpt lat="47.288210" lon="-1.375950"><ele>6</ele><time>2026-03-01T11:24:24Z</time></trkpt>
			<trkpt lat="47.288260" lon="-1.375900"><ele>6</ele><time>2026-03-01T11:24:36Z</time></trkpt>
			<trkpt lat="47.288240" lon="-1.375840"><ele>6</ele><time>2026-03-01T11:24:48Z</time></trkpt>
			<trkpt lat="47.288230" lon="-1.375800"><ele>6</ele><time>2026-03-01T11:25:00Z</time></trkpt>
			<trkpt lat="47.288250" lon="-1.375740"><ele>6</ele><time>2026-03-01T11:25:12Z</time></trkpt>
			<trkpt lat="47.288270" lon="-1.375710"><ele>6</ele><time>2026-03-01T11:25:24Z</time></trkpt>
			<trkpt lat="47.288310" lon="-1.375680"><ele>6</ele><time>2026-03-01T11:25:36Z</time></trkpt>
			<trkpt lat="47.288360" lon="-1.375700"><ele>6</ele><time>2026-03-01T11:25:48Z</time></trkpt>
			<trkpt lat="47.288380" lon="-1.375610"><ele>6</ele><time>2026-03-01T11:26:00Z</time></trkpt>
			<trkpt lat="47.288470" lon="-1.375370"><ele>5</ele><time>2026-03-01T11:26:12Z</time></trkpt>
			<trkpt lat="47.288600" lon="-1.374980"><ele>5</ele><time>2026-03-01T11:26:24Z</time></trkpt>
			<trkpt lat="47.288620" lon="-1.374930"><ele>5</ele><time>2026-03-01T11:26:36Z</time></trkpt>
			<trkpt lat="47.289000" lon="-1.373720"><ele>4</ele><time>2026-03-01T11:26:48Z</time></trkpt>
			<trkpt lat="47.289310" lon="-1.372730"><ele>5</ele><time>2026-03-01T11:27:00Z</time></trkpt>
			<trkpt lat="47.289450" lon="-1.372310"><ele>6</ele><time>2026-03-01T11:27:12Z</time></trkpt>
			<trkpt lat="47.289610" lon="-1.371880"><ele>6</ele><time>2026-03-01T11:27:24Z</time></trkpt>
			<trkpt lat="47.289780" lon="-1.371460"><ele>7</ele><time>2026-03-01T11:27:36Z</time></trkpt>
			<trkpt lat="47.290530" lon="-1.369910"><ele>6</ele><time>2026-03-01T11:27:48Z</time></trkpt>
			<trkpt lat="47.290620" lon="-1.369740"><ele>6</ele><time>2026-03-01T11:28:00Z</time></trkpt>
			<trkpt lat="47.290700" lon="-1.369570"><ele>7</ele><time>2026-03-01T11:28:12Z</time></trkpt>
			<trkpt lat="47.290720" lon="-1.369530"><ele>7</ele><time>2026-03-01T11:28:24Z</time></trkpt>
			<trkpt lat="47.291500" lon="-1.368050"><ele>5</ele><time>2026-03-01T11:28:36Z</time></trkpt>
			<trkpt lat="47.293500" lon="-1.364160"><ele>6</ele><time>2026-03-01T11:28:48Z</time></trkpt>
			<trkpt lat="47.295150" lon="-1.360980"><ele>6</ele><time>2026-03-01T11:29:00Z</time></trkpt>
			<trkpt lat="47.296740" lon="-1.357890"><ele>5</ele><time>2026-03-01T11:29:12Z</time></trkpt>
			<trkpt lat="47.296900" lon="-1.357580"><ele>5</ele><time>2026-03-01T11:29:24Z</time></trkpt>
			<trkpt lat="47.297930" lon="-1.355580"><ele>6</ele><time>2026-03-01T11:29:36Z</time></trkpt>
			<trkpt lat="47.298770" lon="-1.353960"><ele>6</ele><time>2026-03-01T11:29:48Z</time></trkpt>
			<trkpt lat="47.298850" lon="-1.353800"><ele>6</ele><time>2026-03-01T11:30:00Z</time></trkpt>
			<trkpt lat="47.300360" lon="-1.350860"><ele>5</ele><time>2026-03-01T11:30:12Z</time></trkpt>
			<trkpt lat="47.300500" lon="-1.350490"><ele>5</ele><time>2026-03-01T11:30:24Z</time></trkpt>
			<trkpt lat="47.300650" lon="-1.350080"><ele>6</ele><time>2026-03-01T11:30:36Z</time></trkpt>
			<trkpt lat="47.300760" lon="-1.349700"><ele>6</ele><time>2026-03-01T11:30:48Z</time></trkpt>
			<trkpt lat="47.300800" lon="-1.349530"><ele>7</ele><time>2026-03-01T11:31:00Z</time></trkpt>
			<trkpt lat="47.300910" lon="-1.349000"><ele>7</ele><time>2026-03-01T11:31:12Z</time></trkpt>
			<trkpt lat="47.300960" lon="-1.348660"><ele>7</ele><time>2026-03-01T11:31:24Z</time></trkpt>
			<trkpt lat="47.300990" lon="-1.348340"><ele>7</ele><time>2026-03-01T11:31:36Z</time></trkpt>
			<trkpt lat="47.301030" lon="-1.347780"><ele>6</ele><time>2026-03-01T11:31:48Z</time></trkpt>
			<trkpt lat="47.301030" lon="-1.347400"><ele>6</ele><time>2026-03-01T11:32:00Z</time></trkpt>
			<trkpt lat="47.301020" lon="-1.346900"><ele>6</ele><time>2026-03-01T11:32:12Z</time></trkpt>
			<trkpt lat="47.300970" lon="-1.346350"><ele>6</ele><time>2026-03-01T11:32:24Z</time></trkpt>
			<trkpt lat="47.300900" lon="-1.345830"><ele>6</ele><time>2026-03-01T11:32:36Z</time></trkpt>
			<trkpt lat="47.300710" lon="-1.344820"><ele>5</ele><time>2026-03-01T11:32:48Z</time></trkpt>
			<trkpt lat="47.300010" lon="-1.341200"><ele>6</ele><time>2026-03-01T11:33:00Z</time></trkpt>
			<trkpt lat="47.299740" lon="-1.339860"><ele>6</ele><time>2026-03-01T11:33:12Z</time></trkpt>
			<trkpt lat="47.299300" lon="-1.337620"><ele>5</ele><time>2026-03-01T11:33:24Z</time></trkpt>
			<trkpt lat="47.299010" lon="-1.336130"><ele>9</ele><time>2026-03-01T11:33:36Z</time></trkpt>
			<trkpt lat="47.299030" lon="-1.335900"><ele>11</ele><time>2026-03-01T11:33:48Z</time></trkpt>
			<trkpt lat="47.299080" lon="-1.335720"><ele>12</ele><time>2026-03-01T11:34:00Z</time></trkpt>
			<trkpt lat="47.299240" lon="-1.335400"><ele>14</ele><time>2026-03-01T11:34:12Z</time></trkpt>
			<trkpt lat="47.299400" lon="-1.335170"><ele>14</ele><time>2026-03-01T11:34:24Z</time></trkpt>
			<trkpt lat="47.299640" lon="-1.334790"><ele>14</ele><time>2026-03-01T11:34:36Z</time></trkpt>
			<trkpt lat="47.299740" lon="-1.334590"><ele>15</ele><time>2026-03-01T11:34:48Z</time></trkpt>
			<trkpt lat="47.299810" lon="-1.334420"><ele>15</ele><time>2026-03-01T11:35:00Z</time></trkpt>
			<trkpt lat="47.299860" lon="-1.334210"><ele>17</ele><time>2026-03-01T11:35:12Z</time></trkpt>
			<trkpt lat="47.299870" lon="-1.334070"><ele>17</ele><time>2026-03-01T11:35:24Z</time></trkpt>
			<trkpt lat="47.299910" lon="-1.333510"><ele>18</ele><time>2026-03-01T11:35:36Z</time></trkpt>
			<trkpt lat="47.299940" lon="-1.333270"><ele>18</ele><time>2026-03-01T11:35:48Z</time></trkpt>
			<trkpt lat="47.299980" lon="-1.333050"><ele>19</ele><time>2026-03-01T11:36:00Z</time></trkpt>
			<trkpt lat="47.300050" lon="-1.332810"><ele>20</ele><time>2026-03-01T11:36:12Z</time></trkpt>
			<trkpt lat="47.300180" lon="-1.332460"><ele>20</ele><time>2026-03-01T11:36:24Z</time></trkpt>
			<trkpt lat="47.300130" lon="-1.332420"><ele>21</ele><time>2026-03-01T11:36:36Z</time></trkpt>
			<trkpt lat="47.300020" lon="-1.332350"><ele>23</ele><time>2026-03-01T11:36:48Z</time></trkpt>
			<trkpt lat="47.299970" lon="-1.332350"><ele>23</ele><time>2026-03-01T11:37:00Z</time></trkpt>
			<trkpt lat="47.299940" lon="-1.332350"><ele>23</ele><time>2026-03-01T11:37:12Z</time></trkpt>
			<trkpt lat="47.299870" lon="-1.332400"><ele>24</ele><time>2026-03-01T11:37:24Z</time></trkpt>
			<trkpt lat="47.299770" lon="-1.332530"><ele>25</ele><time>2026-03-01T11:37:36Z</time></trkpt>
			<trkpt lat="47.299090" lon="-1.333470"><ele>26</ele><time>2026-03-01T11:37:48Z</time></trkpt>
			<trkpt lat="47.298990" lon="-1.333590"><ele>26</ele><time>2026-03-01T11:38:00Z</time></trkpt>
			<trkpt lat="47.298890" lon="-1.333680"><ele>26</ele><time>2026-03-01T11:38:12Z</time></trkpt>
			<trkpt lat="47.298810" lon="-1.333740"><ele>26</ele><time>2026-03-01T11:38:24Z</time></trkpt>
			<trkpt lat="47.298710" lon="-1.333780"><ele>27</ele><time>2026-03-01T11:38:36Z</time></trkpt>
			<trkpt lat="47.298590" lon="-1.333800"><ele>27</ele><time>2026-03-01T11:38:48Z</time></trkpt>
			<trkpt lat="47.298470" lon="-1.333770"><ele>28</ele><time>2026-03-01T11:39:00Z</time></trkpt>
			<trkpt lat="47.298400" lon="-1.333740"><ele>29</ele><time>2026-03-01T11:39:12Z</time></trkpt>
			<trkpt lat="47.298240" lon="-1.333620"><ele>31</ele><time>2026-03-01T11:39:24Z</time></trkpt>
			<trkpt lat="47.298180" lon="-1.333560"><ele>32</ele><time>2026-03-01T11:39:36Z</time></trkpt>
			<trkpt lat="47.298120" lon="-1.333450"><ele>33</ele><time>2026-03-01T11:39:48Z</time></trkpt>
			<trkpt lat="47.298080" lon="-1.333360"><ele>34</ele><time>2026-03-01T11:40:00Z</time></trkpt>
			<trkpt lat="47.298050" lon="-1.333220"><ele>35</ele><time>2026-03-01T11:40:12Z</time></trkpt>
			<trkpt lat="47.298030" lon="-1.333100"><ele>35</ele><time>2026-03-01T11:40:24Z</time></trkpt>
			<trkpt lat="47.298020" lon="-1.332950"><ele>36</ele><time>2026-03-01T11:40:36Z</time></trkpt>
			<trkpt lat="47.298040" lon="-1.332800"><ele>37</ele><time>2026-03-01T11:40:48Z</time></trkpt>
			<trkpt lat="47.298060" lon="-1.332610"><ele>37</ele><time>2026-03-01T11:41:00Z</time></trkpt>
			<trkpt lat="47.298110" lon="-1.332440"><ele>38</ele><time>2026-03-01T11:41:12Z</time></trkpt>
			<trkpt lat="47.298270" lon="-1.331990"><ele>39</ele><time>2026-03-01T11:41:24Z</time></trkpt>
			<trkpt lat="47.298630" lon="-1.330950"><ele>42</ele><time>2026-03-01T11:41:36Z</time></trkpt>
			<trkpt lat="47.298690" lon="-1.330700"><ele>43</ele><time>2026-03-01T11:41:48Z</time></trkpt>
			<trkpt lat="47.298730" lon="-1.330480"><ele>44</ele><time>2026-03-01T11:42:00Z</time></trkpt>
			<trkpt lat="47.298740" lon="-1.330310"><ele>44</ele><time>2026-03-01T11:42:12Z</time></trkpt>
			<trkpt lat="47.298730" lon="-1.330080"><ele>45</ele><time>2026-03-01T11:42:24Z</time></trkpt>
			<trkpt lat="47.298710" lon="-1.329850"><ele>46</ele><time>2026-03-01T11:42:36Z</time></trkpt>
			<trkpt lat="47.298670" lon="-1.329650"><ele>47</ele><time>2026-03-01T11:42:48Z</time></trkpt>
			<trkpt lat="47.298630" lon="-1.329500"><ele>48</ele><time>2026-03-01T11:43:00Z</time></trkpt>
			<trkpt lat="47.298590" lon="-1.329380"><ele>48</ele><time>2026-03-01T11:43:12Z</time></trkpt>
			<trkpt lat="47.298510" lon="-1.329240"><ele>49</ele><time>2026-03-01T11:43:24Z</time></trkpt>
			<trkpt lat="47.298420" lon="-1.329100"><ele>50</ele><time>2026-03-01T11:43:36Z</time></trkpt>
			<trkpt lat="47.296980" lon="-1.327800"><ele>58</ele><time>2026-03-01T11:43:48Z</time></trkpt>
			<trkpt lat="47.296830" lon="-1.327700"><ele>59</ele><time>2026-03-01T11:44:00Z</time></trkpt>
			<trkpt lat="47.296550" lon="-1.327580"><ele>59</ele><time>2026-03-01T11:44:12Z</time></trkpt>
			<trkpt lat="47.296400" lon="-1.327540"><ele>60</ele><time>2026-03-01T11:44:24Z</time></trkpt>
			<trkpt lat="47.296140" lon="-1.327530"><ele>60</ele><time>2026-03-01T11:44:36Z</time></trkpt>
			<trkpt lat="47.295990" lon="-1.327540"><ele>61</ele><time>2026-03-01T11:44:48Z</time></trkpt>
			<trkpt lat="47.295970" lon="-1.327470"><ele>61</ele><time>2026-03-01T11:45:00Z</time></trkpt>
			<trkpt lat="47.295900" lon="-1.327270"><ele>61</ele><time>2026-03-01T11:45:12Z</time></trkpt>
			<trkpt lat="47.295750" lon="-1.326970"><ele>62</ele><time>2026-03-01T11:45:24Z</time></trkpt>
			<trkpt lat="47.295630" lon="-1.326760"><ele>62</ele><time>2026-03-01T11:45:36Z</time></trkpt>
			<trkpt lat="47.295500" lon="-1.326610"><ele>62</ele><time>2026-03-01T11:45:48Z</time></trkpt>
			<trkpt lat="47.295190" lon="-1.326320"><ele>63</ele><time>2026-03-01T11:46:00Z</time></trkpt>
			<trkpt lat="47.295070" lon="-1.326250"><ele>64</ele><time>2026-03-01T11:46:12Z</time></trkpt>
			<trkpt lat="47.294930" lon="-1.326210"><ele>64</ele><time>2026-03-01T11:46:24Z</time></trkpt>
			<trkpt lat="47.294720" lon="-1.326180"><ele>64</ele><time>2026-03-01T11:46:36Z</time></trkpt>
			<trkpt lat="47.294560" lon="-1.326120"><ele>64</ele><time>2026-03-01T11:46:48Z</time></trkpt>
			<trkpt lat="47.294360" lon="-1.325980"><ele>64</ele><time>2026-03-01T11:47:00Z</time></trkpt>
			<trkpt lat="47.294150" lon="-1.325830"><ele>64</ele><time>2026-03-01T11:47:12Z</time></trkpt>
			<trkpt lat="47.293030" lon="-1.324830"><ele>64</ele><time>2026-03-01T11:47:24Z</time></trkpt>
			<trkpt lat="47.292550" lon="-1.324330"><ele>64</ele><time>2026-03-01T11:47:36Z</time></trkpt>
			<trkpt lat="47.292190" lon="-1.323930"><ele>64</ele><time>2026-03-01T11:47:48Z</time></trkpt>
			<trkpt lat="47.291970" lon="-1.323690"><ele>64</ele><time>2026-03-01T11:48:00Z</time></trkpt>
			<trkpt lat="47.291730" lon="-1.323370"><ele>63</ele><time>2026-03-01T11:48:12Z</time></trkpt>
			<trkpt lat="47.291940" lon="-1.322970"><ele>64</ele><time>2026-03-01T11:48:24Z</time></trkpt>
			<trkpt lat="47.292130" lon="-1.322380"><ele>65</ele><time>2026-03-01T11:48:36Z</time></trkpt>
			<trkpt lat="47.292380" lon="-1.321630"><ele>66</ele><time>2026-03-01T11:48:48Z</time></trkpt>
			<trkpt lat="47.292450" lon="-1.321170"><ele>66</ele><time>2026-03-01T11:49:00Z</time></trkpt>
			<trkpt lat="47.292430" lon="-1.320950"><ele>66</ele><time>2026-03-01T11:49:12Z</time></trkpt>
			<trkpt lat="47.292390" lon="-1.320730"><ele>66</ele><time>2026-03-01T11:49:24Z</time></trkpt>
			<trkpt lat="47.292340" lon="-1.320560"><ele>65</ele><time>2026-03-01T11:49:36Z</time></trkpt>
			<trkpt lat="47.292230" lon="-1.320300"><ele>65</ele><time>2026-03-01T11:49:48Z</time></trkpt>
			<trkpt lat="47.291240" lon="-1.318950"><ele>64</ele><time>2026-03-01T11:50:00Z</time></trkpt>
			<trkpt lat="47.291150" lon="-1.318790"><ele>64</ele><time>2026-03-01T11:50:12Z</time></trkpt>
			<trkpt lat="47.291080" lon="-1.318650"><ele>64</ele><time>2026-03-01T11:50:24Z</time></trkpt>
			<trkpt lat="47.291010" lon="-1.318470"><ele>64</ele><time>2026-03-01T11:50:36Z</time></trkpt>
			<trkpt lat="47.290890" lon="-1.318100"><ele>64</ele><time>2026-03-01T11:50:48Z</time></trkpt>
			<trkpt lat="47.290720" lon="-1.317520"><ele>64</ele><time>2026-03-01T11:51:00Z</time></trkpt>
			<trkpt lat="47.290710" lon="-1.317490"><ele>64</ele><time>2026-03-01T11:51:12Z</time></trkpt>
			<trkpt lat="47.290610" lon="-1.317200"><ele>63</ele><time>2026-03-01T11:51:24Z</time></trkpt>
			<trkpt lat="47.290530" lon="-1.317040"><ele>63</ele><time>2026-03-01T11:51:36Z</time></trkpt>
			<trkpt lat="47.290300" lon="-1.316550"><ele>62</ele><time>2026-03-01T11:51:48Z</time></trkpt>
			<trkpt lat="47.289910" lon="-1.315750"><ele>63</ele><time>2026-03-01T11:52:00Z</time></trkpt>
			<trkpt lat="47.289560" lon="-1.315060"><ele>63</ele><time>2026-03-01T11:52:12Z</time></trkpt>
			<trkpt lat="47.289240" lon="-1.314390"><ele>63</ele><time>2026-03-01T11:52:24Z</time></trkpt>
			<trkpt lat="47.289160" lon="-1.314220"><ele>63</ele><time>2026-03-01T11:52:36Z</time></trkpt>
			<trkpt lat="47.288650" lon="-1.313170"><ele>63</ele><time>2026-03-01T11:52:48Z</time></trkpt>
			<trkpt lat="47.288370" lon="-1.312570"><ele>63</ele><time>2026-03-01T11:53:00Z</time></trkpt>
			<trkpt lat="47.288210" lon="-1.312270"><ele>62</ele><time>2026-03-01T11:53:12Z</time></trkpt>
			<trkpt lat="47.288040" lon="-1.312000"><ele>62</ele><time>2026-03-01T11:53:24Z</time></trkpt>
			<trkpt lat="47.287750" lon="-1.311610"><ele>62</ele><time>2026-03-01T11:53:36Z</time></trkpt>
			<trkpt lat="47.287630" lon="-1.311430"><ele>61</ele><time>2026-03-01T11:53:48Z</time></trkpt>
			<trkpt lat="47.287540" lon="-1.311220"><ele>60</ele><time>2026-03-01T11:54:00Z</time></trkpt>
			<trkpt lat="47.286870" lon="-1.309510"><ele>54</ele><time>2026-03-01T11:54:12Z</time></trkpt>
			<trkpt lat="47.286700" lon="-1.309170"><ele>55</ele><time>2026-03-01T11:54:24Z</time></trkpt>
			<trkpt lat="47.285960" lon="-1.307940"><ele>65</ele><time>2026-03-01T11:54:36Z</time></trkpt>
			<trkpt lat="47.285870" lon="-1.307780"><ele>66</ele><time>2026-03-01T11:54:48Z</time></trkpt>
			<trkpt lat="47.285790" lon="-1.307630"><ele>67</ele><time>2026-03-01T11:55:00Z</time></trkpt>
			<trkpt lat="47.285750" lon="-1.307560"><ele>67</ele><time>2026-03-01T11:55:12Z</time></trkpt>
			<trkpt lat="47.285610" lon="-1.307180"><ele>69</ele><time>2026-03-01T11:55:24Z</time></trkpt>
			<trkpt lat="47.285600" lon="-1.307160"><ele>69</ele><time>2026-03-01T11:55:36Z</time></trkpt>
			<trkpt lat="47.285440" lon="-1.306740"><ele>70</ele><time>2026-03-01T11:55:48Z</time></trkpt>
			<trkpt lat="47.285230" lon="-1.306160"><ele>74</ele><time>2026-03-01T11:56:00Z</time></trkpt>
			<trkpt lat="47.285070" lon="-1.305730"><ele>77</ele><time>2026-03-01T11:56:12Z</time></trkpt>
			<trkpt lat="47.285010" lon="-1.305590"><ele>78</ele><time>2026-03-01T11:56:24Z</time></trkpt>
			<trkpt lat="47.284870" lon="-1.305290"><ele>79</ele><time>2026-03-01T11:56:36Z</time></trkpt>
			<trkpt lat="47.284580" lon="-1.304740"><ele>78</ele><time>2026-03-01T11:56:48Z</time></trkpt>
			<trkpt lat="47.284490" lon="-1.304560"><ele>78</ele><time>2026-03-01T11:57:00Z</time></trkpt>
			<trkpt lat="47.284420" lon="-1.304400"><ele>77</ele><time>2026-03-01T11:57:12Z</time></trkpt>
			<trkpt lat="47.284360" lon="-1.304200"><ele>77</ele><time>2026-03-01T11:57:24Z</time></trkpt>
			<trkpt lat="47.284220" lon="-1.303650"><ele>76</ele><time>2026-03-01T11:57:36Z</time></trkpt>
			<trkpt lat="47.284120" lon="-1.303250"><ele>76</ele><time>2026-03-01T11:57:48Z</time></trkpt>
			<trkpt lat="47.284060" lon="-1.302900"><ele>74</ele><time>2026-03-01T11:58:00Z</time></trkpt>
			<trkpt lat="47.284010" lon="-1.302540"><ele>73</ele><time>2026-03-01T11:58:12Z</time></trkpt>
			<trkpt lat="47.283980" lon="-1.302170"><ele>72</ele><time>2026-03-01T11:58:24Z</time></trkpt>
			<trkpt lat="47.283890" lon="-1.301170"><ele>70</ele><time>2026-03-01T11:58:36Z</time></trkpt>
			<trkpt lat="47.283870" lon="-1.300990"><ele>70</ele><time>2026-03-01T11:58:48Z</time></trkpt>
			<trkpt lat="47.283820" lon="-1.300770"><ele>70</ele><time>2026-03-01T11:59:00Z</time></trkpt>
			<trkpt lat="47.283760" lon="-1.300550"><ele>70</ele><time>2026-03-01T11:59:12Z</time></trkpt>
			<trkpt lat="47.283120" lon="-1.298710"><ele>73</ele><time>2026-03-01T11:59:24Z</time></trkpt>
			<trkpt lat="47.283060" lon="-1.298500"><ele>74</ele><time>2026-03-01T11:59:36Z</time></trkpt>
			<trkpt lat="47.283030" lon="-1.298320"><ele>75</ele><time>2026-03-01T11:59:48Z</time></trkpt>
			<trkpt lat="47.282980" lon="-1.297680"><ele>77</ele><time>2026-03-01T12:00:00Z</time></trkpt>
			<trkpt lat="47.282900" lon="-1.296470"><ele>79</ele><time>2026-03-01T12:00:12Z</time></trkpt>
			<trkpt lat="47.282870" lon="-1.296270"><ele>79</ele><time>2026-03-01T12:00:24Z</time></trkpt>
			<trkpt lat="47.282850" lon="-1.296120"><ele>79</ele><time>2026-03-01T12:00:36Z</time></trkpt>
			<trkpt lat="47.282800" lon="-1.295960"><ele>80</ele><time>2026-03-01T12:00:48Z</time></trkpt>
			<trkpt lat="47.282750" lon="-1.295810"><ele>80</ele><time>2026-03-01T12:01:00Z</time></trkpt>
			<trkpt lat="47.282690" lon="-1.295700"><ele>80</ele><time>2026-03-01T12:01:12Z</time></trkpt>
			<trkpt lat="47.282580" lon="-1.295500"><ele>80</ele><time>2026-03-01T12:01:24Z</time></trkpt>
			<trkpt lat="47.282350" lon="-1.295190"><ele>80</ele><time>2026-03-01T12:01:36Z</time></trkpt>
			<trkpt lat="47.281880" lon="-1.294590"><ele>81</ele><time>2026-03-01T12:01:48Z</time></trkpt>
			<trkpt lat="47.281730" lon="-1.294380"><ele>80</ele><time>2026-03-01T12:02:00Z</time></trkpt>
			<trkpt lat="47.281550" lon="-1.294070"><ele>80</ele><time>2026-03-01T12:02:12Z</time></trkpt>
			<trkpt lat="47.281480" lon="-1.293910"><ele>80</ele><time>2026-03-01T12:02:24Z</time></trkpt>
			<trkpt lat="47.281410" lon="-1.293740"><ele>79</ele><time>2026-03-01T12:02:36Z</time></trkpt>
			<trkpt lat="47.281370" lon="-1.293610"><ele>79</ele><time>2026-03-01T12:02:48Z</time></trkpt>
			<trkpt lat="47.281330" lon="-1.293370"><ele>79</ele><time>2026-03-01T12:03:00Z</time></trkpt>
			<trkpt lat="47.281250" lon="-1.292840"><ele>78</ele><time>2026-03-01T12:03:12Z</time></trkpt>
			<trkpt lat="47.281220" lon="-1.292680"><ele>78</ele><time>2026-03-01T12:03:24Z</time></trkpt>
			<trkpt lat="47.281180" lon="-1.292510"><ele>78</ele><time>2026-03-01T12:03:36Z</time></trkpt>
			<trkpt lat="47.281130" lon="-1.292330"><ele>77</ele><time>2026-03-01T12:03:48Z</time></trkpt>
			<trkpt lat="47.281060" lon="-1.292170"><ele>77</ele><time>2026-03-01T12:04:00Z</time></trkpt>
			<trkpt lat="47.281010" lon="-1.292060"><ele>77</ele><time>2026-03-01T12:04:12Z</time></trkpt>
			<trkpt lat="47.280880" lon="-1.291840"><ele>77</ele><time>2026-03-01T12:04:24Z</time></trkpt>
			<trkpt lat="47.280810" lon="-1.291730"><ele>77</ele><time>2026-03-01T12:04:36Z</time></trkpt>
			<trkpt lat="47.280220" lon="-1.291000"><ele>78</ele><time>2026-03-01T12:04:48Z</time></trkpt>
			<trkpt lat="47.279580" lon="-1.290200"><ele>79</ele><time>2026-03-01T12:05:00Z</time></trkpt>
			<trkpt lat="47.279200" lon="-1.289690"><ele>80</ele><time>2026-03-01T12:05:12Z</time></trkpt>
			<trkpt lat="47.279050" lon="-1.289440"><ele>80</ele><time>2026-03-01T12:05:24Z</time></trkpt>
			<trkpt lat="47.278960" lon="-1.289250"><ele>80</ele><time>2026-03-01T12:05:36Z</time></trkpt>
			<trkpt lat="47.278860" lon="-1.289010"><ele>80</ele><time>2026-03-01T12:05:48Z</time></trkpt>
			<trkpt lat="47.278780" lon="-1.288770"><ele>79</ele><time>2026-03-01T12:06:00Z</time></trkpt>
			<trkpt lat="47.278740" lon="-1.288600"><ele>79</ele><time>2026-03-01T12:06:12Z</time></trkpt>
			<trkpt lat="47.278650" lon="-1.288250"><ele>79</ele><time>2026-03-01T12:06:24Z</time></trkpt>
			<trkpt lat="47.278510" lon="-1.287550"><ele>78</ele><time>2026-03-01T12:06:36Z</time></trkpt>
			<trkpt lat="47.278240" lon="-1.286270"><ele>76</ele><time>2026-03-01T12:06:48Z</time></trkpt>
			<trkpt lat="47.278220" lon="-1.286240"><ele>75</ele><time>2026-03-01T12:07:00Z</time></trkpt>
			<trkpt lat="47.278190" lon="-1.286220"><ele>75</ele><time>2026-03-01T12:07:12Z</time></trkpt>
			<trkpt lat="47.278140" lon="-1.286220"><ele>75</ele><time>2026-03-01T12:07:24Z</time></trkpt>
			<trkpt lat="47.278060" lon="-1.286300"><ele>76</ele><time>2026-03-01T12:07:36Z</time></trkpt>
			<trkpt lat="47.277890" lon="-1.286440"><ele>76</ele><time>2026-03-01T12:07:48Z</time></trkpt>
			<trkpt lat="47.277720" lon="-1.286520"><ele>76</ele><time>2026-03-01T12:08:00Z</time></trkpt>
			<trkpt lat="47.277620" lon="-1.286580"><ele>76</ele><time>2026-03-01T12:08:12Z</time></trkpt>
			<trkpt lat="47.277550" lon="-1.286370"><ele>76</ele><time>2026-03-01T12:08:24Z</time></trkpt>
			<trkpt lat="47.277240" lon="-1.286110"><ele>75</ele><time>2026-03-01T12:08:36Z</time></trkpt>
			<trkpt lat="47.277200" lon="-1.286060"><ele>75</ele><time>2026-03-01T12:08:48Z</time></trkpt>
			<trkpt lat="47.277090" lon="-1.285950"><ele>75</ele><time>2026-03-01T12:09:00Z</time></trkpt>
			<trkpt lat="47.277030" lon="-1.285900"><ele>74</ele><time>2026-03-01T12:09:12Z</time></trkpt>
			<trkpt lat="47.276970" lon="-1.285790"><ele>74</ele><time>2026-03-01T12:09:24Z</time></trkpt>
			<trkpt lat="47.276880" lon="-1.285560"><ele>74</ele><time>2026-03-01T12:09:36Z</time></trkpt>
			<trkpt lat="47.276470" lon="-1.284610"><ele>71</ele><time>2026-03-01T12:09:48Z</time></trkpt>
			<trkpt lat="47.276300" lon="-1.283650"><ele>67</ele><time>2026-03-01T12:10:00Z</time></trkpt>
			<trkpt lat="47.276290" lon="-1.283580"><ele>67</ele><time>2026-03-01T12:10:12Z</time></trkpt>
			<trkpt lat="47.276270" lon="-1.283460"><ele>67</ele><time>2026-03-01T12:10:24Z</time></trkpt>
			<trkpt lat="47.276210" lon="-1.283270"><ele>66</ele><time>2026-03-01T12:10:36Z</time></trkpt>
			<trkpt lat="47.276130" lon="-1.283080"><ele>65</ele><time>2026-03-01T12:10:48Z</time></trkpt>
			<trkpt lat="47.275930" lon="-1.282740"><ele>64</ele><time>2026-03-01T12:11:00Z</time></trkpt>
			<trkpt lat="47.275780" lon="-1.282430"><ele>64</ele><time>2026-03-01T12:11:12Z</time></trkpt>
			<trkpt lat="47.275750" lon="-1.282310"><ele>63</ele><time>2026-03-01T12:11:24Z</time></trkpt>
			<trkpt lat="47.275550" lon="-1.281350"><ele>59</ele><time>2026-03-01T12:11:36Z</time></trkpt>
			<trkpt lat="47.275470" lon="-1.281070"><ele>57</ele><time>2026-03-01T12:11:48Z</time></trkpt>
			<trkpt lat="47.275420" lon="-1.280990"><ele>56</ele><time>2026-03-01T12:12:00Z</time></trkpt>
			<trkpt lat="47.275360" lon="-1.280890"><ele>55</ele><time>2026-03-01T12:12:12Z</time></trkpt>
			<trkpt lat="47.275310" lon="-1.280840"><ele>55</ele><time>2026-03-01T12:12:24Z</time></trkpt>
			<trkpt lat="47.275220" lon="-1.280770"><ele>53</ele><time>2026-03-01T12:12:36Z</time></trkpt>
			<trkpt lat="47.275100" lon="-1.280740"><ele>52</ele><time>2026-03-01T12:12:48Z</time></trkpt>
			<trkpt lat="47.274950" lon="-1.280750"><ele>52</ele><time>2026-03-01T12:13:00Z</time></trkpt>
			<trkpt lat="47.274720" lon="-1.280790"><ele>52</ele><time>2026-03-01T12:13:12Z</time></trkpt>
			<trkpt lat="47.274520" lon="-1.280840"><ele>52</ele><time>2026-03-01T12:13:24Z</time></trkpt>
			<trkpt lat="47.274290" lon="-1.280860"><ele>51</ele><time>2026-03-01T12:13:36Z</time></trkpt>
			<trkpt lat="47.274130" lon="-1.280850"><ele>50</ele><time>2026-03-01T12:13:48Z</time></trkpt>
			<trkpt lat="47.274000" lon="-1.280820"><ele>50</ele><time>2026-03-01T12:14:00Z</time></trkpt>
			<trkpt lat="47.273890" lon="-1.280770"><ele>49</ele><time>2026-03-01T12:14:12Z</time></trkpt>
			<trkpt lat="47.273780" lon="-1.280710"><ele>48</ele><time>2026-03-01T12:14:24Z</time></trkpt>
			<trkpt lat="47.273710" lon="-1.280650"><ele>48</ele><time>2026-03-01T12:14:36Z</time></trkpt>
			<trkpt lat="47.273610" lon="-1.280560"><ele>47</ele><time>2026-03-01T12:14:48Z</time></trkpt>
			<trkpt lat="47.273460" lon="-1.280400"><ele>45</ele><time>2026-03-01T12:15:00Z</time></trkpt>
			<trkpt lat="47.272950" lon="-1.279770"><ele>37</ele><time>2026-03-01T12:15:12Z</time></trkpt>
			<trkpt lat="47.272840" lon="-1.279650"><ele>36</ele><time>2026-03-01T12:15:24Z</time></trkpt>
			<trkpt lat="47.272770" lon="-1.279620"><ele>36</ele><time>2026-03-01T12:15:36Z</time></trkpt>
			<trkpt lat="47.272710" lon="-1.279620"><ele>36</ele><time>2026-03-01T12:15:48Z</time></trkpt>
			<trkpt lat="47.272660" lon="-1.279640"><ele>36</ele><time>2026-03-01T12:16:00Z</time></trkpt>
			<trkpt lat="47.272600" lon="-1.279680"><ele>36</ele><time>2026-03-01T12:16:12Z</time></trkpt>
			<trkpt lat="47.272560" lon="-1.279760"><ele>37</ele><time>2026-03-01T12:16:24Z</time></trkpt>
			<trkpt lat="47.272390" lon="-1.280250"><ele>39</ele><time>2026-03-01T12:16:36Z</time></trkpt>
			<trkpt lat="47.272340" lon="-1.280370"><ele>40</ele><time>2026-03-01T12:16:48Z</time></trkpt>
			<trkpt lat="47.272260" lon="-1.280470"><ele>40</ele><time>2026-03-01T12:17:00Z</time></trkpt>
			<trkpt lat="47.272180" lon="-1.280510"><ele>40</ele><time>2026-03-01T12:17:12Z</time></trkpt>
			<trkpt lat="47.272090" lon="-1.280510"><ele>40</ele><time>2026-03-01T12:17:24Z</time></trkpt>
			<trkpt lat="47.271990" lon="-1.280470"><ele>39</ele><time>2026-03-01T12:17:36Z</time></trkpt>
			<trkpt lat="47.271930" lon="-1.280390"><ele>39</ele><time>2026-03-01T12:17:48Z</time></trkpt>
			<trkpt lat="47.271890" lon="-1.280260"><ele>39</ele><time>2026-03-01T12:18:00Z</time></trkpt>
			<trkpt lat="47.271870" lon="-1.280160"><ele>39</ele><time>2026-03-01T12:18:12Z</time></trkpt>
			<trkpt lat="47.271880" lon="-1.280010"><ele>39</ele><time>2026-03-01T12:18:24Z</time></trkpt>
			<trkpt lat="47.271920" lon="-1.279890"><ele>39</ele><time>2026-03-01T12:18:36Z</time></trkpt>
			<trkpt lat="47.271990" lon="-1.279690"><ele>38</ele><time>2026-03-01T12:18:48Z</time></trkpt>
			<trkpt lat="47.272200" lon="-1.279150"><ele>35</ele><time>2026-03-01T12:19:00Z</time></trkpt>
			<trkpt lat="47.272480" lon="-1.278410"><ele>31</ele><time>2026-03-01T12:19:12Z</time></trkpt>
			<trkpt lat="47.272560" lon="-1.278150"><ele>33</ele><time>2026-03-01T12:19:24Z</time></trkpt>
			<trkpt lat="47.272570" lon="-1.278070"><ele>33</ele><time>2026-03-01T12:19:36Z</time></trkpt>
			<trkpt lat="47.272570" lon="-1.277930"><ele>35</ele><time>2026-03-01T12:19:48Z</time></trkpt>
			<trkpt lat="47.272550" lon="-1.277850"><ele>35</ele><time>2026-03-01T12:20:00Z</time></trkpt>
			<trkpt lat="47.272510" lon="-1.277760"><ele>36</ele><time>2026-03-01T12:20:12Z</time></trkpt>
			<trkpt lat="47.272450" lon="-1.277680"><ele>36</ele><time>2026-03-01T12:20:24Z</time></trkpt>
			<trkpt lat="47.272360" lon="-1.277600"><ele>37</ele><time>2026-03-01T12:20:36Z</time></trkpt>
			<trkpt lat="47.271340" lon="-1.276950"><ele>41</ele><time>2026-03-01T12:20:48Z</time></trkpt>
			<trkpt lat="47.271200" lon="-1.276840"><ele>41</ele><time>2026-03-01T12:21:00Z</time></trkpt>
			<trkpt lat="47.271050" lon="-1.276670"><ele>42</ele><time>2026-03-01T12:21:12Z</time></trkpt>
			<trkpt lat="47.270970" lon="-1.276540"><ele>43</ele><time>2026-03-01T12:21:24Z</time></trkpt>
			<trkpt lat="47.270940" lon="-1.276420"><ele>43</ele><time>2026-03-01T12:21:36Z</time></trkpt>
			<trkpt lat="47.270920" lon="-1.276280"><ele>44</ele><time>2026-03-01T12:21:48Z</time></trkpt>
			<trkpt lat="47.270940" lon="-1.276100"><ele>45</ele><time>2026-03-01T12:22:00Z</time></trkpt>
			<trkpt lat="47.271000" lon="-1.275940"><ele>46</ele><time>2026-03-01T12:22:12Z</time></trkpt>
			<trkpt lat="47.271070" lon="-1.275800"><ele>47</ele><time>2026-03-01T12:22:24Z</time></trkpt>
			<trkpt lat="47.271230" lon="-1.275550"><ele>50</ele><time>2026-03-01T12:22:36Z</time></trkpt>
			<trkpt lat="47.271480" lon="-1.275180"><ele>52</ele><time>2026-03-01T12:22:48Z</time></trkpt>
			<trkpt lat="47.271660" lon="-1.274900"><ele>53</ele><time>2026-03-01T12:23:00Z</time></trkpt>
			<trkpt lat="47.271730" lon="-1.274710"><ele>54</ele><time>2026-03-01T12:23:12Z</time></trkpt>
			<trkpt lat="47.271970" lon="-1.273720"><ele>60</ele><time>2026-03-01T12:23:24Z</time></trkpt>
			<trkpt lat="47.272000" lon="-1.273540"><ele>60</ele><time>2026-03-01T12:23:36Z</time></trkpt>
			<trkpt lat="47.272000" lon="-1.273420"><ele>61</ele><time>2026-03-01T12:23:48Z</time></trkpt>
			<trkpt lat="47.271990" lon="-1.273300"><ele>61</ele><time>2026-03-01T12:24:00Z</time></trkpt>
			<trkpt lat="47.271960" lon="-1.273170"><ele>62</ele><time>2026-03-01T12:24:12Z</time></trkpt>
			<trkpt lat="47.271910" lon="-1.273050"><ele>62</ele><time>2026-03-01T12:24:24Z</time></trkpt>
			<trkpt lat="47.271690" lon="-1.272610"><ele>64</ele><time>2026-03-01T12:24:36Z</time></trkpt>
			<trkpt lat="47.271110" lon="-1.271530"><ele>68</ele><time>2026-03-01T12:24:48Z</time></trkpt>
			<trkpt lat="47.270990" lon="-1.271230"><ele>68</ele><time>2026-03-01T12:25:00Z</time></trkpt>
			<trkpt lat="47.270890" lon="-1.270900"><ele>69</ele><time>2026-03-01T12:25:12Z</time></trkpt>
			<trkpt lat="47.270790" lon="-1.270430"><ele>71</ele><time>2026-03-01T12:25:24Z</time></trkpt>
			<trkpt lat="47.270690" lon="-1.269990"><ele>73</ele><time>2026-03-01T12:25:36Z</time></trkpt>
			<trkpt lat="47.270680" lon="-1.269930"><ele>73</ele><time>2026-03-01T12:25:48Z</time></trkpt>
			<trkpt lat="47.270670" lon="-1.269830"><ele>74</ele><time>2026-03-01T12:26:00Z</time></trkpt>
			<trkpt lat="47.270650" lon="-1.269660"><ele>74</ele><time>2026-03-01T12:26:12Z</time></trkpt>
			<trkpt lat="47.270610" lon="-1.268750"><ele>76</ele><time>2026-03-01T12:26:24Z</time></trkpt>
			<trkpt lat="47.270480" lon="-1.265790"><ele>81</ele><time>2026-03-01T12:26:36Z</time></trkpt>
			<trkpt lat="47.270450" lon="-1.265240"><ele>82</ele><time>2026-03-01T12:26:48Z</time></trkpt>
			<trkpt lat="47.270430" lon="-1.264870"><ele>82</ele><time>2026-03-01T12:27:00Z</time></trkpt>
			<trkpt lat="47.270410" lon="-1.264610"><ele>82</ele><time>2026-03-01T12:27:12Z</time></trkpt>
			<trkpt lat="47.270400" lon="-1.264400"><ele>82</ele><time>2026-03-01T12:27:24Z</time></trkpt>
			<trkpt lat="47.270370" lon="-1.263260"><ele>83</ele><time>2026-03-01T12:27:36Z</time></trkpt>
			<trkpt lat="47.270330" lon="-1.261130"><ele>83</ele><time>2026-03-01T12:27:48Z</time></trkpt>
			<trkpt lat="47.270300" lon="-1.260580"><ele>83</ele><time>2026-03-01T12:28:00Z</time></trkpt>
			<trkpt lat="47.270250" lon="-1.260130"><ele>83</ele><time>2026-03-01T12:28:12Z</time></trkpt>
			<trkpt lat="47.269870" lon="-1.257990"><ele>81</ele><time>2026-03-01T12:28:24Z</time></trkpt>
			<trkpt lat="47.269350" lon="-1.255200"><ele>79</ele><time>2026-03-01T12:28:36Z</time></trkpt>
			<trkpt lat="47.269240" lon="-1.254670"><ele>79</ele><time>2026-03-01T12:28:48Z</time></trkpt>
			<trkpt lat="47.269070" lon="-1.253910"><ele>79</ele><time>2026-03-01T12:29:00Z</time></trkpt>
			<trkpt lat="47.268990" lon="-1.253520"><ele>80</ele><time>2026-03-01T12:29:12Z</time></trkpt>
			<trkpt lat="47.268950" lon="-1.253200"><ele>80</ele><time>2026-03-01T12:29:24Z</time></trkpt>
			<trkpt lat="47.268680" lon="-1.251050"><ele>82</ele><time>2026-03-01T12:29:36Z</time></trkpt>
			<trkpt lat="47.268660" lon="-1.250800"><ele>82</ele><time>2026-03-01T12:29:48Z</time></trkpt>
			<trkpt lat="47.268660" lon="-1.250550"><ele>83</ele><time>2026-03-01T12:30:00Z</time></trkpt>
			<trkpt lat="47.268810" lon="-1.248550"><ele>84</ele><time>2026-03-01T12:30:12Z</time></trkpt>
			<trkpt lat="47.268900" lon="-1.247120"><ele>84</ele><time>2026-03-01T12:30:24Z</time></trkpt>
			<trkpt lat="47.268910" lon="-1.246320"><ele>85</ele><time>2026-03-01T12:30:36Z</time></trkpt>
			<trkpt lat="47.268900" lon="-1.245910"><ele>85</ele><time>2026-03-01T12:30:48Z</time></trkpt>
			<trkpt lat="47.268890" lon="-1.245590"><ele>86</ele><time>2026-03-01T12:31:00Z</time></trkpt>
			<trkpt lat="47.268880" lon="-1.245530"><ele>86</ele><time>2026-03-01T12:31:12Z</time></trkpt>
			<trkpt lat="47.268880" lon="-1.245350"><ele>86</ele><time>2026-03-01T12:31:24Z</time></trkpt>
			<trkpt lat="47.268900" lon="-1.244840"><ele>87</ele><time>2026-03-01T12:31:36Z</time></trkpt>
			<trkpt lat="47.268920" lon="-1.244540"><ele>87</ele><time>2026-03-01T12:31:48Z</time></trkpt>
			<trkpt lat="47.268970" lon="-1.244180"><ele>87</ele><time>2026-03-01T12:32:00Z</time></trkpt>
			<trkpt lat="47.269010" lon="-1.243990"><ele>87</ele><time>2026-03-01T12:32:12Z</time></trkpt>
			<trkpt lat="47.269260" lon="-1.242850"><ele>87</ele><time>2026-03-01T12:32:24Z</time></trkpt>
			<trkpt lat="47.269290" lon="-1.242680"><ele>88</ele><time>2026-03-01T12:32:36Z</time></trkpt>
			<trkpt lat="47.269300" lon="-1.242500"><ele>88</ele><time>2026-03-01T12:32:48Z</time></trkpt>
			<trkpt lat="47.269280" lon="-1.242000"><ele>88</ele><time>2026-03-01T12:33:00Z</time></trkpt>
			<trkpt lat="47.269300" lon="-1.241850"><ele>88</ele><time>2026-03-01T12:33:12Z</time></trkpt>
			<trkpt lat="47.269370" lon="-1.241470"><ele>88</ele><time>2026-03-01T12:33:24Z</time></trkpt>
			<trkpt lat="47.269390" lon="-1.241280"><ele>87</ele><time>2026-03-01T12:33:36Z</time></trkpt>
			<trkpt lat="47.269390" lon="-1.241130"><ele>87</ele><time>2026-03-01T12:33:48Z</time></trkpt>
			<trkpt lat="47.269350" lon="-1.240940"><ele>88</ele><time>2026-03-01T12:34:00Z</time></trkpt>
			<trkpt lat="47.269300" lon="-1.240730"><ele>88</ele><time>2026-03-01T12:34:12Z</time></trkpt>
			<trkpt lat="47.269290" lon="-1.240570"><ele>88</ele><time>2026-03-01T12:34:24Z</time></trkpt>
			<trkpt lat="47.269320" lon="-1.239370"><ele>90</ele><time>2026-03-01T12:34:36Z</time></trkpt>
			<trkpt lat="47.269320" lon="-1.238950"><ele>90</ele><time>2026-03-01T12:34:48Z</time></trkpt>
			<trkpt lat="47.269340" lon="-1.238470"><ele>90</ele><time>2026-03-01T12:35:00Z</time></trkpt>
			<trkpt lat="47.269420" lon="-1.237640"><ele>90</ele><time>2026-03-01T12:35:12Z</time></trkpt>
			<trkpt lat="47.269520" lon="-1.235540"><ele>90</ele><time>2026-03-01T12:35:24Z</time></trkpt>
			<trkpt lat="47.269540" lon="-1.235070"><ele>90</ele><time>2026-03-01T12:35:36Z</time></trkpt>
			<trkpt lat="47.269500" lon="-1.233270"><ele>91</ele><time>2026-03-01T12:35:48Z</time></trkpt>
			<trkpt lat="47.269520" lon="-1.233000"><ele>91</ele><time>2026-03-01T12:36:00Z</time></trkpt>
			<trkpt lat="47.269550" lon="-1.232750"><ele>91</ele><time>2026-03-01T12:36:12Z</time></trkpt>
			<trkpt lat="47.269600" lon="-1.232590"><ele>91</ele><time>2026-03-01T12:36:24Z</time></trkpt>
			<trkpt lat="47.269810" lon="-1.232290"><ele>91</ele><time>2026-03-01T12:36:36Z</time></trkpt>
			<trkpt lat="47.270930" lon="-1.231040"><ele>90</ele><time>2026-03-01T12:36:48Z</time></trkpt>
			<trkpt lat="47.271710" lon="-1.230170"><ele>91</ele><time>2026-03-01T12:37:00Z</time></trkpt>
			<trkpt lat="47.272290" lon="-1.229470"><ele>90</ele><time>2026-03-01T12:37:12Z</time></trkpt>
			<trkpt lat="47.272360" lon="-1.229320"><ele>90</ele><time>2026-03-01T12:37:24Z</time></trkpt>
			<trkpt lat="47.272410" lon="-1.229140"><ele>90</ele><time>2026-03-01T12:37:36Z</time></trkpt>
			<trkpt lat="47.272530" lon="-1.229230"><ele>90</ele><time>2026-03-01T12:37:48Z</time></trkpt>
			<trkpt lat="47.272830" lon="-1.229420"><ele>90</ele><time>2026-03-01T12:38:00Z</time></trkpt>
			<trkpt lat="47.273010" lon="-1.229560"><ele>90</ele><time>2026-03-01T12:38:12Z</time></trkpt>
			<trkpt lat="47.273650" lon="-1.230060"><ele>89</ele><time>2026-03-01T12:38:24Z</time></trkpt>
			<trkpt lat="47.273870" lon="-1.230200"><ele>89</ele><time>2026-03-01T12:38:36Z</time></trkpt>
			<trkpt lat="47.274870" lon="-1.230710"><ele>89</ele><time>2026-03-01T12:38:48Z</time></trkpt>
			<trkpt lat="47.275080" lon="-1.230820"><ele>89</ele><time>2026-03-01T12:39:00Z</time></trkpt>
			<trkpt lat="47.275230" lon="-1.230920"><ele>89</ele><time>2026-03-01T12:39:12Z</time></trkpt>
			<trkpt lat="47.275340" lon="-1.231030"><ele>88</ele><time>2026-03-01T12:39:24Z</time></trkpt>
			<trkpt lat="47.277070" lon="-1.232880"><ele>86</ele><time>2026-03-01T12:39:36Z</time></trkpt>
			<trkpt lat="47.277560" lon="-1.233380"><ele>85</ele><time>2026-03-01T12:39:48Z</time></trkpt>
			<trkpt lat="47.277770" lon="-1.233560"><ele>84</ele><time>2026-03-01T12:40:00Z</time></trkpt>
			<trkpt lat="47.278720" lon="-1.234230"><ele>84</ele><time>2026-03-01T12:40:12Z</time></trkpt>
			<trkpt lat="47.279460" lon="-1.234750"><ele>84</ele><time>2026-03-01T12:40:24Z</time></trkpt>
			<trkpt lat="47.279670" lon="-1.234930"><ele>83</ele><time>2026-03-01T12:40:36Z</time></trkpt>
			<trkpt lat="47.279860" lon="-1.235100"><ele>83</ele><time>2026-03-01T12:40:48Z</time></trkpt>
			<trkpt lat="47.280380" lon="-1.235650"><ele>82</ele><time>2026-03-01T12:41:00Z</time></trkpt>
			<trkpt lat="47.280630" lon="-1.235870"><ele>81</ele><time>2026-03-01T12:41:12Z</time></trkpt>
			<trkpt lat="47.280920" lon="-1.236080"><ele>80</ele><time>2026-03-01T12:41:24Z</time></trkpt>
			<trkpt lat="47.281070" lon="-1.236170"><ele>79</ele><time>2026-03-01T12:41:36Z</time></trkpt>
			<trkpt lat="47.281550" lon="-1.236370"><ele>76</ele><time>2026-03-01T12:41:48Z</time></trkpt>
			<trkpt lat="47.281710" lon="-1.236470"><ele>76</ele><time>2026-03-01T12:42:00Z</time></trkpt>
			<trkpt lat="47.281860" lon="-1.236580"><ele>76</ele><time>2026-03-01T12:42:12Z</time></trkpt>
			<trkpt lat="47.282210" lon="-1.236920"><ele>77</ele><time>2026-03-01T12:42:24Z</time></trkpt>
			<trkpt lat="47.282710" lon="-1.237350"><ele>79</ele><time>2026-03-01T12:42:36Z</time></trkpt>
			<trkpt lat="47.283480" lon="-1.238060"><ele>81</ele><time>2026-03-01T12:42:48Z</time></trkpt>
			<trkpt lat="47.283710" lon="-1.238240"><ele>81</ele><time>2026-03-01T12:43:00Z</time></trkpt>
			<trkpt lat="47.283990" lon="-1.238380"><ele>80</ele><time>2026-03-01T12:43:12Z</time></trkpt>
			<trkpt lat="47.284130" lon="-1.238430"><ele>80</ele><time>2026-03-01T12:43:24Z</time></trkpt>
			<trkpt lat="47.284290" lon="-1.238460"><ele>81</ele><time>2026-03-01T12:43:36Z</time></trkpt>
			<trkpt lat="47.284750" lon="-1.238460"><ele>81</ele><time>2026-03-01T12:43:48Z</time></trkpt>
			<trkpt lat="47.285100" lon="-1.238490"><ele>82</ele><time>2026-03-01T12:44:00Z</time></trkpt>
			<trkpt lat="47.285650" lon="-1.238620"><ele>84</ele><time>2026-03-01T12:44:12Z</time></trkpt>
			<trkpt lat="47.285960" lon="-1.238720"><ele>84</ele><time>2026-03-01T12:44:24Z</time></trkpt>
			<trkpt lat="47.286000" lon="-1.238750"><ele>84</ele><time>2026-03-01T12:44:36Z</time></trkpt>
			<trkpt lat="47.287180" lon="-1.238990"><ele>84</ele><time>2026-03-01T12:44:48Z</time></trkpt>
			<trkpt lat="47.288610" lon="-1.239310"><ele>84</ele><time>2026-03-01T12:45:00Z</time></trkpt>
			<trkpt lat="47.288940" lon="-1.239440"><ele>83</ele><time>2026-03-01T12:45:12Z</time></trkpt>
			<trkpt lat="47.289380" lon="-1.239630"><ele>82</ele><time>2026-03-01T12:45:24Z</time></trkpt>
			<trkpt lat="47.289560" lon="-1.239730"><ele>82</ele><time>2026-03-01T12:45:36Z</time></trkpt>
			<trkpt lat="47.290050" lon="-1.240100"><ele>81</ele><time>2026-03-01T12:45:48Z</time></trkpt>
			<trkpt lat="47.290610" lon="-1.240550"><ele>79</ele><time>2026-03-01T12:46:00Z</time></trkpt>
			<trkpt lat="47.291230" lon="-1.240980"><ele>77</ele><time>2026-03-01T12:46:12Z</time></trkpt>
			<trkpt lat="47.291450" lon="-1.241180"><ele>77</ele><time>2026-03-01T12:46:24Z</time></trkpt>
			<trkpt lat="47.291640" lon="-1.241410"><ele>76</ele><time>2026-03-01T12:46:36Z</time></trkpt>
			<trkpt lat="47.291790" lon="-1.241630"><ele>76</ele><time>2026-03-01T12:46:48Z</time></trkpt>
			<trkpt lat="47.291870" lon="-1.241770"><ele>75</ele><time>2026-03-01T12:47:00Z</time></trkpt>
			<trkpt lat="47.291930" lon="-1.241910"><ele>74</ele><time>2026-03-01T12:47:12Z</time></trkpt>
			<trkpt lat="47.291980" lon="-1.242000"><ele>74</ele><time>2026-03-01T12:47:24Z</time></trkpt>
			<trkpt lat="47.292060" lon="-1.242080"><ele>74</ele><time>2026-03-01T12:47:36Z</time></trkpt>
			<trkpt lat="47.292150" lon="-1.242130"><ele>74</ele><time>2026-03-01T12:47:48Z</time></trkpt>
			<trkpt lat="47.292330" lon="-1.242190"><ele>73</ele><time>2026-03-01T12:48:00Z</time></trkpt>
			<trkpt lat="47.292430" lon="-1.242210"><ele>73</ele><time>2026-03-01T12:48:12Z</time></trkpt>
			<trkpt lat="47.292580" lon="-1.242210"><ele>73</ele><time>2026-03-01T12:48:24Z</time></trkpt>
			<trkpt lat="47.292720" lon="-1.242180"><ele>73</ele><time>2026-03-01T12:48:36Z</time></trkpt>
			<trkpt lat="47.292870" lon="-1.242120"><ele>73</ele><time>2026-03-01T12:48:48Z</time></trkpt>
			<trkpt lat="47.292910" lon="-1.242130"><ele>73</ele><time>2026-03-01T12:49:00Z</time></trkpt>
			<trkpt lat="47.292950" lon="-1.242150"><ele>73</ele><time>2026-03-01T12:49:12Z</time></trkpt>
			<trkpt lat="47.293070" lon="-1.241880"><ele>73</ele><time>2026-03-01T12:49:24Z</time></trkpt>
			<trkpt lat="47.293150" lon="-1.241720"><ele>73</ele><time>2026-03-01T12:49:36Z</time></trkpt>
			<trkpt lat="47.293270" lon="-1.241540"><ele>73</ele><time>2026-03-01T12:49:48Z</time></trkpt>
			<trkpt lat="47.293430" lon="-1.241360"><ele>74</ele><time>2026-03-01T12:50:00Z</time></trkpt>
			<trkpt lat="47.293730" lon="-1.240970"><ele>74</ele><time>2026-03-01T12:50:12Z</time></trkpt>
			<trkpt lat="47.294200" lon="-1.240300"><ele>74</ele><time>2026-03-01T12:50:24Z</time></trkpt>
			<trkpt lat="47.294330" lon="-1.240110"><ele>74</ele><time>2026-03-01T12:50:36Z</time></trkpt>
			<trkpt lat="47.294580" lon="-1.239640"><ele>75</ele><time>2026-03-01T12:50:48Z</time></trkpt>
			<trkpt lat="47.294670" lon="-1.239490"><ele>74</ele><time>2026-03-01T12:51:00Z</time></trkpt>
			<trkpt lat="47.294850" lon="-1.239280"><ele>74</ele><time>2026-03-01T12:51:12Z</time></trkpt>
			<trkpt lat="47.295090" lon="-1.239010"><ele>74</ele><time>2026-03-01T12:51:24Z</time></trkpt>
			<trkpt lat="47.295170" lon="-1.238950"><ele>74</ele><time>2026-03-01T12:51:36Z</time></trkpt>
			<trkpt lat="47.295310" lon="-1.238910"><ele>74</ele><time>2026-03-01T12:51:48Z</time></trkpt>
			<trkpt lat="47.295430" lon="-1.238920"><ele>75</ele><time>2026-03-01T12:52:00Z</time></trkpt>
			<trkpt lat="47.295580" lon="-1.238980"><ele>75</ele><time>2026-03-01T12:52:12Z</time></trkpt>
			<trkpt lat="47.295730" lon="-1.239100"><ele>75</ele><time>2026-03-01T12:52:24Z</time></trkpt>
			<trkpt lat="47.296880" lon="-1.240130"><ele>79</ele><time>2026-03-01T12:52:36Z</time></trkpt>
			<trkpt lat="47.297130" lon="-1.240370"><ele>80</ele><time>2026-03-01T12:52:48Z</time></trkpt>
			<trkpt lat="47.297390" lon="-1.240600"><ele>80</ele><time>2026-03-01T12:53:00Z</time></trkpt>
			<trkpt lat="47.297570" lon="-1.240790"><ele>81</ele><time>2026-03-01T12:53:12Z</time></trkpt>
			<trkpt lat="47.298090" lon="-1.241470"><ele>82</ele><time>2026-03-01T12:53:24Z</time></trkpt>
			<trkpt lat="47.298290" lon="-1.241700"><ele>82</ele><time>2026-03-01T12:53:36Z</time></trkpt>
			<trkpt lat="47.298340" lon="-1.241740"><ele>82</ele><time>2026-03-01T12:53:48Z</time></trkpt>
			<trkpt lat="47.298390" lon="-1.241760"><ele>82</ele><time>2026-03-01T12:54:00Z</time></trkpt>
			<trkpt lat="47.298400" lon="-1.241810"><ele>82</ele><time>2026-03-01T12:54:12Z</time></trkpt>
			<trkpt lat="47.298600" lon="-1.242050"><ele>82</ele><time>2026-03-01T12:54:24Z</time></trkpt>
			<trkpt lat="47.299690" lon="-1.243060"><ele>80</ele><time>2026-03-01T12:54:36Z</time></trkpt>
			<trkpt lat="47.299810" lon="-1.243190"><ele>80</ele><time>2026-03-01T12:54:48Z</time></trkpt>
			<trkpt lat="47.299920" lon="-1.243370"><ele>79</ele><time>2026-03-01T12:55:00Z</time></trkpt>
			<trkpt lat="47.300070" lon="-1.243710"><ele>80</ele><time>2026-03-01T12:55:12Z</time></trkpt>
			<trkpt lat="47.300140" lon="-1.243830"><ele>80</ele><time>2026-03-01T12:55:24Z</time></trkpt>
			<trkpt lat="47.301400" lon="-1.245320"><ele>77</ele><time>2026-03-01T12:55:36Z</time></trkpt>
			<trkpt lat="47.301700" lon="-1.245670"><ele>76</ele><time>2026-03-01T12:55:48Z</time></trkpt>
			<trkpt lat="47.302180" lon="-1.246200"><ele>75</ele><time>2026-03-01T12:56:00Z</time></trkpt>
			<trkpt lat="47.302500" lon="-1.246500"><ele>76</ele><time>2026-03-01T12:56:12Z</time></trkpt>
			<trkpt lat="47.302870" lon="-1.246800"><ele>75</ele><time>2026-03-01T12:56:24Z</time></trkpt>
			<trkpt lat="47.303210" lon="-1.247040"><ele>75</ele><time>2026-03-01T12:56:36Z</time></trkpt>
			<trkpt lat="47.304440" lon="-1.247740"><ele>78</ele><time>2026-03-01T12:56:48Z</time></trkpt>
			<trkpt lat="47.305070" lon="-1.248070"><ele>79</ele><time>2026-03-01T12:57:00Z</time></trkpt>
			<trkpt lat="47.305350" lon="-1.248160"><ele>79</ele><time>2026-03-01T12:57:12Z</time></trkpt>
			<trkpt lat="47.305450" lon="-1.248180"><ele>79</ele><time>2026-03-01T12:57:24Z</time></trkpt>
			<trkpt lat="47.305550" lon="-1.248190"><ele>80</ele><time>2026-03-01T12:57:36Z</time></trkpt>
			<trkpt lat="47.305600" lon="-1.248190"><ele>80</ele><time>2026-03-01T12:57:48Z</time></trkpt>
			<trkpt lat="47.305650" lon="-1.248180"><ele>80</ele><time>2026-03-01T12:58:00Z</time></trkpt>
			<trkpt lat="47.305740" lon="-1.248140"><ele>80</ele><time>2026-03-01T12:58:12Z</time></trkpt>
			<trkpt lat="47.306540" lon="-1.247480"><ele>80</ele><time>2026-03-01T12:58:24Z</time></trkpt>
			<trkpt lat="47.307530" lon="-1.246780"><ele>81</ele><time>2026-03-01T12:58:36Z</time></trkpt>
			<trkpt lat="47.307640" lon="-1.246680"><ele>81</ele><time>2026-03-01T12:58:48Z</time></trkpt>
			<trkpt lat="47.307790" lon="-1.246520"><ele>81</ele><time>2026-03-01T12:59:00Z</time></trkpt>
			<trkpt lat="47.308070" lon="-1.246180"><ele>82</ele><time>2026-03-01T12:59:12Z</time></trkpt>
			<trkpt lat="47.308180" lon="-1.246100"><ele>82</ele><time>2026-03-01T12:59:24Z</time></trkpt>
			<trkpt lat="47.308230" lon="-1.246090"><ele>82</ele><time>2026-03-01T12:59:36Z</time></trkpt>
			<trkpt lat="47.308280" lon="-1.246090"><ele>82</ele><time>2026-03-01T12:59:48Z</time></trkpt>
			<trkpt lat="47.308390" lon="-1.246120"><ele>82</ele><time>2026-03-01T13:00:00Z</time></trkpt>
			<trkpt lat="47.308610" lon="-1.246250"><ele>82</ele><time>2026-03-01T13:00:12Z</time></trkpt>
			<trkpt lat="47.310530" lon="-1.247530"><ele>80</ele><time>2026-03-01T13:00:24Z</time></trkpt>
			<trkpt lat="47.311750" lon="-1.248310"><ele>83</ele><time>2026-03-01T13:00:36Z</time></trkpt>
			<trkpt lat="47.313420" lon="-1.249450"><ele>82</ele><time>2026-03-01T13:00:48Z</time></trkpt>
			<trkpt lat="47.314920" lon="-1.250440"><ele>81</ele><time>2026-03-01T13:01:00Z</time></trkpt>
			<trkpt lat="47.317670" lon="-1.252200"><ele>77</ele><time>2026-03-01T13:01:12Z</time></trkpt>
			<trkpt lat="47.319000" lon="-1.253050"><ele>75</ele><time>2026-03-01T13:01:24Z</time></trkpt>
			<trkpt lat="47.319240" lon="-1.253330"><ele>75</ele><time>2026-03-01T13:01:36Z</time></trkpt>
			<trkpt lat="47.319580" lon="-1.253680"><ele>75</ele><time>2026-03-01T13:01:48Z</time></trkpt>
			<trkpt lat="47.320020" lon="-1.254030"><ele>76</ele><time>2026-03-01T13:02:00Z</time></trkpt>
			<trkpt lat="47.320580" lon="-1.254630"><ele>76</ele><time>2026-03-01T13:02:12Z</time></trkpt>
			<trkpt lat="47.320710" lon="-1.254720"><ele>76</ele><time>2026-03-01T13:02:24Z</time></trkpt>
			<trkpt lat="47.320810" lon="-1.254750"><ele>76</ele><time>2026-03-01T13:02:36Z</time></trkpt>
			<trkpt lat="47.320980" lon="-1.254800"><ele>76</ele><time>2026-03-01T13:02:48Z</time></trkpt>
			<trkpt lat="47.321240" lon="-1.254840"><ele>76</ele><time>2026-03-01T13:03:00Z</time></trkpt>
			<trkpt lat="47.322270" lon="-1.255080"><ele>75</ele><time>2026-03-01T13:03:12Z</time></trkpt>
			<trkpt lat="47.322430" lon="-1.255100"><ele>75</ele><time>2026-03-01T13:03:24Z</time></trkpt>
			<trkpt lat="47.322590" lon="-1.255100"><ele>75</ele><time>2026-03-01T13:03:36Z</time></trkpt>
			<trkpt lat="47.322580" lon="-1.255210"><ele>75</ele><time>2026-03-01T13:03:48Z</time></trkpt>
			<trkpt lat="47.322670" lon="-1.255230"><ele>75</ele><time>2026-03-01T13:04:00Z</time></trkpt>
			<trkpt lat="47.322750" lon="-1.255280"><ele>76</ele><time>2026-03-01T13:04:12Z</time></trkpt>
			<trkpt lat="47.324080" lon="-1.256370"><ele>77</ele><time>2026-03-01T13:04:24Z</time></trkpt>
			<trkpt lat="47.325110" lon="-1.257160"><ele>78</ele><time>2026-03-01T13:04:36Z</time></trkpt>
			<trkpt lat="47.325360" lon="-1.257310"><ele>79</ele><time>2026-03-01T13:04:48Z</time></trkpt>
			<trkpt lat="47.325650" lon="-1.257460"><ele>79</ele><time>2026-03-01T13:05:00Z</time></trkpt>
			<trkpt lat="47.326570" lon="-1.257870"><ele>78</ele><time>2026-03-01T13:05:12Z</time></trkpt>
			<trkpt lat="47.326760" lon="-1.258030"><ele>78</ele><time>2026-03-01T13:05:24Z</time></trkpt>
			<trkpt lat="47.326860" lon="-1.258110"><ele>78</ele><time>2026-03-01T13:05:36Z</time></trkpt>
			<trkpt lat="47.326990" lon="-1.258290"><ele>78</ele><time>2026-03-01T13:05:48Z</time></trkpt>
			<trkpt lat="47.327460" lon="-1.259050"><ele>76</ele><time>2026-03-01T13:06:00Z</time></trkpt>
			<trkpt lat="47.328000" lon="-1.259930"><ele>75</ele><time>2026-03-01T13:06:12Z</time></trkpt>
			<trkpt lat="47.328480" lon="-1.260600"><ele>73</ele><time>2026-03-01T13:06:24Z</time></trkpt>
			<trkpt lat="47.328700" lon="-1.260840"><ele>73</ele><time>2026-03-01T13:06:36Z</time></trkpt>
			<trkpt lat="47.328720" lon="-1.260910"><ele>72</ele><time>2026-03-01T13:06:48Z</time></trkpt>
			<trkpt lat="47.329280" lon="-1.260950"><ele>72</ele><time>2026-03-01T13:07:00Z</time></trkpt>
			<trkpt lat="47.329420" lon="-1.260980"><ele>72</ele><time>2026-03-01T13:07:12Z</time></trkpt>
			<trkpt lat="47.329460" lon="-1.261000"><ele>72</ele><time>2026-03-01T13:07:24Z</time></trkpt>
			<trkpt lat="47.329520" lon="-1.260920"><ele>72</ele><time>2026-03-01T13:07:36Z</time></trkpt>
			<trkpt lat="47.329590" lon="-1.260860"><ele>72</ele><time>2026-03-01T13:07:48Z</time></trkpt>
			<trkpt lat="47.329650" lon="-1.260830"><ele>73</ele><time>2026-03-01T13:08:00Z</time></trkpt>
			<trkpt lat="47.329640" lon="-1.260760"><ele>73</ele><time>2026-03-01T13:08:12Z</time></trkpt>
			<trkpt lat="47.329680" lon="-1.260650"><ele>73</ele><time>2026-03-01T13:08:24Z</time></trkpt>
			<trkpt lat="47.330040" lon="-1.260070"><ele>73</ele><time>2026-03-01T13:08:36Z</time></trkpt>
			<trkpt lat="47.330370" lon="-1.259600"><ele>75</ele><time>2026-03-01T13:08:48Z</time></trkpt>
			<trkpt lat="47.330700" lon="-1.259110"><ele>77</ele><time>2026-03-01T13:09:00Z</time></trkpt>
			<trkpt lat="47.330840" lon="-1.258870"><ele>78</ele><time>2026-03-01T13:09:12Z</time></trkpt>
			<trkpt lat="47.331030" lon="-1.258550"><ele>78</ele><time>2026-03-01T13:09:24Z</time></trkpt>
			<trkpt lat="47.331430" lon="-1.259220"><ele>77</ele><time>2026-03-01T13:09:36Z</time></trkpt>
			<trkpt lat="47.331460" lon="-1.259170"><ele>77</ele><time>2026-03-01T13:09:48Z</time></trkpt>
			<trkpt lat="47.331980" lon="-1.258300"><ele>78</ele><time>2026-03-01T13:10:00Z</time></trkpt>
			<trkpt lat="47.332000" lon="-1.258270"><ele>78</ele><time>2026-03-01T13:10:12Z</time></trkpt>
			<trkpt lat="47.332170" lon="-1.258050"><ele>78</ele><time>2026-03-01T13:10:24Z</time></trkpt>
			<trkpt lat="47.332350" lon="-1.257900"><ele>79</ele><time>2026-03-01T13:10:36Z</time></trkpt>
			<trkpt lat="47.332480" lon="-1.257800"><ele>79</ele><time>2026-03-01T13:10:48Z</time></trkpt>
			<trkpt lat="47.332600" lon="-1.257740"><ele>79</ele><time>2026-03-01T13:11:00Z</time></trkpt>
			<trkpt lat="47.333160" lon="-1.257540"><ele>79</ele><time>2026-03-01T13:11:12Z</time></trkpt>
			<trkpt lat="47.333740" lon="-1.257360"><ele>78</ele><time>2026-03-01T13:11:24Z</time></trkpt>
			<trkpt lat="47.334650" lon="-1.257070"><ele>76</ele><time>2026-03-01T13:11:36Z</time></trkpt>
			<trkpt lat="47.334780" lon="-1.257020"><ele>76</ele><time>2026-03-01T13:11:48Z</time></trkpt>
			<trkpt lat="47.335410" lon="-1.256770"><ele>74</ele><time>2026-03-01T13:12:00Z</time></trkpt>
			<trkpt lat="47.335610" lon="-1.256690"><ele>73</ele><time>2026-03-01T13:12:12Z</time></trkpt>
			<trkpt lat="47.335910" lon="-1.256560"><ele>71</ele><time>2026-03-01T13:12:24Z</time></trkpt>
			<trkpt lat="47.335980" lon="-1.256510"><ele>70</ele><time>2026-03-01T13:12:36Z</time></trkpt>
			<trkpt lat="47.336020" lon="-1.256430"><ele>70</ele><time>2026-03-01T13:12:48Z</time></trkpt>
			<trkpt lat="47.336040" lon="-1.256310"><ele>70</ele><time>2026-03-01T13:13:00Z</time></trkpt>
			<trkpt lat="47.336020" lon="-1.256050"><ele>70</ele><time>2026-03-01T13:13:12Z</time></trkpt>
			<trkpt lat="47.335960" lon="-1.255710"><ele>70</ele><time>2026-03-01T13:13:24Z</time></trkpt>
			<trkpt lat="47.335690" lon="-1.254720"><ele>69</ele><time>2026-03-01T13:13:36Z</time></trkpt>
			<trkpt lat="47.335520" lon="-1.254100"><ele>69</ele><time>2026-03-01T13:13:48Z</time></trkpt>
			<trkpt lat="47.335500" lon="-1.254040"><ele>69</ele><time>2026-03-01T13:14:00Z</time></trkpt>
			<trkpt lat="47.335460" lon="-1.253890"><ele>70</ele><time>2026-03-01T13:14:12Z</time></trkpt>
			<trkpt lat="47.335320" lon="-1.253390"><ele>71</ele><time>2026-03-01T13:14:24Z</time></trkpt>
			<trkpt lat="47.335170" lon="-1.252980"><ele>71</ele><time>2026-03-01T13:14:36Z</time></trkpt>
			<trkpt lat="47.335030" lon="-1.252700"><ele>71</ele><time>2026-03-01T13:14:48Z</time></trkpt>
			<trkpt lat="47.334850" lon="-1.252430"><ele>71</ele><time>2026-03-01T13:15:00Z</time></trkpt>
			<trkpt lat="47.334810" lon="-1.252360"><ele>71</ele><time>2026-03-01T13:15:12Z</time></trkpt>
			<trkpt lat="47.334680" lon="-1.252200"><ele>70</ele><time>2026-03-01T13:15:24Z</time></trkpt>
			<trkpt lat="47.333910" lon="-1.251180"><ele>69</ele><time>2026-03-01T13:15:36Z</time></trkpt>
			<trkpt lat="47.333800" lon="-1.251020"><ele>71</ele><time>2026-03-01T13:15:48Z</time></trkpt>
			<trkpt lat="47.333720" lon="-1.250850"><ele>71</ele><time>2026-03-01T13:16:00Z</time></trkpt>
			<trkpt lat="47.333660" lon="-1.250610"><ele>72</ele><time>2026-03-01T13:16:12Z</time></trkpt>
			<trkpt lat="47.333520" lon="-1.249770"><ele>71</ele><time>2026-03-01T13:16:24Z</time></trkpt>
			<trkpt lat="47.333430" lon="-1.249370"><ele>70</ele><time>2026-03-01T13:16:36Z</time></trkpt>
			<trkpt lat="47.333410" lon="-1.249290"><ele>70</ele><time>2026-03-01T13:16:48Z</time></trkpt>
			<trkpt lat="47.333260" lon="-1.248760"><ele>71</ele><time>2026-03-01T13:17:00Z</time></trkpt>
			<trkpt lat="47.333190" lon="-1.248440"><ele>72</ele><time>2026-03-01T13:17:12Z</time></trkpt>
			<trkpt lat="47.333080" lon="-1.247810"><ele>72</ele><time>2026-03-01T13:17:24Z</time></trkpt>
			<trkpt lat="47.333030" lon="-1.247190"><ele>73</ele><time>2026-03-01T13:17:36Z</time></trkpt>
			<trkpt lat="47.333000" lon="-1.246890"><ele>73</ele><time>2026-03-01T13:17:48Z</time></trkpt>
			<trkpt lat="47.332940" lon="-1.246500"><ele>73</ele><time>2026-03-01T13:18:00Z</time></trkpt>
			<trkpt lat="47.332810" lon="-1.245980"><ele>73</ele><time>2026-03-01T13:18:12Z</time></trkpt>
			<trkpt lat="47.332530" lon="-1.245080"><ele>72</ele><time>2026-03-01T13:18:24Z</time></trkpt>
			<trkpt lat="47.332220" lon="-1.244110"><ele>70</ele><time>2026-03-01T13:18:36Z</time></trkpt>
			<trkpt lat="47.332120" lon="-1.243780"><ele>69</ele><time>2026-03-01T13:18:48Z</time></trkpt>
			<trkpt lat="47.332050" lon="-1.243520"><ele>69</ele><time>2026-03-01T13:19:00Z</time></trkpt>
			<trkpt lat="47.332020" lon="-1.243330"><ele>68</ele><time>2026-03-01T13:19:12Z</time></trkpt>
			<trkpt lat="47.331950" lon="-1.242780"><ele>68</ele><time>2026-03-01T13:19:24Z</time></trkpt>
			<trkpt lat="47.331920" lon="-1.242620"><ele>68</ele><time>2026-03-01T13:19:36Z</time></trkpt>
			<trkpt lat="47.331760" lon="-1.242110"><ele>70</ele><time>2026-03-01T13:19:48Z</time></trkpt>
			<trkpt lat="47.331740" lon="-1.241980"><ele>70</ele><time>2026-03-01T13:20:00Z</time></trkpt>
			<trkpt lat="47.331720" lon="-1.241840"><ele>70</ele><time>2026-03-01T13:20:12Z</time></trkpt>
			<trkpt lat="47.331710" lon="-1.241200"><ele>71</ele><time>2026-03-01T13:20:24Z</time></trkpt>
			<trkpt lat="47.331710" lon="-1.240290"><ele>70</ele><time>2026-03-01T13:20:36Z</time></trkpt>
			<trkpt lat="47.331710" lon="-1.239630"><ele>69</ele><time>2026-03-01T13:20:48Z</time></trkpt>
			<trkpt lat="47.331730" lon="-1.239260"><ele>68</ele><time>2026-03-01T13:21:00Z</time></trkpt>
			<trkpt lat="47.331770" lon="-1.238980"><ele>67</ele><time>2026-03-01T13:21:12Z</time></trkpt>
			<trkpt lat="47.331820" lon="-1.238700"><ele>66</ele><time>2026-03-01T13:21:24Z</time></trkpt>
			<trkpt lat="47.331910" lon="-1.238320"><ele>65</ele><time>2026-03-01T13:21:36Z</time></trkpt>
			<trkpt lat="47.332030" lon="-1.237940"><ele>63</ele><time>2026-03-01T13:21:48Z</time></trkpt>
			<trkpt lat="47.332100" lon="-1.237730"><ele>62</ele><time>2026-03-01T13:22:00Z</time></trkpt>
			<trkpt lat="47.332370" lon="-1.237180"><ele>59</ele><time>2026-03-01T13:22:12Z</time></trkpt>
			<trkpt lat="47.332740" lon="-1.236500"><ele>56</ele><time>2026-03-01T13:22:24Z</time></trkpt>
			<trkpt lat="47.332970" lon="-1.236140"><ele>56</ele><time>2026-03-01T13:22:36Z</time></trkpt>
			<trkpt lat="47.333450" lon="-1.235580"><ele>53</ele><time>2026-03-01T13:22:48Z</time></trkpt>
			<trkpt lat="47.333730" lon="-1.235300"><ele>50</ele><time>2026-03-01T13:23:00Z</time></trkpt>
			<trkpt lat="47.333840" lon="-1.235200"><ele>50</ele><time>2026-03-01T13:23:12Z</time></trkpt>
			<trkpt lat="47.334090" lon="-1.235000"><ele>48</ele><time>2026-03-01T13:23:24Z</time></trkpt>
			<trkpt lat="47.334230" lon="-1.234900"><ele>47</ele><time>2026-03-01T13:23:36Z</time></trkpt>
			<trkpt lat="47.334400" lon="-1.234820"><ele>46</ele><time>2026-03-01T13:23:48Z</time></trkpt>
			<trkpt lat="47.334570" lon="-1.234770"><ele>45</ele><time>2026-03-01T13:24:00Z</time></trkpt>
			<trkpt lat="47.335980" lon="-1.234490"><ele>36</ele><time>2026-03-01T13:24:12Z</time></trkpt>
			<trkpt lat="47.336200" lon="-1.234380"><ele>35</ele><time>2026-03-01T13:24:24Z</time></trkpt>
			<trkpt lat="47.336490" lon="-1.234180"><ele>34</ele><time>2026-03-01T13:24:36Z</time></trkpt>
			<trkpt lat="47.336700" lon="-1.233990"><ele>33</ele><time>2026-03-01T13:24:48Z</time></trkpt>
			<trkpt lat="47.336860" lon="-1.233790"><ele>32</ele><time>2026-03-01T13:25:00Z</time></trkpt>
			<trkpt lat="47.337480" lon="-1.232670"><ele>29</ele><time>2026-03-01T13:25:12Z</time></trkpt>
			<trkpt lat="47.337610" lon="-1.232500"><ele>29</ele><time>2026-03-01T13:25:24Z</time></trkpt>
			<trkpt lat="47.337740" lon="-1.232380"><ele>28</ele><time>2026-03-01T13:25:36Z</time></trkpt>
			<trkpt lat="47.337930" lon="-1.232310"><ele>27</ele><time>2026-03-01T13:25:48Z</time></trkpt>
			<trkpt lat="47.338070" lon="-1.232340"><ele>27</ele><time>2026-03-01T13:26:00Z</time></trkpt>
			<trkpt lat="47.338360" lon="-1.232440"><ele>27</ele><time>2026-03-01T13:26:12Z</time></trkpt>
			<trkpt lat="47.338440" lon="-1.232450"><ele>27</ele><time>2026-03-01T13:26:24Z</time></trkpt>
			<trkpt lat="47.338520" lon="-1.232430"><ele>26</ele><time>2026-03-01T13:26:36Z</time></trkpt>
			<trkpt lat="47.338880" lon="-1.232260"><ele>23</ele><time>2026-03-01T13:26:48Z</time></trkpt>
			<trkpt lat="47.339130" lon="-1.232180"><ele>21</ele><time>2026-03-01T13:27:00Z</time></trkpt>
			<trkpt lat="47.339190" lon="-1.232130"><ele>20</ele><time>2026-03-01T13:27:12Z</time></trkpt>
			<trkpt lat="47.339220" lon="-1.232060"><ele>19</ele><time>2026-03-01T13:27:24Z</time></trkpt>
			<trkpt lat="47.339320" lon="-1.231790"><ele>16</ele><time>2026-03-01T13:27:36Z</time></trkpt>
			<trkpt lat="47.339370" lon="-1.231710"><ele>15</ele><time>2026-03-01T13:27:48Z</time></trkpt>
			<trkpt lat="47.339420" lon="-1.231660"><ele>15</ele><time>2026-03-01T13:28:00Z</time></trkpt>
			<trkpt lat="47.339530" lon="-1.231590"><ele>14</ele><time>2026-03-01T13:28:12Z</time></trkpt>
			<trkpt lat="47.339920" lon="-1.231450"><ele>12</ele><time>2026-03-01T13:28:24Z</time></trkpt>
			<trkpt lat="47.339960" lon="-1.231440"><ele>12</ele><time>2026-03-01T13:28:36Z</time></trkpt>
			<trkpt lat="47.339970" lon="-1.230960"><ele>11</ele><time>2026-03-01T13:28:48Z</time></trkpt>
			<trkpt lat="47.340280" lon="-1.228440"><ele>17</ele><time>2026-03-01T13:29:00Z</time></trkpt>
			<trkpt lat="47.340350" lon="-1.228100"><ele>16</ele><time>2026-03-01T13:29:12Z</time></trkpt>
			<trkpt lat="47.340550" lon="-1.227510"><ele>14</ele><time>2026-03-01T13:29:24Z</time></trkpt>
			<trkpt lat="47.340620" lon="-1.227270"><ele>14</ele><time>2026-03-01T13:29:36Z</time></trkpt>
			<trkpt lat="47.340660" lon="-1.227020"><ele>15</ele><time>2026-03-01T13:29:48Z</time></trkpt>
			<trkpt lat="47.340850" lon="-1.225500"><ele>17</ele><time>2026-03-01T13:30:00Z</time></trkpt>
			<trkpt lat="47.341040" lon="-1.224050"><ele>19</ele><time>2026-03-01T13:30:12Z</time></trkpt>
			<trkpt lat="47.341230" lon="-1.223080"><ele>20</ele><time>2026-03-01T13:30:24Z</time></trkpt>
			<trkpt lat="47.341430" lon="-1.222070"><ele>20</ele><time>2026-03-01T13:30:36Z</time></trkpt>
			<trkpt lat="47.341550" lon="-1.221300"><ele>18</ele><time>2026-03-01T13:30:48Z</time></trkpt>
			<trkpt lat="47.341730" lon="-1.218620"><ele>16</ele><time>2026-03-01T13:31:00Z</time></trkpt>
			<trkpt lat="47.341730" lon="-1.218280"><ele>16</ele><time>2026-03-01T13:31:12Z</time></trkpt>
			<trkpt lat="47.341710" lon="-1.217960"><ele>17</ele><time>2026-03-01T13:31:24Z</time></trkpt>
			<trkpt lat="47.341620" lon="-1.217230"><ele>21</ele><time>2026-03-01T13:31:36Z</time></trkpt>
			<trkpt lat="47.341610" lon="-1.216860"><ele>23</ele><time>2026-03-01T13:31:48Z</time></trkpt>
			<trkpt lat="47.341600" lon="-1.214760"><ele>22</ele><time>2026-03-01T13:32:00Z</time></trkpt>
			<trkpt lat="47.341610" lon="-1.213810"><ele>20</ele><time>2026-03-01T13:32:12Z</time></trkpt>
			<trkpt lat="47.341610" lon="-1.213200"><ele>21</ele><time>2026-03-01T13:32:24Z</time></trkpt>
			<trkpt lat="47.341640" lon="-1.212840"><ele>20</ele><time>2026-03-01T13:32:36Z</time></trkpt>
			<trkpt lat="47.341680" lon="-1.212510"><ele>19</ele><time>2026-03-01T13:32:48Z</time></trkpt>
			<trkpt lat="47.341740" lon="-1.212200"><ele>19</ele><time>2026-03-01T13:33:00Z</time></trkpt>
			<trkpt lat="47.341800" lon="-1.211970"><ele>18</ele><time>2026-03-01T13:33:12Z</time></trkpt>
			<trkpt lat="47.341950" lon="-1.211440"><ele>19</ele><time>2026-03-01T13:33:24Z</time></trkpt>
			<trkpt lat="47.342160" lon="-1.210700"><ele>22</ele><time>2026-03-01T13:33:36Z</time></trkpt>
			<trkpt lat="47.342230" lon="-1.210350"><ele>22</ele><time>2026-03-01T13:33:48Z</time></trkpt>
			<trkpt lat="47.342410" lon="-1.209290"><ele>21</ele><time>2026-03-01T13:34:00Z</time></trkpt>
			<trkpt lat="47.342500" lon="-1.208750"><ele>21</ele><time>2026-03-01T13:34:12Z</time></trkpt>
			<trkpt lat="47.342730" lon="-1.207340"><ele>26</ele><time>2026-03-01T13:34:24Z</time></trkpt>
			<trkpt lat="47.342860" lon="-1.206590"><ele>24</ele><time>2026-03-01T13:34:36Z</time></trkpt>
			<trkpt lat="47.342920" lon="-1.206270"><ele>23</ele><time>2026-03-01T13:34:48Z</time></trkpt>
			<trkpt lat="47.342980" lon="-1.206060"><ele>21</ele><time>2026-03-01T13:35:00Z</time></trkpt>
			<trkpt lat="47.343080" lon="-1.205790"><ele>20</ele><time>2026-03-01T13:35:12Z</time></trkpt>
			<trkpt lat="47.343230" lon="-1.205530"><ele>19</ele><time>2026-03-01T13:35:24Z</time></trkpt>
			<trkpt lat="47.343740" lon="-1.204730"><ele>16</ele><time>2026-03-01T13:35:36Z</time></trkpt>
			<trkpt lat="47.343900" lon="-1.204390"><ele>15</ele><time>2026-03-01T13:35:48Z</time></trkpt>
			<trkpt lat="47.343960" lon="-1.204190"><ele>15</ele><time>2026-03-01T13:36:00Z</time></trkpt>
			<trkpt lat="47.344010" lon="-1.204020"><ele>14</ele><time>2026-03-01T13:36:12Z</time></trkpt>
			<trkpt lat="47.344500" lon="-1.204170"><ele>11</ele><time>2026-03-01T13:36:24Z</time></trkpt>
			<trkpt lat="47.344940" lon="-1.204330"><ele>8</ele><time>2026-03-01T13:36:36Z</time></trkpt>
			<trkpt lat="47.345260" lon="-1.204440"><ele>7</ele><time>2026-03-01T13:36:48Z</time></trkpt>
			<trkpt lat="47.345410" lon="-1.204460"><ele>7</ele><time>2026-03-01T13:37:00Z</time></trkpt>
			<trkpt lat="47.345600" lon="-1.204400"><ele>6</ele><time>2026-03-01T13:37:12Z</time></trkpt>
			<trkpt lat="47.345730" lon="-1.204320"><ele>6</ele><time>2026-03-01T13:37:24Z</time></trkpt>
			<trkpt lat="47.346260" lon="-1.203700"><ele>7</ele><time>2026-03-01T13:37:36Z</time></trkpt>
			<trkpt lat="47.346420" lon="-1.203520"><ele>7</ele><time>2026-03-01T13:37:48Z</time></trkpt>
			<trkpt lat="47.346610" lon="-1.203310"><ele>7</ele><time>2026-03-01T13:38:00Z</time></trkpt>
			<trkpt lat="47.346970" lon="-1.202920"><ele>8</ele><time>2026-03-01T13:38:12Z</time></trkpt>
			<trkpt lat="47.347130" lon="-1.202800"><ele>9</ele><time>2026-03-01T13:38:24Z</time></trkpt>
			<trkpt lat="47.347320" lon="-1.202760"><ele>9</ele><time>2026-03-01T13:38:36Z</time></trkpt>
			<trkpt lat="47.347550" lon="-1.202760"><ele>9</ele><time>2026-03-01T13:38:48Z</time></trkpt>
			<trkpt lat="47.348400" lon="-1.202830"><ele>11</ele><time>2026-03-01T13:39:00Z</time></trkpt>
			<trkpt lat="47.348490" lon="-1.202820"><ele>10</ele><time>2026-03-01T13:39:12Z</time></trkpt>
			<trkpt lat="47.348600" lon="-1.202770"><ele>10</ele><time>2026-03-01T13:39:24Z</time></trkpt>
			<trkpt lat="47.348740" lon="-1.202640"><ele>10</ele><time>2026-03-01T13:39:36Z</time></trkpt>
			<trkpt lat="47.349430" lon="-1.200730"><ele>7</ele><time>2026-03-01T13:39:48Z</time></trkpt>
			<trkpt lat="47.349660" lon="-1.200360"><ele>7</ele><time>2026-03-01T13:40:00Z</time></trkpt>
			<trkpt lat="47.349840" lon="-1.200090"><ele>8</ele><time>2026-03-01T13:40:12Z</time></trkpt>
			<trkpt lat="47.349980" lon="-1.199840"><ele>8</ele><time>2026-03-01T13:40:24Z</time></trkpt>
			<trkpt lat="47.350030" lon="-1.199690"><ele>8</ele><time>2026-03-01T13:40:36Z</time></trkpt>
			<trkpt lat="47.350160" lon="-1.198830"><ele>8</ele><time>2026-03-01T13:40:48Z</time></trkpt>
			<trkpt lat="47.350300" lon="-1.197990"><ele>7</ele><time>2026-03-01T13:41:00Z</time></trkpt>
			<trkpt lat="47.350330" lon="-1.197750"><ele>8</ele><time>2026-03-01T13:41:12Z</time></trkpt>
			<trkpt lat="47.350330" lon="-1.197510"><ele>8</ele><time>2026-03-01T13:41:24Z</time></trkpt>
			<trkpt lat="47.350280" lon="-1.197140"><ele>8</ele><time>2026-03-01T13:41:36Z</time></trkpt>
			<trkpt lat="47.350330" lon="-1.196420"><ele>8</ele><time>2026-03-01T13:41:48Z</time></trkpt>
			<trkpt lat="47.350490" lon="-1.195030"><ele>5</ele><time>2026-03-01T13:42:00Z</time></trkpt>
			<trkpt lat="47.350540" lon="-1.194720"><ele>5</ele><time>2026-03-01T13:42:12Z</time></trkpt>
			<trkpt lat="47.350860" lon="-1.193660"><ele>7</ele><time>2026-03-01T13:42:24Z</time></trkpt>
			<trkpt lat="47.351180" lon="-1.192620"><ele>7</ele><time>2026-03-01T13:42:36Z</time></trkpt>
			<trkpt lat="47.351400" lon="-1.191880"><ele>7</ele><time>2026-03-01T13:42:48Z</time></trkpt>
			<trkpt lat="47.351490" lon="-1.191460"><ele>8</ele><time>2026-03-01T13:43:00Z</time></trkpt>
			<trkpt lat="47.351580" lon="-1.190960"><ele>7</ele><time>2026-03-01T13:43:12Z</time></trkpt>
			<trkpt lat="47.351640" lon="-1.190330"><ele>8</ele><time>2026-03-01T13:43:24Z</time></trkpt>
			<trkpt lat="47.351660" lon="-1.189390"><ele>9</ele><time>2026-03-01T13:43:36Z</time></trkpt>
			<trkpt lat="47.351740" lon="-1.188760"><ele>8</ele><time>2026-03-01T13:43:48Z</time></trkpt>
			<trkpt lat="47.351860" lon="-1.188170"><ele>8</ele><time>2026-03-01T13:44:00Z</time></trkpt>
			<trkpt lat="47.352190" lon="-1.186790"><ele>8</ele><time>2026-03-01T13:44:12Z</time></trkpt>
			<trkpt lat="47.352490" lon="-1.185820"><ele>8</ele><time>2026-03-01T13:44:24Z</time></trkpt>
			<trkpt lat="47.352640" lon="-1.185440"><ele>9</ele><time>2026-03-01T13:44:36Z</time></trkpt>
			<trkpt lat="47.352840" lon="-1.185050"><ele>10</ele><time>2026-03-01T13:44:48Z</time></trkpt>
			<trkpt lat="47.353000" lon="-1.184800"><ele>10</ele><time>2026-03-01T13:45:00Z</time></trkpt>
			<trkpt lat="47.353450" lon="-1.184290"><ele>9</ele><time>2026-03-01T13:45:12Z</time></trkpt>
			<trkpt lat="47.353590" lon="-1.184120"><ele>9</ele><time>2026-03-01T13:45:24Z</time></trkpt>
			<trkpt lat="47.353660" lon="-1.183960"><ele>9</ele><time>2026-03-01T13:45:36Z</time></trkpt>
			<trkpt lat="47.353900" lon="-1.183230"><ele>8</ele><time>2026-03-01T13:45:48Z</time></trkpt>
			<trkpt lat="47.353930" lon="-1.183180"><ele>8</ele><time>2026-03-01T13:46:00Z</time></trkpt>
			<trkpt lat="47.354470" lon="-1.182200"><ele>8</ele><time>2026-03-01T13:46:12Z</time></trkpt>
			<trkpt lat="47.354480" lon="-1.182180"><ele>8</ele><time>2026-03-01T13:46:24Z</time></trkpt>
			<trkpt lat="47.355010" lon="-1.181080"><ele>8</ele><time>2026-03-01T13:46:36Z</time></trkpt>
			<trkpt lat="47.355740" lon="-1.179400"><ele>10</ele><time>2026-03-01T13:46:48Z</time></trkpt>
			<trkpt lat="47.356440" lon="-1.177870"><ele>8</ele><time>2026-03-01T13:47:00Z</time></trkpt>
			<trkpt lat="47.356530" lon="-1.177630"><ele>9</ele><time>2026-03-01T13:47:12Z</time></trkpt>
			<trkpt lat="47.356590" lon="-1.177390"><ele>9</ele><time>2026-03-01T13:47:24Z</time></trkpt>
			<trkpt lat="47.356990" lon="-1.176010"><ele>9</ele><time>2026-03-01T13:47:36Z</time></trkpt>
			<trkpt lat="47.357040" lon="-1.175780"><ele>9</ele><time>2026-03-01T13:47:48Z</time></trkpt>
			<trkpt lat="47.357090" lon="-1.175500"><ele>9</ele><time>2026-03-01T13:48:00Z</time></trkpt>
			<trkpt lat="47.357140" lon="-1.175230"><ele>10</ele><time>2026-03-01T13:48:12Z</time></trkpt>
			<trkpt lat="47.357150" lon="-1.175170"><ele>10</ele><time>2026-03-01T13:48:24Z</time></trkpt>
			<trkpt lat="47.357280" lon="-1.174730"><ele>11</ele><time>2026-03-01T13:48:36Z</time></trkpt>
			<trkpt lat="47.357390" lon="-1.174460"><ele>11</ele><time>2026-03-01T13:48:48Z</time></trkpt>
			<trkpt lat="47.357510" lon="-1.174140"><ele>12</ele><time>2026-03-01T13:49:00Z</time></trkpt>
			<trkpt lat="47.358740" lon="-1.174790"><ele>10</ele><time>2026-03-01T13:49:12Z</time></trkpt>
			<trkpt lat="47.359110" lon="-1.174980"><ele>10</ele><time>2026-03-01T13:49:24Z</time></trkpt>
			<trkpt lat="47.359640" lon="-1.175260"><ele>10</ele><time>2026-03-01T13:49:36Z</time></trkpt>
			<trkpt lat="47.359860" lon="-1.175380"><ele>10</ele><time>2026-03-01T13:49:48Z</time></trkpt>
			<trkpt lat="47.363510" lon="-1.177280"><ele>10</ele><time>2026-03-01T13:50:00Z</time></trkpt>
			<trkpt lat="47.363610" lon="-1.177330"><ele>11</ele><time>2026-03-01T13:50:12Z</time></trkpt>
			<trkpt lat="47.363620" lon="-1.177290"><ele>11</ele><time>2026-03-01T13:50:24Z</time></trkpt>
			<trkpt lat="47.363650" lon="-1.177260"><ele>11</ele><time>2026-03-01T13:50:36Z</time></trkpt>
			<trkpt lat="47.363680" lon="-1.177250"><ele>11</ele><time>2026-03-01T13:50:48Z</time></trkpt>
			<trkpt lat="47.363710" lon="-1.177260"><ele>12</ele><time>2026-03-01T13:51:00Z</time></trkpt>
			<trkpt lat="47.363740" lon="-1.177320"><ele>12</ele><time>2026-03-01T13:51:12Z</time></trkpt>
			<trkpt lat="47.363740" lon="-1.177390"><ele>12</ele><time>2026-03-01T13:51:24Z</time></trkpt>
			<trkpt lat="47.363720" lon="-1.177430"><ele>12</ele><time>2026-03-01T13:51:36Z</time></trkpt>
			<trkpt lat="47.363700" lon="-1.177460"><ele>12</ele><time>2026-03-01T13:51:48Z</time></trkpt>
			<trkpt lat="47.363660" lon="-1.177460"><ele>12</ele><time>2026-03-01T13:52:00Z</time></trkpt>
			<trkpt lat="47.363630" lon="-1.177440"><ele>11</ele><time>2026-03-01T13:52:12Z</time></trkpt>
			<trkpt lat="47.363590" lon="-1.177480"><ele>11</ele><time>2026-03-01T13:52:24Z</time></trkpt>
			<trkpt lat="47.363530" lon="-1.177600"><ele>11</ele><time>2026-03-01T13:52:36Z</time></trkpt>
			<trkpt lat="47.363470" lon="-1.177850"><ele>11</ele><time>2026-03-01T13:52:48Z</time></trkpt>
			<trkpt lat="47.363450" lon="-1.177940"><ele>11</ele><time>2026-03-01T13:53:00Z</time></trkpt>
			<trkpt lat="47.363430" lon="-1.177990"><ele>11</ele><time>2026-03-01T13:53:12Z</time></trkpt>
			<trkpt lat="47.363370" lon="-1.178230"><ele>11</ele><time>2026-03-01T13:53:24Z</time></trkpt>
			<trkpt lat="47.363320" lon="-1.178440"><ele>11</ele><time>2026-03-01T13:53:36Z</time></trkpt>
			<trkpt lat="47.363240" lon="-1.178730"><ele>11</ele><time>2026-03-01T13:53:48Z</time></trkpt>
			<trkpt lat="47.363230" lon="-1.178900"><ele>11</ele><time>2026-03-01T13:54:00Z</time></trkpt>
			<trkpt lat="47.363230" lon="-1.179150"><ele>11</ele><time>2026-03-01T13:54:12Z</time></trkpt>
			<trkpt lat="47.363340" lon="-1.180250"><ele>12</ele><time>2026-03-01T13:54:24Z</time></trkpt>
			<trkpt lat="47.363410" lon="-1.181040"><ele>13</ele><time>2026-03-01T13:54:36Z</time></trkpt>
			<trkpt lat="47.363460" lon="-1.181660"><ele>14</ele><time>2026-03-01T13:54:48Z</time></trkpt>
			<trkpt lat="47.363530" lon="-1.182510"><ele>13</ele><time>2026-03-01T13:55:00Z</time></trkpt>
			<trkpt lat="47.363530" lon="-1.182780"><ele>13</ele><time>2026-03-01T13:55:12Z</time></trkpt>
			<trkpt lat="47.363570" lon="-1.182790"><ele>13</ele><time>2026-03-01T13:55:24Z</time></trkpt>
			<trkpt lat="47.363600" lon="-1.182810"><ele>13</ele><time>2026-03-01T13:55:36Z</time></trkpt>
			<trkpt lat="47.363630" lon="-1.182850"><ele>13</ele><time>2026-03-01T13:55:48Z</time></trkpt>
			<trkpt lat="47.363640" lon="-1.182900"><ele>13</ele><time>2026-03-01T13:56:00Z</time></trkpt>
			<trkpt lat="47.363650" lon="-1.182950"><ele>13</ele><time>2026-03-01T13:56:12Z</time></trkpt>
			<trkpt lat="47.363640" lon="-1.183010"><ele>13</ele><time>2026-03-01T13:56:24Z</time></trkpt>
			<trkpt lat="47.363630" lon="-1.183050"><ele>13</ele><time>2026-03-01T13:56:36Z</time></trkpt>
			<trkpt lat="47.363600" lon="-1.183090"><ele>13</ele><time>2026-03-01T13:56:48Z</time></trkpt>
			<trkpt lat="47.363570" lon="-1.183120"><ele>13</ele><time>2026-03-01T13:57:00Z</time></trkpt>
			<trkpt lat="47.363540" lon="-1.183120"><ele>13</ele><time>2026-03-01T13:57:12Z</time></trkpt>
			<trkpt lat="47.363530" lon="-1.183800"><ele>12</ele><time>2026-03-01T13:57:24Z</time></trkpt>
			<trkpt lat="47.363520" lon="-1.184670"><ele>12</ele><time>2026-03-01T13:57:36Z</time></trkpt>
			<trkpt lat="47.363520" lon="-1.185960"><ele>13</ele><time>2026-03-01T13:57:48Z</time></trkpt>
			<trkpt lat="47.363520" lon="-1.186600"><ele>13</ele><time>2026-03-01T13:58:00Z</time></trkpt>
			<trkpt lat="47.363540" lon="-1.186780"><ele>13</ele><time>2026-03-01T13:58:12Z</time></trkpt>
			<trkpt lat="47.363590" lon="-1.186980"><ele>12</ele><time>2026-03-01T13:58:24Z</time></trkpt>
			<trkpt lat="47.363630" lon="-1.187120"><ele>12</ele><time>2026-03-01T13:58:36Z</time></trkpt>
			<trkpt lat="47.363690" lon="-1.187260"><ele>12</ele><time>2026-03-01T13:58:48Z</time></trkpt>
			<trkpt lat="47.363830" lon="-1.187390"><ele>12</ele><time>2026-03-01T13:59:00Z</time></trkpt>
			<trkpt lat="47.363980" lon="-1.187330"><ele>13</ele><time>2026-03-01T13:59:12Z</time></trkpt>
			<trkpt lat="47.364070" lon="-1.187290"><ele>13</ele><time>2026-03-01T13:59:24Z</time></trkpt>
			<trkpt lat="47.364110" lon="-1.187210"><ele>13</ele><time>2026-03-01T13:59:36Z</time></trkpt>
			<trkpt lat="47.364140" lon="-1.187160"><ele>13</ele><time>2026-03-01T13:59:48Z</time></trkpt>
			<trkpt lat="47.364200" lon="-1.187140"><ele>13</ele><time>2026-03-01T14:00:00Z</time></trkpt>
			<trkpt lat="47.364260" lon="-1.187150"><ele>13</ele><time>2026-03-01T14:00:12Z</time></trkpt>
			<trkpt lat="47.364300" lon="-1.187180"><ele>13</ele><time>2026-03-01T14:00:24Z</time></trkpt>
			<trkpt lat="47.364430" lon="-1.187180"><ele>13</ele><time>2026-03-01T14:00:36Z</time></trkpt>
			<trkpt lat="47.364480" lon="-1.187140"><ele>13</ele><time>2026-03-01T14:00:48Z</time></trkpt>
			<trkpt lat="47.364520" lon="-1.187080"><ele>13</ele><time>2026-03-01T14:01:00Z</time></trkpt>
			<trkpt lat="47.364770" lon="-1.186880"><ele>13</ele><time>2026-03-01T14:01:12Z</time></trkpt>
			<trkpt lat="47.365090" lon="-1.186600"><ele>12</ele><time>2026-03-01T14:01:24Z</time></trkpt>
			<trkpt lat="47.365460" lon="-1.186290"><ele>11</ele><time>2026-03-01T14:01:36Z</time></trkpt>
			<trkpt lat="47.366170" lon="-1.185690"><ele>10</ele><time>2026-03-01T14:01:48Z</time></trkpt>
			<trkpt lat="47.366290" lon="-1.185610"><ele>10</ele><time>2026-03-01T14:02:00Z</time></trkpt>
			<trkpt lat="47.366360" lon="-1.185560"><ele>10</ele><time>2026-03-01T14:02:12Z</time></trkpt>
			<trkpt lat="47.366390" lon="-1.185600"><ele>10</ele><time>2026-03-01T14:02:24Z</time></trkpt>
			<trkpt lat="47.366440" lon="-1.185600"><ele>10</ele><time>2026-03-01T14:02:36Z</time></trkpt>
			<trkpt lat="47.366470" lon="-1.185550"><ele>9</ele><time>2026-03-01T14:02:48Z</time></trkpt>
			<trkpt lat="47.366470" lon="-1.185530"><ele>9</ele><time>2026-03-01T14:03:00Z</time></trkpt>
			<trkpt lat="47.366470" lon="-1.185460"><ele>10</ele><time>2026-03-01T14:03:12Z</time></trkpt>
			<trkpt lat="47.366770" lon="-1.185060"><ele>9</ele><time>2026-03-01T14:03:24Z</time></trkpt>
			<trkpt lat="47.366810" lon="-1.184990"><ele>9</ele><time>2026-03-01T14:03:36Z</time></trkpt>
			<trkpt lat="47.366900" lon="-1.184820"><ele>9</ele><time>2026-03-01T14:03:48Z</time></trkpt>
			<trkpt lat="47.367080" lon="-1.184370"><ele>10</ele><time>2026-03-01T14:04:00Z</time></trkpt>
			<trkpt lat="47.367110" lon="-1.184230"><ele>10</ele><time>2026-03-01T14:04:12Z</time></trkpt>
			<trkpt lat="47.367130" lon="-1.184240"><ele>10</ele><time>2026-03-01T14:04:24Z</time></trkpt>
			<trkpt lat="47.367170" lon="-1.184220"><ele>10</ele><time>2026-03-01T14:04:36Z</time></trkpt>
			<trkpt lat="47.367190" lon="-1.184170"><ele>10</ele><time>2026-03-01T14:04:48Z</time></trkpt>
			<trkpt lat="47.367190" lon="-1.184110"><ele>10</ele><time>2026-03-01T14:05:00Z</time></trkpt>
			<trkpt lat="47.367160" lon="-1.184060"><ele>11</ele><time>2026-03-01T14:05:12Z</time></trkpt>
			<trkpt lat="47.367200" lon="-1.183970"><ele>11</ele><time>2026-03-01T14:05:24Z</time></trkpt>
			<trkpt lat="47.367300" lon="-1.183780"><ele>11</ele><time>2026-03-01T14:05:36Z</time></trkpt>
			<trkpt lat="47.367380" lon="-1.183520"><ele>11</ele><time>2026-03-01T14:05:48Z</time></trkpt>
			<trkpt lat="47.367550" lon="-1.183000"><ele>11</ele><time>2026-03-01T14:06:00Z</time></trkpt>
			<trkpt lat="47.367570" lon="-1.182900"><ele>10</ele><time>2026-03-01T14:06:12Z</time></trkpt>
			<trkpt lat="47.367610" lon="-1.182900"><ele>10</ele><time>2026-03-01T14:06:24Z</time></trkpt>
			<trkpt lat="47.367640" lon="-1.182870"><ele>10</ele><time>2026-03-01T14:06:36Z</time></trkpt>
			<trkpt lat="47.367640" lon="-1.182850"><ele>10</ele><time>2026-03-01T14:06:48Z</time></trkpt>
			<trkpt lat="47.367640" lon="-1.182800"><ele>10</ele><time>2026-03-01T14:07:00Z</time></trkpt>
			<trkpt lat="47.367620" lon="-1.182760"><ele>10</ele><time>2026-03-01T14:07:12Z</time></trkpt>
			<trkpt lat="47.367710" lon="-1.182490"><ele>10</ele><time>2026-03-01T14:07:24Z</time></trkpt>
			<trkpt lat="47.368000" lon="-1.181590"><ele>10</ele><time>2026-03-01T14:07:36Z</time></trkpt>
			<trkpt lat="47.368060" lon="-1.181380"><ele>10</ele><time>2026-03-01T14:07:48Z</time></trkpt>
			<trkpt lat="47.368090" lon="-1.181210"><ele>10</ele><time>2026-03-01T14:08:00Z</time></trkpt>
			<trkpt lat="47.368110" lon="-1.181110"><ele>10</ele><time>2026-03-01T14:08:12Z</time></trkpt>
			<trkpt lat="47.368140" lon="-1.181120"><ele>10</ele><time>2026-03-01T14:08:24Z</time></trkpt>
			<trkpt lat="47.368170" lon="-1.181090"><ele>10</ele><time>2026-03-01T14:08:36Z</time></trkpt>
			<trkpt lat="47.368180" lon="-1.181070"><ele>10</ele><time>2026-03-01T14:08:48Z</time></trkpt>
			<trkpt lat="47.368240" lon="-1.181100"><ele>10</ele><time>2026-03-01T14:09:00Z</time></trkpt>
			<trkpt lat="47.368460" lon="-1.181260"><ele>10</ele><time>2026-03-01T14:09:12Z</time></trkpt>
			<trkpt lat="47.368648" lon="-1.181403"><ele>11</ele><time>2026-03-01T14:09:24Z</time></trkpt>
			<trkpt lat="47.367560" lon="-1.181451"><ele>11</ele><time>2026-03-01T14:09:36Z</time></trkpt>
			<trkpt lat="47.366473" lon="-1.181498"><ele>11</ele><time>2026-03-01T14:09:48Z</time></trkpt>
			<trkpt lat="47.365385" lon="-1.181545"><ele>11</ele><time>2026-03-01T14:10:00Z</time></trkpt>
			<trkpt lat="47.364298" lon="-1.181593"><ele>11</ele><time>2026-03-01T14:10:12Z</time></trkpt>
			<trkpt lat="47.363210" lon="-1.181640"><ele>11</ele><time>2026-03-01T14:10:24Z</time></trkpt>
		</trkseg>
	</trk>
</gpx>
